Season,Category,Subcategory,Achievement,Player Name,Detail
1998/99,Club Award,Consistency,'Clacka' Clark Trophy,I W Scott,672
1999/00,Club Award,Consistency,'Clacka' Clark Trophy,A S Foster,489
2000/01,Club Award,Consistency,'Clacka' Clark Trophy,I W Scott,550
2001/02,Club Award,Consistency,'Clacka' Clark Trophy,A S Foster,638
2002/03,Club Award,Consistency,'Clacka' Clark Trophy,S L Slape,564
2003/04,Club Award,Consistency,'Clacka' Clark Trophy,B M Skurrie,668
2004/05,Club Award,Consistency,'Clacka' Clark Trophy,B M Skurrie,722
2005/06,Club Award,Consistency,'Clacka' Clark Trophy,A S Foster,649
2006/07,Club Award,Consistency,'Clacka' Clark Trophy,D J Williams,425
2007/08,Club Award,Consistency,'Clacka' Clark Trophy,D M Girdham,629
2008/09,Club Award,Consistency,'Clacka' Clark Trophy,R W Rutter,616
2009/10,Club Award,Consistency,'Clacka' Clark Trophy,G M Vincent,535
2010/11,Club Award,Consistency,'Clacka' Clark Trophy,C I Ansell,492
2011/12,Club Award,Consistency,'Clacka' Clark Trophy,N Harness,464
2012/13,Club Award,Consistency,'Clacka' Clark Trophy,C I Ansell,552
2013/14,Club Award,Consistency,'Clacka' Clark Trophy,F L D’Antini,370
2014/15,Club Award,Consistency,'Clacka' Clark Trophy,A M Evans,510
2015/16,Club Award,Consistency,'Clacka' Clark Trophy,D J Brister,497
2016/17,Club Award,Consistency,'Clacka' Clark Trophy,J G Patel,504
2017/18,Club Award,Consistency,'Clacka' Clark Trophy,J G Patel,580
2018/19,Club Award,Consistency,'Clacka' Clark Trophy,A M Evans,396
2019/20,Club Award,Consistency,'Clacka' Clark Trophy,J G Patel,714
2020/21,Club Award,Consistency,'Clacka' Clark Trophy,L M Durdin,267
2021/22,Club Award,Consistency,'Clacka' Clark Trophy,C A Vanderlag,490
2022/23,Club Award,Consistency,'Clacka' Clark Trophy,H Singh,443
2023/24,Club Award,Consistency,'Clacka' Clark Trophy,H Singh,671
1988/89,Club Award,Outstanding Batting Performance,A A Parham Memorial Trophy,D Rowe,U16 XI  188*
1989/90,Club Award,Outstanding Batting Performance,A A Parham Memorial Trophy,D R Jennings,4th XI  132
1990/91,Club Award,Outstanding Batting Performance,A A Parham Memorial Trophy,W J Vanniekerk,5th XI  201
1991/92,Club Award,Outstanding Batting Performance,A A Parham Memorial Trophy,R L Day,1st XI  129*  #
1992/93,Club Award,Outstanding Batting Performance,A A Parham Memorial Trophy,G G Wilson,1st XI  86*  ##
1993/94,Club Award,Outstanding Batting Performance,A A Parham Memorial Trophy,A S Foster,1st XI  169
1994/95,Club Award,Outstanding Batting Performance,A A Parham Memorial Trophy,W A Margitich,2nd XI  107  %
1995/96,Club Award,Outstanding Batting Performance,A A Parham Memorial Trophy,K G Lees,6th XI  50*
1996/97,Club Award,Outstanding Batting Performance,A A Parham Memorial Trophy,G A Wills,1st XI  153*  %%
1997/98,Club Award,Outstanding Batting Performance,A A Parham Memorial Trophy,G A Wills,1st XI  140
1998/99,Club Award,Outstanding Batting Performance,A A Parham Memorial Trophy,S Hill,4th XI  177
1999/00,Club Award,Outstanding Batting Performance,A A Parham Memorial Trophy,A Ross,4th XI  84*
2000/01,Club Award,Outstanding Batting Performance,A A Parham Memorial Trophy,C Underwood,1st XI  155
2001/02,Club Award,Outstanding Batting Performance,A A Parham Memorial Trophy,S Dixey,2nd XI  104*
2002/03,Club Award,Outstanding Batting Performance,A A Parham Memorial Trophy,N J Padley,3rd XI  100
2003/04,Club Award,Outstanding Batting Performance,A A Parham Memorial Trophy,J A Jacobs,2nd XI  173
2004/05,Club Award,Outstanding Batting Performance,A A Parham Memorial Trophy,N J Mosey,1st XI  124
2005/06,Club Award,Outstanding Batting Performance,A A Parham Memorial Trophy,A G Durdin,3rd XI  141
2006/07,Club Award,Outstanding Batting Performance,A A Parham Memorial Trophy,N J Mosey,1st XI  184
2007/08,Club Award,Outstanding Batting Performance,A A Parham Memorial Trophy,N J Mosey,1st XI  168
2008/09,Club Award,Outstanding Batting Performance,A A Parham Memorial Trophy,J W Stagg,1st XI  159
2009/10,Club Award,Outstanding Batting Performance,A A Parham Memorial Trophy,L A Harrington,1st XI  175
2010/11,Club Award,Outstanding Batting Performance,A A Parham Memorial Trophy,P E Freeman,4th XI  **
2011/12,Club Award,Outstanding Batting Performance,A A Parham Memorial Trophy,D Marotti,3rd XI  96*
2012/13,Club Award,Outstanding Batting Performance,A A Parham Memorial Trophy,J W Stagg,1st XI  101
2013/14,Club Award,Outstanding Batting Performance,A A Parham Memorial Trophy,B T Schiller,2nd XI  134
2014/15,Club Award,Outstanding Batting Performance,A A Parham Memorial Trophy,J D McNally,1st XI  119
2014/15,Club Award,Outstanding Batting Performance,A A Parham Memorial Trophy,J J D’Antini,2nd XI  109
2015/16,Club Award,Outstanding Batting Performance,A A Parham Memorial Trophy,J W Stagg,1st XI  109
2016/17,Club Award,Outstanding Batting Performance,A A Parham Memorial Trophy,C I Ansell,2nd XI  101
2017/18,Club Award,Outstanding Batting Performance,A A Parham Memorial Trophy,J W Stagg,1st XI  130
2018/19,Club Award,Outstanding Batting Performance,A A Parham Memorial Trophy,LA Foster,2nd XI  161*
2019/20,Club Award,Outstanding Batting Performance,A A Parham Memorial Trophy,LM Durdin,3rd XI  150*
2020/21,Club Award,Outstanding Batting Performance,A A Parham Memorial Trophy,KB Evans,1st IX W 53*  GF
2021/22,Club Award,Outstanding Batting Performance,A A Parham Memorial Trophy,RHJ Westley,1st  175
2022/23,Club Award,Outstanding Batting Performance,A A Parham Memorial Trophy,LM Durdin,2nd  112*
2023/24,Club Award,Outstanding Batting Performance,A A Parham Memorial Trophy,NE Knight,LO5  88
1938/39,Club Award,First XI Batting Aggregate,B G Easther Trophy,J Millar,383
1939/40,Club Award,First XI Batting Aggregate,B G Easther Trophy,J Millar,353
1940/41,Club Award,First XI Batting Aggregate,B G Easther Trophy,J Millar,287
1941/42,Club Award,First XI Batting Aggregate,B G Easther Trophy,K E Woodcock,360
1942/43,Club Award,First XI Batting Aggregate,B G Easther Trophy,R Warhurst,455
1943/44,Club Award,First XI Batting Aggregate,B G Easther Trophy,W H Toy,750
1944/45,Club Award,First XI Batting Aggregate,B G Easther Trophy,R Warhurst,531
1945/46,Club Award,First XI Batting Aggregate,B G Easther Trophy,K J Duke,279
1946/47,Club Award,First XI Batting Aggregate,B G Easther Trophy,W M Blanden,330
1947/48,Club Award,First XI Batting Aggregate,B G Easther Trophy,W H Toy,468
1948/49,Club Award,First XI Batting Aggregate,B G Easther Trophy,D S Looker,419
1949/50,Club Award,First XI Batting Aggregate,B G Easther Trophy,D S Looker,296
1950/51,Club Award,First XI Batting Aggregate,B G Easther Trophy,K J Duke,314
1951/52,Club Award,First XI Batting Aggregate,B G Easther Trophy,D S Looker,287
1952/53,Club Award,First XI Batting Aggregate,B G Easther Trophy,R W Moreby,325
1953/54,Club Award,First XI Batting Aggregate,B G Easther Trophy,M F Ewens,342
1954/55,Club Award,First XI Batting Aggregate,B G Easther Trophy,R W Moreby,389
1955/56,Club Award,First XI Batting Aggregate,B G Easther Trophy,M F Ewens,318
1956/57,Club Award,First XI Batting Aggregate,B G Easther Trophy,K J Duke,324
1957/58,Club Award,First XI Batting Aggregate,B G Easther Trophy,S Fielke,299
1958/59,Club Award,First XI Batting Aggregate,B G Easther Trophy,R W Moreby,284
1959/60,Club Award,First XI Batting Aggregate,B G Easther Trophy,R W Moreby,381
1960/61,Club Award,First XI Batting Aggregate,B G Easther Trophy,B L Bowley,522
1961/62,Club Award,First XI Batting Aggregate,B G Easther Trophy,B L Bowley,483
1962/63,Club Award,First XI Batting Aggregate,B G Easther Trophy,K G Plummer,213
1963/64,Club Award,First XI Batting Aggregate,B G Easther Trophy,R J Graefer,424
1964/65,Club Award,First XI Batting Aggregate,B G Easther Trophy,R J Graefer,398
1965/66,Club Award,First XI Batting Aggregate,B G Easther Trophy,K J Francis,335
1966/67,Club Award,First XI Batting Aggregate,B G Easther Trophy,R J Graefer,394
1967/68,Club Award,First XI Batting Aggregate,B G Easther Trophy,K J Francis,302
1968/69,Club Award,First XI Batting Aggregate,B G Easther Trophy,R Dinan,334
1969/70,Club Award,First XI Batting Aggregate,B G Easther Trophy,A R Martin,360
1970/71,Club Award,First XI Batting Aggregate,B G Easther Trophy,R Dinan,423
1971/72,Club Award,First XI Batting Aggregate,B G Easther Trophy,R O’Brien,227
1972/73,Club Award,First XI Batting Aggregate,B G Easther Trophy,W B Welch,211
1973/74,Club Award,First XI Batting Aggregate,B G Easther Trophy,D McKay,271
1974/75,Club Award,First XI Batting Aggregate,B G Easther Trophy,D J Dixey,280
1975/76,Club Award,First XI Batting Aggregate,B G Easther Trophy,D J Dixey,306
1976/77,Club Award,First XI Batting Aggregate,B G Easther Trophy,G R Wasley,295
1977/78,Club Award,First XI Batting Aggregate,B G Easther Trophy,P D Rebbeck,410
1978/79,Club Award,First XI Batting Aggregate,B G Easther Trophy,T M Goodwin,388
1979/80,Club Award,First XI Batting Aggregate,B G Easther Trophy,T M Goodwin,440
1980/81,Club Award,First XI Batting Aggregate,B G Easther Trophy,P J Williams,351
1981/82,Club Award,First XI Batting Aggregate,B G Easther Trophy,T M Goodwin,374
1982/83,Club Award,First XI Batting Aggregate,B G Easther Trophy,A E Baker,405
1983/84,Club Award,First XI Batting Aggregate,B G Easther Trophy,A E Baker,503
1984/85,Club Award,First XI Batting Aggregate,B G Easther Trophy,P J Williams,340
1985/86,Club Award,First XI Batting Aggregate,B G Easther Trophy,A E Baker,377
1986/87,Club Award,First XI Batting Aggregate,B G Easther Trophy,R A Fraser,502
1987/88,Club Award,First XI Batting Aggregate,B G Easther Trophy,R A Fraser,330
1988/89,Club Award,First XI Batting Aggregate,B G Easther Trophy,J Frick,430
1989/90,Club Award,First XI Batting Aggregate,B G Easther Trophy,N W Ford,549
1990/91,Club Award,First XI Batting Aggregate,B G Easther Trophy,P J Raymond,352
1991/92,Club Award,First XI Batting Aggregate,B G Easther Trophy,M J O’Shea,591
1992/93,Club Award,First XI Batting Aggregate,B G Easther Trophy,A S Foster,476
1993/94,Club Award,First XI Batting Aggregate,B G Easther Trophy,S D Heeps,525
1994/95,Club Award,First XI Batting Aggregate,B G Easther Trophy,M J O’Shea,447
1995/96,Club Award,First XI Batting Aggregate,B G Easther Trophy,P M Judd,510
1996/97,Club Award,First XI Batting Aggregate,B G Easther Trophy,G A Wills,619
1997/98,Club Award,First XI Batting Aggregate,B G Easther Trophy,G A Wills,405
1998/99,Club Award,First XI Batting Aggregate,B G Easther Trophy,G A Wills,461
1999/00,Club Award,First XI Batting Aggregate,B G Easther Trophy,G A Wills,742
2000/01,Club Award,First XI Batting Aggregate,B G Easther Trophy,C M Underwood.,597
2001/02,Club Award,First XI Batting Aggregate,B G Easther Trophy,C M Underwood.,342
2002/03,Club Award,First XI Batting Aggregate,B G Easther Trophy,C M Underwood.,679
2003/04,Club Award,First XI Batting Aggregate,B G Easther Trophy,N J Mosey,504
2004/05,Club Award,First XI Batting Aggregate,B G Easther Trophy,N J Mosey,511
2005/06,Club Award,First XI Batting Aggregate,B G Easther Trophy,N J Mosey,300
2006/07,Club Award,First XI Batting Aggregate,B G Easther Trophy,N J Mosey,639
2007/08,Club Award,First XI Batting Aggregate,B G Easther Trophy,N J Mosey,742
2008/09,Club Award,First XI Batting Aggregate,B G Easther Trophy,N J Mosey,501
2009/10,Club Award,First XI Batting Aggregate,B G Easther Trophy,L A Harrington,647
2010/11,Club Award,First XI Batting Aggregate,B G Easther Trophy,L A Harrington,576
2011/12,Club Award,First XI Batting Aggregate,B G Easther Trophy,L A Harrington,353
2012/13,Club Award,First XI Batting Aggregate,B G Easther Trophy,J W Stagg,410
2013/14,Club Award,First XI Batting Aggregate,B G Easther Trophy,A D Lee,397
2014/15,Club Award,First XI Batting Aggregate,B G Easther Trophy,J W Stagg,526
2015/16,Club Award,First XI Batting Aggregate,B G Easther Trophy,A D Lee,316
2016/17,Club Award,First XI Batting Aggregate,B G Easther Trophy,J W Stagg,566
2017/18,Club Award,First XI Batting Aggregate,B G Easther Trophy,J W Stagg,458
2018/19,Club Award,First XI Batting Aggregate,B G Easther Trophy,J W Stagg,379
2019/20,Club Award,First XI Batting Aggregate,B G Easther Trophy,J W Stagg,449
2020/21,Club Award,First XI Batting Aggregate,B G Easther Trophy,RHJ Westley,319
2021/22,Club Award,First XI Batting Aggregate,B G Easther Trophy,J W Stagg,456
2022/23,Club Award,First XI Batting Aggregate,B G Easther Trophy,J W Stagg,237
2023/24,Club Award,First XI Batting Aggregate,B G Easther Trophy,K Mirza,318
2004/05,Club Award,Consistency,G F Vincent Trophy,A S Beddison,278
2005/06,Club Award,Consistency,G F Vincent Trophy,M J Davies,285
2006/07,Club Award,Consistency,G F Vincent Trophy,L P Glynn,279
2007/08,Club Award,Consistency,G F Vincent Trophy,N P Nye,198
2008/09,Club Award,Consistency,G F Vincent Trophy,K Bal,268
2009/10,Club Award,Consistency,G F Vincent Trophy,G W Waterhouse,325
2010/11,Club Award,Consistency,G F Vincent Trophy,S L Fernando,273
2011/12,Club Award,Consistency,G F Vincent Trophy,L M Durdin,270
2012/13,Club Award,Consistency,G F Vincent Trophy,L O Evans,368
2013/14,Club Award,Consistency,G F Vincent Trophy,S S Rahaley,490
2014/15,Club Award,Consistency,G F Vincent Trophy,C A Leddicoat,311
2015/16,Club Award,Consistency,G F Vincent Trophy,A Goddard,244
2016/17,Club Award,Consistency,G F Vincent Trophy,J E Koster,237
2017/18,Club Award,Consistency,G F Vincent Trophy,A D Meda,287
2018/19,Club Award,Consistency,G F Vincent Trophy,R J Macdonald,391
2019/20,Club Award,Consistency,G F Vincent Trophy,T D Brook,375
2020/21,Club Award,Consistency,G F Vincent Trophy,T D Brook,628
2021/22,Club Award,Consistency,G F Vincent Trophy,Y Mann,362
2022/23,Club Award,Consistency,G F Vincent Trophy,T D Brook,494
2023/24,Club Award,Consistency,G F Vincent Trophy,D Batan,516
1977/78,Club Award,Consistency,Gordon Clark Trophy,G G Wilson,763
1977/78,Club Award,Consistency,Gordon Clark Trophy,Season,Player  Points
1978/79,Club Award,Consistency,Gordon Clark Trophy,T M Goodwin,608
1979/80,Club Award,Consistency,Gordon Clark Trophy,M Boffa,1162
1980/81,Club Award,Consistency,Gordon Clark Trophy,A P Gillard,550
1981/82,Club Award,Consistency,Gordon Clark Trophy,M S Dalton,870
1982/83,Club Award,Consistency,Gordon Clark Trophy,C P Moulds,1011
1983/84,Club Award,Consistency,Gordon Clark Trophy,S Harper,565
1984/85,Club Award,Consistency,Gordon Clark Trophy,G G Wilson,549
1985/86,Club Award,Consistency,Gordon Clark Trophy,M A Conroy,677
1986/87,Club Award,Consistency,Gordon Clark Trophy,D M Curtin,749
1986/87,Club Award,Consistency,Gordon Clark Trophy,Season,Player  Points
1987/88,Club Award,Consistency,Gordon Clark Trophy,D M Curtin,600
1988/89,Club Award,Consistency,Gordon Clark Trophy,J Frick,570
1989/90,Club Award,Consistency,Gordon Clark Trophy,N W Ford,549
1990/91,Club Award,Consistency,Gordon Clark Trophy,P J Raymond,362
1991/92,Club Award,Consistency,Gordon Clark Trophy,M J O’Shea,591
1992/93,Club Award,Consistency,Gordon Clark Trophy,G S Pugh,519
1993/94,Club Award,Consistency,Gordon Clark Trophy,A S Foster,537
1994/95,Club Award,Consistency,Gordon Clark Trophy,P M Judd,776
1995/96,Club Award,Consistency,Gordon Clark Trophy,P M Judd,590
1996/97,Club Award,Consistency,Gordon Clark Trophy,G A Wills,1049
1997/98,Club Award,Consistency,Gordon Clark Trophy,G A Wills,1025
1998/99,Club Award,Consistency,Gordon Clark Trophy,G A Wills,755
1999/00,Club Award,Consistency,Gordon Clark Trophy,G A Wills,912
2000/01,Club Award,Consistency,Gordon Clark Trophy,C M Underwood,803
2001/02,Club Award,Consistency,Gordon Clark Trophy,C M Underwood,864
2002/03,Club Award,Consistency,Gordon Clark Trophy,C M Underwood,779
2003/04,Club Award,Consistency,Gordon Clark Trophy,N J Mosey,584
2004/05,Club Award,Consistency,Gordon Clark Trophy,N J Mosey,487
2005/06,Club Award,Consistency,Gordon Clark Trophy,N J Mosey,390
2006/07,Club Award,Consistency,Gordon Clark Trophy,N J Mosey,600
2007/08,Club Award,Consistency,Gordon Clark Trophy,N J Mosey,643
2008/09,Club Award,Consistency,Gordon Clark Trophy,C M Underwood,586
2009/10,Club Award,Consistency,Gordon Clark Trophy,L A Harrington,717
2010/11,Club Award,Consistency,Gordon Clark Trophy,L A Harrington,736
2011/12,Club Award,Consistency,Gordon Clark Trophy,L A Harrington,553
2012/13,Club Award,Consistency,Gordon Clark Trophy,J J Gaerth,577
2013/14,Club Award,Consistency,Gordon Clark Trophy,L A Harrington,470
2014/15,Club Award,Consistency,Gordon Clark Trophy,J W Stagg,520
2015/16,Club Award,Consistency,Gordon Clark Trophy,M J Barber,482
2016/17,Club Award,Consistency,Gordon Clark Trophy,J W Stagg,756
2017/18,Club Award,Consistency,Gordon Clark Trophy,J W Stagg,598
2018/19,Club Award,Consistency,Gordon Clark Trophy,M J Barber,473
2019/20,Club Award,Consistency,Gordon Clark Trophy,J W Stagg,599
2020/21,Club Award,Consistency,Gordon Clark Trophy,J W Stagg,357
2021/22,Club Award,Consistency,Gordon Clark Trophy,J W Stagg,516
2022/23,Club Award,Consistency,Gordon Clark Trophy,S Qadri,374
2023/24,Club Award,Consistency,Gordon Clark Trophy,H Singh,471
2006/07,Club Award,Senior Captain's Award,Grant Wasley Medal,H J Sautebin,15
2007/08,Club Award,Senior Captain's Award,Grant Wasley Medal,M Sheikh,19
2008/09,Club Award,Senior Captain's Award,Grant Wasley Medal,R W Rutter,20
2009/10,Club Award,Senior Captain's Award,Grant Wasley Medal,S L Slape,12.5
2010/11,Club Award,Senior Captain's Award,Grant Wasley Medal,L A Harrington,15
2011/12,Club Award,Senior Captain's Award,Grant Wasley Medal,M Sheikh,15
2012/13,Club Award,Senior Captain's Award,Grant Wasley Medal,C I Ansell,17
2013/14,Club Award,Senior Captain's Award,Grant Wasley Medal,T N Launer,12.5
2014/15,Club Award,Senior Captain's Award,Grant Wasley Medal,M J Barber,13
2015/16,Club Award,Senior Captain's Award,Grant Wasley Medal,M J Barber,16
2016/17,Club Award,Senior Captain's Award,Grant Wasley Medal,J W Stagg,17
2017/18,Club Award,Senior Captain's Award,Grant Wasley Medal,J G Patel,20.3
2018/19,Club Award,Senior Captain's Award,Grant Wasley Medal,M J Barber,16
2019/20,Club Award,Senior Captain's Award,Grant Wasley Medal,J G Patel,18.2
2020/21,Club Award,Senior Captain's Award,Grant Wasley Medal,R H J Westley,10
2021/22,Club Award,Senior Captain's Award,Grant Wasley Medal,J W Stagg,14
2022/23,Club Award,Senior Captain's Award,Grant Wasley Medal,L S Roberts,13
1953/54,Club Award,Club Batting Aggregate,H R James Memorial Trophy,J Towill,452
1954/55,Club Award,Club Batting Aggregate,H R James Memorial Trophy,W J Ewing,601
1955/56,Club Award,Club Batting Aggregate,H R James Memorial Trophy,W R Quintrell,426
1956/57,Club Award,Club Batting Aggregate,H R James Memorial Trophy,D J Milne,466
1957/58,Club Award,Club Batting Aggregate,H R James Memorial Trophy,B F Birch,465
1958/59,Club Award,Club Batting Aggregate,H R James Memorial Trophy,K J Francis,291
1959/60,Club Award,Club Batting Aggregate,H R James Memorial Trophy,A G Jarvis,421
1960/61,Club Award,Club Batting Aggregate,H R James Memorial Trophy,B L Bowley,522
1961/62,Club Award,Club Batting Aggregate,H R James Memorial Trophy,B L Bowley,483
1962/63,Club Award,Club Batting Aggregate,H R James Memorial Trophy,D G Hooper,271
1963/64,Club Award,Club Batting Aggregate,H R James Memorial Trophy,E Cook,345
1964/65,Club Award,Club Batting Aggregate,H R James Memorial Trophy,E Cook,333
1965/66,Club Award,Club Batting Aggregate,H R James Memorial Trophy,R Todd,463
1966/67,Club Award,Club Batting Aggregate,H R James Memorial Trophy,R J Graefe,394
1967/68,Club Award,Club Batting Aggregate,H R James Memorial Trophy,M J Perryman,551
1968/69,Club Award,Club Batting Aggregate,H R James Memorial Trophy,P Mitchell,414
1969/70,Club Award,Club Batting Aggregate,H R James Memorial Trophy,R Dinan,391
1970/71,Club Award,Club Batting Aggregate,H R James Memorial Trophy,R Dinan,423
1971/72,Club Award,Club Batting Aggregate,H R James Memorial Trophy,D J Williams,335
1972/73,Club Award,Club Batting Aggregate,H R James Memorial Trophy,K G Lees,397
1973/74,Club Award,Club Batting Aggregate,H R James Memorial Trophy,M J Perryman,444
1974/75,Club Award,Club Batting Aggregate,H R James Memorial Trophy,D S Looker,507
1975/76,Club Award,Club Batting Aggregate,H R James Memorial Trophy,A R Martin,418
1976/77,Club Award,Club Batting Aggregate,H R James Memorial Trophy,T J Hynd,484
1977/78,Club Award,Club Batting Aggregate,H R James Memorial Trophy,P D Rebbeck,410
1978/79,Club Award,Club Batting Aggregate,H R James Memorial Trophy,T M Goodwin,388
1979/80,Club Award,Club Batting Aggregate,H R James Memorial Trophy,M Boffa,682
1980/81,Club Award,Club Batting Aggregate,H R James Memorial Trophy,P J Williams,351
1981/82,Club Award,Club Batting Aggregate,H R James Memorial Trophy,T M Goodwin,374
1982/83,Club Award,Club Batting Aggregate,H R James Memorial Trophy,C P Moulds,608
1983/84,Club Award,Club Batting Aggregate,H R James Memorial Trophy,A E Baker,503
1984/85,Club Award,Club Batting Aggregate,H R James Memorial Trophy,D K Parry,410
1985/86,Club Award,Club Batting Aggregate,H R James Memorial Trophy,S J Corcoran,472
1986/87,Club Award,Club Batting Aggregate,H R James Memorial Trophy,S C Koster,533
1987/88,Club Award,Club Batting Aggregate,H R James Memorial Trophy,A E Baker,600
1988/89,Club Award,Club Batting Aggregate,H R James Memorial Trophy,M Horsnell,851
1989/90,Club Award,Club Batting Aggregate,H R James Memorial Trophy,S J Faulkner,622
1990/91,Club Award,Club Batting Aggregate,H R James Memorial Trophy,D J Dixey,548
1991/92,Club Award,Club Batting Aggregate,H R James Memorial Trophy,M J O’Shea,591
1992/93,Club Award,Club Batting Aggregate,H R James Memorial Trophy,A S Foster,476
1993/94,Club Award,Club Batting Aggregate,H R James Memorial Trophy,S D Heeps,525
1994/95,Club Award,Club Batting Aggregate,H R James Memorial Trophy,W A Margitich,518
1995/96,Club Award,Club Batting Aggregate,H R James Memorial Trophy,P M Judd,510
1996/97,Club Award,Club Batting Aggregate,H R James Memorial Trophy,G A Wills,619
1997/98,Club Award,Club Batting Aggregate,H R James Memorial Trophy,G A Wills,485
1998/99,Club Award,Club Batting Aggregate,H R James Memorial Trophy,G A Wills,480
1999/00,Club Award,Club Batting Aggregate,H R James Memorial Trophy,G A Wills,742
2000/01,Club Award,Club Batting Aggregate,H R James Memorial Trophy,C M Underwood,597
2001/02,Club Award,Club Batting Aggregate,H R James Memorial Trophy,A S Foster,508
2002/03,Club Award,Club Batting Aggregate,H R James Memorial Trophy,C M Underwood,619
2003/04,Club Award,Club Batting Aggregate,H R James Memorial Trophy,R Batusic,579
2004/05,Club Award,Club Batting Aggregate,H R James Memorial Trophy,B M Skurrie,633
2005/06,Club Award,Club Batting Aggregate,H R James Memorial Trophy,A S Foster,409
2006/07,Club Award,Club Batting Aggregate,H R James Memorial Trophy,N J Mosey,450
2007/08,Club Award,Club Batting Aggregate,H R James Memorial Trophy,N J Mosey,743
2008/09,Club Award,Club Batting Aggregate,H R James Memorial Trophy,R Batusic,551
2009/10,Club Award,Club Batting Aggregate,H R James Memorial Trophy,L A Harrington,642
2010/11,Club Award,Club Batting Aggregate,H R James Memorial Trophy,L A Harrington,530
2011/12,Club Award,Club Batting Aggregate,H R James Memorial Trophy,N Harnas,374
2012/13,Club Award,Club Batting Aggregate,H R James Memorial Trophy,D D Roocke,526
2013/14,Club Award,Club Batting Aggregate,H R James Memorial Trophy,D J Fitzsimons,418
2014/15,Club Award,Club Batting Aggregate,H R James Memorial Trophy,J W Stagg,520
2015/16,Club Award,Club Batting Aggregate,H R James Memorial Trophy,M J Brister,467
2016/17,Club Award,Club Batting Aggregate,H R James Memorial Trophy,J W Stagg,566
2017/18,Club Award,Club Batting Aggregate,H R James Memorial Trophy,J W Stagg,458
2018/19,Club Award,Club Batting Aggregate,H R James Memorial Trophy,J W Stagg,379
2019/20,Club Award,Club Batting Aggregate,H R James Memorial Trophy,H D Towers,539
2020/21,Club Award,Club Batting Aggregate,H R James Memorial Trophy,T D Brook,513
2021/22,Club Award,Club Batting Aggregate,H R James Memorial Trophy,JW Stagg,456
2022/23,Club Award,Club Batting Aggregate,H R James Memorial Trophy,TD Brook,394
2023/24,Club Award,Club Batting Aggregate,H R James Memorial Trophy,H Singh,471
2015/16,Club Award,Outstanding Performance by a Junior,I W Scott Trophy,D J Fitzsimons,1st XI 5/28  (T20)
2016/17,Club Award,Outstanding Performance by a Junior,I W Scott Trophy,H M Ives,2nd XI 47 &  4/38
2017/18,Club Award,Outstanding Performance by a Junior,I W Scott Trophy,T W Colley,3rd XI 24*
2018/19,Club Award,Outstanding Performance by a Junior,I W Scott Trophy,T W Colley,2nd XI 79
2019/20,Club Award,Outstanding Performance by a Junior,I W Scott Trophy,T W Colley,Overall
2020/21,Club Award,Outstanding Performance by a Junior,I W Scott Trophy,Lia Litchfield,1st IX W 29 &  2/7
2021/22,Club Award,Outstanding Performance by a Junior,I W Scott Trophy,Eloise Jansen,Overall
2022/23,Club Award,Outstanding Performance by a Junior,I W Scott Trophy,Oliver Napier,1st IX W 3/4
2022/23,Club Award,Outstanding Performance by a Junior,I W Scott Trophy,BBI Best Bowling in an Innings,
2022/23,Club Award,Outstanding Performance by a Junior,I W Scott Trophy,BBM Best Bowling in a Match,
1938/39,Club Award,First XI Bowling Aggregate,J S H Bickle Memorial Trophy,N T Patten,35
1939/40,Club Award,First XI Bowling Aggregate,J S H Bickle Memorial Trophy,C A Kitto,40
1940/41,Club Award,First XI Bowling Aggregate,J S H Bickle Memorial Trophy,A W Fuss,52
1941/42,Club Award,First XI Bowling Aggregate,J S H Bickle Memorial Trophy,W H Toy,19
1942/43,Club Award,First XI Bowling Aggregate,J S H Bickle Memorial Trophy,C A Kitto,34
1943/44,Club Award,First XI Bowling Aggregate,J S H Bickle Memorial Trophy,C A Kitto,41
1944/45,Club Award,First XI Bowling Aggregate,J S H Bickle Memorial Trophy,C A Kitto,53
1945/46,Club Award,First XI Bowling Aggregate,J S H Bickle Memorial Trophy,C A Kitto,27
1946/47,Club Award,First XI Bowling Aggregate,J S H Bickle Memorial Trophy,M McGill,39
1947/48,Club Award,First XI Bowling Aggregate,J S H Bickle Memorial Trophy,W M Blanden,44
1948/49,Club Award,First XI Bowling Aggregate,J S H Bickle Memorial Trophy,C N Adams,46
1949/50,Club Award,First XI Bowling Aggregate,J S H Bickle Memorial Trophy,C N Adams,32
1950/51,Club Award,First XI Bowling Aggregate,J S H Bickle Memorial Trophy,C N Adams,38
1951/52,Club Award,First XI Bowling Aggregate,J S H Bickle Memorial Trophy,J B Harper,32
1952/53,Club Award,First XI Bowling Aggregate,J S H Bickle Memorial Trophy,P G Newman,49
1953/54,Club Award,First XI Bowling Aggregate,J S H Bickle Memorial Trophy,K J Duke,33
1954/55,Club Award,First XI Bowling Aggregate,J S H Bickle Memorial Trophy,K J Duke,21
1955/56,Club Award,First XI Bowling Aggregate,J S H Bickle Memorial Trophy,K G Plummer,52
1956/57,Club Award,First XI Bowling Aggregate,J S H Bickle Memorial Trophy,L A Walkley,54
1957/58,Club Award,First XI Bowling Aggregate,J S H Bickle Memorial Trophy,L A Walkley,51
1958/59,Club Award,First XI Bowling Aggregate,J S H Bickle Memorial Trophy,L W Brown,33
1959/60,Club Award,First XI Bowling Aggregate,J S H Bickle Memorial Trophy,B L Bowley,36
1960/61,Club Award,First XI Bowling Aggregate,J S H Bickle Memorial Trophy,L N Kempster,37
1961/62,Club Award,First XI Bowling Aggregate,J S H Bickle Memorial Trophy,L N Kempster,44
1962/63,Club Award,First XI Bowling Aggregate,J S H Bickle Memorial Trophy,L N Kempster,52
1963/64,Club Award,First XI Bowling Aggregate,J S H Bickle Memorial Trophy,J Kowalick,45
1964/65,Club Award,First XI Bowling Aggregate,J S H Bickle Memorial Trophy,Z Wrobel,52
1965/66,Club Award,First XI Bowling Aggregate,J S H Bickle Memorial Trophy,P C Battersby,44
1966/67,Club Award,First XI Bowling Aggregate,J S H Bickle Memorial Trophy,J S H Bickle,22
1967/68,Club Award,First XI Bowling Aggregate,J S H Bickle Memorial Trophy,P C Battersby,34
1968/69,Club Award,First XI Bowling Aggregate,J S H Bickle Memorial Trophy,A R Marrett,59
1969/70,Club Award,First XI Bowling Aggregate,J S H Bickle Memorial Trophy,A R Marrett,59
1970/71,Club Award,First XI Bowling Aggregate,J S H Bickle Memorial Trophy,A R Marrett,58
1971/72,Club Award,First XI Bowling Aggregate,J S H Bickle Memorial Trophy,A R Marrett,61
1972/73,Club Award,First XI Bowling Aggregate,J S H Bickle Memorial Trophy,P C Battersby,34
1973/74,Club Award,First XI Bowling Aggregate,J S H Bickle Memorial Trophy,R J Stratford,39
1974/75,Club Award,First XI Bowling Aggregate,J S H Bickle Memorial Trophy,R J Stratford,54
1975/76,Club Award,First XI Bowling Aggregate,J S H Bickle Memorial Trophy,R J Stratford,51
1976/77,Club Award,First XI Bowling Aggregate,J S H Bickle Memorial Trophy,R Dinan,43
1977/78,Club Award,First XI Bowling Aggregate,J S H Bickle Memorial Trophy,B Newman,41
1978/79,Club Award,First XI Bowling Aggregate,J S H Bickle Memorial Trophy,A F Newman,34
1979/80,Club Award,First XI Bowling Aggregate,J S H Bickle Memorial Trophy,A F Newman,34
1980/81,Club Award,First XI Bowling Aggregate,J S H Bickle Memorial Trophy,A F Newman,36
1981/82,Club Award,First XI Bowling Aggregate,J S H Bickle Memorial Trophy,G A Wright,51
1982/83,Club Award,First XI Bowling Aggregate,J S H Bickle Memorial Trophy,T M Goodwin,21
1983/84,Club Award,First XI Bowling Aggregate,J S H Bickle Memorial Trophy,M Weatherald,41
1984/85,Club Award,First XI Bowling Aggregate,J S H Bickle Memorial Trophy,M Weatherald,28
1985/86,Club Award,First XI Bowling Aggregate,J S H Bickle Memorial Trophy,P Q Hoffman,18
1986/87,Club Award,First XI Bowling Aggregate,J S H Bickle Memorial Trophy,D M Curtin,43
1987/88,Club Award,First XI Bowling Aggregate,J S H Bickle Memorial Trophy,D M Curtin,34
1988/89,Club Award,First XI Bowling Aggregate,J S H Bickle Memorial Trophy,D M Curtin,30
1989/90,Club Award,First XI Bowling Aggregate,J S H Bickle Memorial Trophy,D M Curtin,22
1990/91,Club Award,First XI Bowling Aggregate,J S H Bickle Memorial Trophy,D J Von Einem,26
1991/92,Club Award,First XI Bowling Aggregate,J S H Bickle Memorial Trophy,G S Pugh,25
1992/93,Club Award,First XI Bowling Aggregate,J S H Bickle Memorial Trophy,G S Pugh,27
1993/94,Club Award,First XI Bowling Aggregate,J S H Bickle Memorial Trophy,D J Nolan,26
1994/95,Club Award,First XI Bowling Aggregate,J S H Bickle Memorial Trophy,D J Nolan,22
1995/96,Club Award,First XI Bowling Aggregate,J S H Bickle Memorial Trophy,D W Fischermann,23
1996/97,Club Award,First XI Bowling Aggregate,J S H Bickle Memorial Trophy,G G Wilson,25
1997/98,Club Award,First XI Bowling Aggregate,J S H Bickle Memorial Trophy,G G Wilson,39
1998/99,Club Award,First XI Bowling Aggregate,J S H Bickle Memorial Trophy,GA Wills,26
1998/99,Club Award,First XI Bowling Aggregate,J S H Bickle Memorial Trophy,GR Wasley,26
1999/00,Club Award,First XI Bowling Aggregate,J S H Bickle Memorial Trophy,D C Oung,40
2000/01,Club Award,First XI Bowling Aggregate,J S H Bickle Memorial Trophy,C Underwood,25
2000/01,Club Award,First XI Bowling Aggregate,J S H Bickle Memorial Trophy,D C Oung,25
2001/02,Club Award,First XI Bowling Aggregate,J S H Bickle Memorial Trophy,C M Underwood,31
2002/03,Club Award,First XI Bowling Aggregate,J S H Bickle Memorial Trophy,B J Meredith,24
2003/04,Club Award,First XI Bowling Aggregate,J S H Bickle Memorial Trophy,B J Leckie,24
2004/05,Club Award,First XI Bowling Aggregate,J S H Bickle Memorial Trophy,J J Gaerth,28
2005/06,Club Award,First XI Bowling Aggregate,J S H Bickle Memorial Trophy,A T Mainwaring,20
2006/07,Club Award,First XI Bowling Aggregate,J S H Bickle Memorial Trophy,J J Gaerth,31
2007/08,Club Award,First XI Bowling Aggregate,J S H Bickle Memorial Trophy,M Sheikh,40
2008/09,Club Award,First XI Bowling Aggregate,J S H Bickle Memorial Trophy,J W Stagg,27
2009/10,Club Award,First XI Bowling Aggregate,J S H Bickle Memorial Trophy,J W Stagg,29
2010/11,Club Award,First XI Bowling Aggregate,J S H Bickle Memorial Trophy,J J Gaerth,24
2010/11,Club Award,First XI Bowling Aggregate,J S H Bickle Memorial Trophy,M Sheikh,24
2011/12,Club Award,First XI Bowling Aggregate,J S H Bickle Memorial Trophy,M Sheikh,20
2012/13,Club Award,First XI Bowling Aggregate,J S H Bickle Memorial Trophy,J J Gaerth,35
2013/14,Club Award,First XI Bowling Aggregate,J S H Bickle Memorial Trophy,M Sheikh,21
2014/15,Club Award,First XI Bowling Aggregate,J S H Bickle Memorial Trophy,M J Barber,35
2015/16,Club Award,First XI Bowling Aggregate,J S H Bickle Memorial Trophy,M J Barber,41
2016/17,Club Award,First XI Bowling Aggregate,J S H Bickle Memorial Trophy,M J Barber,31
2017/18,Club Award,First XI Bowling Aggregate,J S H Bickle Memorial Trophy,M J Barber,32
2018/19,Club Award,First XI Bowling Aggregate,J S H Bickle Memorial Trophy,M J Barber,34
2019/20,Club Award,First XI Bowling Aggregate,J S H Bickle Memorial Trophy,D M Dolling,36
2020/21,Club Award,First XI Bowling Aggregate,J S H Bickle Memorial Trophy,D M Dolling,25
2021/22,Club Award,First XI Bowling Aggregate,J S H Bickle Memorial Trophy,D M Dolling,20
2022/23,Club Award,First XI Bowling Aggregate,J S H Bickle Memorial Trophy,S Qadri,31
2023/24,Club Award,First XI Bowling Aggregate,J S H Bickle Memorial Trophy,J J Richter-Gilbert,55
1958/59,Club Award,Consistency,L A Walkely Trophy,M J Perryman,421
1959/60,Club Award,Consistency,L A Walkely Trophy,A F Smith,796
1960/61,Club Award,Consistency,L A Walkely Trophy,B L Bowley,777
1961/62,Club Award,Consistency,L A Walkely Trophy,ASF Smith,766
1962/63,Club Award,Consistency,L A Walkely Trophy,L Kempster,661
1963/64,Club Award,Consistency,L A Walkely Trophy,J Kowalick,565
1964/65,Club Award,Consistency,L A Walkely Trophy,Z Wrobel,571
1965/66,Club Award,Consistency,L A Walkely Trophy,A F Smith,943
1966/67,Club Award,Consistency,L A Walkely Trophy,R Gaffney,560
1967/68,Club Award,Consistency,L A Walkely Trophy,M J Perryman,741
1967/68,Club Award,Consistency,L A Walkely Trophy,Season,Player  Points
1968/69,Club Award,Consistency,L A Walkely Trophy,R Dinan,639
1969/70,Club Award,Consistency,L A Walkely Trophy,R A Marrett,895
1970/71,Club Award,Consistency,L A Walkely Trophy,J S H Bickle,809
1971/72,Club Award,Consistency,L A Walkely Trophy,R A Marrett,800
1972/73,Club Award,Consistency,L A Walkely Trophy,R Ormond,640
1973/74,Club Award,Consistency,L A Walkely Trophy,J S H Bickle,834
1974/75,Club Award,Consistency,L A Walkely Trophy,J S H Bickle,825
1975/76,Club Award,Consistency,L A Walkely Trophy,G Jones,566
1976/77,Club Award,Consistency,L A Walkely Trophy,R Dinan,591
1946/47,Club Award,First XI Fielding,M R Hann Memorial Trophy,F G Bear,
1947/48,Club Award,First XI Fielding,M R Hann Memorial Trophy,R W Morbey,
1948/49,Club Award,First XI Fielding,M R Hann Memorial Trophy,M F Ewens,
1949/50,Club Award,First XI Fielding,M R Hann Memorial Trophy,D G Roberts,
1950/51,Club Award,First XI Fielding,M R Hann Memorial Trophy,D G Roberts,
1951/52,Club Award,First XI Fielding,M R Hann Memorial Trophy,R W Morbey,
1952/53,Club Award,First XI Fielding,M R Hann Memorial Trophy,P Neumann,
1953/54,Club Award,First XI Fielding,M R Hann Memorial Trophy,L J Lambert,
1954/55,Club Award,First XI Fielding,M R Hann Memorial Trophy,L J Lambert,
1955/56,Club Award,First XI Fielding,M R Hann Memorial Trophy,I J McLoughney,
1956/57,Club Award,First XI Fielding,M R Hann Memorial Trophy,M J Perryman,
1957/58,Club Award,First XI Fielding,M R Hann Memorial Trophy,D G Hooper,
1957/58,Club Award,First XI Fielding,M R Hann Memorial Trophy,M J Perryman,
1958/59,Club Award,First XI Fielding,M R Hann Memorial Trophy,D G Hooper,
1959/60,Club Award,First XI Fielding,M R Hann Memorial Trophy,M J Perryman,
1960/61,Club Award,First XI Fielding,M R Hann Memorial Trophy,M J Perryman,
1961/62,Club Award,First XI Fielding,M R Hann Memorial Trophy,R Sparrow,
1962/63,Club Award,First XI Fielding,M R Hann Memorial Trophy,B Chapman,
1963/64,Club Award,First XI Fielding,M R Hann Memorial Trophy,M J Perryman,
1964/65,Club Award,First XI Fielding,M R Hann Memorial Trophy,D H Williams,
1965/66,Club Award,First XI Fielding,M R Hann Memorial Trophy,J Mitchell,
1966/67,Club Award,First XI Fielding,M R Hann Memorial Trophy,D H Williams,
1967/68,Club Award,First XI Fielding,M R Hann Memorial Trophy,D H Williams,
1968/69,Club Award,First XI Fielding,M R Hann Memorial Trophy,D H Williams,
1969/70,Club Award,First XI Fielding,M R Hann Memorial Trophy,P Parry,
1970/71,Club Award,First XI Fielding,M R Hann Memorial Trophy,R R Parham,
1971/72,Club Award,First XI Fielding,M R Hann Memorial Trophy,L Raymond,
1972/73,Club Award,First XI Fielding,M R Hann Memorial Trophy,P C Battersby,
1973/74,Club Award,First XI Fielding,M R Hann Memorial Trophy,K J Widdows,
1974/75,Club Award,First XI Fielding,M R Hann Memorial Trophy,D I Williams,
1975/76,Club Award,First XI Fielding,M R Hann Memorial Trophy,D J Dixey,
1976/77,Club Award,First XI Fielding,M R Hann Memorial Trophy,D J Dixey,
1977/78,Club Award,First XI Fielding,M R Hann Memorial Trophy,R G Chenoweth,
1978/79,Club Award,First XI Fielding,M R Hann Memorial Trophy,R G Chenoweth,
1979/80,Club Award,First XI Fielding,M R Hann Memorial Trophy,G C Perkins,
1980/81,Club Award,First XI Fielding,M R Hann Memorial Trophy,R G Chenoweth,
1981/82,Club Award,First XI Fielding,M R Hann Memorial Trophy,R G Chenoweth,
1982/83,Club Award,First XI Fielding,M R Hann Memorial Trophy,R I Dew,
1983/84,Club Award,First XI Fielding,M R Hann Memorial Trophy,R I Dew,
1984/85,Club Award,First XI Fielding,M R Hann Memorial Trophy,R I Dew,
1985/86,Club Award,First XI Fielding,M R Hann Memorial Trophy,D I Williams,
1986/87,Club Award,First XI Fielding,M R Hann Memorial Trophy,R A Fraser,
1987/88,Club Award,First XI Fielding,M R Hann Memorial Trophy,R I Dew,
1988/89,Club Award,First XI Fielding,M R Hann Memorial Trophy,R I Dew,
1989/90,Club Award,First XI Fielding,M R Hann Memorial Trophy,S D Heeps,
1990/91,Club Award,First XI Fielding,M R Hann Memorial Trophy,S D Heeps,
1990/91,Club Award,First XI Fielding,M R Hann Memorial Trophy,R L Day,
1991/92,Club Award,First XI Fielding,M R Hann Memorial Trophy,P M Judd,
1992/93,Club Award,First XI Fielding,M R Hann Memorial Trophy,S D Heeps,
1993/94,Club Award,First XI Fielding,M R Hann Memorial Trophy,S D Heeps,
1994/95,Club Award,First XI Fielding,M R Hann Memorial Trophy,S D Heeps,
1995/96,Club Award,First XI Fielding,M R Hann Memorial Trophy,R L Day,
1996/97,Club Award,First XI Fielding,M R Hann Memorial Trophy,D R Jennings,
1997/98,Club Award,First XI Fielding,M R Hann Memorial Trophy,D R Jennings,
1998/99,Club Award,First XI Fielding,M R Hann Memorial Trophy,G M Vincent,
1999/00,Club Award,First XI Fielding,M R Hann Memorial Trophy,A J Wilton,
2000/01,Club Award,First XI Fielding,M R Hann Memorial Trophy,S Peach,
2001/02,Club Award,First XI Fielding,M R Hann Memorial Trophy,W A Margitich,
2002/03,Club Award,First XI Fielding,M R Hann Memorial Trophy,S D Heeps,
2003/04,Club Award,First XI Fielding,M R Hann Memorial Trophy,A C Tharaldsen,
2004/05,Club Award,First XI Fielding,M R Hann Memorial Trophy,N J Mosey,
2005/06,Club Award,First XI Fielding,M R Hann Memorial Trophy,A T Mainwaring,
2006/07,Club Award,First XI Fielding,M R Hann Memorial Trophy,B T Schiller,
2007/08,Club Award,First XI Fielding,M R Hann Memorial Trophy,N J Mosey,
2008/09,Club Award,First XI Fielding,M R Hann Memorial Trophy,S D Hunter,
2009/10,Club Award,First XI Fielding,M R Hann Memorial Trophy,R X Davey,
2010/11,Club Award,First XI Fielding,M R Hann Memorial Trophy,S D Heeps,
2011/12,Club Award,First XI Fielding,M R Hann Memorial Trophy,J W Stagg,
2012/13,Club Award,First XI Fielding,M R Hann Memorial Trophy,J W Stagg,
2013/14,Club Award,First XI Fielding,M R Hann Memorial Trophy,J E Farmer,
2014/15,Club Award,First XI Fielding,M R Hann Memorial Trophy,J E Farmer,
2015/16,Club Award,First XI Fielding,M R Hann Memorial Trophy,S Snater,
2016/17,Club Award,First XI Fielding,M R Hann Memorial Trophy,D J Perry,
2017/18,Club Award,First XI Fielding,M R Hann Memorial Trophy,G C Rose,
2018/19,Club Award,First XI Fielding,M R Hann Memorial Trophy,T W Colley,
2019/20,Club Award,First XI Fielding,M R Hann Memorial Trophy,J Y Boerema,
2020/21,Club Award,First XI Fielding,M R Hann Memorial Trophy,DM Dolling,
2022/23,Club Award,First XI Fielding,M R Hann Memorial Trophy,J Y Boerema,
1990/91,Club Award,Club Champion,Mary Elizabeth Hicks Trophy,R L Day,
1991/92,Club Award,Club Champion,Mary Elizabeth Hicks Trophy,M J O'Dea,
1992/93,Club Award,Club Champion,Mary Elizabeth Hicks Trophy,A S Foster,
1993/94,Club Award,Club Champion,Mary Elizabeth Hicks Trophy,S D Heeps,
1994/95,Club Award,Club Champion,Mary Elizabeth Hicks Trophy,P M Judd,
1995/96,Club Award,Club Champion,Mary Elizabeth Hicks Trophy,S D Heeps,
1996/97,Club Award,Club Champion,Mary Elizabeth Hicks Trophy,G A Wills,
1997/98,Club Award,Club Champion,Mary Elizabeth Hicks Trophy,G A Wills,
1998/99,Club Award,Club Champion,Mary Elizabeth Hicks Trophy,G A Wills,
1999/00,Club Award,Club Champion,Mary Elizabeth Hicks Trophy,G A Wills,
2000/01,Club Award,Club Champion,Mary Elizabeth Hicks Trophy,C M Underwood,
2001/02,Club Award,Club Champion,Mary Elizabeth Hicks Trophy,C M Underwood,
2002/03,Club Award,Club Champion,Mary Elizabeth Hicks Trophy,C M Underwood,
2003/04,Club Award,Club Champion,Mary Elizabeth Hicks Trophy,N J Mosey,
2004/05,Club Award,Club Champion,Mary Elizabeth Hicks Trophy,N J Mosey,
2005/06,Club Award,Club Champion,Mary Elizabeth Hicks Trophy,A T Mainwaring,
2006/07,Club Award,Club Champion,Mary Elizabeth Hicks Trophy,N J Mosey,
2006/07,Club Award,Club Champion,Mary Elizabeth Hicks Trophy,J J Gaerth,
2007/08,Club Award,Club Champion,Mary Elizabeth Hicks Trophy,M Sheikh,
2008/09,Club Award,Club Champion,Mary Elizabeth Hicks Trophy,J W Stagg,
2009/10,Club Award,Club Champion,Mary Elizabeth Hicks Trophy,L A Harrington,
2009/10,Club Award,Club Champion,Mary Elizabeth Hicks Trophy,J W Stagg,
2010/11,Club Award,Club Champion,Mary Elizabeth Hicks Trophy,L A Harrington,
2011/12,Club Award,Club Champion,Mary Elizabeth Hicks Trophy,M Sheikh,
2012/13,Club Award,Club Champion,Mary Elizabeth Hicks Trophy,J W Stagg,
2013/14,Club Award,Club Champion,Mary Elizabeth Hicks Trophy,J E Farmer,
2014/15,Club Award,Club Champion,Mary Elizabeth Hicks Trophy,J W Stagg,
2015/16,Club Award,Club Champion,Mary Elizabeth Hicks Trophy,M J Barber,
2016/17,Club Award,Club Champion,Mary Elizabeth Hicks Trophy,J W Stagg,
2017/18,Club Award,Club Champion,Mary Elizabeth Hicks Trophy,L S Roberts,
2018/19,Club Award,Club Champion,Mary Elizabeth Hicks Trophy,M J Barber,
2019/20,Club Award,Club Champion,Mary Elizabeth Hicks Trophy,D M Dolling,
2020/21,Club Award,Club Champion,Mary Elizabeth Hicks Trophy,RHJ Westley,
2021/22,Club Award,Club Champion,Mary Elizabeth Hicks Trophy,JW Stagg,
2022/23,Club Award,Club Champion,Mary Elizabeth Hicks Trophy,LS Roberts,male
2022/23,Club Award,Club Champion,Mary Elizabeth Hicks Trophy,E C Jansen,female
2023/24,Club Award,Club Champion,Mary Elizabeth Hicks Trophy,JJ Richter-Gilbert,male
2023/24,Club Award,Club Champion,Mary Elizabeth Hicks Trophy,BP Marziale,female
1946/47,Club Award,Club Bowling Aggregate,N T Patten Memorial Trophy,E J Milde,44
1947/48,Club Award,Club Bowling Aggregate,N T Patten Memorial Trophy,W M Blanden,44
1948/49,Club Award,Club Bowling Aggregate,N T Patten Memorial Trophy,C N Adams,46
1949/50,Club Award,Club Bowling Aggregate,N T Patten Memorial Trophy,V W Wilkinson,47
1950/51,Club Award,Club Bowling Aggregate,N T Patten Memorial Trophy,A McDonald,40
1951/52,Club Award,Club Bowling Aggregate,N T Patten Memorial Trophy,V W Wilkinson,50
1952/53,Club Award,Club Bowling Aggregate,N T Patten Memorial Trophy,H J Davis,63
1953/54,Club Award,Club Bowling Aggregate,N T Patten Memorial Trophy,J S H Bickle,38
1954/55,Club Award,Club Bowling Aggregate,N T Patten Memorial Trophy,V W Wilkinson,70
1955/56,Club Award,Club Bowling Aggregate,N T Patten Memorial Trophy,K G Plummer,52
1956/57,Club Award,Club Bowling Aggregate,N T Patten Memorial Trophy,J S H Bickle,56
1957/58,Club Award,Club Bowling Aggregate,N T Patten Memorial Trophy,L A Walkley,51
1958/59,Club Award,Club Bowling Aggregate,N T Patten Memorial Trophy,L W Brown,33
1959/60,Club Award,Club Bowling Aggregate,N T Patten Memorial Trophy,A F Smith,51
1960/61,Club Award,Club Bowling Aggregate,N T Patten Memorial Trophy,V Wilkinson,46
1961/62,Club Award,Club Bowling Aggregate,N T Patten Memorial Trophy,Z Wrobel,49
1962/63,Club Award,Club Bowling Aggregate,N T Patten Memorial Trophy,L Kempster,52
1963/64,Club Award,Club Bowling Aggregate,N T Patten Memorial Trophy,J Kowalick,45
1964/65,Club Award,Club Bowling Aggregate,N T Patten Memorial Trophy,Z Wrobel,52
1965/66,Club Award,Club Bowling Aggregate,N T Patten Memorial Trophy,A F Smith,55
1966/67,Club Award,Club Bowling Aggregate,N T Patten Memorial Trophy,Z Wrobel,43
1967/68,Club Award,Club Bowling Aggregate,N T Patten Memorial Trophy,P C Battersby,54
1968/69,Club Award,Club Bowling Aggregate,N T Patten Memorial Trophy,J S H Bickle,43
1969/70,Club Award,Club Bowling Aggregate,N T Patten Memorial Trophy,J S H Bickle,65
1970/71,Club Award,Club Bowling Aggregate,N T Patten Memorial Trophy,J S H Bickle,61
1971/72,Club Award,Club Bowling Aggregate,N T Patten Memorial Trophy,A R Marrett,61
1972/73,Club Award,Club Bowling Aggregate,N T Patten Memorial Trophy,R Ormond,64
1973/74,Club Award,Club Bowling Aggregate,N T Patten Memorial Trophy,J S H Bickle,70
1974/75,Club Award,Club Bowling Aggregate,N T Patten Memorial Trophy,J S H Bickle,74
1975/76,Club Award,Club Bowling Aggregate,N T Patten Memorial Trophy,J S H Bickle,56
1976/77,Club Award,Club Bowling Aggregate,N T Patten Memorial Trophy,G Cook,45
1977/78,Club Award,Club Bowling Aggregate,N T Patten Memorial Trophy,G G Wilson,54
1978/79,Club Award,Club Bowling Aggregate,N T Patten Memorial Trophy,R Summerton,41
1979/80,Club Award,Club Bowling Aggregate,N T Patten Memorial Trophy,M Boffa,48
1980/81,Club Award,Club Bowling Aggregate,N T Patten Memorial Trophy,M Allman,40
1981/82,Club Award,Club Bowling Aggregate,N T Patten Memorial Trophy,M S Dalton,55
1982/83,Club Award,Club Bowling Aggregate,N T Patten Memorial Trophy,M S Dalton,43
1983/84,Club Award,Club Bowling Aggregate,N T Patten Memorial Trophy,M A Weatherald,41
1988/89,Club Award,Club Bowling Aggregate,N T Patten Memorial Trophy,C A Pierce,43
1989/90,Club Award,Club Bowling Aggregate,N T Patten Memorial Trophy,D C Oung,53
1990/91,Club Award,Club Bowling Aggregate,N T Patten Memorial Trophy,I Abbasov,49
1991/92,Club Award,Club Bowling Aggregate,N T Patten Memorial Trophy,C D Luck,30
1992/93,Club Award,Club Bowling Aggregate,N T Patten Memorial Trophy,D J Nolan,33
1993/94,Club Award,Club Bowling Aggregate,N T Patten Memorial Trophy,D J Nolan,26
1994/95,Club Award,Club Bowling Aggregate,N T Patten Memorial Trophy,D A Gillard,31
1995/96,Club Award,Club Bowling Aggregate,N T Patten Memorial Trophy,D J von Einem Jr.,37
1996/97,Club Award,Club Bowling Aggregate,N T Patten Memorial Trophy,D J von Einem Jr.,34
1997/98,Club Award,Club Bowling Aggregate,N T Patten Memorial Trophy,G G Wilson,39
1998/99,Club Award,Club Bowling Aggregate,N T Patten Memorial Trophy,I W Scott,37
1999/00,Club Award,Club Bowling Aggregate,N T Patten Memorial Trophy,D C Oung,40
2000/01,Club Award,Club Bowling Aggregate,N T Patten Memorial Trophy,S P Cowling,36
2001/02,Club Award,Club Bowling Aggregate,N T Patten Memorial Trophy,C M Underwood,31
2002/03,Club Award,Club Bowling Aggregate,N T Patten Memorial Trophy,G G Wilson,29
2003/04,Club Award,Club Bowling Aggregate,N T Patten Memorial Trophy,B M Skurrie,27
2004/05,Club Award,Club Bowling Aggregate,N T Patten Memorial Trophy,S H Dravitzki,28
2005/06,Club Award,Club Bowling Aggregate,N T Patten Memorial Trophy,A T Mainwaring,31
2006/07,Club Award,Club Bowling Aggregate,N T Patten Memorial Trophy,J J Gaerth,30
2007/08,Club Award,Club Bowling Aggregate,N T Patten Memorial Trophy,M Sheikh,37
2008/09,Club Award,Club Bowling Aggregate,N T Patten Memorial Trophy,J W Stagg,27
2009/10,Club Award,Club Bowling Aggregate,N T Patten Memorial Trophy,S L Slape,30
2010/11,Club Award,Club Bowling Aggregate,N T Patten Memorial Trophy,C I Ansell,27
2010/11,Club Award,Club Bowling Aggregate,N T Patten Memorial Trophy,M J Porter,27
2011/12,Club Award,Club Bowling Aggregate,N T Patten Memorial Trophy,P D Sanzo,33
2012/13,Club Award,Club Bowling Aggregate,N T Patten Memorial Trophy,C I Ansell,36
2013/14,Club Award,Club Bowling Aggregate,N T Patten Memorial Trophy,R G Smith,23
2014/15,Club Award,Club Bowling Aggregate,N T Patten Memorial Trophy,M J Barber,33
2015/16,Club Award,Club Bowling Aggregate,N T Patten Memorial Trophy,M J Barber,41
2016/17,Club Award,Club Bowling Aggregate,N T Patten Memorial Trophy,M J Barber,31
2017/18,Club Award,Club Bowling Aggregate,N T Patten Memorial Trophy,M J Barber,32
2018/19,Club Award,Club Bowling Aggregate,N T Patten Memorial Trophy,M J Barber,34
2019/20,Club Award,Club Bowling Aggregate,N T Patten Memorial Trophy,D M Dolling,39
2020/21,Club Award,Club Bowling Aggregate,N T Patten Memorial Trophy,D M Dolling,25
2021/22,Club Award,Club Bowling Aggregate,N T Patten Memorial Trophy,C A Vanderlag,30
2022/23,Club Award,Club Bowling Aggregate,N T Patten Memorial Trophy,S Qadri,37
2023/24,Club Award,Club Bowling Aggregate,N T Patten Memorial Trophy,J J Richter-Gilbert,44
2016/17,Club Award,Consistency,R G Walsh Trophy,L O Evans,437
2018/19,Club Award,Consistency,R G Walsh Trophy,J X Ianniello,301
2019/20,Club Award,Consistency,R G Walsh Trophy,H D Towers,549
1993/94,Club Award,Outstanding Bowling Performance,R K Saunders Memorial Trophy,D J Von Einem,2nd XI 8/44
1994/95,Club Award,Outstanding Bowling Performance,R K Saunders Memorial Trophy,I W Scott,6th XI 9/40
1995/96,Club Award,Outstanding Bowling Performance,R K Saunders Memorial Trophy,H J Sautebin,3rd XI 11/65  (BBM)
1996/97,Club Award,Outstanding Bowling Performance,R K Saunders Memorial Trophy,X R Ryan,u16 XI 6/25  %%
1997/98,Club Award,Outstanding Bowling Performance,R K Saunders Memorial Trophy,G G Wilson,1st XI 10/61  (BBM)
1998/99,Club Award,Outstanding Bowling Performance,R K Saunders Memorial Trophy,S P Cowling,3rd XI 6/37
1999/00,Club Award,Outstanding Bowling Performance,R K Saunders Memorial Trophy,G M Vincent,1st XI 7/40
2000/01,Club Award,Outstanding Bowling Performance,R K Saunders Memorial Trophy,S P Cowling,3rd XI 13/62  (BBM)
2001/02,Club Award,Outstanding Bowling Performance,R K Saunders Memorial Trophy,S P Cowling,3rd XI 8/49
2002/03,Club Award,Outstanding Bowling Performance,R K Saunders Memorial Trophy,B J Gauranich,6LO XI 7/17  +HT
2003/04,Club Award,Outstanding Bowling Performance,R K Saunders Memorial Trophy,M J McKern,2nd XI 6/19  %
2004/05,Club Award,Outstanding Bowling Performance,R K Saunders Memorial Trophy,S H Dravitzki,u15 XI 9/28
2005/06,Club Award,Outstanding Bowling Performance,R K Saunders Memorial Trophy,A Angural,6LO XI 8/7
2006/07,Club Award,Outstanding Bowling Performance,R K Saunders Memorial Trophy,J J Gaerth,1st XI 12/61
2007/08,Club Award,Outstanding Bowling Performance,R K Saunders Memorial Trophy,D M Girdham,4th XI 7/3
2008/09,Club Award,Outstanding Bowling Performance,R K Saunders Memorial Trophy,M Sheikh,1st XI 7/43  +HT
2009/10,Club Award,Outstanding Bowling Performance,R K Saunders Memorial Trophy,J W Stagg,1st XI 11/58  +HT
2010/11,Club Award,Outstanding Bowling Performance,R K Saunders Memorial Trophy,A L Stagg,3rd XI 7/9
2011/12,Club Award,Outstanding Bowling Performance,R K Saunders Memorial Trophy,M J McKern,3rd XI 9/22
2012/13,Club Award,Outstanding Bowling Performance,R K Saunders Memorial Trophy,R H Singh,4LO XI 7/25  +HT
2013/14,Club Award,Outstanding Bowling Performance,R K Saunders Memorial Trophy,J J Gaerth,1st XI 11/66  (BBM)
2014/15,Club Award,Outstanding Bowling Performance,R K Saunders Memorial Trophy,S P Crook,1st XI 7/41  (11/121)
2015/16,Club Award,Outstanding Bowling Performance,R K Saunders Memorial Trophy,S Snater,1st XI 7/21
2016/17,Club Award,Outstanding Bowling Performance,R K Saunders Memorial Trophy,D A Wilden,3rd XI 8/13
2016/17,Club Award,Outstanding Bowling Performance,R K Saunders Memorial Trophy,A J Donald,1st XI 8/82
2017/18,Club Award,Outstanding Bowling Performance,R K Saunders Memorial Trophy,L S Roberts,1st XI 7/29  +HT 4in4
2018/19,Club Award,Outstanding Bowling Performance,R K Saunders Memorial Trophy,M J Barber,1st XI 13/56  (BBM)
2019/20,Club Award,Outstanding Bowling Performance,R K Saunders Memorial Trophy,S C Colley,2nd XI 9/62
2020/21,Club Award,Outstanding Bowling Performance,R K Saunders Memorial Trophy,JW Stagg,1st XI 5/28
2021/22,Club Award,Outstanding Bowling Performance,R K Saunders Memorial Trophy,LJ Jacobs,2nd XI 6/24 &  10/58 (BM)
2022/23,Club Award,Outstanding Bowling Performance,R K Saunders Memorial Trophy,Eloise Jansen,1st IX W 4/7
2023/24,Club Award,Outstanding Bowling Performance,R K Saunders Memorial Trophy,JJ Richter-Gilbert,1st XI 7/29
2023/24,Club Award,Outstanding Bowling Performance,R K Saunders Memorial Trophy,BBI Best Bowling in an Innings,
2023/24,Club Award,Outstanding Bowling Performance,R K Saunders Memorial Trophy,BBM Best Bowling in a Match,
1987/88,Club Award,Consistency,Senior Consistency Award,A E Baker,610
1988/89,Club Award,Consistency,Senior Consistency Award,B W Colborne,663
1989/90,Club Award,Consistency,Senior Consistency Award,M S Ashwood,700
1990/91,Club Award,Consistency,Senior Consistency Award,D J Dixey,578
1991/92,Club Award,Consistency,Senior Consistency Award,N J Padley,547
1992/93,Club Award,Consistency,Senior Consistency Award,C D Luck,621
1993/94,Club Award,Consistency,Senior Consistency Award,G M Vincent,835
1994/95,Club Award,Consistency,Senior Consistency Award,J A Jacobs,801
1995/96,Club Award,Consistency,Senior Consistency Award,H J Sautebin,855
1996/97,Club Award,Consistency,Senior Consistency Award,D A Williams,974
1997/98,Club Award,Consistency,Senior Consistency Award,G A Wills,985
2016/17,Club Award,Junior Coaches Award,Tony Durdin Medal,L O Evans,10
2018/19,Club Award,Junior Coaches Award,Tony Durdin Medal,J X Ianiello,18
2020/21,Club Award,Junior Coaches Award,Tony Durdin Medal,T E Cartwright,**
2017/18,Club Award,Women's Coaches Award,Von Einem Medal,K B Evans,19
2018/19,Club Award,Women's Coaches Award,Von Einem Medal,J L David,17
2019/20,Club Award,Women's Coaches Award,Von Einem Medal,J L David,15
2020/21,Club Award,Women's Coaches Award,Von Einem Medal,M M Edwards,88
2021/22,Club Award,Women's Coaches Award,Von Einem Medal,E C Jansen,73
1994/95,Club Award,Consistency,W D Gillard Trophy,S J Virgo,963
1995/96,Club Award,Consistency,W D Gillard Trophy,C I Ansell,1392
1996/97,Club Award,Consistency,W D Gillard Trophy,S J Virgo,1034
1997/98,Club Award,Consistency,W D Gillard Trophy,L V Devine,937
1998/99,Club Award,Consistency,W D Gillard Trophy,N P Zachat,467
1999/00,Club Award,Consistency,W D Gillard Trophy,C S Dindler,572
2000/01,Club Award,Consistency,W D Gillard Trophy,J T Haynes,328
2001/02,Club Award,Consistency,W D Gillard Trophy,L D Stanford,236
2002/03,Club Award,Consistency,W D Gillard Trophy,N W Jolly,347
2003/04,Club Award,Consistency,W D Gillard Trophy,N W Jolly,381
2004/05,Club Award,Consistency,W D Gillard Trophy,T J Evans,637
2005/06,Club Award,Consistency,W D Gillard Trophy,S R Ey,526
2006/07,Club Award,Consistency,W D Gillard Trophy,N W Jolly,510
2007/08,Club Award,Consistency,W D Gillard Trophy,R W Pickering,411
2008/09,Club Award,Consistency,W D Gillard Trophy,L A Foster,501
2009/10,Club Award,Consistency,W D Gillard Trophy,N P Nye,374
2010/11,Club Award,Consistency,W D Gillard Trophy,L A Foster,477
2011/12,Club Award,Consistency,W D Gillard Trophy,M P Nye,622
2012/13,Club Award,Consistency,W D Gillard Trophy,D D Roocke,646
2013/14,Club Award,Consistency,W D Gillard Trophy,A P Onofrio,505
2014/15,Club Award,Consistency,W D Gillard Trophy,L O Evans,506
2015/16,Club Award,Consistency,W D Gillard Trophy,J M May,528
1932/33,Milestone,First XI Caps,First XI Cap,A R Bent,#1
1932/33,Milestone,First XI Caps,First XI Cap,W Blucher,#2
1932/33,Milestone,First XI Caps,First XI Cap,R Cook,#3
1932/33,Milestone,First XI Caps,First XI Cap,A C Cross,#4
1932/33,Milestone,First XI Caps,First XI Cap,K J Duke,#5
1932/33,Milestone,First XI Caps,First XI Cap,E Franklin,#6
1932/33,Milestone,First XI Caps,First XI Cap,W Johnson,#7
1932/33,Milestone,First XI Caps,First XI Cap,J H McDonald,#8
1932/33,Milestone,First XI Caps,First XI Cap,J Mealor,#9
1932/33,Milestone,First XI Caps,First XI Cap,L Philcox,#10
1932/33,Milestone,First XI Caps,First XI Cap,D Smith,#11
1932/33,Milestone,First XI Caps,First XI Cap,R Smith,#12
1938/39,Milestone,First XI Caps,First XI Cap,C Duance,#13
1938/39,Milestone,First XI Caps,First XI Cap,C A Kitto,#14
1938/39,Milestone,First XI Caps,First XI Cap,J Millar,#15
1938/39,Milestone,First XI Caps,First XI Cap,N T Patten,#16
1938/39,Milestone,First XI Caps,First XI Cap,T Stappard,#17
1938/39,Milestone,First XI Caps,First XI Cap,J Wickham,#18
1939/40,Milestone,First XI Caps,First XI Cap,K Draysey,#19
1939/40,Milestone,First XI Caps,First XI Cap,H P Mundy,#20
1939/40,Milestone,First XI Caps,First XI Cap,B Schultz,#21
1939/40,Milestone,First XI Caps,First XI Cap,W H Toy,#22
1939/40,Milestone,First XI Caps,First XI Cap,R Warhurst,#23
1939/40,Milestone,First XI Caps,First XI Cap,A W Fuss,#24
1939/40,Milestone,First XI Caps,First XI Cap,B King,#25
1939/40,Milestone,First XI Caps,First XI Cap,H Cocks,#26
1939/40,Milestone,First XI Caps,First XI Cap,P Caschel,#27
1939/40,Milestone,First XI Caps,First XI Cap,F G Bear,#28
1939/40,Milestone,First XI Caps,First XI Cap,E C Sim,#29
1940/41,Milestone,First XI Caps,First XI Cap,A Franklin,#30
1940/41,Milestone,First XI Caps,First XI Cap,L B Fischer,#31
1940/41,Milestone,First XI Caps,First XI Cap,W M Blanden,#32
1940/41,Milestone,First XI Caps,First XI Cap,B F Birch,#33
1940/41,Milestone,First XI Caps,First XI Cap,R Lawrence,#34
1940/41,Milestone,First XI Caps,First XI Cap,C Prideau,#35
1941/42,Milestone,First XI Caps,First XI Cap,L Hargrave,#37
1941/42,Milestone,First XI Caps,First XI Cap,K E Woodcock,#38
1941/42,Milestone,First XI Caps,First XI Cap,K E Edwardes,#39
1941/42,Milestone,First XI Caps,First XI Cap,D Barrett,#40
1941/42,Milestone,First XI Caps,First XI Cap,R W Morbey,#41
1941/42,Milestone,First XI Caps,First XI Cap,E Challens,#42
1941/42,Milestone,First XI Caps,First XI Cap,L Barrett,#43
1941/42,Milestone,First XI Caps,First XI Cap,D S Looker,#44
1941/42,Milestone,First XI Caps,First XI Cap,K King,#45
1942/43,Milestone,First XI Caps,First XI Cap,A Henshaw,#46
1942/43,Milestone,First XI Caps,First XI Cap,C Williamson,#47
1942/43,Milestone,First XI Caps,First XI Cap,S Gallagher,#48
1942/43,Milestone,First XI Caps,First XI Cap,C Richardson,#49
1942/43,Milestone,First XI Caps,First XI Cap,R Eather,#50
1942/43,Milestone,First XI Caps,First XI Cap,R O'Loughlin,#51
1942/43,Milestone,First XI Caps,First XI Cap,K O'Loughlin,#52
1943/44,Milestone,First XI Caps,First XI Cap,A O Ayles,#55
1944/45,Milestone,First XI Caps,First XI Cap,G Crawford,#56
1944/45,Milestone,First XI Caps,First XI Cap,M Johnson,#57
1944/45,Milestone,First XI Caps,First XI Cap,A Bristowe,#58
1944/45,Milestone,First XI Caps,First XI Cap,F Harrison,#59
1944/45,Milestone,First XI Caps,First XI Cap,P Carter,#60
1945/46,Milestone,First XI Caps,First XI Cap,M Barr,#61
1945/46,Milestone,First XI Caps,First XI Cap,R Wright,#62
1945/46,Milestone,First XI Caps,First XI Cap,L Fiegert,#63
1945/46,Milestone,First XI Caps,First XI Cap,A F Smith,#64
1945/46,Milestone,First XI Caps,First XI Cap,H W Wolsey,#65
1945/46,Milestone,First XI Caps,First XI Cap,C Hockley,#66
1945/46,Milestone,First XI Caps,First XI Cap,C Mathews,#67
1945/46,Milestone,First XI Caps,First XI Cap,M McGill,#68
1945/46,Milestone,First XI Caps,First XI Cap,D J Roberts,#69
1946/47,Milestone,First XI Caps,First XI Cap,C G Pike,#70
1946/47,Milestone,First XI Caps,First XI Cap,K L Hobbs,#71
1946/47,Milestone,First XI Caps,First XI Cap,I Cocks,#72
1946/47,Milestone,First XI Caps,First XI Cap,C N Adams,#73
1947/48,Milestone,First XI Caps,First XI Cap,E Cammiss,#74
1947/48,Milestone,First XI Caps,First XI Cap,G E Shepherd,#75
1947/48,Milestone,First XI Caps,First XI Cap,J B Harper,#76
1947/48,Milestone,First XI Caps,First XI Cap,M D Smith,#77
1947/48,Milestone,First XI Caps,First XI Cap,M F Ewens,#78
1948/49,Milestone,First XI Caps,First XI Cap,R W Edyvean,#79
1948/49,Milestone,First XI Caps,First XI Cap,R A Linke,#80
1948/49,Milestone,First XI Caps,First XI Cap,F N Giles,#81
1948/49,Milestone,First XI Caps,First XI Cap,G McKenna,#82
1948/49,Milestone,First XI Caps,First XI Cap,G Rawson,#83
1948/49,Milestone,First XI Caps,First XI Cap,H J Steele,#84
1948/49,Milestone,First XI Caps,First XI Cap,L J Lambert,#85
1949/50,Milestone,First XI Caps,First XI Cap,P C Roberts,#86
1950/51,Milestone,First XI Caps,First XI Cap,A Copley,#87
1950/51,Milestone,First XI Caps,First XI Cap,C Griggs,#88
1950/51,Milestone,First XI Caps,First XI Cap,D L Dunemann,#89
1950/51,Milestone,First XI Caps,First XI Cap,F Andrews,#90
1950/51,Milestone,First XI Caps,First XI Cap,D Milne,#91
1950/51,Milestone,First XI Caps,First XI Cap,J G Squire,#92
1950/51,Milestone,First XI Caps,First XI Cap,J A Gray,#93
1950/51,Milestone,First XI Caps,First XI Cap,A R Catchlove,#94
1950/51,Milestone,First XI Caps,First XI Cap,L Martin,#95
1951/52,Milestone,First XI Caps,First XI Cap,T Watt,#96
1951/52,Milestone,First XI Caps,First XI Cap,W B Warburton,#97
1951/52,Milestone,First XI Caps,First XI Cap,B J Cowper,#98
1951/52,Milestone,First XI Caps,First XI Cap,H J Davis,#99
1951/52,Milestone,First XI Caps,First XI Cap,J Herraman,#100
1951/52,Milestone,First XI Caps,First XI Cap,D Debney,#101
1952/53,Milestone,First XI Caps,First XI Cap,P Neumann,#102
1952/53,Milestone,First XI Caps,First XI Cap,K G Plummer,#103
1953/54,Milestone,First XI Caps,First XI Cap,W J M Ewing,#104
1953/54,Milestone,First XI Caps,First XI Cap,D J Manser,#105
1953/54,Milestone,First XI Caps,First XI Cap,K H Elliott,#106
1954/55,Milestone,First XI Caps,First XI Cap,M J Perryman,#107
1954/55,Milestone,First XI Caps,First XI Cap,R B Rutter,#108
1954/55,Milestone,First XI Caps,First XI Cap,B L Smith,#109
1954/55,Milestone,First XI Caps,First XI Cap,K L Berndt,#110
1955/56,Milestone,First XI Caps,First XI Cap,H M Harrold,#111
1955/56,Milestone,First XI Caps,First XI Cap,J Towill,#112
1955/56,Milestone,First XI Caps,First XI Cap,D H Elliott,#113
1955/56,Milestone,First XI Caps,First XI Cap,W R Quintrell,#114
1955/56,Milestone,First XI Caps,First XI Cap,L W Pengilly,#115
1955/56,Milestone,First XI Caps,First XI Cap,J S H Bickle,#116
1956/57,Milestone,First XI Caps,First XI Cap,L A Walkley,#117
1956/57,Milestone,First XI Caps,First XI Cap,R Liebich,#118
1956/57,Milestone,First XI Caps,First XI Cap,K I McNamara,#119
1956/57,Milestone,First XI Caps,First XI Cap,J A Madalina,#120
1956/57,Milestone,First XI Caps,First XI Cap,G L Hannaford,#121
1956/57,Milestone,First XI Caps,First XI Cap,D G Hooper,#122
1957/58,Milestone,First XI Caps,First XI Cap,K J Francis,#123
1957/58,Milestone,First XI Caps,First XI Cap,W Baskett,#124
1957/58,Milestone,First XI Caps,First XI Cap,D H Williams,#125
1957/58,Milestone,First XI Caps,First XI Cap,S Fielke,#126
1957/58,Milestone,First XI Caps,First XI Cap,R L Potter,#127
1958/59,Milestone,First XI Caps,First XI Cap,L W Brown,#128
1958/59,Milestone,First XI Caps,First XI Cap,F Yates,#129
1958/59,Milestone,First XI Caps,First XI Cap,B J Langston,#130
1958/59,Milestone,First XI Caps,First XI Cap,K Perryman,#131
1958/59,Milestone,First XI Caps,First XI Cap,A R Martin,#132
1958/59,Milestone,First XI Caps,First XI Cap,B E Cook,#133
1958/59,Milestone,First XI Caps,First XI Cap,GJ Smith,#134
1958/59,Milestone,First XI Caps,First XI Cap,M Fish,#135
1958/59,Milestone,First XI Caps,First XI Cap,W J Rutter,#136
1958/59,Milestone,First XI Caps,First XI Cap,A Grivell,#137
1958/59,Milestone,First XI Caps,First XI Cap,A Buivydas,#138
1959/60,Milestone,First XI Caps,First XI Cap,B L Bowley,#140
1959/60,Milestone,First XI Caps,First XI Cap,J Rawes,#141
1959/60,Milestone,First XI Caps,First XI Cap,B Chapman,#142
1959/60,Milestone,First XI Caps,First XI Cap,W B Thyer,#143
1959/60,Milestone,First XI Caps,First XI Cap,T Herbert,#144
1960/61,Milestone,First XI Caps,First XI Cap,L J Kempster,#145
1960/61,Milestone,First XI Caps,First XI Cap,A G Jarvis,#146
1960/61,Milestone,First XI Caps,First XI Cap,R Sparrow,#147
1960/61,Milestone,First XI Caps,First XI Cap,E Manuell,#148
1961/62,Milestone,First XI Caps,First XI Cap,R J French,#149
1961/62,Milestone,First XI Caps,First XI Cap,D J Hann,#150
1961/62,Milestone,First XI Caps,First XI Cap,J C Willoughby,#151
1962/63,Milestone,First XI Caps,First XI Cap,M J Cross,#152
1962/63,Milestone,First XI Caps,First XI Cap,P Herbert,#153
1962/63,Milestone,First XI Caps,First XI Cap,T Jones,#154
1962/63,Milestone,First XI Caps,First XI Cap,A V Y Morris,#155
1962/63,Milestone,First XI Caps,First XI Cap,M Ninnes,#156
1962/63,Milestone,First XI Caps,First XI Cap,D K Plummer,#157
1962/63,Milestone,First XI Caps,First XI Cap,Z Wrobel,#158
1962/63,Milestone,First XI Caps,First XI Cap,D R Hutchinson,#159
1962/63,Milestone,First XI Caps,First XI Cap,J Linhardt,#160
1962/63,Milestone,First XI Caps,First XI Cap,J Kowalick,#161
1962/63,Milestone,First XI Caps,First XI Cap,R Miller,#162
1962/63,Milestone,First XI Caps,First XI Cap,W Hutchinson,#163
1962/63,Milestone,First XI Caps,First XI Cap,G J Brown,#164
1963/64,Milestone,First XI Caps,First XI Cap,R J Graefe,#165
1963/64,Milestone,First XI Caps,First XI Cap,R Edwards,#166
1963/64,Milestone,First XI Caps,First XI Cap,M Butler,#167
1963/64,Milestone,First XI Caps,First XI Cap,R Mead,#168
1963/64,Milestone,First XI Caps,First XI Cap,R Claessen,#169
1963/64,Milestone,First XI Caps,First XI Cap,R W Rutter,#170
1963/64,Milestone,First XI Caps,First XI Cap,R Dudley,#171
1963/64,Milestone,First XI Caps,First XI Cap,D J Dixey,#172
1964/65,Milestone,First XI Caps,First XI Cap,G Rowe,#173
1964/65,Milestone,First XI Caps,First XI Cap,G Hammond,#174
1964/65,Milestone,First XI Caps,First XI Cap,K G Lees,#175
1964/65,Milestone,First XI Caps,First XI Cap,J Mitchell,#176
1964/65,Milestone,First XI Caps,First XI Cap,G Howard,#177
1964/65,Milestone,First XI Caps,First XI Cap,R Rowe,#178
1965/66,Milestone,First XI Caps,First XI Cap,P C Battersby,#179
1965/66,Milestone,First XI Caps,First XI Cap,J Mortimer,#180
1965/66,Milestone,First XI Caps,First XI Cap,K Goulter,#181
1967/68,Milestone,First XI Caps,First XI Cap,K W Hockley,#182
1967/68,Milestone,First XI Caps,First XI Cap,A Taylor,#183
1967/68,Milestone,First XI Caps,First XI Cap,R Whenan,#184
1967/68,Milestone,First XI Caps,First XI Cap,S Davis,#185
1967/68,Milestone,First XI Caps,First XI Cap,R R Parham,#186
1967/68,Milestone,First XI Caps,First XI Cap,G Atwell,#187
1967/68,Milestone,First XI Caps,First XI Cap,W Baum,#188
1967/68,Milestone,First XI Caps,First XI Cap,R Keen,#189
1968/69,Milestone,First XI Caps,First XI Cap,B Benjamin,#190
1968/69,Milestone,First XI Caps,First XI Cap,R S Dinan,#191
1968/69,Milestone,First XI Caps,First XI Cap,C Payne,#192
1968/69,Milestone,First XI Caps,First XI Cap,A R Marrett,#193
1968/69,Milestone,First XI Caps,First XI Cap,A Bramwell,#194
1968/69,Milestone,First XI Caps,First XI Cap,B Foster,#195
1969/70,Milestone,First XI Caps,First XI Cap,D L Heanes,#196
1969/70,Milestone,First XI Caps,First XI Cap,P Norman,#197
1969/70,Milestone,First XI Caps,First XI Cap,L Raymond,#198
1969/70,Milestone,First XI Caps,First XI Cap,D J Von Einem Snr,#199
1969/70,Milestone,First XI Caps,First XI Cap,P Parry,#200
1969/70,Milestone,First XI Caps,First XI Cap,A Russo,#201
1969/70,Milestone,First XI Caps,First XI Cap,J L F Ward,#202
1969/70,Milestone,First XI Caps,First XI Cap,P Grimes,#203
1969/70,Milestone,First XI Caps,First XI Cap,J Miers,#204
1969/70,Milestone,First XI Caps,First XI Cap,B Colquist,#205
1969/70,Milestone,First XI Caps,First XI Cap,J W Plummer,#206
1970/71,Milestone,First XI Caps,First XI Cap,A Mashei,#207
1970/71,Milestone,First XI Caps,First XI Cap,M Whitford,#208
1971/72,Milestone,First XI Caps,First XI Cap,G McGahey,#210
1971/72,Milestone,First XI Caps,First XI Cap,R O'Brien,#211
1971/72,Milestone,First XI Caps,First XI Cap,W Welch,#212
1971/72,Milestone,First XI Caps,First XI Cap,P A Oliver,#213
1972/73,Milestone,First XI Caps,First XI Cap,B Harris,#214
1972/73,Milestone,First XI Caps,First XI Cap,P J Mander,#215
1972/73,Milestone,First XI Caps,First XI Cap,D J Mackay,#216
1972/73,Milestone,First XI Caps,First XI Cap,R Fidock,#217
1972/73,Milestone,First XI Caps,First XI Cap,DI Williams,#218
1972/73,Milestone,First XI Caps,First XI Cap,L Dean,#219
1972/73,Milestone,First XI Caps,First XI Cap,T Hall,#220
1972/73,Milestone,First XI Caps,First XI Cap,W Foster,#221
1973/74,Milestone,First XI Caps,First XI Cap,R J Stratfold,#222
1973/74,Milestone,First XI Caps,First XI Cap,K J Widdows,#223
1973/74,Milestone,First XI Caps,First XI Cap,G Curry,#224
1974/75,Milestone,First XI Caps,First XI Cap,J B Alton,#225
1974/75,Milestone,First XI Caps,First XI Cap,S Battams,#226
1974/75,Milestone,First XI Caps,First XI Cap,P J Williams,#227
1974/75,Milestone,First XI Caps,First XI Cap,C Morton,#228
1975/76,Milestone,First XI Caps,First XI Cap,G Dowsett,#229
1975/76,Milestone,First XI Caps,First XI Cap,G Harkness,#230
1975/76,Milestone,First XI Caps,First XI Cap,G C Perkins,#231
1975/76,Milestone,First XI Caps,First XI Cap,S W Sykes,#232
1975/76,Milestone,First XI Caps,First XI Cap,P Bond,#233
1975/76,Milestone,First XI Caps,First XI Cap,L C Foster,#234
1975/76,Milestone,First XI Caps,First XI Cap,D Coulter,#235
1976/77,Milestone,First XI Caps,First XI Cap,G Groube,#236
1976/77,Milestone,First XI Caps,First XI Cap,G R Wasley,#237
1976/77,Milestone,First XI Caps,First XI Cap,W Wyatt,#238
1976/77,Milestone,First XI Caps,First XI Cap,A R McKenzie,#239
1976/77,Milestone,First XI Caps,First XI Cap,S N Jones,#240
1976/77,Milestone,First XI Caps,First XI Cap,S J Faulkner,#241
1976/77,Milestone,First XI Caps,First XI Cap,W Waterhouse,#242
1976/77,Milestone,First XI Caps,First XI Cap,R K Saunders,#243
1976/77,Milestone,First XI Caps,First XI Cap,P M Hynd,#244
1977/78,Milestone,First XI Caps,First XI Cap,R G Chenoweth,#245
1977/78,Milestone,First XI Caps,First XI Cap,B D Newman,#246
1977/78,Milestone,First XI Caps,First XI Cap,P D Rebbeck,#247
1977/78,Milestone,First XI Caps,First XI Cap,M A Weatherald,#248
1977/78,Milestone,First XI Caps,First XI Cap,D McKay,#249
1977/78,Milestone,First XI Caps,First XI Cap,A F Newman,#250
1978/79,Milestone,First XI Caps,First XI Cap,T M Goodwin,#251
1978/79,Milestone,First XI Caps,First XI Cap,A Fraser,#252
1978/79,Milestone,First XI Caps,First XI Cap,K Johnson,#253
1979/80,Milestone,First XI Caps,First XI Cap,R W Hodder,#254
1979/80,Milestone,First XI Caps,First XI Cap,J Reed,#255
1980/81,Milestone,First XI Caps,First XI Cap,D J Hissey,#256
1980/81,Milestone,First XI Caps,First XI Cap,G G Wilson,#257
1980/81,Milestone,First XI Caps,First XI Cap,M Boffa,#258
1981/82,Milestone,First XI Caps,First XI Cap,RI Dew,#259
1981/82,Milestone,First XI Caps,First XI Cap,G A Wright,#260
1981/82,Milestone,First XI Caps,First XI Cap,D J Von Einem Jnr,#261
1981/82,Milestone,First XI Caps,First XI Cap,B Jamieson,#262
1982/83,Milestone,First XI Caps,First XI Cap,A E Baker,#263
1982/83,Milestone,First XI Caps,First XI Cap,M J Marrett,#264
1982/83,Milestone,First XI Caps,First XI Cap,J Trzeciak,#265
1982/83,Milestone,First XI Caps,First XI Cap,P Q Hoffmann,#266
1982/83,Milestone,First XI Caps,First XI Cap,R G Walsh,#267
1982/83,Milestone,First XI Caps,First XI Cap,R J Wilton,#268
1983/84,Milestone,First XI Caps,First XI Cap,B J Tyson,#269
1983/84,Milestone,First XI Caps,First XI Cap,M Doherty,#270
1983/84,Milestone,First XI Caps,First XI Cap,L A Humphreys,#271
1983/84,Milestone,First XI Caps,First XI Cap,B W Colborne,#272
1984/85,Milestone,First XI Caps,First XI Cap,P J Raymond,#273
1984/85,Milestone,First XI Caps,First XI Cap,D J Hawes,#274
1985/86,Milestone,First XI Caps,First XI Cap,C Metson,#275
1986/87,Milestone,First XI Caps,First XI Cap,DM Curtin,#276
1986/87,Milestone,First XI Caps,First XI Cap,RA Fraser,#277
1986/87,Milestone,First XI Caps,First XI Cap,KL McLean,#278
1986/87,Milestone,First XI Caps,First XI Cap,IJ Thamm,#279
1986/87,Milestone,First XI Caps,First XI Cap,M P Selvanera,#280
1987/88,Milestone,First XI Caps,First XI Cap,P D Curtin,#281
1987/88,Milestone,First XI Caps,First XI Cap,B W Curtin,#282
1987/88,Milestone,First XI Caps,First XI Cap,C P Tragakis,#283
1988/89,Milestone,First XI Caps,First XI Cap,J Frick,#284
1988/89,Milestone,First XI Caps,First XI Cap,N J Ford,#285
1988/89,Milestone,First XI Caps,First XI Cap,D A Huston,#286
1989/90,Milestone,First XI Caps,First XI Cap,S D Heeps,#287
1989/90,Milestone,First XI Caps,First XI Cap,G S Pugh,#288
1989/90,Milestone,First XI Caps,First XI Cap,W A Margitich,#290
1990/91,Milestone,First XI Caps,First XI Cap,R L Day,#291
1990/91,Milestone,First XI Caps,First XI Cap,M J O'Shea,#292
1990/91,Milestone,First XI Caps,First XI Cap,D C Oung,#293
1990/91,Milestone,First XI Caps,First XI Cap,R Hughes,#294
1990/91,Milestone,First XI Caps,First XI Cap,Mark Bradshaw,#295
1991/92,Milestone,First XI Caps,First XI Cap,I B Bowley,#296
1991/92,Milestone,First XI Caps,First XI Cap,A S Foster,#297
1991/92,Milestone,First XI Caps,First XI Cap,P M Judd,#298
1991/92,Milestone,First XI Caps,First XI Cap,D A Williams,#299
1991/92,Milestone,First XI Caps,First XI Cap,D R Betterman,#300
1991/92,Milestone,First XI Caps,First XI Cap,R Batusic,#301
1991/92,Milestone,First XI Caps,First XI Cap,A J Betterman,#302
1992/93,Milestone,First XI Caps,First XI Cap,N Martin,#303
1992/93,Milestone,First XI Caps,First XI Cap,D J Rowe,#304
1993/94,Milestone,First XI Caps,First XI Cap,D D Heaft,#305
1993/94,Milestone,First XI Caps,First XI Cap,D J Nolan,#306
1993/94,Milestone,First XI Caps,First XI Cap,M D Bevan,#307
1993/94,Milestone,First XI Caps,First XI Cap,B L Matheson,#308
1994/95,Milestone,First XI Caps,First XI Cap,A M Baker,#309
1994/95,Milestone,First XI Caps,First XI Cap,S J Corcoran,#310
1994/95,Milestone,First XI Caps,First XI Cap,J A Jacobs,#311
1995/96,Milestone,First XI Caps,First XI Cap,P M Baker,#312
1995/96,Milestone,First XI Caps,First XI Cap,D W Fischerman,#313
1995/96,Milestone,First XI Caps,First XI Cap,D P Terrell,#314
1995/96,Milestone,First XI Caps,First XI Cap,T A Goodwin,#315
1995/96,Milestone,First XI Caps,First XI Cap,G M Vincent,#316
1995/96,Milestone,First XI Caps,First XI Cap,D R Jennings,#317
1996/97,Milestone,First XI Caps,First XI Cap,S Dixey,#318
1996/97,Milestone,First XI Caps,First XI Cap,G A Wills,#319
1996/97,Milestone,First XI Caps,First XI Cap,C I Ansell,#320
1996/97,Milestone,First XI Caps,First XI Cap,A Kallos,#321
1996/97,Milestone,First XI Caps,First XI Cap,A W Muller,#322
1997/98,Milestone,First XI Caps,First XI Cap,C Parham,#323
1997/98,Milestone,First XI Caps,First XI Cap,A J Wilton,#324
1997/98,Milestone,First XI Caps,First XI Cap,D J Meijer,#325
1997/98,Milestone,First XI Caps,First XI Cap,J W Stagg,#326
1998/99,Milestone,First XI Caps,First XI Cap,D B Modra,#327
1998/99,Milestone,First XI Caps,First XI Cap,D J Sexton,#328
1998/99,Milestone,First XI Caps,First XI Cap,M P Steadman,#329
1998/99,Milestone,First XI Caps,First XI Cap,A J Benton,#330
1999/00,Milestone,First XI Caps,First XI Cap,M J Barber,#331
1999/00,Milestone,First XI Caps,First XI Cap,A N Wilson,#332
2000/01,Milestone,First XI Caps,First XI Cap,C M Underwood,#333
2000/01,Milestone,First XI Caps,First XI Cap,S Peach,#334
2000/01,Milestone,First XI Caps,First XI Cap,D J Williams,#335
2000/01,Milestone,First XI Caps,First XI Cap,N P Zachat,#336
2000/01,Milestone,First XI Caps,First XI Cap,I Abbasov,#337
2000/01,Milestone,First XI Caps,First XI Cap,M A Fenwick,#338
2001/02,Milestone,First XI Caps,First XI Cap,N G Clark,#339
2001/02,Milestone,First XI Caps,First XI Cap,S Rojko,#340
2001/02,Milestone,First XI Caps,First XI Cap,D S Hall,#341
2001/02,Milestone,First XI Caps,First XI Cap,B P Haynes,#342
2002/03,Milestone,First XI Caps,First XI Cap,B W Meredith,#343
2002/03,Milestone,First XI Caps,First XI Cap,D H Adams,#344
2002/03,Milestone,First XI Caps,First XI Cap,B J Felice,#345
2002/03,Milestone,First XI Caps,First XI Cap,M J McKern,#346
2002/03,Milestone,First XI Caps,First XI Cap,J T Daunt,#347
2002/03,Milestone,First XI Caps,First XI Cap,P A Smith,#348
2002/03,Milestone,First XI Caps,First XI Cap,L F Smith,#349
2002/03,Milestone,First XI Caps,First XI Cap,M L George,#350
2003/04,Milestone,First XI Caps,First XI Cap,B J Leckie,#351
2003/04,Milestone,First XI Caps,First XI Cap,N J Mosey,#352
2003/04,Milestone,First XI Caps,First XI Cap,A C Tharaldsen,#353
2003/04,Milestone,First XI Caps,First XI Cap,N J Petrus,#354
2003/04,Milestone,First XI Caps,First XI Cap,A T Lubcke,#355
2003/04,Milestone,First XI Caps,First XI Cap,J Y Boerema,#356
2003/04,Milestone,First XI Caps,First XI Cap,C J Heap,#357
2003/04,Milestone,First XI Caps,First XI Cap,B R W Magill,#358
2004/05,Milestone,First XI Caps,First XI Cap,A J Trenordan,#359
2004/05,Milestone,First XI Caps,First XI Cap,S M Wasley,#360
2004/05,Milestone,First XI Caps,First XI Cap,K S Wyles,#361
2004/05,Milestone,First XI Caps,First XI Cap,J J Gaerth,#362
2004/05,Milestone,First XI Caps,First XI Cap,T C Wilton,#363
2004/05,Milestone,First XI Caps,First XI Cap,A L Favell,#364
2004/05,Milestone,First XI Caps,First XI Cap,S L Slape,#365
2004/05,Milestone,First XI Caps,First XI Cap,R H J Westley,#366
2004/05,Milestone,First XI Caps,First XI Cap,A L Stagg,#367
2005/06,Milestone,First XI Caps,First XI Cap,C J Robottom,#368
2005/06,Milestone,First XI Caps,First XI Cap,M T Baker,#369
2005/06,Milestone,First XI Caps,First XI Cap,B T Schiller,#370
2005/06,Milestone,First XI Caps,First XI Cap,D A Denew,#371
2005/06,Milestone,First XI Caps,First XI Cap,A T Mainwaring,#372
2005/06,Milestone,First XI Caps,First XI Cap,T J Evans,#373
2006/07,Milestone,First XI Caps,First XI Cap,S M Ellicott,#374
2006/07,Milestone,First XI Caps,First XI Cap,B S Staniford,#375
2006/07,Milestone,First XI Caps,First XI Cap,N J Jolly,#376
2007/08,Milestone,First XI Caps,First XI Cap,M Sheikh,#377
2007/08,Milestone,First XI Caps,First XI Cap,P J Whitcomb,#378
2007/08,Milestone,First XI Caps,First XI Cap,S D Hunter,#379
2007/08,Milestone,First XI Caps,First XI Cap,P J Richardson,#380
2008/09,Milestone,First XI Caps,First XI Cap,J J D'Antini,#381
2008/09,Milestone,First XI Caps,First XI Cap,J J Eckermann,#382
2009/10,Milestone,First XI Caps,First XI Cap,R X Davey,#383
2009/10,Milestone,First XI Caps,First XI Cap,L A Harrington,#384
2009/10,Milestone,First XI Caps,First XI Cap,A D Thurlow,#385
2009/10,Milestone,First XI Caps,First XI Cap,M C Zerner,#386
2009/10,Milestone,First XI Caps,First XI Cap,A Watherston,#387
2011/12,Milestone,First XI Caps,First XI Cap,A J Donald,#388
2011/12,Milestone,First XI Caps,First XI Cap,L A Foster,#389
2011/12,Milestone,First XI Caps,First XI Cap,J J Abbot,#390
2011/12,Milestone,First XI Caps,First XI Cap,P L Allegretto,#391
2011/12,Milestone,First XI Caps,First XI Cap,J L Roberts,#392
2011/12,Milestone,First XI Caps,First XI Cap,B L Williams,#393
2011/12,Milestone,First XI Caps,First XI Cap,M P Nye,#394
2011/12,Milestone,First XI Caps,First XI Cap,S Marotti,#395
2012/13,Milestone,First XI Caps,First XI Cap,C M Dawson,#396
2012/13,Milestone,First XI Caps,First XI Cap,L V Devine,#397
2012/13,Milestone,First XI Caps,First XI Cap,J E Farmer,#398
2012/13,Milestone,First XI Caps,First XI Cap,A D Lee,#399
2012/13,Milestone,First XI Caps,First XI Cap,L M Scicluna,#400
2012/13,Milestone,First XI Caps,First XI Cap,R G Smith,#401
2013/14,Milestone,First XI Caps,First XI Cap,K W Davies,#402
2014/15,Milestone,First XI Caps,First XI Cap,F L D'Antini,#403
2014/15,Milestone,First XI Caps,First XI Cap,J D McNally,#404
2014/15,Milestone,First XI Caps,First XI Cap,G C Rose,#405
2014/15,Milestone,First XI Caps,First XI Cap,S P Crook,#406
2015/16,Milestone,First XI Caps,First XI Cap,L O Evans,#407
2015/16,Milestone,First XI Caps,First XI Cap,D W Perry,#408
2015/16,Milestone,First XI Caps,First XI Cap,B M Siebert,#409
2015/16,Milestone,First XI Caps,First XI Cap,M S Henriksen,#410
2015/16,Milestone,First XI Caps,First XI Cap,S Snater,#411
2015/16,Milestone,First XI Caps,First XI Cap,D J Fitzsimons,#412
2015/16,Milestone,First XI Caps,First XI Cap,C R Wells,#413
2016/17,Milestone,First XI Caps,First XI Cap,J T Birse,#414
2016/17,Milestone,First XI Caps,First XI Cap,T S Rex,#415
2016/17,Milestone,First XI Caps,First XI Cap,S C Colley,#416
2016/17,Milestone,First XI Caps,First XI Cap,S Kanolkar,#417
2016/17,Milestone,First XI Caps,First XI Cap,C J Tucker,#418
2016/17,Milestone,First XI Caps,First XI Cap,S M Freimayer,#419
2016/17,Milestone,First XI Caps,First XI Cap,L M Durdin,#420
2016/17,Milestone,First XI Caps,First XI Cap,S S Athurugiri,#421
2016/17,Milestone,First XI Caps,First XI Cap,J Ghelani,#422
2017/18,Milestone,First XI Caps,First XI Cap,R Baltutis,#423
2017/18,Milestone,First XI Caps,First XI Cap,L S Roberts,#424
2017/18,Milestone,First XI Caps,First XI Cap,J O King,#425
2017/18,Milestone,First XI Caps,First XI Cap,T H Pregden,#426
2017/18,Milestone,First XI Caps,First XI Cap,R Gupta,#427
2017/18,Milestone,First XI Caps,First XI Cap,B F Cameron,#428
2018/19,Milestone,First XI Caps,First XI Cap,J C Edginton,#429
2018/19,Milestone,First XI Caps,First XI Cap,A N Keene,#430
2018/19,Milestone,First XI Caps,First XI Cap,J K Millard,#431
2018/19,Milestone,First XI Caps,First XI Cap,D M Dolling,#432
2018/19,Milestone,First XI Caps,First XI Cap,M B Hughes,#433
2018/19,Milestone,First XI Caps,First XI Cap,J G Patel,#434
2018/19,Milestone,First XI Caps,First XI Cap,W J Bakewell,#435
2018/19,Milestone,First XI Caps,First XI Cap,T W Colley,#437
2018/19,Milestone,First XI Caps,First XI Cap,A J Alderson,#438
2018/19,Milestone,First XI Caps,First XI Cap,M J Brister,#439
2018/19,Milestone,First XI Caps,First XI Cap,A B Wright,#440
2018/19,Milestone,First XI Caps,First XI Cap,J Barnett,#441
2019/20,Milestone,First XI Caps,First XI Cap,L R Jenings,#442
2019/20,Milestone,First XI Caps,First XI Cap,M T Panditaratne,#443
2019/20,Milestone,First XI Caps,First XI Cap,S J Redin,#444
2019/20,Milestone,First XI Caps,First XI Cap,V Lakshmin,#445
2019/20,Milestone,First XI Caps,First XI Cap,H J Wilkinson,#446
2019/20,Milestone,First XI Caps,First XI Cap,J J Richter Gilbert,#447
2019/20,Milestone,First XI Caps,First XI Cap,LJ Jacobs,#448
2020/21,Milestone,First XI Caps,First XI Cap,SW Lucas,#449
2020/21,Milestone,First XI Caps,First XI Cap,GW Carr,#450
2020/21,Milestone,First XI Caps,First XI Cap,HD Towers,#452
2021/22,Milestone,First XI Caps,First XI Cap,S Karnawat,#453
2021/22,Milestone,First XI Caps,First XI Cap,KA Mirza,#454
2021/22,Milestone,First XI Caps,First XI Cap,FW March,#455
2021/22,Milestone,First XI Caps,First XI Cap,RJ Husler,#456
2021/22,Milestone,First XI Caps,First XI Cap,V Vishnoi,#457
2021/22,Milestone,First XI Caps,First XI Cap,JM Bowes,#458
2021/22,Milestone,First XI Caps,First XI Cap,S Qadri,#459
2022/23,Milestone,First XI Caps,First XI Cap,S Alam,#460
2023/24,Milestone,First XI Caps,First XI Cap,B Stewart-Tonkin,#461
2023/24,Milestone,First XI Caps,First XI Cap,S Ali,#462
2023/24,Milestone,First XI Caps,First XI Cap,M Sharma,#463
2023/24,Milestone,First XI Caps,First XI Cap,G Doran,#464
2023/24,Milestone,First XI Caps,First XI Cap,J Sadler,#465
2023/24,Milestone,First XI Caps,First XI Cap,A Gyawali,#466
1932/33,Office Bearer,Captains,1st XI Captain,J H McDonald,
1933/34,Office Bearer,Captains,1st XI Captain,A R Bent,
1934/35,Office Bearer,Captains,1st XI Captain,A R Bent,
1935/36,Office Bearer,Captains,1st XI Captain,A R Bent,
1936/37,Office Bearer,Captains,1st XI Captain,A R Bent,
1937/38,Office Bearer,Captains,1st XI Captain,T Stappard,
1938/39,Office Bearer,Captains,1st XI Captain,T Stappard,
1939/40,Office Bearer,Captains,1st XI Captain,K J Duke,
1940/41,Office Bearer,Captains,1st XI Captain,K J Duke,
1941/42,Office Bearer,Captains,1st XI Captain,K J Duke,
1942/43,Office Bearer,Captains,1st XI Captain,K J Duke,
1943/44,Office Bearer,Captains,1st XI Captain,K J Duke,
1944/45,Office Bearer,Captains,1st XI Captain,K J Duke,
1945/46,Office Bearer,Captains,1st XI Captain,R Warhurst,
1946/47,Office Bearer,Captains,1st XI Captain,W H Toy,
1947/48,Office Bearer,Captains,1st XI Captain,K J Duke,
1948/49,Office Bearer,Captains,1st XI Captain,K J Duke,
1949/50,Office Bearer,Captains,1st XI Captain,K J Woodcock,
1950/51,Office Bearer,Captains,1st XI Captain,K J Duke,
1951/52,Office Bearer,Captains,1st XI Captain,K J Duke,
1952/53,Office Bearer,Captains,1st XI Captain,K J Duke,
1953/54,Office Bearer,Captains,1st XI Captain,K J Duke,
1954/55,Office Bearer,Captains,1st XI Captain,A F Smith,
1955/56,Office Bearer,Captains,1st XI Captain,K J Duke,
1956/57,Office Bearer,Captains,1st XI Captain,L A Walkley,
1957/58,Office Bearer,Captains,1st XI Captain,L A Walkley,
1958/59,Office Bearer,Captains,1st XI Captain,K J Duke,
1959/60,Office Bearer,Captains,1st XI Captain,B L Bowley,
1960/61,Office Bearer,Captains,1st XI Captain,B L Bowley,
1961/62,Office Bearer,Captains,1st XI Captain,B L Bowley,
1962/63,Office Bearer,Captains,1st XI Captain,L N Kempster,
1963/64,Office Bearer,Captains,1st XI Captain,R J Graefe,
1964/65,Office Bearer,Captains,1st XI Captain,R J Graefe,
1965/66,Office Bearer,Captains,1st XI Captain,R J Graefe,
1966/67,Office Bearer,Captains,1st XI Captain,R J Graefe,
1967/68,Office Bearer,Captains,1st XI Captain,G Howard,
1968/69,Office Bearer,Captains,1st XI Captain,G Howard,
1969/70,Office Bearer,Captains,1st XI Captain,L Raymond,
1970/71,Office Bearer,Captains,1st XI Captain,L Raymond,
1971/72,Office Bearer,Captains,1st XI Captain,L Raymond,
1972/73,Office Bearer,Captains,1st XI Captain,L Raymond,
1973/74,Office Bearer,Captains,1st XI Captain,R J Stratfold,
1974/75,Office Bearer,Captains,1st XI Captain,R J Stratfold,
1975/76,Office Bearer,Captains,1st XI Captain,R J Stratfold,
1976/77,Office Bearer,Captains,1st XI Captain,R S Dinan,
1977/78,Office Bearer,Captains,1st XI Captain,P D Rebbeck,
1978/79,Office Bearer,Captains,1st XI Captain,T M Goodwin,
1979/80,Office Bearer,Captains,1st XI Captain,T M Goodwin,
1980/81,Office Bearer,Captains,1st XI Captain,T M Goodwin,
1981/82,Office Bearer,Captains,1st XI Captain,G A Wright,
1982/83,Office Bearer,Captains,1st XI Captain,A E Baker,
1983/84,Office Bearer,Captains,1st XI Captain,A E Baker,
1984/85,Office Bearer,Captains,1st XI Captain,A E Baker,
1985/86,Office Bearer,Captains,1st XI Captain,T M Goodwin,
1986/87,Office Bearer,Captains,1st XI Captain,R A Fraser,
1987/88,Office Bearer,Captains,1st XI Captain,R A Fraser,
1988/89,Office Bearer,Captains,1st XI Captain,N W Ford,
1989/90,Office Bearer,Captains,1st XI Captain,N W Ford,
1990/91,Office Bearer,Captains,1st XI Captain,N W Ford,
1991/92,Office Bearer,Captains,1st XI Captain,P M Judd,
1992/93,Office Bearer,Captains,1st XI Captain,P M Judd,
1993/94,Office Bearer,Captains,1st XI Captain,P J Raymond,
1994/95,Office Bearer,Captains,1st XI Captain,P M Judd,
1995/96,Office Bearer,Captains,1st XI Captain,P M Judd,
1996/97,Office Bearer,Captains,1st XI Captain,D M Curtin,
1997/98,Office Bearer,Captains,1st XI Captain,G A Wills,
1998/99,Office Bearer,Captains,1st XI Captain,P M Judd,
1999/00,Office Bearer,Captains,1st XI Captain,M J O’Shea,
2000/01,Office Bearer,Captains,1st XI Captain,C M Underwood,
2001/02,Office Bearer,Captains,1st XI Captain,C M Underwood,
2002/03,Office Bearer,Captains,1st XI Captain,C M Underwood,
2003/04,Office Bearer,Captains,1st XI Captain,N J Mosey,
2004/05,Office Bearer,Captains,1st XI Captain,N J Mosey,
2005/06,Office Bearer,Captains,1st XI Captain,N J Mosey,
2006/07,Office Bearer,Captains,1st XI Captain,SD Heeps,
2007/08,Office Bearer,Captains,1st XI Captain,SD Heeps,
2008/09,Office Bearer,Captains,1st XI Captain,JJ Gaerth,
2009/10,Office Bearer,Captains,1st XI Captain,JJ Gaerth,
2010/11,Office Bearer,Captains,1st XI Captain,LA Harrington,
2011/12,Office Bearer,Captains,1st XI Captain,LA Harrington,
2012/13,Office Bearer,Captains,1st XI Captain,JE Farmer,
2013/14,Office Bearer,Captains,1st XI Captain,JE Farmer,
2014/15,Office Bearer,Captains,1st XI Captain,JE Farmer,
2015/16,Office Bearer,Captains,1st XI Captain,JE Farmer,
2016/17,Office Bearer,Captains,1st XI Captain,MJ Barber,
2017/18,Office Bearer,Captains,1st XI Captain,JY Boerema,
2018/19,Office Bearer,Captains,1st XI Captain,JY Boerema,
2019/20,Office Bearer,Captains,1st XI Captain,AN Keene,
2020/21,Office Bearer,Captains,1st XI Captain,JE Farmer,
1946/47,Office Bearer,Captains,2nd XI Captain,BF Birch,
1947/48,Office Bearer,Captains,2nd XI Captain,BF Birch,
1949/50,Office Bearer,Captains,2nd XI Captain,LB Fischer,
1951/52,Office Bearer,Captains,2nd XI Captain,KE Edwardes,
1953/54,Office Bearer,Captains,2nd XI Captain,HJ Davis,
1954/55,Office Bearer,Captains,2nd XI Captain,WJM Ewing,
1955/56,Office Bearer,Captains,2nd XI Captain,WJM Ewing,
1956/57,Office Bearer,Captains,2nd XI Captain,KL Berndt,
1957/58,Office Bearer,Captains,2nd XI Captain,BF Birch,
1958/59,Office Bearer,Captains,2nd XI Captain,BF Birch,
1959/60,Office Bearer,Captains,2nd XI Captain,KE Edwardes,
1960/61,Office Bearer,Captains,2nd XI Captain,KG Plummer,
1961/62,Office Bearer,Captains,2nd XI Captain,KG Plummer,
1962/63,Office Bearer,Captains,2nd XI Captain,DG Hooper,
1963/64,Office Bearer,Captains,2nd XI Captain,DG Hooper,
1964/65,Office Bearer,Captains,2nd XI Captain,KG Plummer,
1965/66,Office Bearer,Captains,2nd XI Captain,M Ninnis,
1966/67,Office Bearer,Captains,2nd XI Captain,KG Plummer,
1967/68,Office Bearer,Captains,2nd XI Captain,KG Plummer,
1968/69,Office Bearer,Captains,2nd XI Captain,KG Plummer,
1969/70,Office Bearer,Captains,2nd XI Captain,B Foster,
1970/71,Office Bearer,Captains,2nd XI Captain,BJ Langston,
1971/72,Office Bearer,Captains,2nd XI Captain,D Looker,
1972/73,Office Bearer,Captains,2nd XI Captain,DJ Von Einem,
1973/74,Office Bearer,Captains,2nd XI Captain,DJ Von Einem,
1974/75,Office Bearer,Captains,2nd XI Captain,DJ Von Einem,
1975/76,Office Bearer,Captains,2nd XI Captain,DJ Von Einem,
1976/77,Office Bearer,Captains,2nd XI Captain,DJ Mackay,
1977/78,Office Bearer,Captains,2nd XI Captain,KG Lees,
1978/79,Office Bearer,Captains,2nd XI Captain,DJ Mackay,
1979/80,Office Bearer,Captains,2nd XI Captain,DJ Mackay,
1980/81,Office Bearer,Captains,2nd XI Captain,KG Lees,
1981/82,Office Bearer,Captains,2nd XI Captain,SW Sykes,
1982/83,Office Bearer,Captains,2nd XI Captain,SJ Falkner,
1983/84,Office Bearer,Captains,2nd XI Captain,DJ Hissey,
1984/85,Office Bearer,Captains,2nd XI Captain,DJ Hissey,
1985/86,Office Bearer,Captains,2nd XI Captain,DJ Hissey,
1986/87,Office Bearer,Captains,2nd XI Captain,DJ Hissey,
1987/88,Office Bearer,Captains,2nd XI Captain,DJ Dixey,
1988/89,Office Bearer,Captains,2nd XI Captain,RK Turner,
1989/90,Office Bearer,Captains,2nd XI Captain,AE Baker,
1990/91,Office Bearer,Captains,2nd XI Captain,PJ Williams,
1991/92,Office Bearer,Captains,2nd XI Captain,PJ Williams,
1992/93,Office Bearer,Captains,2nd XI Captain,AE Baker,
1993/94,Office Bearer,Captains,2nd XI Captain,DJ Von Einem,
1994/95,Office Bearer,Captains,2nd XI Captain,GR Wasley,
1995/96,Office Bearer,Captains,2nd XI Captain,DJ Von Einem,
1996/97,Office Bearer,Captains,2nd XI Captain,GR Wasley,
1997/98,Office Bearer,Captains,2nd XI Captain,DJ Von Einem,
1998/99,Office Bearer,Captains,2nd XI Captain,AS Foster,
1999/00,Office Bearer,Captains,2nd XI Captain,AS Foster,
2000/01,Office Bearer,Captains,2nd XI Captain,AS Foster,
2001/02,Office Bearer,Captains,2nd XI Captain,AS Foster,
2002/03,Office Bearer,Captains,2nd XI Captain,AS Foster,
2003/04,Office Bearer,Captains,2nd XI Captain,AS Foster,
2004/05,Office Bearer,Captains,2nd XI Captain,GG Wilson,
2005/06,Office Bearer,Captains,2nd XI Captain,GG Wilson,
2006/07,Office Bearer,Captains,2nd XI Captain,GG Wilson,
2008/09,Office Bearer,Captains,2nd XI Captain,GG Wilson,
2009/10,Office Bearer,Captains,2nd XI Captain,CI Ansell,
2010/11,Office Bearer,Captains,2nd XI Captain,CI Ansell,
2011/12,Office Bearer,Captains,2nd XI Captain,CI Ansell,
2012/13,Office Bearer,Captains,2nd XI Captain,CI Ansell,
2013/14,Office Bearer,Captains,2nd XI Captain,CI Ansell,
2014/15,Office Bearer,Captains,2nd XI Captain,RG Smith,
2016/17,Office Bearer,Captains,2nd XI Captain,MB Hughes,
2017/18,Office Bearer,Captains,2nd XI Captain,MB Hughes,
2019/20,Office Bearer,Captains,2nd XI Captain,RHJ Westley,
2021/22,Office Bearer,Captains,2nd XI Captain,LM Durdin,
2022/23,Office Bearer,Captains,2nd XI Captain,LM Durdin,
2023/24,Office Bearer,Captains,2nd XI Captain,LJ Jacobs,
1947/48,Office Bearer,Captains,3rd XI Captain,AR Rilstone,
1948/49,Office Bearer,Captains,3rd XI Captain,G Rawson,
1949/50,Office Bearer,Captains,3rd XI Captain,G Rawson,
1950/51,Office Bearer,Captains,3rd XI Captain,VW Wilkinson,
1951/52,Office Bearer,Captains,3rd XI Captain,VW Wilkinson,
1952/53,Office Bearer,Captains,3rd XI Captain,VW Wilkinson,
1953/54,Office Bearer,Captains,3rd XI Captain,VW Wilkinson,
1954/55,Office Bearer,Captains,3rd XI Captain,BF Birch,
1955/56,Office Bearer,Captains,3rd XI Captain,LW Pengilly,
1956/57,Office Bearer,Captains,3rd XI Captain,BF Birch,
1957/58,Office Bearer,Captains,3rd XI Captain,KH Elliott,
1958/59,Office Bearer,Captains,3rd XI Captain,KE Edwardes,
1959/60,Office Bearer,Captains,3rd XI Captain,R Duffy,
1961/62,Office Bearer,Captains,3rd XI Captain,BJ Langston,
1962/63,Office Bearer,Captains,3rd XI Captain,E Cook,
1963/64,Office Bearer,Captains,3rd XI Captain,AF Smith,
1964/65,Office Bearer,Captains,3rd XI Captain,AF Smith,
1965/66,Office Bearer,Captains,3rd XI Captain,KJ Duke,
1966/67,Office Bearer,Captains,3rd XI Captain,G Bicknell,
1967/68,Office Bearer,Captains,3rd XI Captain,R Keen,
1968/69,Office Bearer,Captains,3rd XI Captain,BJ Langston,
1969/70,Office Bearer,Captains,3rd XI Captain,BJ Langston,
1970/71,Office Bearer,Captains,3rd XI Captain,KG Plummer,
1971/72,Office Bearer,Captains,3rd XI Captain,JSH Bickle,
1972/73,Office Bearer,Captains,3rd XI Captain,B Foster,
1973/74,Office Bearer,Captains,3rd XI Captain,BJ Langston,
1974/75,Office Bearer,Captains,3rd XI Captain,C Cook,
1975/76,Office Bearer,Captains,3rd XI Captain,AR Martin,
1976/77,Office Bearer,Captains,3rd XI Captain,AR Martin,
1977/78,Office Bearer,Captains,3rd XI Captain,A Talbot,
1978/79,Office Bearer,Captains,3rd XI Captain,KG Lees,
1979/80,Office Bearer,Captains,3rd XI Captain,KG Lees,
1980/81,Office Bearer,Captains,3rd XI Captain,MA Bradshaw,
1981/82,Office Bearer,Captains,3rd XI Captain,RK Saunders,
1982/83,Office Bearer,Captains,3rd XI Captain,RK Saunders,
1983/84,Office Bearer,Captains,3rd XI Captain,KG Lees,
1984/85,Office Bearer,Captains,3rd XI Captain,KG Lees,
1985/86,Office Bearer,Captains,3rd XI Captain,RJ Wilton,
1986/87,Office Bearer,Captains,3rd XI Captain,RJ Wilton,
1987/88,Office Bearer,Captains,3rd XI Captain,BW Colborne,
1988/89,Office Bearer,Captains,3rd XI Captain,BW Colborne,
1990/91,Office Bearer,Captains,3rd XI Captain,SJ Falkner,
1991/92,Office Bearer,Captains,3rd XI Captain,SJ Falkner,
1992/93,Office Bearer,Captains,3rd XI Captain,PD Rebbeck,
1993/94,Office Bearer,Captains,3rd XI Captain,SJ Falkner,
1994/95,Office Bearer,Captains,3rd XI Captain,SJ Falkner,
1995/96,Office Bearer,Captains,3rd XI Captain,AG Durdin,
1997/98,Office Bearer,Captains,3rd XI Captain,SJ Corcoran,
1998/99,Office Bearer,Captains,3rd XI Captain,SJ Corcoran,
1999/00,Office Bearer,Captains,3rd XI Captain,SL Slape,
2000/01,Office Bearer,Captains,3rd XI Captain,GR Wasley,
2002/03,Office Bearer,Captains,3rd XI Captain,NJ Padley,
2003/04,Office Bearer,Captains,3rd XI Captain,L Di Venuto,
2004/05,Office Bearer,Captains,3rd XI Captain,L Di Venuto,
2005/06,Office Bearer,Captains,3rd XI Captain,L Di Venuto,
2006/07,Office Bearer,Captains,3rd XI Captain,L Di Venuto,
2008/09,Office Bearer,Captains,3rd XI Captain,DC Oung,
2009/10,Office Bearer,Captains,3rd XI Captain,RG Smith,
2010/11,Office Bearer,Captains,3rd XI Captain,RG Smith,
2011/12,Office Bearer,Captains,3rd XI Captain,L Di Venuto,
2012/13,Office Bearer,Captains,3rd XI Captain,RW Rutter,
2013/14,Office Bearer,Captains,3rd XI Captain,DC Oung,
2015/16,Office Bearer,Captains,3rd XI Captain,RW Rutter,
2016/17,Office Bearer,Captains,3rd XI Captain,RW Rutter,
2017/18,Office Bearer,Captains,3rd XI Captain,JC Edginton,
2018/19,Office Bearer,Captains,3rd XI Captain,AE Evans et al,
2019/20,Office Bearer,Captains,3rd XI Captain,JC Edginton,
2020/21,Office Bearer,Captains,3rd XI Captain,JC Edginton,
2021/22,Office Bearer,Captains,3rd XI Captain,JD Novak,
2022/23,Office Bearer,Captains,3rd XI Captain,JD Novak,
2023/24,Office Bearer,Captains,3rd XI Captain,G Murthy,
1956/57,Office Bearer,Captains,4th XI Captain,D Milne,
1957/58,Office Bearer,Captains,4th XI Captain,W Draper,
1958/59,Office Bearer,Captains,4th XI Captain,LW Pengilly,
1959/60,Office Bearer,Captains,4th XI Captain,CA Ebbs,
1961/62,Office Bearer,Captains,4th XI Captain,AF Smith,
1962/63,Office Bearer,Captains,4th XI Captain,R Dudley,
1963/64,Office Bearer,Captains,4th XI Captain,R Dudley,
1964/65,Office Bearer,Captains,4th XI Captain,DH Doig,
1965/66,Office Bearer,Captains,4th XI Captain,AF Smith,
1966/67,Office Bearer,Captains,4th XI Captain,KJ Duke,
1967/68,Office Bearer,Captains,4th XI Captain,KJ Duke,
1968/69,Office Bearer,Captains,4th XI Captain,KJ Duke,
1969/70,Office Bearer,Captains,4th XI Captain,KJ Duke,
1970/71,Office Bearer,Captains,4th XI Captain,KJ Duke,
1971/72,Office Bearer,Captains,4th XI Captain,DG Hooper,
1972/73,Office Bearer,Captains,4th XI Captain,JSH Bickle,
1973/74,Office Bearer,Captains,4th XI Captain,AJ McLean,
1974/75,Office Bearer,Captains,4th XI Captain,MD Schlein,
1975/76,Office Bearer,Captains,4th XI Captain,JF Best,
1976/77,Office Bearer,Captains,4th XI Captain,I Sachse,
1977/78,Office Bearer,Captains,4th XI Captain,JB Alton,
1978/79,Office Bearer,Captains,4th XI Captain,AJ McLean,
1979/80,Office Bearer,Captains,4th XI Captain,A Talbot,
1980/81,Office Bearer,Captains,4th XI Captain,GJ Adams,
1981/82,Office Bearer,Captains,4th XI Captain,A Talbot,
1982/83,Office Bearer,Captains,4th XI Captain,LP Burgemeister,
1983/84,Office Bearer,Captains,4th XI Captain,MA Bradshaw,
1984/85,Office Bearer,Captains,4th XI Captain,MA Bradshaw,
1985/86,Office Bearer,Captains,4th XI Captain,JL Neumann,
1986/87,Office Bearer,Captains,4th XI Captain,JL Neumann,
1987/88,Office Bearer,Captains,4th XI Captain,JL Neumann,
1988/89,Office Bearer,Captains,4th XI Captain,JL Neumann,
1989/90,Office Bearer,Captains,4th XI Captain,PJ Burckhardt,
1990/91,Office Bearer,Captains,4th XI Captain,DC Phillips,
1991/92,Office Bearer,Captains,4th XI Captain,DC Phillips,
1992/93,Office Bearer,Captains,4th XI Captain,CD Luck,
1993/94,Office Bearer,Captains,4th XI Captain,CD Luck,
1994/95,Office Bearer,Captains,4th XI Captain,CM Argent,
1995/96,Office Bearer,Captains,4th XI Captain,CD Luck,
1996/97,Office Bearer,Captains,4th XI Captain,RS Clark,
1997/98,Office Bearer,Captains,4th XI Captain,MS Wilczek,
1998/99,Office Bearer,Captains,4th XI Captain,MS Wilczek,
1999/00,Office Bearer,Captains,4th XI Captain,MS Wilczek,
2000/01,Office Bearer,Captains,4th XI Captain,MS Wilczek,
2001/02,Office Bearer,Captains,4th XI Captain,MS Wilczek,
2002/03,Office Bearer,Captains,4th XI Captain,MA Conroy,
2003/04,Office Bearer,Captains,4th XI Captain,PJ Young,
2004/05,Office Bearer,Captains,4th XI Captain,MA Conroy,
2005/06,Office Bearer,Captains,4th XI Captain,GW Bermingham,
2006/07,Office Bearer,Captains,4th XI Captain,GW Bermingham,
2007/08,Office Bearer,Captains,4th XI Captain,RA Smith,
2008/09,Office Bearer,Captains,4th XI Captain,RW Rutter,
2009/10,Office Bearer,Captains,4th XI Captain,RW Rutter,
2010/11,Office Bearer,Captains,4th XI Captain,RW Rutter,
2011/12,Office Bearer,Captains,4th XI Captain,RW Rutter,
1961/62,Office Bearer,Captains,5th XI Captain,W Klaebe,
1962/63,Office Bearer,Captains,5th XI Captain,W Klaebe,
1963/64,Office Bearer,Captains,5th XI Captain,W Klaebe,
1964/65,Office Bearer,Captains,5th XI Captain,W Klaebe,
1965/66,Office Bearer,Captains,5th XI Captain,W Hardy,
1966/67,Office Bearer,Captains,5th XI Captain,W Hardy,
1967/68,Office Bearer,Captains,5th XI Captain,J Gregg,
1968/69,Office Bearer,Captains,5th XI Captain,E Biggs,
1969/70,Office Bearer,Captains,5th XI Captain,JR Gregg,
1970/71,Office Bearer,Captains,5th XI Captain,D Lee,
1971/72,Office Bearer,Captains,5th XI Captain,AJ McLean,
1972/73,Office Bearer,Captains,5th XI Captain,AJ McLean,
1973/74,Office Bearer,Captains,5th XI Captain,R Keen,
1974/75,Office Bearer,Captains,5th XI Captain,JF Best,
1975/76,Office Bearer,Captains,5th XI Captain,ME Robins,
1976/77,Office Bearer,Captains,5th XI Captain,P Moore,
1977/78,Office Bearer,Captains,5th XI Captain,MA Bradshaw,
1978/79,Office Bearer,Captains,5th XI Captain,BJ Langston,
1979/80,Office Bearer,Captains,5th XI Captain,W Olds,
1980/81,Office Bearer,Captains,5th XI Captain,O Hebert,
1981/82,Office Bearer,Captains,5th XI Captain,W Olds,
1982/83,Office Bearer,Captains,5th XI Captain,HJ Sautebin,
1983/84,Office Bearer,Captains,5th XI Captain,AVY Morris,
1984/85,Office Bearer,Captains,5th XI Captain,LP Burgemeister,
1985/86,Office Bearer,Captains,5th XI Captain,LP Burgemeister,
1986/87,Office Bearer,Captains,5th XI Captain,LP Burgemeister,
1987/88,Office Bearer,Captains,5th XI Captain,SP McCabe,
1988/89,Office Bearer,Captains,5th XI Captain,MS Ashwood,
1989/90,Office Bearer,Captains,5th XI Captain,MS Ashwood,
1990/91,Office Bearer,Captains,5th XI Captain,BJ Tyson,
1991/92,Office Bearer,Captains,5th XI Captain,RM Burgemeister,
1992/93,Office Bearer,Captains,5th XI Captain,RJ Cole,
1993/94,Office Bearer,Captains,5th XI Captain,BT Eldridge,
1994/95,Office Bearer,Captains,5th XI Captain,PJ Robertson,
1995/96,Office Bearer,Captains,5th XI Captain,PJ Robertson,
1996/97,Office Bearer,Captains,5th XI Captain,IW Scott,
1997/98,Office Bearer,Captains,5th XI Captain,IW Scott,
1998/99,Office Bearer,Captains,5th XI Captain,IW Scott,
1999/00,Office Bearer,Captains,5th XI Captain,IW Scott,
2000/01,Office Bearer,Captains,5th XI Captain,IW Scott,
2001/02,Office Bearer,Captains,5th XI Captain,IW Scott,
2002/03,Office Bearer,Captains,5th XI Captain,MA Edwards,
2003/04,Office Bearer,Captains,5th XI Captain,WF Monger,
2004/05,Office Bearer,Captains,5th XI Captain,WF Monger,
2005/06,Office Bearer,Captains,5th XI Captain,WF Monger,
2006/07,Office Bearer,Captains,5th XI Captain,DJ von Einem,
1961/62,Office Bearer,Captains,6th XI Captain,W Klaebe,
1962/63,Office Bearer,Captains,6th XI Captain,W Klaebe,
1963/64,Office Bearer,Captains,6th XI Captain,W Klaebe,
1964/65,Office Bearer,Captains,6th XI Captain,W Klaebe,
1965/66,Office Bearer,Captains,6th XI Captain,W Hardy,
1966/67,Office Bearer,Captains,6th XI Captain,W Hardy,
1967/68,Office Bearer,Captains,6th XI Captain,J Gregg,
1968/69,Office Bearer,Captains,6th XI Captain,E Biggs,
1969/70,Office Bearer,Captains,6th XI Captain,JR Gregg,
1970/71,Office Bearer,Captains,6th XI Captain,D Lee,
1971/72,Office Bearer,Captains,6th XI Captain,JR Gregg,
1972/73,Office Bearer,Captains,6th XI Captain,B Chapman,
1973/74,Office Bearer,Captains,6th XI Captain,JSH Bickle,
1974/75,Office Bearer,Captains,6th XI Captain,JSH Bickle,
1975/76,Office Bearer,Captains,6th XI Captain,DG Hooper,
1976/77,Office Bearer,Captains,6th XI Captain,DS Looker,
1977/78,Office Bearer,Captains,6th XI Captain,B Chapman,
1978/79,Office Bearer,Captains,6th XI Captain,DH Elliott,
1979/80,Office Bearer,Captains,6th XI Captain,B Cowper,
1980/81,Office Bearer,Captains,6th XI Captain,M Cross,
1981/82,Office Bearer,Captains,6th XI Captain,LJ Holmes,
1982/83,Office Bearer,Captains,6th XI Captain,WB Thyer,
1983/84,Office Bearer,Captains,6th XI Captain,B Chapman,
1984/85,Office Bearer,Captains,6th XI Captain,JL Neumann,
1985/86,Office Bearer,Captains,6th XI Captain,WD Gillard,
1986/87,Office Bearer,Captains,6th XI Captain,CA Peirce,
1987/88,Office Bearer,Captains,6th XI Captain,CA Peirce,
1988/89,Office Bearer,Captains,6th XI Captain,CA Peirce,
1989/90,Office Bearer,Captains,6th XI Captain,RJ Wilton,
1990/91,Office Bearer,Captains,6th XI Captain,RJ Wilton,
1991/92,Office Bearer,Captains,6th XI Captain,RK Saunders,
1992/93,Office Bearer,Captains,6th XI Captain,RK Saunders,
1993/94,Office Bearer,Captains,6th XI Captain,A Gramizio,
1994/95,Office Bearer,Captains,6th XI Captain,A Gramizio,
1995/96,Office Bearer,Captains,6th XI Captain,IW Scott,
1999/00,Office Bearer,Captains,6th XI Captain,PL Creek,
2000/01,Office Bearer,Captains,6th XI Captain,PL Creek,
2001/02,Office Bearer,Captains,6th XI Captain,PL Creek,
1945/46,Office Bearer,Captains,Colts Captain,Unknown,
1946/47,Office Bearer,Captains,Colts Captain,H Possingham,
1947/48,Office Bearer,Captains,Colts Captain,PC Roberts,
1948/49,Office Bearer,Captains,Colts Captain,R Hussey,
1949/50,Office Bearer,Captains,Colts Captain,RJ Hann,
1950/51,Office Bearer,Captains,Colts Captain,RJ Hann,
1951/52,Office Bearer,Captains,Colts Captain,JR Londrigan,
1952/53,Office Bearer,Captains,Colts Captain,JR Londrigan,
1953/54,Office Bearer,Captains,Colts Captain,CJ Herbert,
1954/55,Office Bearer,Captains,Colts Captain,VW Wilkinson,
1955/56,Office Bearer,Captains,Colts Captain,IJ McLoughney,
1956/57,Office Bearer,Captains,Colts Captain,W Draper,
1957/58,Office Bearer,Captains,Colts Captain,J Hann,
1958/59,Office Bearer,Captains,Colts Captain,LA Walkley,
1959/60,Office Bearer,Captains,Colts Captain,CJ Herbert,
1960/61,Office Bearer,Captains,Colts Captain,Unknown,
1996/97,Office Bearer,Captains,Limited Overs XI Captain,SJ Falkner,
1997/98,Office Bearer,Captains,Limited Overs XI Captain,MS Ashwood,
1998/99,Office Bearer,Captains,Limited Overs XI Captain,CP O'Donnell,
2002/03,Office Bearer,Captains,Limited Overs XI Captain,BM Skurrie,
2003/04,Office Bearer,Captains,Limited Overs XI Captain,BM Skurrie,
2004/05,Office Bearer,Captains,Limited Overs XI Captain,BM Skurrie,
2005/06,Office Bearer,Captains,Limited Overs XI Captain,LR Thring,
2007/08,Office Bearer,Captains,Limited Overs XI Captain,PJ Robertson,
2008/09,Office Bearer,Captains,Limited Overs XI Captain,PJ Robertson,
2009/10,Office Bearer,Captains,Limited Overs XI Captain,PJ Robertson,
2010/11,Office Bearer,Captains,Limited Overs XI Captain,PJ Robertson,
2011/12,Office Bearer,Captains,Limited Overs XI Captain,PJ Robertson,
2012/13,Office Bearer,Captains,Limited Overs XI Captain,PJ Robertson,
2013/14,Office Bearer,Captains,Limited Overs XI Captain,PJ Robertson,
2014/15,Office Bearer,Captains,Limited Overs XI Captain,L Di Venuto,
2015/16,Office Bearer,Captains,Limited Overs XI Captain,L Di Venuto,
2016/17,Office Bearer,Captains,Limited Overs XI Captain,L Di Venuto,
2017/18,Office Bearer,Captains,Limited Overs XI Captain,L Di Venuto,
2018/19,Office Bearer,Captains,Limited Overs XI Captain,various,
2019/20,Office Bearer,Captains,Limited Overs XI Captain,JG Patel,
2020/21,Office Bearer,Captains,Limited Overs XI Captain,MC Subramaniam,
2021/22,Office Bearer,Captains,Limited Overs XI Captain,NE Knight,
2022/23,Office Bearer,Captains,Limited Overs XI Captain,SA Hussain,
2023/24,Office Bearer,Captains,Limited Overs XI Captain,J Chanda,
1968/69,Office Bearer,Captains,Under 15 & Under 14 Captain,Unknown,
1970/71,Office Bearer,Captains,Under 15 & Under 14 Captain,Unknown,
1973/74,Office Bearer,Captains,Under 15 & Under 14 Captain,B Morgan,
1974/75,Office Bearer,Captains,Under 15 & Under 14 Captain,B Morgan,
1975/76,Office Bearer,Captains,Under 15 & Under 14 Captain,G Jones,
1976/77,Office Bearer,Captains,Under 15 & Under 14 Captain,B Morgan,
1977/78,Office Bearer,Captains,Under 15 & Under 14 Captain,RP Jennings,
1978/79,Office Bearer,Captains,Under 15 & Under 14 Captain,RP Jennings,
1979/80,Office Bearer,Captains,Under 15 & Under 14 Captain,M Forrester,
1980/81,Office Bearer,Captains,Under 15 & Under 14 Captain,S Bleeze,
1981/82,Office Bearer,Captains,Under 15 & Under 14 Captain,R Worrall,
1982/83,Office Bearer,Captains,Under 15 & Under 14 Captain,M Roogke,
1983/84,Office Bearer,Captains,Under 15 & Under 14 Captain,L Daws,
1984/85,Office Bearer,Captains,Under 15 & Under 14 Captain,SC Koster,
1985/86,Office Bearer,Captains,Under 15 & Under 14 Captain,GM Vincent,
1986/87,Office Bearer,Captains,Under 15 & Under 14 Captain,DJ Hammond,
1987/88,Office Bearer,Captains,Under 15 & Under 14 Captain,AJ Howie,
1988/89,Office Bearer,Captains,Under 15 & Under 14 Captain,M Horsnell,
1989/90,Office Bearer,Captains,Under 15 & Under 14 Captain,MI Dew,
1990/91,Office Bearer,Captains,Under 15 & Under 14 Captain,A Kallos,
1991/92,Office Bearer,Captains,Under 15 & Under 14 Captain,ST Price,
1992/93,Office Bearer,Captains,Under 15 & Under 14 Captain,TN Hall,
1993/94,Office Bearer,Captains,Under 15 & Under 14 Captain,MJ Barber,
1994/95,Office Bearer,Captains,Under 15 & Under 14 Captain,SJ Virgo,
1995/96,Office Bearer,Captains,Under 15 & Under 14 Captain,NM Delvins,
1998/99,Office Bearer,Captains,Under 15 & Under 14 Captain,TD Haynes,
1999/00,Office Bearer,Captains,Under 15 & Under 14 Captain,SJ Warwood,
2000/01,Office Bearer,Captains,Under 15 & Under 14 Captain,J Haynes,
2001/02,Office Bearer,Captains,Under 15 & Under 14 Captain,EL Gibson,
2002/03,Office Bearer,Captains,Under 15 & Under 14 Captain,J Creek,
2003/04,Office Bearer,Captains,Under 15 & Under 14 Captain,TJ Evans,
2007/08,Office Bearer,Captains,Under 15 & Under 14 Captain,RW Pickering,
2008/09,Office Bearer,Captains,Under 15 & Under 14 Captain,KM Reid,
2010/11,Office Bearer,Captains,Under 15 & Under 14 Captain,MG Joy,
2015/16,Office Bearer,Captains,Under 15 & Under 14 Captain,rotated,
2016/17,Office Bearer,Captains,Under 15 & Under 14 Captain,BJ Ianniello,
2018/19,Office Bearer,Captains,Under 15 & Under 14 Captain,TE Cartwright,
1977/78,Office Bearer,Captains,Under 17 & Under 16 Captain,B Morgan,
1978/79,Office Bearer,Captains,Under 17 & Under 16 Captain,DR Barnett,
1979/80,Office Bearer,Captains,Under 17 & Under 16 Captain,R Faulkner,
1980/81,Office Bearer,Captains,Under 17 & Under 16 Captain,R Faulkner,
1981/82,Office Bearer,Captains,Under 17 & Under 16 Captain,C Moulds,
1982/83,Office Bearer,Captains,Under 17 & Under 16 Captain,C Moulds,
1983/84,Office Bearer,Captains,Under 17 & Under 16 Captain,P Watts,
1984/85,Office Bearer,Captains,Under 17 & Under 16 Captain,SA Allman,
1985/86,Office Bearer,Captains,Under 17 & Under 16 Captain,DS Cockburn,
1986/87,Office Bearer,Captains,Under 17 & Under 16 Captain,SC Koster,
1987/88,Office Bearer,Captains,Under 17 & Under 16 Captain,SD Heeps,
1988/89,Office Bearer,Captains,Under 17 & Under 16 Captain,DJ Rowe,
1989/90,Office Bearer,Captains,Under 17 & Under 16 Captain,DC Oung,
1990/91,Office Bearer,Captains,Under 17 & Under 16 Captain,I Abbasov,
1991/92,Office Bearer,Captains,Under 17 & Under 16 Captain,DS Hall,
1992/93,Office Bearer,Captains,Under 17 & Under 16 Captain,A Kallos,
1993/94,Office Bearer,Captains,Under 17 & Under 16 Captain,ST Price,
1994/95,Office Bearer,Captains,Under 17 & Under 16 Captain,DW Curtis,
1995/96,Office Bearer,Captains,Under 17 & Under 16 Captain,DW Curtis,
1996/97,Office Bearer,Captains,Under 17 & Under 16 Captain,SJ Virgo,
1997/98,Office Bearer,Captains,Under 17 & Under 16 Captain,BP Haynes,
1998/99,Office Bearer,Captains,Under 17 & Under 16 Captain,BP Haynes,
1999/00,Office Bearer,Captains,Under 17 & Under 16 Captain,AR Gilbert,
2000/01,Office Bearer,Captains,Under 17 & Under 16 Captain,C Dindler,
2001/02,Office Bearer,Captains,Under 17 & Under 16 Captain,S Warwood,
2002/03,Office Bearer,Captains,Under 17 & Under 16 Captain,JJ Denny,
2003/04,Office Bearer,Captains,Under 17 & Under 16 Captain,EL Gibson,
2005/06,Office Bearer,Captains,Under 17 & Under 16 Captain,NW Jolly,
2006/07,Office Bearer,Captains,Under 17 & Under 16 Captain,NW Jolly,
2007/08,Office Bearer,Captains,Under 17 & Under 16 Captain,AJ Aschmalz,
2008/09,Office Bearer,Captains,Under 17 & Under 16 Captain,MP McInerney,
2009/10,Office Bearer,Captains,Under 17 & Under 16 Captain,LO Timmins,
2010/11,Office Bearer,Captains,Under 17 & Under 16 Captain,LA Foster,
2011/12,Office Bearer,Captains,Under 17 & Under 16 Captain,PD Sanzo,
2013/14,Office Bearer,Captains,Under 17 & Under 16 Captain,Rotated,
2016/17,Office Bearer,Captains,Under 17 & Under 16 Captain,LO Evans,
2019/20,Office Bearer,Captains,Under 17 & Under 16 Captain,Rotated,
2023/24,Office Bearer,Captains,Under 17 & Under 16 Captain,E O’Neill,
2018/19,Office Bearer,Captains,Women's 1st IX T20 Captain,KB Evans,
2020/21,Office Bearer,Captains,Women's 1st IX T20 Captain,JL David,
2021/22,Office Bearer,Captains,Women's 1st IX T20 Captain,JN Murray,
2020/21,Office Bearer,Captains,Women's 2nd IX T20 Captain,Maeve Edwards,
2021/22,Office Bearer,Captains,Women's 2nd IX T20 Captain,Eloise Jansen,
2023/24,Office Bearer,Captains,Women's 2nd IX T20 Captain,Acardia Harmer,
