match_id,date,season_year,round,teams,grade,venue,result
3181944,21 Mar 2026,2025,GF,Mt Lawley Inglewood CC v Coolbinia WP,I Division One Day Grade,Hamer Park / Hamer Park - Oval #1,Mt Lawley Inglewood CC Won by 5 wickets
3181969,14 Mar 2026,2025,SF,Midland Cricket Club v Coolbinia WP,H Division One Day Grade,Swan View Park / Farrell Oval,Midland Cricket Club Won by 1 wickets
3181943,14 Mar 2026,2025,SF,SKLP Cricket Club v Coolbinia WP,I Division One Day Grade,Karijini Oval,Coolbinia WP Won by 56 runs
3178168,7 Mar 2026,2025,17,Dianella Cricket Club v Coolbinia WP,A Division One Day Grade,Dianella Regional Open Space / Dianella ROS 1 (Wes,Dianella Cricket Club Won by 6 wickets
3178306,7 Mar 2026,2025,17,Coolbinia WP v Dianella Cricket Club,D Division One Day Grade,Yokine Regional Open Space / Yokine Reserve No 2,Coolbinia WP Won by 5 wickets
3181968,7 Mar 2026,2025,17,Coolbinia WP v Yokine Pilbara,H Division One Day Grade,Yokine Regional Open Space / Yokine Reserve No 1,Coolbinia WP Won by forfeit
3181942,7 Mar 2026,2025,17,Western Wolves CC v Coolbinia WP,I Division One Day Grade,Ferrara Park / Ferrara park,Western Wolves CC Won by 5 wickets
3178167,28 Feb 2026,2025,16,Scarborough Cricket Club v Coolbinia WP,A Division One Day Grade,Bennett Park (DOUBLEVIEW) / Bennett Park,Scarborough Cricket Club Won by 4 wickets
3178305,28 Feb 2026,2025,16,Coolbinia WP v Scarborough Cricket Club,D Division One Day Grade,Yokine Regional Open Space / Yokine Reserve No 2,Scarborough Cricket Club Won by 6 wickets
3181967,28 Feb 2026,2025,16,BayswaterPostels v Coolbinia WP,H Division One Day Grade,Deschamp Reserve,Coolbinia WP Won by 6 wickets
3181941,28 Feb 2026,2025,16,Coolbinia WP v BayswaterPostels,I Division One Day Grade,Yokine Regional Open Space / Yokine Reserve No 1,BayswaterPostels Won by 24 runs
3178166,21 Feb 2026,2025,15,Coolbinia WP v Yokine Pilbara,A Division One Day Grade,Yokine Regional Open Space / Yokine Reserve No 2,Coolbinia WP Won by 5 wickets
3178304,21 Feb 2026,2025,15,City Beach Greenrange v Coolbinia WP,D Division One Day Grade,City Beach Oval / City Beach Oval 1 - Lower,City Beach Greenrange Won by 6 wickets
3181966,21 Feb 2026,2025,15,Coolbinia WP v City Beach Greenrange,H Division One Day Grade,Yokine Regional Open Space / Yokine Reserve No 1,City Beach Greenrange Won by 7 wickets
3181940,21 Feb 2026,2025,15,Coolbinia WP v City Beach Greenrange,I Division One Day Grade,Wordsworth Reserve / Wordsworth Reserve 1 (East),Coolbinia WP Won by 6 wickets
3178165,14 Feb 2026,2025,14,Coolbinia WP v Hawks Punjabi CC,A Division One Day Grade,Yokine Regional Open Space / Yokine Reserve No 2,Hawks Punjabi CC Won by 6 wickets
3178303,14 Feb 2026,2025,14,Coolbinia WP v Southern Rossmoyne,D Division One Day Grade,Yokine Regional Open Space / Yokine Reserve No 1,Southern Rossmoyne Won by 8 wickets
3181965,14 Feb 2026,2025,14,Glen Forrest Cricket Club v Coolbinia WP,H Division One Day Grade,Burkinshaw Park,Glen Forrest Cricket Club Won by 40 runs
3181939,14 Feb 2026,2025,14,Western Wolves CC v Coolbinia WP,I Division One Day Grade,Ferrara Park / Ferrara park,Western Wolves CC Won by forfeit
3178164,7 Feb 2026,2025,13,Helena Valley Cricket Club v Coolbinia WP,A Division One Day Grade,Parkerville Recreation Ground,Helena Valley Cricket Club Won by 62 runs
3178302,7 Feb 2026,2025,13,Coolbinia WP v Lesmurdie-Mazenod Cricket Club,D Division One Day Grade,Yokine Regional Open Space / Yokine Reserve No 2,Coolbinia WP Won by 8 runs
3181964,7 Feb 2026,2025,13,Coolbinia WP v Ellenbrook Rangers,H Division One Day Grade,Yokine Regional Open Space / Yokine Reserve No 1,Ellenbrook Rangers Won by 2 wickets
3181937,7 Feb 2026,2025,13,SKLP Cricket Club v Coolbinia WP,I Division One Day Grade,Karijini Oval,Coolbinia WP Won by 8 wickets
3178163,31 Jan 2026,2025,12,Coolbinia WP v Mt Lawley Inglewood CC,A Division One Day Grade,Yokine Regional Open Space / Yokine Reserve No 2,Mt Lawley Inglewood CC Won by 7 wickets
3178301,31 Jan 2026,2025,12,Mt Lawley Inglewood CC v Coolbinia WP,D Division One Day Grade,Hamer Park / Hamer Park - Oval #1,Mt Lawley Inglewood CC Won by 3 wickets
3181963,31 Jan 2026,2025,12,Midland Cricket Club v Coolbinia WP,H Division One Day Grade,Swan View Park / Farrell Oval,Midland Cricket Club Won by 16 runs
3181936,31 Jan 2026,2025,12,Caversham Cricket Club v Coolbinia WP,I Division One Day Grade,William Henry Oval,Coolbinia WP Won by 61 runs
3178162,17 Jan 2026,2025,11,Caversham Cricket Club v Coolbinia WP,A Division One Day Grade,Dayton District Open Space / Dayton District Open,Coolbinia WP Won by 72 runs
3178300,17 Jan 2026,2025,11,Coolbinia WP v Darlington CCC D Division,D Division One Day Grade,Yokine Regional Open Space / Yokine Reserve No 2,Coolbinia WP Won by 2 wickets
3181962,17 Jan 2026,2025,11,Coolbinia WP v Carlisle Cricket Club,H Division One Day Grade,Yokine Regional Open Space / Yokine Reserve No 1,Coolbinia WP Won by 119 runs
3181935,17 Jan 2026,2025,11,Mount Lawley Inglewood CC I Di v Coolbinia WP,I Division One Day Grade,Wordsworth Reserve / Wordsworth Reserve 1 (East),Mount Lawley Inglewood CC I Di Won by 2 wickets
3178161,10 Jan 2026,2025,10,Coolbinia WP v Dianella Cricket Club,A Division One Day Grade,Yokine Regional Open Space / Yokine Reserve No 2,Dianella Cricket Club Won by 16 runs
3178257,10 Jan 2026,2025,10,Dianella Cricket Club v Coolbinia WP,D Division One Day Grade,Dianella Regional Open Space / Dianella ROS 1 (Wes,Dianella Cricket Club Won by 54 runs
3181961,10 Jan 2026,2025,10,Coolbinia WP v Yokine Pilbara,H Division One Day Grade,Yokine Regional Open Space / Yokine Reserve No 1,Coolbinia WP Won by 156 runs
3181928,10 Jan 2026,2025,10,Coolbinia WP v Middle Swan Cricket Club,I Division One Day Grade,Wordsworth Reserve / Wordsworth Reserve 1 (East),Middle Swan Cricket Club Won by 8 wickets
3178160,13 Dec 2025,2025,9,Yokine Pilbara v Coolbinia WP,A Division One Day Grade,Yokine Regional Open Space / Yokine East - North,Yokine Pilbara Won by 3 wickets
3178256,13 Dec 2025,2025,9,Coolbinia WP v City Beach Greenrange,D Division One Day Grade,Yokine Regional Open Space / Yokine Reserve No 2,City Beach Greenrange Won by 4 wickets
3181960,13 Dec 2025,2025,9,City Beach Greenrange v Coolbinia WP,H Division One Day Grade,City Beach Oval / City Beach Oval 1 - Lower,City Beach Greenrange Won by 1 wickets
3181927,13 Dec 2025,2025,9,Coolbinia WP v City Beach Greenrange,I Division One Day Grade,Yokine Regional Open Space / Yokine Reserve No 1,Coolbinia WP Won by 2 runs
3178159,6 Dec 2025,2025,8,Coolbinia WP v Scarborough Cricket Club,A Division One Day Grade,Yokine Regional Open Space / Yokine Reserve No 2,Coolbinia WP Won by 15 runs
3178254,6 Dec 2025,2025,8,Coolbinia WP v Scarborough Cricket Club,D Division One Day Grade,Yokine Regional Open Space / Yokine Reserve No 1,Scarborough Cricket Club Won by 37 runs
3181959,6 Dec 2025,2025,8,BayswaterPostels v Coolbinia WP,H Division One Day Grade,Deschamp Reserve,Coolbinia WP Won by 119 runs
3181926,6 Dec 2025,2025,8,Coolbinia WP v BayswaterPostels,I Division One Day Grade,Wordsworth Reserve / Wordsworth Reserve 1 (East),Coolbinia WP Won by 56 runs
3178158,29 Nov 2025,2025,7,Coolbinia WP v Helena Valley Cricket Club,A Division One Day Grade,Yokine Regional Open Space / Yokine Reserve No 2,Helena Valley Cricket Club Won by 5 wickets
3178253,29 Nov 2025,2025,7,Lesmurdie-Mazenod Cricket Club v Coolbinia WP,D Division One Day Grade,Pickering Brook Sports Club,Lesmurdie-Mazenod Cricket Club Won by 17 runs
3181958,29 Nov 2025,2025,7,Ellenbrook Rangers v Coolbinia WP,H Division One Day Grade,Ellenbrook District Open Space / North Oval,Coolbinia WP Won by 82 runs
3181925,29 Nov 2025,2025,7,Coolbinia WP v SKLP Cricket Club,I Division One Day Grade,Yokine Regional Open Space / Yokine Reserve No 1,SKLP Cricket Club Won by 100 runs
3178157,15 Nov 2025,2025,6,Mt Lawley Inglewood CC v Coolbinia WP,A Division One Day Grade,Hamer Park / Hamer Park - Oval #1,Mt Lawley Inglewood CC Won by 54 runs
3178252,15 Nov 2025,2025,6,Coolbinia WP v Mt Lawley Inglewood CC,D Division One Day Grade,Yokine Regional Open Space / Yokine Reserve No 2,Mt Lawley Inglewood CC Won by 18 runs
3181957,15 Nov 2025,2025,6,Coolbinia WP v Midland Cricket Club,H Division One Day Grade,Yokine Regional Open Space / Yokine Reserve No 1,Midland Cricket Club Won by 10 runs
3181924,15 Nov 2025,2025,6,Coolbinia WP v Mount Lawley Inglewood CC I Di,I Division One Day Grade,Wordsworth Reserve / Wordsworth Reserve 1 (East),Mount Lawley Inglewood CC I Di Won by 2 wickets
3178156,8 Nov 2025,2025,5,Coolbinia WP v Caversham Cricket Club,A Division One Day Grade,Yokine Regional Open Space / Yokine Reserve No 2,Caversham Cricket Club Won by 73 runs
3178251,8 Nov 2025,2025,5,Darlington CCC D Division v Coolbinia WP,D Division One Day Grade,Ron Jose Oval,Coolbinia WP Won by 4 wickets
3181956,8 Nov 2025,2025,5,Carlisle Cricket Club v Coolbinia WP,H Division One Day Grade,Higgins Park / Higgins Park A (North-East),Coolbinia WP Won by 1 wickets
3181923,8 Nov 2025,2025,5,Caversham Cricket Club v Coolbinia WP,I Division One Day Grade,William Henry Oval,Caversham Cricket Club Won by 23 runs
3178155,1 Nov 2025,2025,4,Dianella Cricket Club v Coolbinia WP,A Division One Day Grade,Dianella Regional Open Space / Dianella ROS 1 (Wes,Dianella Cricket Club Won by 1 run
3178231,1 Nov 2025,2025,4,Coolbinia WP v Dianella Cricket Club,D Division One Day Grade,Yokine Regional Open Space / Yokine Reserve No 2,Dianella Cricket Club Won by 5 wickets
3181955,1 Nov 2025,2025,4,Coolbinia WP v Yokine Pilbara,H Division One Day Grade,Yokine Regional Open Space / Yokine Reserve No 1,Coolbinia WP Won by 26 runs
3181922,1 Nov 2025,2025,4,Western Wolves CC v Coolbinia WP,I Division One Day Grade,Ferrara Park / Ferrara park,Coolbinia WP Won by 23 runs
3178153,25 Oct 2025,2025,3,Scarborough Cricket Club v Coolbinia WP,A Division One Day Grade,Bennett Park (DOUBLEVIEW) / Bennett Park,Scarborough Cricket Club Won by 36 runs
3178195,25 Oct 2025,2025,3,Scarborough Cricket Club v Coolbinia WP,D Division One Day Grade,Butlers Reserve,Coolbinia WP Won by 3 wickets
3181954,25 Oct 2025,2025,3,Coolbinia WP v BayswaterPostels,H Division One Day Grade,Yokine Regional Open Space / Yokine Reserve No 2,BayswaterPostels Won by 19 runs
3181921,25 Oct 2025,2025,3,Coolbinia WP v City Beach Greenrange,I Division One Day Grade,Yokine Regional Open Space / Yokine Reserve No 1,City Beach Greenrange Won by 9 wickets
3178152,18 Oct 2025,2025,2,Hawks Punjabi CC v Coolbinia WP,A Division One Day Grade,Canning Vale College,Hawks Punjabi CC Won by 34 runs
3178191,18 Oct 2025,2025,2,Southern Rossmoyne v Coolbinia WP,D Division One Day Grade,Emmanuel College (SUCCESS) / Emmanuel College,Southern Rossmoyne Won by 1 wicket
3181953,18 Oct 2025,2025,2,Coolbinia WP v Glen Forrest Cricket Club,H Division One Day Grade,Yokine Regional Open Space / Yokine Reserve No 1,Coolbinia WP Won by 153 runs
3181919,18 Oct 2025,2025,2,Coolbinia WP v Middle Swan Cricket Club,I Division One Day Grade,Yokine Regional Open Space / Yokine Reserve No 2,Coolbinia WP Won by 48 runs
3178110,11 Oct 2025,2025,1,Coolbinia WP v Yokine Pilbara,A Division One Day Grade,Yokine Regional Open Space / Yokine Reserve No 1,Coolbinia WP Won by 6 wickets
3178190,11 Oct 2025,2025,1,City Beach Greenrange v Coolbinia WP,D Division One Day Grade,City Beach Oval / City Beach Oval 1 - Lower,City Beach Greenrange Won by 122 runs
3181952,11 Oct 2025,2025,1,City Beach Greenrange v Coolbinia WP,H Division One Day Grade,City Beach Oval / City Beach Oval 2 - Upper,Coolbinia WP Won by 26 runs
3181918,11 Oct 2025,2025,1,BayswaterPostels v Coolbinia WP,I Division One Day Grade,Deschamp Reserve,Coolbinia WP Won by 6 wickets
3185168,8 Mar 2025,2024,18,Coolbinia WP v Scarborough Cricket Club,A Division One Day Grade,Yokine Regional Open Space / Yokine Reserve No 2,Scarborough Cricket Club Won by 4 wickets
3197974,8 Mar 2025,2024,18,Coolbinia WP v Lesmurdie-Mazenod Cricket Club,C Division One Day Grade,Wordsworth Reserve / Wordsworth Reserve 1 (East),Lesmurdie-Mazenod Cricket Club Won by 9 wickets
3181653,8 Mar 2025,2024,18,Lesmurdie-Mazenod Cricket Club v Coolbinia WP,I Division One Day Grade,Mazenod College Oval,Lesmurdie-Mazenod Cricket Club Won by 7 runs
3185167,1 Mar 2025,2024,17,Dianella Cricket Club v Coolbinia WP,A Division One Day Grade,Dianella Regional Open Space / Dianella ROS 1 (Wes,Dianella Cricket Club Won by 39 runs
3197975,1 Mar 2025,2024,17,Southern Rossmoyne v Coolbinia WP,C Division One Day Grade,Emmanuel College (SUCCESS) / Emmanuel College,Southern Rossmoyne Won by 8 wickets
3181652,1 Mar 2025,2024,17,Coolbinia WP v SKLP Cricket Club,I Division One Day Grade,Wordsworth Reserve / Wordsworth Reserve 1 (East),Coolbinia WP Won by forfeit
3099890,22 Feb 2025,2024,16,Coolbinia WP v Helena Valley Cricket Club,A Division One Day Grade,Yokine Regional Open Space / Yokine Reserve No 2,Helena Valley Cricket Club Won by 137 runs
3181651,22 Feb 2025,2024,16,Ferndale Lynwood CC v Coolbinia WP,I Division One Day Grade,Ferndale Reserve / Ferndale Park 3 - East,Coolbinia WP Won by 44 runs
3092543,15 Feb 2025,2024,15,Brabham Cricket Club v Coolbinia WP,A Division One Day Grade,Arbour Grove Primary School / Charlottes Vineyard,Coolbinia WP Won by 5 wickets
3197976,15 Feb 2025,2024,15,Mt Lawley Inglewood CC v Coolbinia WP,C Division One Day Grade,Hamer Park / Hamer Park - Oval #1,Mt Lawley Inglewood CC Won by 28 runs
3181650,15 Feb 2025,2024,15,Coolbinia WP v Forrestfield Cricket Club,I Division One Day Grade,Yokine Regional Open Space / Yokine Reserve No 2,Forrestfield Cricket Club Won by 1 wicket
3092285,8 Feb 2025,2024,14,Coolbinia WP v Caversham Cricket Club,A Division One Day Grade,Yokine Regional Open Space / Yokine Reserve No 2,Caversham Cricket Club Won by 8 wickets
3092381,8 Feb 2025,2024,14,SKLP Cricket Club v Coolbinia WP,C Division One Day Grade,Maguire Park,SKLP Cricket Club Won by 6 wickets
3092397,8 Feb 2025,2024,14,City Beach Greenrange v Coolbinia WP,H Division One Day Grade,City Beach Oval / City Beach Oval 2 - Upper,Coolbinia WP Won by 182 runs
3181649,8 Feb 2025,2024,14,Coolbinia WP v Yokine Pilbara,I Division One Day Grade,Wordsworth Reserve / Wordsworth Reserve 1 (East),Yokine Pilbara Won by 61 runs
3092284,1 Feb 2025,2024,13,Lesmurdie-Mazenod Cricket Club v Coolbinia WP,A Division One Day Grade,Mazenod College Oval,Coolbinia WP Won by 8 wickets
3092380,1 Feb 2025,2024,13,Helena Valley Cricket Club v Coolbinia WP,C Division One Day Grade,Helena Valley Recreation Garden,Helena Valley Cricket Club Won by 64 runs
3092396,1 Feb 2025,2024,13,Coolbinia WP v Western Wolves CC,H Division One Day Grade,Yokine Regional Open Space / Yokine Reserve No 2,Coolbinia WP Won by 100 runs
3181648,1 Feb 2025,2024,13,Ellenbrook Rangers v Coolbinia WP,I Division One Day Grade,Ellenbrook District Open Space / South Oval,Coolbinia WP Won by 117 runs
3092283,18 Jan 2025,2024,12,Midland Cricket Club v Coolbinia WP,A Division One Day Grade,Koongamia Oval,Coolbinia WP Won by 55 runs
3092379,18 Jan 2025,2024,12,Coolbinia WP v Bullsbrook CC C Division,C Division One Day Grade,Yokine Regional Open Space / Yokine Reserve No 2,Bullsbrook CC C Division Won by 6 wickets
3092395,18 Jan 2025,2024,12,Middle Swan Cricket Club v Coolbinia WP,H Division One Day Grade,Jack Mann Oval / Close Oval (nearest pavilion),Coolbinia WP Won by 96 runs
3181647,18 Jan 2025,2024,12,Coolbinia WP v Swan View Cricket Club,I Division One Day Grade,Wordsworth Reserve / Wordsworth Reserve 1 (East),Coolbinia WP Won by 7 wickets
3092282,11 Jan 2025,2024,11,Scarborough Cricket Club v Coolbinia WP,A Division One Day Grade,Bennett Park (DOUBLEVIEW) / Bennett Park,Coolbinia WP Won by 8 wickets
3092378,11 Jan 2025,2024,11,Coolbinia WP v Lesmurdie-Mazenod Cricket Club,C Division One Day Grade,Yokine Regional Open Space / Yokine Reserve No 2,Coolbinia WP Won by 51 runs
3092394,11 Jan 2025,2024,11,Glen Forrest Cricket Club v Coolbinia WP,H Division One Day Grade,Burkinshaw Park,Coolbinia WP Won by 2 wickets
3181646,11 Jan 2025,2024,11,Dianella Cricket Club v Coolbinia WP,I Division One Day Grade,Dianella Regional Open Space / Dianella ROS 2 (Eas,Coolbinia WP Won by 195 runs
3092281,14 Dec 2024,2024,10,Coolbinia WP v Dianella Cricket Club,A Division One Day Grade,Yokine Regional Open Space / Yokine Reserve No 1,Dianella Cricket Club Won by 3 wickets
3092377,14 Dec 2024,2024,10,Coolbinia WP v Southern Rossmoyne,C Division One Day Grade,Yokine Regional Open Space / Yokine Reserve No 2,Southern Rossmoyne Won by 32 runs
3092393,14 Dec 2024,2024,10,BayswaterPostels v Coolbinia WP,H Division One Day Grade,Deschamp Reserve,Coolbinia WP Won by 76 runs
3181644,14 Dec 2024,2024,10,Bullsbrook CC I Division v Coolbinia WP,I Division One Day Grade,Pickett Park,Coolbinia WP Won by forfeit
3092280,7 Dec 2024,2024,9,Helena Valley Cricket Club v Coolbinia WP,A Division One Day Grade,Helena Valley Recreation Garden,Coolbinia WP Won by 14 runs
3092382,7 Dec 2024,2024,9,Caversham Cricket Club v Coolbinia WP,C Division One Day Grade,Dayton District Open Space / Dayton District Open,Caversham Cricket Club Won by 5 wickets
3092392,7 Dec 2024,2024,9,Coolbinia WP v Ellenbrook Rangers,H Division One Day Grade,Yokine Regional Open Space / Yokine Reserve No 1,Coolbinia WP Won by 6 wickets
3181643,7 Dec 2024,2024,9,Coolbinia WP v Forrestfield Cricket Club,I Division One Day Grade,Yokine Regional Open Space / Yokine Reserve No 2,Coolbinia WP Won by 16 runs
3092278,30 Nov 2024,2024,8,Brabham Cricket Club v Coolbinia WP,A Division One Day Grade,Dayton District Open Space / Dayton District Open,Match Tied
3092376,30 Nov 2024,2024,8,Coolbinia WP v Mt Lawley Inglewood CC,C Division One Day Grade,Yokine Regional Open Space / Yokine Reserve No 1,Mt Lawley Inglewood CC Won by 3 wickets
3092391,30 Nov 2024,2024,8,Coolbinia WP v Glen Forrest Cricket Club,H Division One Day Grade,Yokine Regional Open Space / Yokine Reserve No 2,Coolbinia WP Won by 104 runs
3181642,30 Nov 2024,2024,8,Ellenbrook Rangers v Coolbinia WP,I Division One Day Grade,Ellenbrook District Open Space / South Oval,Ellenbrook Rangers Won by 159 runs
3092279,23 Nov 2024,2024,7,Caversham Cricket Club v Coolbinia WP,A Division One Day Grade,Dayton District Open Space / Dayton District Open,Caversham Cricket Club Won by 63 runs
3092375,23 Nov 2024,2024,7,Coolbinia WP v SKLP Cricket Club,C Division One Day Grade,Yokine Regional Open Space / Yokine Reserve No 1,SKLP Cricket Club Won by 7 wickets
3181641,23 Nov 2024,2024,7,Dianella Cricket Club v Coolbinia WP,I Division One Day Grade,Dianella Regional Open Space / Dianella ROS 2 (Eas,Coolbinia WP Won by 39 runs
3092277,16 Nov 2024,2024,6,Coolbinia WP v Lesmurdie-Mazenod Cricket Club,A Division One Day Grade,Yokine Regional Open Space / Yokine Reserve No 1,Coolbinia WP Won by 131 runs
3092374,16 Nov 2024,2024,6,Coolbinia WP v Helena Valley Cricket Club,C Division One Day Grade,Yokine Regional Open Space / Yokine Reserve No 2,Helena Valley Cricket Club Won by 7 wickets
3092390,16 Nov 2024,2024,6,Middle Swan Cricket Club v Coolbinia WP,H Division One Day Grade,Jack Mann Oval / Close Oval (nearest pavilion),Coolbinia WP Won by 113 runs
3181622,16 Nov 2024,2024,6,Ferndale Lynwood CC v Coolbinia WP,I Division One Day Grade,Ferndale Reserve / Ferndale Park 3 - East,Ferndale Lynwood CC Won by 61 runs
3092274,9 Nov 2024,2024,5,Coolbinia WP v Midland Cricket Club,A Division One Day Grade,Yokine Regional Open Space / Yokine Reserve No 1,Midland Cricket Club Won by 62 runs
3092353,9 Nov 2024,2024,5,Bullsbrook CC C Division v Coolbinia WP,C Division One Day Grade,Pickett Park,Bullsbrook CC C Division Won by 91 runs
3092389,9 Nov 2024,2024,5,Coolbinia WP v SKLP Cricket Club,H Division One Day Grade,Yokine Regional Open Space / Yokine Reserve No 2,SKLP Cricket Club Won by 63 runs
3178357,9 Nov 2024,2024,5,Lesmurdie-Mazenod Cricket Club v Coolbinia WP,I Division One Day Grade,Mazenod College Oval,Coolbinia WP Won by 6 wickets
3092273,2 Nov 2024,2024,4,Coolbinia WP v Scarborough Cricket Club,A Division One Day Grade,Yokine Regional Open Space / Yokine Reserve No 1,Coolbinia WP Won by 44 runs
3092352,2 Nov 2024,2024,4,Lesmurdie-Mazenod Cricket Club v Coolbinia WP,C Division One Day Grade,Ray Owen Reserve,Coolbinia WP Won by 6 wickets
3092388,2 Nov 2024,2024,4,City Beach Greenrange v Coolbinia WP,H Division One Day Grade,City Beach Oval / City Beach Oval 1 - Lower,City Beach Greenrange Won by 7 wickets
3178356,2 Nov 2024,2024,4,Bullsbrook CC I Division v Coolbinia WP,I Division One Day Grade,Pickett Park,Abandoned
3092268,26 Oct 2024,2024,3,Dianella Cricket Club v Coolbinia WP,A Division One Day Grade,Dianella Regional Open Space / Dianella ROS 1,Dianella Cricket Club Won by 36 runs
3092351,26 Oct 2024,2024,3,Coolbinia WP v Southern Rossmoyne,C Division One Day Grade,Yokine Regional Open Space / Yokine Reserve No 1,Southern Rossmoyne Won by 5 wickets
3092387,26 Oct 2024,2024,3,Western Wolves CC v Coolbinia WP,H Division One Day Grade,Ferrara Park / Ferrara park,Coolbinia WP Won by 108 runs
3178355,26 Oct 2024,2024,3,Coolbinia WP v SKLP Cricket Club,I Division One Day Grade,Yokine Regional Open Space / Yokine Reserve No 2,SKLP Cricket Club Won by 1 wicket
3092249,19 Oct 2024,2024,2,Coolbinia WP v Helena Valley Cricket Club,A Division One Day Grade,Yokine Regional Open Space / Yokine Reserve No 1,Helena Valley Cricket Club Won by 97 runs
3092350,19 Oct 2024,2024,2,Caversham Cricket Club v Coolbinia WP,C Division One Day Grade,Dayton District Open Space / Dayton District Open,Caversham Cricket Club Won by 99 runs
3092386,19 Oct 2024,2024,2,BayswaterPostels v Coolbinia WP,H Division One Day Grade,Hillcrest Park / Hillcrest Synthetic,Coolbinia WP Won by forfeit
3178354,19 Oct 2024,2024,2,Coolbinia WP v Swan View Cricket Club,I Division One Day Grade,Yokine Regional Open Space / Yokine Reserve No 2,Coolbinia WP Won by 33 runs
3092247,12 Oct 2024,2024,1,Coolbinia WP v Brabham Cricket Club,A Division One Day Grade,Yokine Regional Open Space / Yokine Reserve No 1,Brabham Cricket Club Won by 4 wickets
3092348,12 Oct 2024,2024,1,Mt Lawley Inglewood CC v Coolbinia WP,C Division One Day Grade,Hamer Park #2,Mt Lawley Inglewood CC Won by 7 wickets
3092385,12 Oct 2024,2024,1,Coolbinia WP v Mt Lawley Inglewood CC,H Division One Day Grade,Yokine Regional Open Space / Yokine Reserve No 2,Coolbinia WP Won by 7 wickets
3178353,12 Oct 2024,2024,1,Coolbinia WP v Yokine Pilbara,I Division One Day Grade,Wordsworth Reserve / Wordsworth Reserve 1 (East),Yokine Pilbara Won by 6 wickets
3053558,23 Mar 2024,2023,Grand Fina,Lesmurdie-Mazenod Cricket Club v Coolbinia WP,A Division One Day Grade,Hartfield Park (Oval 1),Lesmurdie-Mazenod Cricket Club Won by 84 runs
3050095,23 Mar 2024,2023,Grand Fina,Glen Forrest Cricket Club v Coolbinia WP,B Division One Day Grade,Burkinshaw Park,Coolbinia WP Won by 7 runs
3050560,23 Mar 2024,2023,Grand Fina,Ferndale Lynwood CC v Coolbinia WP,C Division One Day Grade,Ferndale Reserve / Ferndale Park 1 - North,Ferndale Lynwood CC Won by 1 runs
3051436,23 Mar 2024,2023,Grand Fina,Western Wolves CC v Coolbinia WP,I Division One Day Grade,Ferrara Park / Ferrara park,Coolbinia WP Won by 94 runs
3053557,16 Mar 2024,2023,Semi Final,Scarborough Cricket Club v Coolbinia WP,A Division One Day Grade,Bennett Park (DOUBLEVIEW) / Bennett Park,Coolbinia WP Won by 8 wickets
3050093,16 Mar 2024,2023,Semi Final,Coolbinia WP v Brabham Cricket Club,B Division One Day Grade,Yokine Regional Open Space / Yokine Reserve No 2,Coolbinia WP Won by 75 runs
3050559,16 Mar 2024,2023,Semi Final,Middle Swan Cricket Club v Coolbinia WP,C Division One Day Grade,Jack Mann Oval / Close Oval (nearest pavilion),Coolbinia WP Won by 151 runs
3051435,16 Mar 2024,2023,Semi Final,Coolbinia WP v Glen Forrest Cricket Club,I Division One Day Grade,Yokine Regional Open Space / Yokine Reserve No 1,Coolbinia WP Won by 128 runs
3053556,9 Mar 2024,2023,21,Mundaring Cricket Club v Coolbinia WP,A Division One Day Grade,Mundaring Recreation Ground,Mundaring Cricket Club Won by 10 wickets
3050558,9 Mar 2024,2023,18,Coolbinia WP v Scarborough Cricket Club,C Division One Day Grade,Yokine Regional Open Space / Yokine Reserve No 1,Scarborough Cricket Club Won by 5 wickets
3051276,9 Mar 2024,2023,18,Coolbinia WP v Maylands,H Division One Day Grade,Yokine Regional Open Space / Yokine East - North,Maylands Won by 11 runs
3051434,9 Mar 2024,2023,18,Coolbinia WP v Western Wolves CC,I Division One Day Grade,Yokine Regional Open Space / Yokine East - South,Western Wolves CC Won by 5 wickets
3050092,9 Mar 2024,2023,21,Coolbinia WP v Mt Lawley Inglewood CC,B Division One Day Grade,Yokine Reserve (Coolbinia Oval No. 2),Coolbinia WP Won by 9 wickets
3053554,2 Mar 2024,2023,20,Dianella Cricket Club v Coolbinia WP,A Division One Day Grade,Dianella Regional Open Space / Dianella ROS 1,Dianella Cricket Club Won by 3 runs
3050091,2 Mar 2024,2023,20,Coolbinia WP v Glen Forrest Cricket Club,B Division One Day Grade,Yokine Regional Open Space / Yokine Reserve No 2,Coolbinia WP Won by 4 wickets
3050557,2 Mar 2024,2023,17,University v Coolbinia WP,C Division One Day Grade,Menzies Park,Coolbinia WP Won by 8 runs
3051275,2 Mar 2024,2023,17,Middle Swan Cricket Club v Coolbinia WP,H Division One Day Grade,Jack Mann Oval / Close Oval (nearest pavilion),Coolbinia WP Won by 1 runs
3051433,2 Mar 2024,2023,17,Coolbinia WP v SKLP Cricket Club,I Division One Day Grade,Yokine Regional Open Space / Yokine Reserve No 1,Coolbinia WP Won by 150 runs
3053553,24 Feb 2024,2023,19,Coolbinia WP v Helena Valley Cricket Club,A Division One Day Grade,Yokine Regional Open Space / Yokine Reserve No 2,Coolbinia WP Won by 6 wickets
3050090,24 Feb 2024,2023,19,Forrestfield Cricket Club v Coolbinia WP,B Division One Day Grade,Hartfield Park / Oval 2,Forrestfield Cricket Club Won by 4 wickets
3050556,24 Feb 2024,2023,16,Middle Swan Cricket Club v Coolbinia WP,C Division One Day Grade,Jack Mann Oval / Close Oval (nearest pavilion),Middle Swan Cricket Club Won by 2 runs
3051274,24 Feb 2024,2023,16,Coolbinia WP v Mt Lawley Inglewood CC,H Division One Day Grade,Yokine Regional Open Space / Yokine Reserve No 1,Mt Lawley Inglewood CC Won by 5 wickets
3051432,24 Feb 2024,2023,16,Coolbinia WP v Swan View Cricket Club,I Division One Day Grade,Wordsworth Reserve # 1,Coolbinia WP Won by 64 runs
3053552,17 Feb 2024,2023,18,Midland Cricket Club v Coolbinia WP,A Division One Day Grade,Koongamia Oval,Coolbinia WP Won by 224 runs
3050089,17 Feb 2024,2023,18,Coolbinia WP v Midland Cricket Club,B Division One Day Grade,Yokine Regional Open Space / Yokine Reserve No 2,Midland Cricket Club Won by 4 wickets
3050555,17 Feb 2024,2023,15,Coolbinia WP v Hawks Punjabi CC,C Division One Day Grade,Yokine Regional Open Space / Yokine Reserve No 1,Hawks Punjabi CC Won by 35 runs
3051273,17 Feb 2024,2023,15,Ferndale Lynwood CC v Coolbinia WP,H Division One Day Grade,Ferndale Reserve (Ferndale Park 2),Coolbinia WP Won by 3 wickets
3051431,17 Feb 2024,2023,15,Coolbinia WP v Ellenbrook Rangers,I Division One Day Grade,Wordsworth Reserve # 1,Coolbinia WP Won by 8 wickets
3053551,10 Feb 2024,2023,17,Coolbinia WP v Scarborough Cricket Club,A Division One Day Grade,Yokine Regional Open Space / Yokine Reserve No 2,Scarborough Cricket Club Won by 6 wickets
3050088,10 Feb 2024,2023,17,Coolbinia WP v Carlisle Cricket Club,B Division One Day Grade,Yokine Regional Open Space / Yokine Reserve No 1,Coolbinia WP Won by 131 runs
3050554,10 Feb 2024,2023,14,Caversham Cricket Club v Coolbinia WP,C Division One Day Grade,Bennett Springs Sportsfield Oval,Caversham Cricket Club Won by 5 wickets
3051272,10 Feb 2024,2023,14,Coolbinia WP v Carlisle Cricket Club,H Division One Day Grade,Wordsworth Reserve # 1,Coolbinia WP Won by 1 wickets
3051430,10 Feb 2024,2023,14,Yokine Pilbara v Coolbinia WP,I Division One Day Grade,Yokine Regional Open Space / Yokine East - North,Coolbinia WP Won by forfeit
3053550,3 Feb 2024,2023,16,Lesmurdie-Mazenod Cricket Club v Coolbinia WP,A Division One Day Grade,Mazenod College Oval,Lesmurdie-Mazenod Cricket Club Won by 37 runs
3050087,3 Feb 2024,2023,16,Yokine Pilbara v Coolbinia WP,B Division One Day Grade,Yokine Regional Open Space / Yokine East - South,Coolbinia WP Won by 6 wickets
3050553,3 Feb 2024,2023,13,Coolbinia WP v Ferndale Lynwood CC,C Division One Day Grade,Yokine Regional Open Space / Yokine Reserve No 2,Ferndale Lynwood CC Won by 1 run
3051271,3 Feb 2024,2023,13,Coolbinia WP v Forrestfield Cricket Club,H Division One Day Grade,Yokine Regional Open Space / Yokine Reserve No 1,Coolbinia WP Won by 59 runs
3051429,3 Feb 2024,2023,13,Goats Senior Mixed I Grade v Coolbinia WP,I Division One Day Grade,City Beach Oval / City Beach Oval 2 - Upper,Coolbinia WP Won by 9 wickets
3053528,27 Jan 2024,2023,15,Coolbinia WP v Caversham Cricket Club,A Division One Day Grade,Yokine Regional Open Space / Yokine Reserve No 2,Coolbinia WP Won by 4 wickets
3050084,27 Jan 2024,2023,15,Brabham Cricket Club v Coolbinia WP,B Division One Day Grade,Brabham Primary School,Coolbinia WP Won by 6 runs
3053527,20 Jan 2024,2023,14,Coolbinia WP v Mundaring Cricket Club,A Division One Day Grade,Yokine Regional Open Space / Yokine Reserve No 2,Mundaring Cricket Club Won by 34 runs
3050552,20 Jan 2024,2023,12,University v Coolbinia WP,C Division One Day Grade,City Beach Oval / City Beach Oval 2 - Upper,Coolbinia WP Won by 49 runs
3051203,20 Jan 2024,2023,12,Carlisle Cricket Club v Coolbinia WP,H Division One Day Grade,Carlisle Reserve,Carlisle Cricket Club Won by 3 wickets
3051428,20 Jan 2024,2023,12,Dianella Cricket Club v Coolbinia WP,I Division One Day Grade,Dianella Regional Open Space (Dianella ROS 1,Coolbinia WP Won by 37 runs
3050078,20 Jan 2024,2023,14,Coolbinia WP v Mt Lawley Inglewood CC,B Division One Day Grade,Yokine Reserve (Coolbinia Oval No. 1),Mt Lawley Inglewood CC Won by 19 runs
3053526,13 Jan 2024,2023,13,Dianella Cricket Club v Coolbinia WP,A Division One Day Grade,Dianella Regional Open Space / Dianella ROS 1,Coolbinia WP Won by 7 wickets
3050073,13 Jan 2024,2023,13,Coolbinia WP v Glen Forrest Cricket Club,B Division One Day Grade,Yokine Regional Open Space / Yokine Reserve No 2,Coolbinia WP Won by 31 runs
3050518,13 Jan 2024,2023,11,Coolbinia WP v Greenrange,C Division One Day Grade,Yokine Regional Open Space / Yokine Reserve No 1,Coolbinia WP Won
3051202,13 Jan 2024,2023,11,Coolbinia WP v Maylands,H Division One Day Grade,Yokine Regional Open Space / Yokine East - North,Maylands Won
3051427,13 Jan 2024,2023,11,Glen Forrest Cricket Club v Coolbinia WP,I Division One Day Grade,Parkerville Recreation Ground,Coolbinia WP Won by 4 wickets
3053525,16 Dec 2023,2023,12,Coolbinia WP v Helena Valley Cricket Club,A Division One Day Grade,Yokine Regional Open Space / Yokine Reserve No 2,Coolbinia WP Won by 56 runs
3050052,16 Dec 2023,2023,12,Forrestfield Cricket Club v Coolbinia WP,B Division One Day Grade,Hartfield Park / Oval 2,Coolbinia WP Won by 5 wickets
3050516,16 Dec 2023,2023,10,Coolbinia WP v Middle Swan Cricket Club,C Division One Day Grade,Yokine Regional Open Space / Yokine Reserve No 1,Middle Swan Cricket Club Won by 7 wickets
3051201,16 Dec 2023,2023,10,Middle Swan Cricket Club v Coolbinia WP,H Division One Day Grade,Jack Mann Oval / Close Oval (nearest pavilion),Coolbinia WP Won by 7 runs
3051426,16 Dec 2023,2023,10,BayswaterPostels v Coolbinia WP,I Division One Day Grade,Deschamp Reserve,Coolbinia WP Won by 18 runs
3053524,9 Dec 2023,2023,11,Midland Cricket Club v Coolbinia WP,A Division One Day Grade,Koongamia Oval,Coolbinia WP Won by 61 runs
3050048,9 Dec 2023,2023,11,Coolbinia WP v Midland Cricket Club,B Division One Day Grade,Yokine Regional Open Space / Yokine Reserve No 2,Coolbinia WP Won by 95 runs
3050515,9 Dec 2023,2023,9,Scarborough Cricket Club v Coolbinia WP,C Division One Day Grade,Bennett Park (DOUBLEVIEW) / Bennett Park,Coolbinia WP Won by 34 runs
3051200,9 Dec 2023,2023,9,Coolbinia WP v SKLP Cricket Club,H Division One Day Grade,Yokine Regional Open Space / Yokine Reserve No 1,Coolbinia WP Won by 9 wickets
3051425,9 Dec 2023,2023,9,Coolbinia WP v Ellenbrook Rangers,I Division One Day Grade,Yokine Regional Open Space / Yokine East - North,Coolbinia WP Won by 9 wickets
3053523,3 Dec 2023,2023,10,Scarborough Cricket Club v Coolbinia WP,A Division One Day Grade,Bennett Park (DOUBLEVIEW) / Bennett Park,Scarborough Cricket Club Won by 7 wickets
3050045,3 Dec 2023,2023,10,Coolbinia WP v Carlisle Cricket Club,B Division One Day Grade,Yokine Regional Open Space / Yokine Reserve No 2,Coolbinia WP Won by 8 wickets
3053506,2 Dec 2023,2023,9,Lesmurdie-Mazenod Cricket Club v Coolbinia WP,A Division One Day Grade,Mazenod College Oval,Coolbinia WP Won by 62 runs
3050044,2 Dec 2023,2023,9,Yokine Pilbara v Coolbinia WP,B Division One Day Grade,Yokine Regional Open Space / Yokine East - South,Coolbinia WP Won by 2 wickets
3050514,2 Dec 2023,2023,8,Hawks Punjabi CC v Coolbinia WP,C Division One Day Grade,Canning Vale College,Coolbinia WP Won by 40 runs
3051199,2 Dec 2023,2023,8,Coolbinia WP v Mt Lawley Inglewood CC,H Division One Day Grade,Yokine Regional Open Space / Yokine Reserve No 2,Coolbinia WP Won by 4 wickets
3051424,2 Dec 2023,2023,8,Coolbinia WP v Western Wolves CC,I Division One Day Grade,Yokine Regional Open Space / Yokine Reserve No 1,Western Wolves CC Won by 16 runs
3053503,25 Nov 2023,2023,8,Coolbinia WP v Caversham Cricket Club,A Division One Day Grade,Yokine Regional Open Space / Yokine Reserve No 2,Coolbinia WP Won by 3 wickets
3050039,25 Nov 2023,2023,8,Coolbinia WP v Brabham Cricket Club,B Division One Day Grade,Yokine Regional Open Space / Yokine Reserve No 1,Brabham Cricket Club Won by 8 wickets
3050513,25 Nov 2023,2023,7,Caversham Cricket Club v Coolbinia WP,C Division One Day Grade,Bennett Springs Sportsfield Oval,Coolbinia WP Won by 13 runs
3051198,25 Nov 2023,2023,7,Maylands v Coolbinia WP,H Division One Day Grade,DeLacey Reserve,Maylands Won by 4 wickets
3051423,25 Nov 2023,2023,7,Swan View Cricket Club v Coolbinia WP,I Division One Day Grade,Koongamia Oval,Swan View Cricket Club Won by forfeit
3053495,18 Nov 2023,2023,7,Mundaring Cricket Club v Coolbinia WP,A Division One Day Grade,Mundaring Recreation Ground,Coolbinia WP Won by 89 runs
3050512,18 Nov 2023,2023,6,Coolbinia WP v Ferndale Lynwood CC,C Division One Day Grade,Yokine Regional Open Space / Yokine Reserve No 2,Coolbinia WP Won by 3 wickets
3051197,18 Nov 2023,2023,6,Carlisle Cricket Club v Coolbinia WP,H Division One Day Grade,Higgins Park,Carlisle Cricket Club Won by 41 runs
3051422,18 Nov 2023,2023,6,Coolbinia WP v SKLP Cricket Club,I Division One Day Grade,Yokine Regional Open Space / Yokine Reserve No 1,SKLP Cricket Club Won by 1 wickets
3050224,18 Nov 2023,2023,7,Mt Lawley Inglewood CC v Coolbinia WP,B Division One Day Grade,Hamer Park / Hamer Park - Oval #1,Mt Lawley Inglewood CC Won by 27 runs
3053494,11 Nov 2023,2023,6,Coolbinia WP v Dianella Cricket Club,A Division One Day Grade,Yokine Regional Open Space / Yokine Reserve No 2,Dianella Cricket Club Won by 3 wickets
3050036,11 Nov 2023,2023,6,Glen Forrest Cricket Club v Coolbinia WP,B Division One Day Grade,Burkinshaw Park,Glen Forrest Cricket Club Won by 7 wickets
3050508,11 Nov 2023,2023,5,University v Coolbinia WP,C Division One Day Grade,City Beach Oval / City Beach Oval 2 - Upper,Coolbinia WP Won by 2 wickets
3050677,11 Nov 2023,2023,5,Coolbinia WP v Yokine Pilbara,I Division One Day Grade,Yokine Regional Open Space / Yokine Reserve No 1,Coolbinia WP Won by 4 wickets
3053493,4 Nov 2023,2023,5,Helena Valley Cricket Club v Coolbinia WP,A Division One Day Grade,Helena Valley Recreation Garden,Coolbinia WP Won by 7 wickets
3050035,4 Nov 2023,2023,5,Coolbinia WP v Forrestfield Cricket Club,B Division One Day Grade,Yokine Regional Open Space / Yokine Reserve No 2,Coolbinia WP Won by 3 runs
3050498,4 Nov 2023,2023,4,Coolbinia WP v Greenrange,C Division One Day Grade,Yokine Regional Open Space / Yokine Reserve No 1,Coolbinia WP Won by 5 wickets
3051160,4 Nov 2023,2023,4,Ferndale Lynwood CC v Coolbinia WP,H Division One Day Grade,Ferndale Reserve / Ferndale Park 3 - East,Coolbinia WP Won by 99 runs
3050676,4 Nov 2023,2023,4,Goats Senior Mixed I Grade v Coolbinia WP,I Division One Day Grade,City Beach Oval / City Beach Oval 1 - Lower,Coolbinia WP Won by 52 runs
3053492,28 Oct 2023,2023,4,Coolbinia WP v Midland Cricket Club,A Division One Day Grade,Yokine Regional Open Space / Yokine Reserve No 2,Coolbinia WP Won by 4 wickets
3050034,28 Oct 2023,2023,4,Midland Cricket Club v Coolbinia WP,B Division One Day Grade,Koongamia Oval,Coolbinia WP Won by 2 runs
3050477,28 Oct 2023,2023,3,Coolbinia WP v Middle Swan Cricket Club,C Division One Day Grade,Yokine Regional Open Space / Yokine Reserve No 1,Coolbinia WP Won by 21 runs
3051158,28 Oct 2023,2023,3,SKLP Cricket Club v Coolbinia WP,H Division One Day Grade,Maguire Park,SKLP Cricket Club Won by 42 runs
3050675,28 Oct 2023,2023,3,Coolbinia WP v BayswaterPostels,I Division One Day Grade,Yokine Regional Open Space / Yokine East - North,Coolbinia WP Won by 85 runs
3051441,21 Oct 2023,2023,3,Coolbinia WP v Scarborough Cricket Club,A Division One Day Grade,Yokine Regional Open Space / Yokine Reserve No 2,Scarborough Cricket Club Won by 105 runs
3050029,21 Oct 2023,2023,3,Coolbinia WP v Carlisle Cricket Club,B Division One Day Grade,Yokine Regional Open Space / Yokine Reserve No 1,Carlisle Cricket Club Won by 4 wickets
3050476,21 Oct 2023,2023,2,Scarborough Cricket Club v Coolbinia WP,C Division One Day Grade,Bennett Park (DOUBLEVIEW) / Bennett Park,Coolbinia WP Won by 3 wickets
3051133,21 Oct 2023,2023,2,Mt Lawley Inglewood CC v Coolbinia WP,H Division One Day Grade,Hamer Park #2,Coolbinia WP Won by 4 wickets
3050674,21 Oct 2023,2023,2,Coolbinia WP v Dianella Cricket Club,I Division One Day Grade,Yokine Regional Open Space / Yokine East - North,Coolbinia WP Won by 8 wickets
3051440,14 Oct 2023,2023,2,Coolbinia WP v Lesmurdie-Mazenod Cricket Club,A Division One Day Grade,Yokine Regional Open Space / Yokine Reserve No 2,Coolbinia WP Won by 1 wickets
3050016,14 Oct 2023,2023,2,Yokine Pilbara v Coolbinia WP,B Division One Day Grade,Yokine Regional Open Space / Yokine East - South,Coolbinia WP Won by 33 runs
3050475,14 Oct 2023,2023,1,Coolbinia WP v Hawks Punjabi CC,C Division One Day Grade,Yokine Regional Open Space / Yokine Reserve No 1,Hawks Punjabi CC Won by 73 runs
3051132,14 Oct 2023,2023,1,Coolbinia WP v Middle Swan Cricket Club,H Division One Day Grade,Yokine Regional Open Space / Yokine East - North,Coolbinia WP Won by 23 runs
3050673,14 Oct 2023,2023,1,Glen Forrest Cricket Club v Coolbinia WP,I Division One Day Grade,Parkerville Recreation Ground,Glen Forrest Cricket Club Won by 20 runs
3051437,7 Oct 2023,2023,1,Caversham Cricket Club v Coolbinia WP,A Division One Day Grade,Bennett Springs Sportsfield Oval,Caversham Cricket Club Won by 6 wickets
3050010,7 Oct 2023,2023,1,Coolbinia WP v Brabham Cricket Club,B Division One Day Grade,Yokine Regional Open Space / Yokine Reserve No 2,Match Tied
635765,25 Mar 2023,2022,GF,Coolbinia WP v Caversham Cricket Club,A Division One Day Grade,Yokine Reserve (Coolbinia Oval No. 2),Coolbinia WP Won on 1st Innings by 61 runs
637907,25 Mar 2023,2022,GF,Lesmurdie-Mazenod Cricket Club v Coolbinia WP,B Division One Day Grade,Mazenod College Oval,Lesmurdie-Mazenod Cricket Club Won on 1st Innings by 31 runs
622834,18 Mar 2023,2022,SF,Coolbinia WP v Helena Valley Cricket Club,A Division One Day Grade,Yokine Reserve (Coolbinia Oval No. 2),Coolbinia WP Won by 68 runs
637906,18 Mar 2023,2022,SF,Dianella Cricket Club v Coolbinia WP,B Division One Day Grade,Dianella Regional Open Space (Dianella ROS 1),Coolbinia WP Won on 1st Innings by 64 runs
637997,18 Mar 2023,2022,SF,Coolbinia WP v SKLP Cricket Club,D Division One Day Grade,Yokine Reserve (Coolbinia Oval No. 1),Coolbinia WP Won on 1st Innings by 112 runs
638109,18 Mar 2023,2022,SF,Scarborough Cricket Club v Coolbinia WP,G Division One Day Grade,Bennett Park,Scarborough Cricket Club Won on 1st Innings by 6 wickets
622833,11 Mar 2023,2022,21,Coolbinia WP v Forrestfield Cricket Club,A Division One Day Grade,Yokine Reserve (Coolbinia Oval No. 2),Coolbinia WP Won by 40 runs
637905,11 Mar 2023,2022,21,Lesmurdie-Mazenod Cricket Club v Coolbinia WP,B Division One Day Grade,Mazenod College Oval,Coolbinia WP Won on 1st Innings by 25 runs
638107,11 Mar 2023,2022,18,City Beach v Coolbinia WP,G Division One Day Grade,City Beach Oval (Upper Oval),Coolbinia WP Won on 1st Innings by 26 runs
622832,4 Mar 2023,2022,20,Coolbinia WP v Mundaring Cricket Club,A Division One Day Grade,Yokine Reserve (Coolbinia Oval No. 2),Coolbinia WP Won on 1st Innings by 4 wickets
637904,4 Mar 2023,2022,20,Midland Cricket Club v Coolbinia WP,B Division One Day Grade,Swan View Park,Midland Cricket Club Won on 1st Innings by 53 runs
637990,4 Mar 2023,2022,20,Darlington CCC D Division v Coolbinia WP,D Division One Day Grade,Ron Jose Oval (Ron Jose Oval),Coolbinia WP Won on 1st Innings by 1 wickets
638106,4 Mar 2023,2022,17,Coolbinia WP v Carlisle Cricket Club,G Division One Day Grade,Yokine Reserve (Coolbinia Oval No. 1),Coolbinia WP Won on 1st Innings by 39 runs
622831,25 Feb 2023,2022,19,Glen Forrest Cricket Club v Coolbinia WP,A Division One Day Grade,Burkinshaw Park,Coolbinia WP Won on 1st Innings by 4 wickets
637898,25 Feb 2023,2022,19,Coolbinia WP v Brabham Cricket Club,B Division One Day Grade,Yokine Reserve (Coolbinia Oval No. 2),Coolbinia WP Won on 1st Innings by 6 wickets
637988,25 Feb 2023,2022,19,Coolbinia WP v Glen Forrest Cricket Club,D Division One Day Grade,Yokine Reserve (Coolbinia Oval No. 1),Coolbinia WP Won on 1st Innings by 30 runs
638105,25 Feb 2023,2022,16,Yokine Pilbara v Coolbinia WP,G Division One Day Grade,Yokine Reserve (Yokine East - North Oval),Coolbinia WP Won on 1st Innings by 6 wickets
622830,18 Feb 2023,2022,18,Helena Valley Cricket Club v Coolbinia WP,A Division One Day Grade,Boya Oval (),Coolbinia WP Won by 75 runs
637895,18 Feb 2023,2022,18,Coolbinia WP v Mt Lawley Inglewood CC,B Division One Day Grade,Yokine Reserve (Coolbinia Oval No. 2),Coolbinia WP Won on 1st Innings by 39 runs
637983,18 Feb 2023,2022,18,Coolbinia WP v Helena Valley Cricket Club,D Division One Day Grade,Yokine Reserve (Coolbinia Oval No. 1),Coolbinia WP Won on 1st Innings by 2 wickets
638102,18 Feb 2023,2022,15,BayswaterPostels v Coolbinia WP,G Division One Day Grade,Deschamp Reserve,Coolbinia WP Won on 1st Innings by 4 wickets
622829,11 Feb 2023,2022,17,Coolbinia WP v Caversham Cricket Club,A Division One Day Grade,Yokine Reserve (Coolbinia Oval No. 2),Caversham Cricket Club Won on 1st Innings by 91 runs
637893,11 Feb 2023,2022,17,Caversham Cricket Club v Coolbinia WP,B Division One Day Grade,Bennett Springs Sportsfield Oval (),Caversham Cricket Club Won on 1st Innings by 9 wickets
637979,11 Feb 2023,2022,17,Coolbinia WP v Maylands,D Division One Day Grade,Yokine Reserve (Coolbinia Oval No. 1),Coolbinia WP Won on 1st Innings by 71 runs
638101,11 Feb 2023,2022,14,Ellenbrook Rangers v Coolbinia WP,G Division One Day Grade,Ellenbrook District Open Space (North Oval),Coolbinia WP Won on 1st Innings by 4 wickets
622828,4 Feb 2023,2022,16,Coolbinia WP v Scarborough Cricket Club,A Division One Day Grade,Yokine Reserve (Coolbinia Oval No. 2),Coolbinia WP Won on 1st Innings by 69 runs
637889,4 Feb 2023,2022,16,University v Coolbinia WP,B Division One Day Grade,City Beach Oval (Upper Oval),Coolbinia WP Won on 1st Innings by 2 wickets
637976,4 Feb 2023,2022,16,S.Rossmoyne v Coolbinia WP,D Division One Day Grade,Emmanuel College,Coolbinia WP Won on 1st Innings by 8 wickets
638100,4 Feb 2023,2022,13,Coolbinia WP v Dianella Cricket Club,G Division One Day Grade,Yokine Reserve (Coolbinia Oval No. 1),Dianella Cricket Club Won on 1st Innings by 6 wickets
622827,28 Jan 2023,2022,15,Dianella Cricket Club v Coolbinia WP,A Division One Day Grade,Dianella Regional Open Space (Dianella ROS 1),Dianella Cricket Club Won by 3 wickets
637885,28 Jan 2023,2022,15,Coolbinia WP v Dianella Cricket Club,B Division One Day Grade,Yokine Reserve (Coolbinia Oval No. 2),Dianella Cricket Club Won on 1st Innings by 73 runs
637974,28 Jan 2023,2022,15,Ferndale Lynwood CC v Coolbinia WP,D Division One Day Grade,Ferndale Reserve (Ferndale Park 2),Coolbinia WP Won on 1st Innings by 4 wickets
638098,28 Jan 2023,2022,12,Coolbinia WP v Scarborough Cricket Club,G Division One Day Grade,Yokine Reserve (Coolbinia Oval No. 1),Scarborough Cricket Club Won on 1st Innings by 9 wickets
622825,21 Jan 2023,2022,14,Forrestfield Cricket Club v Coolbinia WP,A Division One Day Grade,Hartfield Park (Oval 1),Coolbinia WP Won on 1st Innings by 20 runs
637883,21 Jan 2023,2022,14,Coolbinia WP v Lesmurdie-Mazenod Cricket Club,B Division One Day Grade,Yokine Reserve (Coolbinia Oval No. 2),Coolbinia WP Won on 1st Innings by 4 wickets
637969,21 Jan 2023,2022,14,SKLP Cricket Club v Coolbinia WP,D Division One Day Grade,Maguire Park (Maguire Oval 2),SKLP Cricket Club Won on 1st Innings by 7 wickets
638097,21 Jan 2023,2022,11,Coolbinia WP v City Beach,G Division One Day Grade,Yokine Reserve (Coolbinia Oval No. 1),Coolbinia WP Won on 1st Innings by 9 wickets
622824,14 Jan 2023,2022,13,Mundaring Cricket Club v Coolbinia WP,A Division One Day Grade,Mundaring Oval (),Coolbinia WP Won on 1st Innings by 11 runs
637880,14 Jan 2023,2022,13,Coolbinia WP v Midland Cricket Club,B Division One Day Grade,Yokine Reserve (Coolbinia Oval No. 2),Midland Cricket Club Won on 1st Innings by 19 runs
637962,14 Jan 2023,2022,13,Coolbinia WP v Darlington CCC D Division,D Division One Day Grade,Yokine Reserve (Coolbinia Oval No. 1),Coolbinia WP Won on 1st Innings by 5 wickets
638095,14 Jan 2023,2022,10,Carlisle Cricket Club v Coolbinia WP,G Division One Day Grade,Higgins Park,Carlisle Cricket Club Won on 1st Innings by 4 wickets
622823,17 Dec 2022,2022,12,Coolbinia WP v Glen Forrest Cricket Club,A Division One Day Grade,Yokine Reserve (Coolbinia Oval No. 2),Coolbinia WP Won on 1st Innings by 147 runs
637878,17 Dec 2022,2022,12,Brabham Cricket Club v Coolbinia WP,B Division One Day Grade,Brabham Oval (Brabham Primary School),Coolbinia WP Won on 1st Innings by 5 wickets
637960,17 Dec 2022,2022,12,Glen Forrest Cricket Club v Coolbinia WP,D Division One Day Grade,Burkinshaw Park,Glen Forrest Cricket Club Won on 1st Innings by 8 wickets
622822,10 Dec 2022,2022,11,Coolbinia WP v Helena Valley Cricket Club,A Division One Day Grade,Yokine Reserve (Coolbinia Oval No. 2),Coolbinia WP Won by 99 runs
637876,10 Dec 2022,2022,11,Mt Lawley Inglewood CC v Coolbinia WP,B Division One Day Grade,Hamer Park (Oval 2),Coolbinia WP Won on 1st Innings by 6 wickets
637951,10 Dec 2022,2022,11,Helena Valley Cricket Club v Coolbinia WP,D Division One Day Grade,Boya Oval (),Helena Valley Cricket Club Won on 1st Innings by 30 runs
638094,10 Dec 2022,2022,9,Coolbinia WP v Yokine Pilbara,G Division One Day Grade,Yokine Reserve (Coolbinia Oval No. 1),Yokine Pilbara Won on 1st Innings by 39 runs
622821,4 Dec 2022,2022,10,Coolbinia WP v Caversham Cricket Club,A Division One Day Grade,Yokine Reserve (Coolbinia Oval No. 2),Caversham Cricket Club Won on 1st Innings by 5 wickets
637955,4 Dec 2022,2022,10,Maylands v Coolbinia WP,D Division One Day Grade,DeLacey Reserve,Maylands Won on 1st Innings by 4 wickets
622820,3 Dec 2022,2022,9,Scarborough Cricket Club v Coolbinia WP,A Division One Day Grade,Bennett Park,Coolbinia WP Won on 1st Innings by 87 runs
637875,3 Dec 2022,2022,9,Coolbinia WP v University,B Division One Day Grade,Yokine Reserve (Coolbinia Oval No. 2),University Won on 1st Innings by 10 wickets
637948,3 Dec 2022,2022,9,Coolbinia WP v S.Rossmoyne,D Division One Day Grade,Yokine Reserve (Coolbinia Oval No. 1),Coolbinia WP Won on 1st Innings by 110 runs
638092,3 Dec 2022,2022,8,BayswaterPostels v Coolbinia WP,G Division One Day Grade,Deschamp Reserve,Coolbinia WP Won on 1st Innings by 3 wickets
622817,26 Nov 2022,2022,8,Coolbinia WP v Dianella Cricket Club,A Division One Day Grade,Yokine Reserve (Coolbinia Oval No. 2),Dianella Cricket Club Won by 1 wickets
637874,26 Nov 2022,2022,8,Dianella Cricket Club v Coolbinia WP,B Division One Day Grade,Dianella Regional Open Space (Dianella ROS 1),Dianella Cricket Club Won on 1st Innings by 5 wickets
637945,26 Nov 2022,2022,8,Coolbinia WP v Ferndale Lynwood CC,D Division One Day Grade,Yokine Reserve (Coolbinia Oval No. 1),Coolbinia WP Won on 1st Innings by 3 wickets
638083,26 Nov 2022,2022,7,Ellenbrook Rangers v Coolbinia WP,G Division One Day Grade,Ellenbrook District Open Space (North Oval),Coolbinia WP Won on 1st Innings by 6 wickets
622816,19 Nov 2022,2022,7,Forrestfield Cricket Club v Coolbinia WP,A Division One Day Grade,Hartfield Park (Oval 1),Coolbinia WP Won on 1st Innings by 10 wickets
637873,19 Nov 2022,2022,7,Lesmurdie-Mazenod Cricket Club v Coolbinia WP,B Division One Day Grade,Mazenod College Oval,Lesmurdie-Mazenod Cricket Club Won on 1st Innings by 6 wickets
637941,19 Nov 2022,2022,7,Coolbinia WP v SKLP Cricket Club,D Division One Day Grade,Yokine Reserve (Coolbinia Oval No. 2),Coolbinia WP Won on 1st Innings by 120 runs
638080,19 Nov 2022,2022,6,Coolbinia WP v Dianella Cricket Club,G Division One Day Grade,Yokine Reserve (Coolbinia Oval No. 1),Dianella Cricket Club Won on 1st Innings by 55 runs
622815,12 Nov 2022,2022,6,Mundaring Cricket Club v Coolbinia WP,A Division One Day Grade,Mundaring Oval (),Coolbinia WP Won on 1st Innings by 40 runs
637872,12 Nov 2022,2022,6,Coolbinia WP v Midland Cricket Club,B Division One Day Grade,Yokine Reserve (Coolbinia Oval No. 2),Midland Cricket Club Won on 1st Innings by 2 wickets
637939,12 Nov 2022,2022,6,Darlington CCC D Division v Coolbinia WP,D Division One Day Grade,Ron Jose Oval (Ron Jose Oval),Darlington CCC D Division Won on 1st Innings by 11 runs
638076,12 Nov 2022,2022,5,Coolbinia WP v Scarborough Cricket Club,G Division One Day Grade,Yokine Reserve (Coolbinia Oval No. 1),Scarborough Cricket Club Won by 6 wickets
622814,5 Nov 2022,2022,5,Glen Forrest Cricket Club v Coolbinia WP,A Division One Day Grade,Burkinshaw Park,Coolbinia WP Won by 177 runs
637871,5 Nov 2022,2022,5,Coolbinia WP v Brabham Cricket Club,B Division One Day Grade,Yokine Reserve (Coolbinia Oval No. 2),Coolbinia WP Won on 1st Innings by 38 runs
637938,5 Nov 2022,2022,5,Coolbinia WP v Glen Forrest Cricket Club,D Division One Day Grade,Yokine Reserve (Coolbinia Oval No. 1),Coolbinia WP Won on 1st Innings by 7 wickets
638004,5 Nov 2022,2022,4,City Beach v Coolbinia WP,G Division One Day Grade,City Beach Oval (Upper Oval),Coolbinia WP Won on 1st Innings by 58 runs
622812,29 Oct 2022,2022,4,Coolbinia WP v Helena Valley Cricket Club,A Division One Day Grade,Yokine Reserve (Coolbinia Oval No. 2),Coolbinia WP Won by 5 wickets
637870,29 Oct 2022,2022,4,Mt Lawley Inglewood CC v Coolbinia WP,B Division One Day Grade,Hamer Park (Oval 2),Mt Lawley Inglewood CC Won on 1st Innings
637932,29 Oct 2022,2022,4,Helena Valley Cricket Club v Coolbinia WP,D Division One Day Grade,Boya Oval (),Coolbinia WP Won on 1st Innings by 84 runs
638003,29 Oct 2022,2022,3,Coolbinia WP v Carlisle Cricket Club,G Division One Day Grade,Yokine Reserve (Coolbinia Oval No. 1),Coolbinia WP Won on 1st Innings
622811,22 Oct 2022,2022,3,Caversham Cricket Club v Coolbinia WP,A Division One Day Grade,William Henry Oval,Coolbinia WP Won by 93 runs
637823,22 Oct 2022,2022,3,Coolbinia WP v Caversham Cricket Club,B Division One Day Grade,Yokine Reserve (Coolbinia Oval No. 2),Caversham Cricket Club Won on 1st Innings by 4 wickets
637926,22 Oct 2022,2022,3,Coolbinia WP v Maylands,D Division One Day Grade,Yokine Reserve (Coolbinia Oval No. 1),Coolbinia WP Won on 1st Innings by 25 runs
638001,22 Oct 2022,2022,2,Yokine Pilbara v Coolbinia WP,G Division One Day Grade,Yokine Reserve (Yokine East - North Oval),Coolbinia WP Won on 1st Innings by 35 runs
619835,15 Oct 2022,2022,2,Coolbinia WP v Scarborough Cricket Club,A Division One Day Grade,Yokine Reserve (Coolbinia Oval No. 2),Coolbinia WP Won on 1st Innings by 4 wickets
637822,15 Oct 2022,2022,2,University v Coolbinia WP,B Division One Day Grade,City Beach Oval (Upper Oval),Coolbinia WP Won on 1st Innings by 200 runs
637921,15 Oct 2022,2022,2,S.Rossmoyne v Coolbinia WP,D Division One Day Grade,Emmanuel College,Coolbinia WP Won on 1st Innings by 17 runs
637999,15 Oct 2022,2022,1,BayswaterPostels v Coolbinia WP,G Division One Day Grade,Deschamp Reserve,BayswaterPostels Won on 1st Innings by 4 wickets
619834,8 Oct 2022,2022,1,Dianella Cricket Club v Coolbinia WP,A Division One Day Grade,Dianella Regional Open Space (Dianella ROS 1),Coolbinia WP Won by 3 runs
628572,8 Oct 2022,2022,1,Coolbinia WP v Dianella Cricket Club,B Division One Day Grade,Yokine Reserve (Coolbinia Oval No. 2),Coolbinia WP Won on 1st Innings by 15 runs
637908,8 Oct 2022,2022,1,Coolbinia WP v Ferndale Lynwood CC,D Division One Day Grade,Yokine Reserve (Coolbinia Oval No. 1),Coolbinia WP Won on 1st Innings by 114 runs
637356,5 Mar 2022,2021,GF,Carlisle Cricket Club v Coolbinia WP,G Division One Day Grade,Carlisle Reserve,Carlisle Cricket Club Won on 1st Innings by 69 runs
634991,26 Feb 2022,2021,SF,Coolbinia WP v Floreat Cricket Club,A Division One Day Grade,Yokine Reserve (Coolbinia Oval No. 2),Floreat Cricket Club Won by 24 runs
636868,26 Feb 2022,2021,SF,Coolbinia WP v Swan View Cricket Club,B Division One Day Grade,Yokine Reserve (Coolbinia Oval No. 1),Swan View Cricket Club Won on 1st Innings by 3 wickets
637325,26 Feb 2022,2021,SF,Coolbinia WP v Caversham Cricket Club,E Division One Day Grade,Yokine Reserve (Yokine East - North Oval),Caversham Cricket Club Won on 1st Innings by 8 runs
637353,26 Feb 2022,2021,PF,Scarborough Cricket Club v Coolbinia WP,G Division One Day Grade,Bennett Park,Coolbinia WP Won on 1st Innings by 7 wickets
634990,19 Feb 2022,2021,21,Coolbinia WP v Lesmurdie-Mazenod Cricket Club,A Division One Day Grade,Yokine Reserve (Coolbinia Oval No. 2),Coolbinia WP Won by 6 wickets
636867,19 Feb 2022,2021,20,Stirling Cricket Club v Coolbinia WP,B Division One Day Grade,Yokine Reserve (Yokine East - South Oval),Coolbinia WP Won on 1st Innings by 142 runs
637322,19 Feb 2022,2021,19,Coolbinia WP v Dianella Cricket Club,E Division One Day Grade,Yokine Reserve (Coolbinia Oval No. 1),Coolbinia WP Won by 3 wickets
637351,19 Feb 2022,2021,SF,Coolbinia WP v Middle Swan Cricket Club,G Division One Day Grade,Jack Mann Oval (Close Oval (nearest pavilion)),Coolbinia WP Won on 1st Innings
634989,12 Feb 2022,2021,18,Scarborough Cricket Club v Coolbinia WP,A Division One Day Grade,Bennett Park,Scarborough Cricket Club Won by 8 wickets
636863,12 Feb 2022,2021,17,Coolbinia WP v Mundaring Cricket Club,B Division One Day Grade,Yokine Reserve (Coolbinia Oval No. 2),Mundaring Cricket Club Won on 1st Innings by 4 wickets
637320,12 Feb 2022,2021,16,Mundaring Cricket Club v Coolbinia WP,E Division One Day Grade,Mundaring Oval (),Coolbinia WP Won on 1st Innings by 114 runs
637347,12 Feb 2022,2021,QF,Scarborough Cricket Club v Coolbinia WP,G Division One Day Grade,Butlers (Upper Grass),Scarborough Cricket Club Won on 1st Innings by 6 wickets
634987,29 Jan 2022,2021,15,Dianella Cricket Club v Coolbinia WP,A Division One Day Grade,Dianella Regional Open Space (Dianella ROS 1),Dianella Cricket Club Won by 3 runs
636859,29 Jan 2022,2021,14,Coolbinia WP v Swan View Cricket Club,B Division One Day Grade,Yokine Reserve (Coolbinia Oval No. 2),Coolbinia WP Won on 1st Innings by 35 runs
637345,29 Jan 2022,2021,13,Coolbinia WP v BayswaterPostels,G Division One Day Grade,Yokine Reserve (Coolbinia Oval No. 1),BayswaterPostels Won on 1st Innings by 69 runs
637346,29 Jan 2022,2021,13,Coolbinia WP v BayswaterPostels,G Division One Day Grade,Yokine Reserve (Coolbinia Oval No. 1),BayswaterPostels Won on 1st Innings by 69 runs
634986,22 Jan 2022,2021,14,Lesmurdie-Mazenod Cricket Club v Coolbinia WP,A Division One Day Grade,Mazenod College Oval,Coolbinia WP Won by 56 runs
636860,22 Jan 2022,2021,13,Coolbinia WP v Stirling Cricket Club,B Division One Day Grade,Yokine Reserve (Coolbinia Oval No. 2),Coolbinia WP Won
637302,22 Jan 2022,2021,12,Dianella Cricket Club v Coolbinia WP,E Division One Day Grade,Dianella Regional Open Space (Dianella ROS 2),Dianella Cricket Club Won on 1st Innings by 75 runs
637343,22 Jan 2022,2021,12,Coolbinia WP v Carlisle Cricket Club,G Division One Day Grade,Yokine Reserve (Coolbinia Oval No. 1),Coolbinia WP Won on 1st Innings by 3 wickets
634985,15 Jan 2022,2021,13,Caversham Cricket Club v Coolbinia WP,A Division One Day Grade,Bennett Springs Sportsfield Oval (),Coolbinia WP Won by 3 wickets
636858,15 Jan 2022,2021,12,Coolbinia WP v Dianella Cricket Club,B Division One Day Grade,Yokine Reserve (Coolbinia Oval No. 2),Coolbinia WP Won on 1st Innings by 27 runs
637300,15 Jan 2022,2021,11,Midland Cricket Club v Coolbinia WP,E Division One Day Grade,Swan View Park,Coolbinia WP Won on 1st Innings by 5 wickets
637342,15 Jan 2022,2021,11,Coolbinia WP v Caversham Cricket Club,G Division One Day Grade,Yokine Reserve (Coolbinia Oval No. 1),Coolbinia WP Won on 1st Innings by 57 runs
634984,18 Dec 2021,2021,12,Floreat Cricket Club v Coolbinia WP,A Division One Day Grade,James Miller Ova,Coolbinia WP Won
636857,18 Dec 2021,2021,11,Coolbinia WP v Forrestfield Cricket Club,B Division One Day Grade,Yokine Reserve (Coolbinia Oval No. 2),Coolbinia WP Won on 1st Innings by 4 wickets
637297,18 Dec 2021,2021,10,Coolbinia WP v Lesmurdie-Mazenod Cricket Club,E Division One Day Grade,Yokine Reserve (Coolbinia Oval No. 1),Coolbinia WP Won on 1st Innings by 8 wickets
634983,11 Dec 2021,2021,11,Coolbinia WP v Scarborough Cricket Club,A Division One Day Grade,Yokine Reserve (Coolbinia Oval No. 2),Coolbinia WP Won by 59 runs
636823,11 Dec 2021,2021,10,Mt Lawley Inglewood CC v Coolbinia WP,B Division One Day Grade,Wordsworth Reserve (Oval 1),Coolbinia WP Won on 1st Innings by 50 runs
637296,11 Dec 2021,2021,9,Coolbinia WP v Belmont Cricket Club,E Division One Day Grade,Yokine Reserve (Coolbinia Oval No. 1),Coolbinia WP Won by 9 wickets
637341,11 Dec 2021,2021,9,Dianella Cricket Club v Coolbinia WP,G Division One Day Grade,Barry Britton Reserve,Coolbinia WP Won on 1st Innings by 9 wickets
634982,5 Dec 2021,2021,10,Coolbinia WP v Helena Valley Cricket Club,A Division One Day Grade,Yokine Reserve (Coolbinia Oval No. 2),Helena Valley Cricket Club Won by 56 runs
634981,4 Dec 2021,2021,9,Glen Forrest Cricket Club v Coolbinia WP,A Division One Day Grade,Burkinshaw Park,Coolbinia WP Won by 162 runs
636820,4 Dec 2021,2021,9,Coolbinia WP v Brabham Cricket Club,B Division One Day Grade,Yokine Reserve (Coolbinia Oval No. 2),Coolbinia WP Won on 1st Innings by 7 wickets
637294,4 Dec 2021,2021,8,Helena Valley Cricket Club v Coolbinia WP,E Division One Day Grade,Boya Oval (),Helena Valley Cricket Club Won on 1st Innings by 5 wickets
637339,4 Dec 2021,2021,8,Coolbinia WP v Canningvale,G Division One Day Grade,Yokine Reserve (Coolbinia Oval No. 1),Coolbinia WP Won on 1st Innings by 168 runs
634980,27 Nov 2021,2021,8,Dianella Cricket Club v Coolbinia WP,A Division One Day Grade,Dianella Regional Open Space (Dianella ROS 1),Dianella Cricket Club Won by 1 wickets
636819,27 Nov 2021,2021,8,Coolbinia WP v Swan View Cricket Club,B Division One Day Grade,Yokine Reserve (Coolbinia Oval No. 2),Coolbinia WP Won on 1st Innings by 8 wickets
637292,27 Nov 2021,2021,7,Caversham Cricket Club v Coolbinia WP,E Division One Day Grade,Bennett Springs Sportsfield Oval (),Coolbinia WP Won on 1st Innings by 2 wickets
634979,20 Nov 2021,2021,7,Coolbinia WP v Lesmurdie-Mazenod Cricket Club,A Division One Day Grade,Yokine Reserve (Coolbinia Oval No. 2),Coolbinia WP Won by 7 wickets
636817,20 Nov 2021,2021,7,Stirling Cricket Club v Coolbinia WP,B Division One Day Grade,Yokine Reserve (Yokine East - South Oval),Coolbinia WP Won on 1st Innings by 7 wickets
637290,20 Nov 2021,2021,6,Coolbinia WP v Dianella Cricket Club,E Division One Day Grade,Yokine Reserve (Coolbinia Oval No. 1),Coolbinia WP Won on 1st Innings by 54 runs
634974,13 Nov 2021,2021,6,Coolbinia WP v Caversham Cricket Club,A Division One Day Grade,Yokine Reserve (Coolbinia Oval No. 2),Coolbinia WP Won by 3 wickets
636816,13 Nov 2021,2021,6,Dianella Cricket Club v Coolbinia WP,B Division One Day Grade,Dianella Regional Open Space (Dianella ROS 1),Coolbinia WP Won on 1st Innings by 4 wickets
637287,13 Nov 2021,2021,5,Coolbinia WP v Midland Cricket Club,E Division One Day Grade,Yokine Reserve (Coolbinia Oval No. 1),Coolbinia WP Won on 1st Innings by 95 runs
637338,13 Nov 2021,2021,5,Scarborough Cricket Club v Coolbinia WP,G Division One Day Grade,Butlers (Upper Grass),Scarborough Cricket Club Won on 1st Innings by 6 wickets
634973,6 Nov 2021,2021,5,Coolbinia WP v Floreat Cricket Club,A Division One Day Grade,Yokine Reserve (Coolbinia Oval No. 2),Coolbinia WP Won by 5 wickets
636815,6 Nov 2021,2021,5,Coolbinia WP v Forrestfield Cricket Club,B Division One Day Grade,Yokine Reserve (Coolbinia Oval No. 1),Coolbinia WP Won on 1st Innings by 59 runs
637285,6 Nov 2021,2021,4,Lesmurdie-Mazenod Cricket Club v Coolbinia WP,E Division One Day Grade,Hartfield Park (Oval 3),Coolbinia WP Won on 1st Innings by 90 runs
637337,6 Nov 2021,2021,4,BayswaterPostels v Coolbinia WP,G Division One Day Grade,Deschamp Reserve,Coolbinia WP Won on 1st Innings by 13 runs
634972,30 Oct 2021,2021,4,Scarborough Cricket Club v Coolbinia WP,A Division One Day Grade,Bennett Park,Scarborough Cricket Club Won by 71 runs
636808,30 Oct 2021,2021,4,Coolbinia WP v Mt Lawley Inglewood CC,B Division One Day Grade,Yokine Reserve (Coolbinia Oval No. 2),Mt Lawley Inglewood CC Won on 1st Innings by 9 runs
637284,30 Oct 2021,2021,3,Belmont Cricket Club v Coolbinia WP,E Division One Day Grade,Peet Park (Peet 1),Coolbinia WP Won by 97 runs
637334,30 Oct 2021,2021,3,Canningvale v Coolbinia WP,G Division One Day Grade,Canning Vale Primary School (Canning Vale Oval ),Coolbinia WP Won on 1st Innings by 128 runs
634971,23 Oct 2021,2021,3,Helena Valley Cricket Club v Coolbinia WP,A Division One Day Grade,Boya Oval (),Coolbinia WP Won by 4 wickets
636794,23 Oct 2021,2021,3,Mundaring Cricket Club v Coolbinia WP,B Division One Day Grade,Mundaring Oval (),Mundaring Cricket Club Won on 1st Innings by 6 wickets
636885,23 Oct 2021,2021,2,Coolbinia WP v Mundaring Cricket Club,E Division One Day Grade,Yokine Reserve (Coolbinia Oval No. 2),Coolbinia WP Won on 1st Innings by 12 runs
637333,23 Oct 2021,2021,2,Coolbinia WP v University Cricket Club,G Division One Day Grade,Yokine Reserve (Coolbinia Oval No. 1),University Cricket Club Won on 1st Innings by 4 wickets
634970,16 Oct 2021,2021,2,Coolbinia WP v Glen Forrest Cricket Club,A Division One Day Grade,Yokine Reserve (Coolbinia Oval No. 2),Coolbinia WP Won by 68 runs
636767,16 Oct 2021,2021,2,Brabham Cricket Club v Coolbinia WP,B Division One Day Grade,Brabham Oval (Brabham Primary School),Brabham Cricket Club Won on 1st Innings by 4 runs
636872,16 Oct 2021,2021,1,Coolbinia WP v Helena Valley Cricket Club,E Division One Day Grade,Yokine Reserve (Coolbinia Oval No. 1),Coolbinia WP Won on 1st Innings by 11 runs
637329,16 Oct 2021,2021,1,Ellenbrook Rangers v Coolbinia WP,G Division One Day Grade,Ellenbrook District Open Space (North Oval),Ellenbrook Rangers Won on 1st Innings by 16 runs
634854,9 Oct 2021,2021,1,Coolbinia WP v Dianella Cricket Club,A Division One Day Grade,Yokine Reserve (Coolbinia Oval No. 2),Coolbinia WP Won by 1 runs
636760,9 Oct 2021,2021,1,Swan View Cricket Club v Coolbinia WP,B Division One Day Grade,Brown Park (Brown Park - Oval #2),Swan View Cricket Club Won on 1st Innings by 1 wickets
634699,13 Mar 2021,2020,PF,BayswaterPostels v Coolbinia WP,F Division One Day Grade,Hillcrest Park (Hillcrest Synthetic),BayswaterPostels Won on 1st Innings by 21 runs
618027,6 Mar 2021,2020,SF,Coolbinia WP v Carlisle Cricket Club,E Division One Day Grade,Yokine Reserve (Coolbinia Oval No. 1),Coolbinia WP Won on 1st Innings by 7 wickets
634697,6 Mar 2021,2020,SF,University v Coolbinia WP,F Division One Day Grade,Yokine Reserve (Yokine East - North Oval),Coolbinia WP Won on 1st Innings by 30 runs
617504,27 Feb 2021,2020,QF,Coolbinia WP v Forrestfield Cricket Club,B Division One Day Grade,Yokine Reserve (Coolbinia Oval No. 1),Forrestfield Cricket Club Won on 1st Innings by 4 wickets
634695,27 Feb 2021,2020,QF,Coolbinia WP v Canningvale,F Division One Day Grade,Yokine Reserve (Coolbinia Oval No. 2),Coolbinia WP Won on 1st Innings by 1 runs
616883,20 Feb 2021,2020,14,Scarborough Cricket Club v Coolbinia WP,A Division One Day Grade,Bennett Park,Scarborough Cricket Club Won on 1st Innings by 5 wickets
617503,20 Feb 2021,2020,14,Maylands v Coolbinia WP,B Division One Day Grade,DeLacey Reserve,Maylands Won on 1st Innings by 12 runs
618023,20 Feb 2021,2020,14,Coolbinia WP v Scarborough Cricket Club,E Division One Day Grade,Yokine Reserve (Coolbinia Oval No. 1),Coolbinia WP Won on 1st Innings by 4 wickets
634694,20 Feb 2021,2020,14,Coolbinia WP v University,F Division One Day Grade,Yokine Reserve (Coolbinia Oval No. 2),University Won on 1st Innings by 3 wickets
616882,13 Feb 2021,2020,13,Helena Valley Cricket Club v Coolbinia WP,A Division One Day Grade,Boya Oval (),Helena Valley Cricket Club Won on 1st Innings by 85 runs
617502,13 Feb 2021,2020,13,Coolbinia WP v BayswaterPostels,B Division One Day Grade,Yokine Reserve (Coolbinia Oval No. 1),BayswaterPostels Won on 1st Innings by 48 runs
618019,13 Feb 2021,2020,13,Caversham Cricket Club v Coolbinia WP,E Division One Day Grade,Bennett Springs Sportsfield Oval (),Coolbinia WP Won on 1st Innings by 1 run
634689,13 Feb 2021,2020,13,Canningvale v Coolbinia WP,F Division One Day Grade,Canning Vale Primary School (Canning Vale Oval ),Coolbinia WP Won on 1st Innings by 3 wickets
616881,6 Feb 2021,2020,12,Coolbinia WP v Mundaring Cricket Club,A Division One Day Grade,Yokine Reserve (Coolbinia Oval No. 1),Match Drawn
617501,6 Feb 2021,2020,12,Lesmurdie-Mazenod Cricket Club v Coolbinia WP,B Division One Day Grade,Mazenod College Oval,Match Drawn
618016,6 Feb 2021,2020,12,Lesmurdie-Mazenod Cricket Club v Coolbinia WP,E Division One Day Grade,Hartfield Park (Oval 3),Match Drawn
616880,30 Jan 2021,2020,11,Glen Forrest Cricket Club v Coolbinia WP,A Division One Day Grade,Burkinshaw Park,Glen Forrest Cricket Club Won on 1st Innings by 56 runs
617500,30 Jan 2021,2020,11,Coolbinia WP v Dianella Cricket Club,B Division One Day Grade,Yokine Reserve (Coolbinia Oval No. 1),Coolbinia WP Won on 1st Innings by 6 wickets
618007,30 Jan 2021,2020,11,Glen Forrest Cricket Club v Coolbinia WP,E Division One Day Grade,Parkerville Oval (),Coolbinia WP Won on 1st Innings by 8 wickets
634683,30 Jan 2021,2020,11,Coolbinia WP v Ferndale Lynwood CC,F Division One Day Grade,Yokine Reserve (Coolbinia Oval No. 2),Coolbinia WP Won on 1st Innings by 165 runs
616879,23 Jan 2021,2020,10,Coolbinia WP v Lesmurdie-Mazenod Cricket Club,A Division One Day Grade,Yokine Reserve (Coolbinia Oval No. 1),Coolbinia WP Won on 1st Innings by 8 wickets
617499,23 Jan 2021,2020,10,Ellenbrook Rangers v Coolbinia WP,B Division One Day Grade,Ellenbrook District Open Space (Central Oval),Coolbinia WP Won on 1st Innings by 65 runs
618003,23 Jan 2021,2020,10,Pilbara Lions Cricket Club Inc v Coolbinia WP,E Division One Day Grade,Barry Britton Reserve,Coolbinia WP Won on 1st Innings by 7 wickets
634681,23 Jan 2021,2020,10,Coolbinia WP v Ellenbrook Rangers,F Division One Day Grade,Yokine Reserve (Coolbinia Oval No. 2),Coolbinia WP Won on 1st Innings by 132 runs
616878,16 Jan 2021,2020,9,Coolbinia WP v Dianella Cricket Club,A Division One Day Grade,Yokine Reserve (Coolbinia Oval No. 1),Dianella Cricket Club Won on 1st Innings by 2 wickets
617498,16 Jan 2021,2020,9,Swan View Cricket Club v Coolbinia WP,B Division One Day Grade,Brown Park (Brown Park - Oval #2),Coolbinia WP Won on 1st Innings by 7 runs
617997,16 Jan 2021,2020,9,Coolbinia WP v Dianella Cricket Club,E Division One Day Grade,Yokine Reserve (Coolbinia Oval No. 2),Coolbinia WP Won on 1st Innings by 4 wickets
634680,16 Jan 2021,2020,9,Dianella Cricket Club v Coolbinia WP,F Division One Day Grade,Dianella Regional Open Space (Dianella ROS 1),Dianella Cricket Club Won on 1st Innings by 17 runs
616877,9 Jan 2021,2020,8,Coolbinia WP v Stirling Cricket Club,A Division One Day Grade,Yokine Reserve (Coolbinia Oval No. 1),Coolbinia WP Won on 1st Innings by 2 wickets
617496,9 Jan 2021,2020,8,Ascot Cricket Club v Coolbinia WP,B Division One Day Grade,Redcliffe Reserve (),Coolbinia WP Won on 1st Innings by 36 runs
617994,9 Jan 2021,2020,8,Coolbinia WP v Carlisle Cricket Club,E Division One Day Grade,Yokine Reserve (Coolbinia Oval No. 2),Carlisle Cricket Club Won on 1st Innings by 3 runs
616876,12 Dec 2020,2020,7,Coolbinia WP v Scarborough Cricket Club,A Division One Day Grade,Yokine Reserve (Coolbinia Oval No. 1),Coolbinia WP Won on 1st Innings by 3 runs
617494,12 Dec 2020,2020,7,Coolbinia WP v Forrestfield Cricket Club,B Division One Day Grade,Yokine Reserve (Coolbinia Oval No. 2),Coolbinia WP Won on 1st Innings by 44 runs
617990,12 Dec 2020,2020,7,Scarborough Cricket Club v Coolbinia WP,E Division One Day Grade,Woodlands Reserve,Coolbinia WP Won on 1st Innings by 78 runs
634679,12 Dec 2020,2020,7,University v Coolbinia WP,F Division One Day Grade,Yokine Reserve (Yokine East - North Oval),Coolbinia WP Won on 1st Innings by 13 runs
616854,5 Dec 2020,2020,6,Coolbinia WP v Helena Valley Cricket Club,A Division One Day Grade,Yokine Reserve (Coolbinia Oval No. 1),Helena Valley Cricket Club Won on 1st Innings by 6 wickets
617469,5 Dec 2020,2020,6,Caversham Cricket Club v Coolbinia WP,B Division One Day Grade,William Henry Oval,Coolbinia WP Won on 1st Innings by 7 runs
617981,5 Dec 2020,2020,6,Coolbinia WP v Caversham Cricket Club,E Division One Day Grade,Yokine Reserve (Coolbinia Oval No. 2),Coolbinia WP Won on 1st Innings by 139 runs
634678,5 Dec 2020,2020,6,Mt Lawley Inglewood CC v Coolbinia WP,F Division One Day Grade,Wordsworth Reserve (Oval 1),Coolbinia WP Won on 1st Innings by 26 runs
616841,28 Nov 2020,2020,5,Mundaring Cricket Club v Coolbinia WP,A Division One Day Grade,Mundaring Oval (),Mundaring Cricket Club Won on 1st Innings by 3 wickets
617467,28 Nov 2020,2020,5,BayswaterPostels v Coolbinia WP,B Division One Day Grade,Hillcrest Park (Hillcrest Synthetic),Coolbinia WP Won on 1st Innings by 20 runs
617977,28 Nov 2020,2020,5,Coolbinia WP v Lesmurdie-Mazenod Cricket Club,E Division One Day Grade,Yokine Reserve (Coolbinia Oval No. 2),Coolbinia WP Won on 1st Innings by 139 runs
629372,28 Nov 2020,2020,5,Coolbinia WP v BayswaterPostels,F Division One Day Grade,Yokine Reserve (Coolbinia Oval No. 1),BayswaterPostels Won on 1st Innings
616831,21 Nov 2020,2020,4,Coolbinia WP v Glen Forrest Cricket Club,A Division One Day Grade,Yokine Reserve (Coolbinia Oval No. 1),Glen Forrest Cricket Club Won on 1st Innings by 5 runs
617466,21 Nov 2020,2020,4,Lesmurdie-Mazenod Cricket Club v Coolbinia WP,B Division One Day Grade,Hartfield Park (Oval 2),Coolbinia WP Won on 1st Innings by 33 runs
617975,21 Nov 2020,2020,4,Glen Forrest Cricket Club v Coolbinia WP,E Division One Day Grade,Burkinshaw Park,Coolbinia WP Won on 1st Innings by 66 runs
629371,21 Nov 2020,2020,4,Coolbinia WP v Swan View Cricket Club,F Division One Day Grade,Yokine Reserve (Coolbinia Oval No. 2),Match Drawn
616830,14 Nov 2020,2020,3,Lesmurdie-Mazenod Cricket Club v Coolbinia WP,A Division One Day Grade,Mazenod College Oval,Coolbinia WP Won on 1st Innings by 6 wickets
617465,14 Nov 2020,2020,3,Coolbinia WP v Maylands,B Division One Day Grade,Yokine Reserve (Coolbinia Oval No. 1),Match Drawn
617974,14 Nov 2020,2020,3,Coolbinia WP v Pilbara Lions Cricket Club Inc,E Division One Day Grade,Yokine Reserve (Coolbinia Oval No. 2),Match Drawn
629369,14 Nov 2020,2020,3,Canningvale v Coolbinia WP,F Division One Day Grade,Canning Vale Primary School (Canning Vale Oval ),Coolbinia WP Won on 1st Innings by 6 wickets
616829,7 Nov 2020,2020,2,Dianella Cricket Club v Coolbinia WP,A Division One Day Grade,Dianella Regional Open Space (Dianella ROS 1),Coolbinia WP Won on 1st Innings by 2 wickets
617464,7 Nov 2020,2020,2,Coolbinia WP v Dianella Cricket Club,B Division One Day Grade,Yokine Reserve (Coolbinia Oval No. 1),Dianella Cricket Club Won on 1st Innings by 35 runs
617970,7 Nov 2020,2020,2,Dianella Cricket Club v Coolbinia WP,E Division One Day Grade,Deschamp Reserve,Coolbinia WP Won on 1st Innings by 133 runs
629350,7 Nov 2020,2020,2,Coolbinia WP v Dianella Cricket Club,F Division One Day Grade,Yokine Reserve (Coolbinia Oval No. 2),Dianella Cricket Club Won on 1st Innings by 7 runs
616828,31 Oct 2020,2020,1,Stirling Cricket Club v Coolbinia WP,A Division One Day Grade,Yokine Reserve (Yokine East - South Oval),Coolbinia WP Won on 1st Innings by 31 runs
617462,31 Oct 2020,2020,1,Coolbinia WP v Ellenbrook Rangers,B Division One Day Grade,Yokine Reserve (Coolbinia Oval No. 1),Ellenbrook Rangers Won on 1st Innings by 1 wickets
617874,31 Oct 2020,2020,1,Coolbinia WP v Carlisle Cricket Club,E Division One Day Grade,Yokine Reserve (Coolbinia Oval No. 2),Carlisle Cricket Club Won on 1st Innings by 52 runs
629344,31 Oct 2020,2020,1,Ellenbrook Rangers v Coolbinia WP,F Division One Day Grade,Ellenbrook District Open Space (South Oval),Coolbinia WP Won on 1st Innings by 6 wickets
617763,14 Mar 2020,2019,19,Coolbinia WP v BayswaterPostels,B Division One Day Grade,Yokine Reserve (Coolbinia Oval No. 2),BayswaterPostels Won by 61 runs
636180,14 Mar 2020,2019,19,Middle Swan Cricket Club v Coolbinia WP,C Division One Day Grade,Jack Mann Oval (Close Oval (nearest pavilion)),Coolbinia WP Won on 1st Innings by 133 runs
635312,7 Mar 2020,2019,14,Coolbinia WP v Leederville,5th Grade,Yokine Reserve (Coolbinia Oval No. 1),Coolbinia WP Won on 1st Innings by 302 runs
617762,7 Mar 2020,2019,18,Maylands v Coolbinia WP,B Division One Day Grade,DeLacey Reserve,Maylands Won by 16 runs
636179,7 Mar 2020,2019,18,Caversham Cricket Club v Coolbinia WP,C Division One Day Grade,William Henry Oval,Caversham Cricket Club Won on 1st Innings by 3 wickets
636204,7 Mar 2020,2019,18,Coolbinia WP v Leederville,E Division One Day Grade,Yokine Reserve (Coolbinia Oval No. 2),Leederville Won on 1st Innings by 6 wickets
602250,7 Mar 2020,2019,14,Coolbinia WP v Belmont Cricket Club,3rd Grade,Peet Park  (Peet 1),Coolbinia WP Won on 1st Innings by 57 runs
617761,29 Feb 2020,2019,17,Ellenbrook Rangers v Coolbinia WP,B Division One Day Grade,Ellenbrook District Open Space (South Oval),Coolbinia WP Won by 22 runs
636176,29 Feb 2020,2019,17,Canningvale v Coolbinia WP,C Division One Day Grade,Canning Vale Primary School (Canning Vale Oval ),Canningvale Won on 1st Innings by 77 runs
636203,29 Feb 2020,2019,17,AusInd Cricket Club v Coolbinia WP,E Division One Day Grade,Barry Britton Reserve,AusInd Cricket Club Won on 1st Innings by 122 runs
635306,22 Feb 2020,2019,13,Coolbinia WP v University,5th Grade,Yokine Reserve (Coolbinia Oval No. 1),Coolbinia WP Won on 1st Innings
617758,22 Feb 2020,2019,16,Stirling Cricket Club v Coolbinia WP,B Division One Day Grade,Yokine Reserve (Yokine East - South Oval),Coolbinia WP Won by 40 runs
636175,22 Feb 2020,2019,16,Ferndale Lynwood CC v Coolbinia WP,C Division One Day Grade,Ferndale Reserve (Ferndale 1),Coolbinia WP Won on 1st Innings by 7 wickets
636202,22 Feb 2020,2019,16,Caversham Cricket Club v Coolbinia WP,E Division One Day Grade,William Henry Oval,Caversham Cricket Club Won on 1st Innings by 5 wickets
602253,22 Feb 2020,2019,13,Coolbinia WP v Leederville,3rd Grade,Coolbinia Reserve #2,Leederville Won on 1st Innings by 103 runs
617750,15 Feb 2020,2019,15,Dianella Cricket Club v Coolbinia WP,B Division One Day Grade,Dianella Regional Open Space (Dianella ROS 2),Coolbinia WP Won by 29 runs
636071,15 Feb 2020,2019,15,Leederville v Coolbinia WP,C Division One Day Grade,Britannia Reserve (Central),Leederville Won on 1st Innings by 4 wickets
636201,15 Feb 2020,2019,15,Coolbinia WP v Stirling Cricket Club,E Division One Day Grade,Yokine Reserve (Coolbinia Oval No. 1),Coolbinia WP Won on 1st Innings by 2 wickets
635303,8 Feb 2020,2019,12,Ascot Cricket Club v Coolbinia WP,5th Grade,Centenary Park (Belmont) (Centenary Park Communit,Coolbinia WP Won on 1st Innings by 109 runs
636070,8 Feb 2020,2019,14,Coolbinia WP v S.Rossmoyne,C Division One Day Grade,Wordsworth Reserve (Oval 1),Coolbinia WP Won on 1st Innings by 57 runs
636200,8 Feb 2020,2019,14,Dianella Cricket Club v Coolbinia WP,E Division One Day Grade,Dianella Regional Open Space (Dianella ROS 2),Dianella Cricket Club Won on 1st Innings by 1 wickets
602256,8 Feb 2020,2019,12,Coolbinia WP v Floreat,3rd Grade,Coolbinia Reserve #2,Floreat Won on 1st Innings by 4 runs
602257,8 Feb 2020,2019,14,Midland Cricket Club v Coolbinia WP,B Division One Day Grade,Coolbinia Reserve #1,Coolbinia WP Won by 7 wkts
635291,1 Feb 2020,2019,11,Coolbinia WP v Canningvale,5th Grade,Yokine Reserve (Coolbinia Oval No. 1),Coolbinia WP Won on 1st Innings by 37 runs
636069,1 Feb 2020,2019,13,Forrestfield Cricket Club v Coolbinia WP,C Division One Day Grade,Hartfield Park (Oval 1),Coolbinia WP Won on 1st Innings by 114 runs
636199,1 Feb 2020,2019,13,BayswaterPostels v Coolbinia WP,E Division One Day Grade,Hillcrest Park (Hillcrest Synthetic),Coolbinia WP Won on 1st Innings by 116 runs
602258,1 Feb 2020,2019,11,Coolbinia WP v BayswaterPostels,3rd Grade,Coolbinia Reserve #2,BayswaterPostels Won by 5 wickets
602259,1 Feb 2020,2019,13,Lesmurdie-Mazenod Cricket Club v Coolbinia WP,B Division One Day Grade,Mazenod College Oval,Coolbinia WP Won by 3 wkts
635285,18 Jan 2020,2019,10,Ellenbrook Rangers v Coolbinia WP,5th Grade,Ellenbrook District Open Space (South Oval),Coolbinia WP Won on 1st Innings by 67 runs
617737,18 Jan 2020,2019,12,Coolbinia WP v BayswaterPostels,B Division One Day Grade,Yokine Reserve (Coolbinia Oval No. 2),BayswaterPostels Won on 1st Innings by 2 wickets
636068,18 Jan 2020,2019,12,Middle Swan Cricket Club v Coolbinia WP,C Division One Day Grade,Swan Athletic Sporting Club (Synthetic Oval),Middle Swan Cricket Club Won on 1st Innings by 47 runs
636198,18 Jan 2020,2019,12,Coolbinia WP v Maylands,E Division One Day Grade,Yokine Reserve (Coolbinia Oval No. 1),Maylands Won on 1st Innings by 163 runs
602260,18 Jan 2020,2019,10,SKLP Cricket Club v Coolbinia WP,3rd Grade,Morris Mundy Reserve,SKLP Cricket Club Won by 59 runs
635281,11 Jan 2020,2019,9,Mt Lawley Inglewood CC v Coolbinia WP,5th Grade,Hamer Park (Oval 2),Coolbinia WP Won on 1st Innings by 102 runs
636067,11 Jan 2020,2019,11,Coolbinia WP v Caversham Cricket Club,C Division One Day Grade,Yokine Reserve (Coolbinia Oval No. 1),Caversham Cricket Club Won on 1st Innings by 5 wickets
602262,11 Jan 2020,2019,9,Middle Swan Cricket Club v Coolbinia WP,3rd Grade,Jack Mann Oval (Close Oval (nearest pavi,Coolbinia WP Won by 2 wkts
602263,11 Jan 2020,2019,11,Coolbinia WP v Maylands,B Division One Day Grade,Coolbinia Reserve #2,Maylands Won by 9 wkts
635274,21 Dec 2019,2019,8,Coolbinia WP v Lesmurdie-Mazenod Cricket Club,5th Grade,Yokine Reserve (Coolbinia Oval No. 1),Coolbinia WP Won on 1st Innings by 29 runs
602264,21 Dec 2019,2019,8,Dianella Cricket Club v Coolbinia WP,3rd Grade,Coolbinia Reserve #2,Dianella Cricket Club Won by 79 runs
3197972,14 Dec 2019,2019,10,Ellenbrook Rangers Cricket Clu v Coolbinia WP,B Division One Day Grade,Ellenbrook District Open Space / South Oval,Ellenbrook Rangers Cricket Clu Won on 1st Innings by 44 runs
635267,14 Dec 2019,2019,7,Leederville v Coolbinia WP,5th Grade,Britannia Reserve (North),Coolbinia WP Won on 1st Innings by 8 wickets
636066,14 Dec 2019,2019,10,Canningvale v Coolbinia WP,C Division One Day Grade,Canning Vale Primary School (Canning Vale Oval ),Coolbinia WP Won on 1st Innings by 57 runs
636197,14 Dec 2019,2019,10,Coolbinia WP v Scarborough Cricket Club,E Division One Day Grade,Yokine Reserve (Coolbinia Oval No. 1),Coolbinia WP Won on 1st Innings by 156 runs
602265,14 Dec 2019,2019,7,Coolbinia WP v Belmont Cricket Club,3rd Grade,Coolbinia Reserve #2,Belmont Cricket Club Won by 5 wkts
635260,7 Dec 2019,2019,6,University v Coolbinia WP,5th Grade,Menzies Park,Coolbinia WP Won on 1st Innings by 112 runs
636064,7 Dec 2019,2019,9,Coolbinia WP v Ferndale Lynwood CC,C Division One Day Grade,Yokine Reserve (Coolbinia Oval No. 2),Coolbinia WP Won on 1st Innings by 2 wickets
636196,7 Dec 2019,2019,9,Coolbinia WP v AusInd Cricket Club,E Division One Day Grade,Yokine Reserve (Yokine East - South Oval),AusInd Cricket Club Won on 1st Innings by 2 wickets
602266,7 Dec 2019,2019,6,Leederville v Coolbinia WP,3rd Grade,Britannia Reserve (West),Leederville Won by 22 runs
602267,7 Dec 2019,2019,9,Coolbinia WP v Stirling Cricket Club,B Division One Day Grade,Coolbinia Reserve #1,Stirling Cricket Club Won by 4 wickets
635251,1 Dec 2019,2019,5,Coolbinia WP v Ascot Cricket Club,5th Grade,Yokine Reserve (Coolbinia Oval No. 2),Coolbinia WP Won on 1st Innings by 5 wickets
602268,1 Dec 2019,2019,5,Coolbinia WP v Floreat,3rd Grade,Bennett Park,Floreat Won by 5 wkts
636060,30 Nov 2019,2019,8,Coolbinia WP v Leederville,C Division One Day Grade,Yokine Reserve (Coolbinia Oval No. 1),Leederville Won on 1st Innings by 3 wickets
636195,30 Nov 2019,2019,8,Coolbinia WP v Caversham Cricket Club,E Division One Day Grade,Yokine Reserve (Yokine East - North Oval),Caversham Cricket Club Won on 1st Innings by 7 wickets
602269,30 Nov 2019,2019,8,Dianella Cricket Club v Coolbinia WP,B Division One Day Grade,Coolbinia Reserve #2,Dianella Cricket Club Won by 192 runs
635241,23 Nov 2019,2019,4,Canningvale v Coolbinia WP,5th Grade,Clifton Park (Clifton Oval),Coolbinia WP Won on 1st Innings
635954,23 Nov 2019,2019,7,S.Rossmoyne v Coolbinia WP,C Division One Day Grade,Emmanuel College,Coolbinia WP Won on 1st Innings by 161 runs
636194,23 Nov 2019,2019,7,Coolbinia WP v Ellenbrook Rangers,E Division One Day Grade,Yokine Reserve (Coolbinia Oval No. 2),Ellenbrook Rangers Won on 1st Innings by 5 wickets
602270,23 Nov 2019,2019,4,Coolbinia WP v BayswaterPostels,3rd Grade,Hillcrest Reserve,BayswaterPostels Won on 1st Innings by 3 runs
602271,23 Nov 2019,2019,7,Coolbinia WP v Midland Cricket Club,B Division One Day Grade,Coolbinia Reserve #1,Coolbinia WP Won by 46 runs
635950,16 Nov 2019,2019,6,Forrestfield Cricket Club v Coolbinia WP,C Division One Day Grade,Hartfield Park (Oval 1),Forrestfield Cricket Club Won on 1st Innings by 33 runs
636193,16 Nov 2019,2019,6,Stirling Cricket Club v Coolbinia WP,E Division One Day Grade,Yokine Reserve (Yokine East - South Oval),Coolbinia WP Won on 1st Innings by 3 runs
602272,16 Nov 2019,2019,6,Lesmurdie-Mazenod Cricket Club v Coolbinia WP,B Division One Day Grade,Mazenod College Oval,Coolbinia WP Won by 6 wkts
635233,9 Nov 2019,2019,3,Coolbinia WP v Ellenbrook Rangers,5th Grade,Yokine Reserve (Coolbinia Oval No. 1),Ellenbrook Rangers Won on 1st Innings
635881,9 Nov 2019,2019,5,Middle Swan Cricket Club v Coolbinia WP,C Division One Day Grade,Jack Mann Oval (Close Oval (nearest pavilion)),Coolbinia WP Won on 1st Innings by 6 wickets
636192,9 Nov 2019,2019,5,Dianella Cricket Club v Coolbinia WP,E Division One Day Grade,Wordsworth Reserve (Oval 1),Coolbinia WP Won on 1st Innings by 143 runs
602273,9 Nov 2019,2019,3,Coolbinia WP v SKLP Cricket Club,3rd Grade,Coolbinia Reserve #2,SKLP Cricket Club Won on 1st Innings by 55 runs
602274,9 Nov 2019,2019,5,BayswaterPostels v Coolbinia WP,B Division One Day Grade,Hillcrest Reserve,Coolbinia WP Won by 3 wickets
635877,2 Nov 2019,2019,4,Coolbinia WP v Caversham Cricket Club,C Division One Day Grade,Wordsworth Reserve (Oval 2),Coolbinia WP Won on 1st Innings by 5 wickets
636191,2 Nov 2019,2019,4,BayswaterPostels v Coolbinia WP,E Division One Day Grade,Deschamp Reserve,Coolbinia WP Won on 1st Innings by 55 runs
602275,2 Nov 2019,2019,4,Coolbinia WP v Maylands,B Division One Day Grade,DeLacey Reserve,Maylands Won by 3 wkts
635228,26 Oct 2019,2019,2,Coolbinia WP v Mt Lawley Inglewood CC,5th Grade,Yokine Reserve (Coolbinia Oval No. 1),Mt Lawley Inglewood CC Won on 1st Innings
635875,26 Oct 2019,2019,3,Coolbinia WP v Canningvale,C Division One Day Grade,Yokine Reserve (Yokine East - North Oval),Coolbinia WP Won on 1st Innings by 15 runs
636190,26 Oct 2019,2019,3,Maylands v Coolbinia WP,E Division One Day Grade,DeLacey Reserve,Maylands Won on 1st Innings by 2 wickets
602276,26 Oct 2019,2019,2,Middle Swan Cricket Club v Coolbinia WP,3rd Grade,Coolbinia Reserve #2,Coolbinia WP Won outright by 10 wkts
602277,26 Oct 2019,2019,3,Coolbinia WP v Ellenbrook Rangers,B Division One Day Grade,Ellenbrook District Open Space  (North O,Ellenbrook Rangers Won by 6 wkts
635874,19 Oct 2019,2019,2,Coolbinia WP v Ferndale Lynwood CC,C Division One Day Grade,Wordsworth Reserve (Oval 1),Coolbinia WP Won on 1st Innings by 3 runs
636189,19 Oct 2019,2019,2,Coolbinia WP v Scarborough Cricket Club,E Division One Day Grade,Yokine Reserve (Coolbinia Oval No. 1),Coolbinia WP Won on 1st Innings by 182 runs
602278,19 Oct 2019,2019,2,Coolbinia WP v Stirling Cricket Club,B Division One Day Grade,Coolbinia Reserve #2,Stirling Cricket Club Won by 7 wickets
635227,12 Oct 2019,2019,1,Lesmurdie-Mazenod Cricket Club v Coolbinia WP,5th Grade,Mazenod College Oval,Lesmurdie-Mazenod Cricket Club Won on 1st Innings by 2 wickets
636186,12 Oct 2019,2019,1,Coolbinia WP v Leederville,E Division One Day Grade,Yokine Reserve (Coolbinia Oval No. 1),Coolbinia WP Won on 1st Innings by 46 runs
602279,12 Oct 2019,2019,1,Coolbinia WP v Dianella Cricket Club,3rd Grade,Dick Lawrence Oval (44B) [ ],Dianella Cricket Club Won on 1st Innings by 41 runs
602280,12 Oct 2019,2019,1,Coolbinia WP v Dianella Cricket Club,B Division One Day Grade,Coolbinia Reserve #2,Coolbinia WP Won by 51 runs
602281,23 Mar 2019,2018,GF,Leeming Spartan v Coolbinia WP,Mercantile One Day,Hudson Park,Leeming Spartan Won by 62 runs
602282,16 Mar 2019,2018,PF,Coolbinia WP v Canningvale,Mercantile One Day,Coolbinia Reserve #2,Coolbinia WP Won by 48 runs
602283,9 Mar 2019,2018,SF,Coolbinia WP v Leeming Spartan,Mercantile One Day,Coolbinia Reserve #1,Match Drawn
602284,2 Mar 2019,2018,14,Coolbinia WP v Ferndale Lynwood CC,2nd Grade,Fraser Park,Match Drawn
602285,2 Mar 2019,2018,14,Coolbinia WP v Ascot Cricket Club,4th Grade,Coolbinia Reserve #2,Ascot Cricket Club Won on 1st Innings by 63 runs
602286,2 Mar 2019,2018,EF,Coolbinia WP v Carlisle Cricket Club,Mercantile One Day,Coolbinia Reserve #1,Coolbinia WP Won by 64 runs
602287,23 Feb 2019,2018,18,Coolbinia WP v Dianella Cricket Club,Mercantile One Day,Coolbinia Reserve #1,Coolbinia WP Won by 92 runs
602288,16 Feb 2019,2018,13,Coolbinia WP v Canningvale,2nd Grade,Coolbinia Reserve #2,Canningvale Won on 1st Innings by 20 runs
602290,16 Feb 2019,2018,17,Scarborough Cricket Club v Coolbinia WP,Mercantile One Day,Woodlands Reserve,Coolbinia WP Won by 10 wkts
602291,9 Feb 2019,2018,16,Coolbinia WP v Karinyup,Mercantile One Day,Coolbinia Reserve #2,Coolbinia WP Won by 116 runs
602292,2 Feb 2019,2018,12,Coolbinia WP v Stirling Cricket Club,2nd Grade,Yokine Regional Open Space East - South,Coolbinia WP Won on 1st Innings by 78 runs
602293,2 Feb 2019,2018,12,Dianella Cricket Club v Coolbinia WP,4th Grade,Dick Lawrence Oval (44B) [ ],Coolbinia WP Won on 1st Innings by 73 runs
602294,2 Feb 2019,2018,15,Coolbinia WP v Leederville,Mercantile One Day,Coolbinia Reserve #2,Leederville Won by 3 wkts
602295,26 Jan 2019,2018,11,Coolbinia WP v Mt Lawley Inglewood CC,2nd Grade,Coolbinia Reserve #2,Mt Lawley Inglewood CC Won by 4 wkts
602296,26 Jan 2019,2018,11,Coolbinia WP v Ferndale Lynwood CC,4th Grade,Coolbinia Reserve #1,Ferndale Lynwood CC Won by 6 wkts
602297,19 Jan 2019,2018,14,Leeming Spartan v Coolbinia WP,Mercantile One Day,Coolbinia Reserve #1,Leeming Spartan Won by 41 runs
602298,12 Jan 2019,2018,10,Coolbinia WP v Floreat Hellenic,2nd Grade,Forrest Park 2,Floreat Hellenic Won on 1st Innings by 51 runs
602299,12 Jan 2019,2018,10,Karinyup v Coolbinia WP,4th Grade,Coolbinia Reserve #2,Karinyup Won on 1st Innings by 87 runs
602300,12 Jan 2019,2018,13,Coolbinia WP v Canningvale,Mercantile One Day,Clifton Oval,Coolbinia WP Won by 26 runs
602301,22 Dec 2018,2018,9,Coolbinia WP v BayswaterPostels,2nd Grade,Hillcrest Reserve,Coolbinia WP Won by 19 runs
602302,22 Dec 2018,2018,9,University v Coolbinia WP,4th Grade,Coolbinia Reserve #2,Coolbinia WP Won by 3 wkts
602303,22 Dec 2018,2018,12,Carlisle Cricket Club v Coolbinia WP,Mercantile One Day,Coolbinia Reserve #1,Coolbinia WP Won by 4 wkts
602304,15 Dec 2018,2018,8,Coolbinia WP v Ferndale Lynwood CC,2nd Grade,Coolbinia Reserve #2,Ferndale Lynwood CC Won by 2 wkts
602305,15 Dec 2018,2018,8,Ascot Cricket Club v Coolbinia WP,4th Grade,Middleton Park # 2,Ascot Cricket Club Won by 55 runs
602306,8 Dec 2018,2018,10,Coolbinia WP v Dianella Cricket Club,Mercantile One Day,Wordsworth Reserve # 1,Coolbinia WP Won by 24 runs
602307,1 Dec 2018,2018,7,SKLP Cricket Club v Coolbinia WP,2nd Grade,Coolbinia Reserve #2,SKLP Cricket Club Won on 1st Innings by 213 runs
602308,1 Dec 2018,2018,7,Coolbinia WP v Midland Cricket Club,4th Grade,Swan View Park (Farrell Oval),Midland Cricket Club Won outright by 9 wkts
602309,1 Dec 2018,2018,9,Karinyup v Coolbinia WP,Mercantile One Day,Coolbinia Reserve #1,Coolbinia WP Won by 5 wkts
602310,24 Nov 2018,2018,6,Coolbinia WP v Floreat Hellenic,2nd Grade,Coolbinia Reserve #2,Floreat Hellenic Won by 9 wkts
602311,24 Nov 2018,2018,6,Karinyup v Coolbinia WP,4th Grade,Linthorne Resreve,Karinyup Won by 51 runs
602312,24 Nov 2018,2018,8,Leederville v Coolbinia WP,Mercantile One Day,Brittania Reserve South [267Q1],Coolbinia WP Won by 9 wkts
602313,17 Nov 2018,2018,5,Coolbinia WP v Stirling Cricket Club,2nd Grade,Coolbinia Reserve #2,Stirling Cricket Club Won by 4 wkts
602314,17 Nov 2018,2018,5,Coolbinia WP v Dianella Cricket Club,4th Grade,Coolbinia Reserve #1,Dianella Cricket Club Won by 3 wkts
602315,17 Nov 2018,2018,7,Leeming Spartan v Coolbinia WP,Mercantile One Day,Mazenod College Oval,Leeming Spartan Won by 14 runs
602316,10 Nov 2018,2018,6,Canningvale v Coolbinia WP,Mercantile One Day,Clifton Oval,Coolbinia WP Won by 8 wkts
602317,3 Nov 2018,2018,4,Coolbinia WP v BayswaterPostels,2nd Grade,Coolbinia Reserve #2,BayswaterPostels Won on 1st Innings by 109 runs
602318,3 Nov 2018,2018,4,University v Coolbinia WP,4th Grade,Menzies Park,University Won on 1st Innings by 93 runs
602319,3 Nov 2018,2018,5,Coolbinia WP v Carlisle Cricket Club,Mercantile One Day,Higgins Park,Coolbinia WP Won by 29 runs
602320,27 Oct 2018,2018,4,Coolbinia WP v Scarborough Cricket Club,Mercantile One Day,Coolbinia Reserve #2,Coolbinia WP Won by 3 runs
602321,20 Oct 2018,2018,3,Mt Lawley Inglewood CC v Coolbinia WP,2nd Grade,Hamer Park # 1,Coolbinia WP Won on 1st Innings by 22 runs
602322,20 Oct 2018,2018,3,Ferndale Lynwood CC v Coolbinia WP,4th Grade,Fraser Park,Coolbinia WP Won on 1st Innings by 5 runs
602323,20 Oct 2018,2018,3,Dianella Cricket Club v Coolbinia WP,Mercantile One Day,Coolbinia Reserve #2,Coolbinia WP Won by 7 wkts
602324,13 Oct 2018,2018,2,Canningvale v Coolbinia WP,2nd Grade,Coolbinia Reserve #2,Canningvale Won by 55 runs
602325,13 Oct 2018,2018,2,Coolbinia WP v Leederville,4th Grade,Britannia Reserve North,Leederville Won by 3 wkts
602326,13 Oct 2018,2018,2,Karinyup v Coolbinia WP,Mercantile One Day,Coolbinia Reserve #1,Coolbinia WP Won by 2 wkts
677560,6 Oct 2018,2018,1,Coolbinia WP v Midland Cricket Club,4th Grade,Yokine Reserve (Coolbinia Oval No. 2),Coolbinia WP Won by 68 runs
602327,6 Oct 2018,2018,1,Coolbinia WP v SKLP Cricket Club,2nd Grade,Morris Mundy Reserve,SKLP Cricket Club Won by 6 wkts
602329,6 Oct 2018,2018,1,Leederville v Coolbinia WP,Mercantile One Day,Coolbinia Reserve #1,Leederville Won by 22 runs
602330,17 Mar 2018,2017,SF,Scarborough Cricket Club v Coolbinia WP,7th Grade,Woodlands Reserve,Scarborough Cricket Club Won by 8 runs
602331,10 Mar 2018,2017,21,Coolbinia WP v Scarborough Cricket Club,7th Grade,Woodlands Reserve,Scarborough Cricket Club Won by 5 wkts
602332,3 Mar 2018,2017,14,Coolbinia WP v Karinyup,1st Grade,Karrinyup Reserve,Karinyup Won on 1st Innings by 1 runs
602333,3 Mar 2018,2017,14,Dianella Cricket Club v Coolbinia WP,3rd Grade,Coolbinia Reserve #2,Dianella Cricket Club Won outright by 77 runs
602334,3 Mar 2018,2017,14,Coolbinia WP v Stirling Cricket Club,5th Grade,Coolbinia Reserve #1,Stirling Cricket Club Won on 1st Innings by 1 runs
602335,3 Mar 2018,2017,20,Coolbinia WP v Scarborough Cricket Club,7th Grade,Woodlands Reserve,Scarborough Cricket Club Won by 7 wkts
602336,24 Feb 2018,2017,19,Coolbinia WP v Leederville,7th Grade,Wordsworth Reserve # 1,Coolbinia WP Won by 136 runs
602337,17 Feb 2018,2017,13,BayswaterPostels v Coolbinia WP,1st Grade,Coolbinia Reserve #2,Coolbinia WP Won on 1st Innings by 6 runs
602338,17 Feb 2018,2017,13,Coolbinia WP v SKLP Cricket Club,3rd Grade,Maguire Park,SKLP Cricket Club Won on 1st Innings by 116 runs
602339,17 Feb 2018,2017,13,Coolbinia WP v BayswaterPostels,5th Grade,Coolbinia Reserve #1,BayswaterPostels Won outright by 10 wkts
602340,17 Feb 2018,2017,18,AusInd Cricket Club v Coolbinia WP,7th Grade,Wordsworth Reserve # 1,AusInd Cricket Club Won by 55 runs
602341,10 Feb 2018,2017,17,Ferndale Lynwood CC v Coolbinia WP,7th Grade,Wordsworth Reserve # 1,Coolbinia WP Won by 3 wkts
602342,3 Feb 2018,2017,12,Belmont Cricket Club v Coolbinia WP,1st Grade,Peet Park#1,Belmont Cricket Club Won on 1st Innings by 106 runs
602343,3 Feb 2018,2017,12,Coolbinia WP v Belmont Cricket Club,3rd Grade,Coolbinia Reserve #2,Belmont Cricket Club Won on 1st Innings by 35 runs
602344,3 Feb 2018,2017,12,Leederville v Coolbinia WP,5th Grade,Coolbinia Reserve #1,Leederville Won on 1st Innings by 30 runs
602345,3 Feb 2018,2017,16,Ferndale Lynwood CC v Coolbinia WP,7th Grade,Ferndale Reserve Lower,Coolbinia WP Won by 4 wkts
602346,27 Jan 2018,2017,11,Carlisle Cricket Club v Coolbinia WP,1st Grade,Carlisle Reserve,Carlisle Cricket Club Won by 45 runs
602347,27 Jan 2018,2017,11,Coolbinia WP v Ascot Cricket Club,3rd Grade,Coolbinia Reserve #2,Ascot Cricket Club Won by 7 wkts
602348,27 Jan 2018,2017,11,Canningvale v Coolbinia WP,5th Grade,Coolbinia Reserve #1,Coolbinia WP Won by 4 wkts
602349,27 Jan 2018,2017,15,SKLP Cricket Club v Coolbinia WP,7th Grade,Wordsworth Reserve # 1,Coolbinia WP Won by 9 wkts
602350,20 Jan 2018,2017,14,Coolbinia WP v SKLP Cricket Club,7th Grade,Linthorne Res [ 208 M15],SKLP Cricket Club Won by 8 wkts
602351,13 Jan 2018,2017,10,Dianella Cricket Club v Coolbinia WP,1st Grade,Coolbinia Reserve #2,Dianella Cricket Club Won on 1st Innings by 46 runs
602352,13 Jan 2018,2017,10,Coolbinia WP v Scarborough Cricket Club,3rd Grade,Woodlands Reserve,Scarborough Cricket Club Won on 1st Innings by 94 runs
602353,13 Jan 2018,2017,10,Coolbinia WP v Mt Lawley Inglewood CC,5th Grade,Coolbinia Reserve #1,Mt Lawley Inglewood CC Won on 1st Innings by 39 runs
602354,13 Jan 2018,2017,13,Scarborough Cricket Club v Coolbinia WP,7th Grade,Wordsworth Reserve # 1,Scarborough Cricket Club Won by 69 runs
602355,6 Jan 2018,2017,9,Ascot Cricket Club v Coolbinia WP,1st Grade,Coolbinia Reserve #2,Ascot Cricket Club Won by 104 runs
602356,6 Jan 2018,2017,9,Ferndale Lynwood CC v Coolbinia WP,3rd Grade,Ferndale Reserve Lower,Ferndale Lynwood CC Won by 175 runs
602357,6 Jan 2018,2017,9,Coolbinia WP v Ascot Cricket Club,5th Grade,Middleton Park # 1,Ascot Cricket Club Won by 3 wkts
602358,6 Jan 2018,2017,12,Coolbinia WP v Leederville,7th Grade,Britannia Reserve Cent,Coolbinia WP Won by 75 runs
602359,16 Dec 2017,2017,8,Karinyup v Coolbinia WP,1st Grade,Coolbinia Reserve #2,Karinyup Won by 136 runs
602360,16 Dec 2017,2017,8,Dianella Cricket Club v Coolbinia WP,3rd Grade,Light Street Reserve #1,Coolbinia WP Won by 1 wkts
602361,16 Dec 2017,2017,8,Stirling Cricket Club v Coolbinia WP,5th Grade,Yokine Regional Open Space East - North,Stirling Cricket Club Won by 40 runs
602362,16 Dec 2017,2017,11,Coolbinia WP v AusInd Cricket Club,7th Grade,Coolbinia Reserve #1,AusInd Cricket Club Won by 4 wkts
602363,9 Dec 2017,2017,10,Coolbinia WP v Ferndale Lynwood CC,7th Grade,Ferndale Reserve Lower,Coolbinia WP Won by 46 runs
602364,2 Dec 2017,2017,7,Coolbinia WP v Leederville,1st Grade,Britannia Reserve West,Leederville Won on 1st Innings by 147 runs
602365,2 Dec 2017,2017,7,Coolbinia WP v Leederville,3rd Grade,Coolbinia Reserve #1,Leederville Won on 1st Innings by 157 runs
602366,2 Dec 2017,2017,7,Karinyup v Coolbinia WP,5th Grade,Coolbinia Reserve #2,Coolbinia WP Won on 1st Innings by 51 runs
602367,2 Dec 2017,2017,9,Coolbinia WP v Mt Lawley Inglewood CC,7th Grade,Wordsworth Reserve # 1,Coolbinia WP Won by 123 runs
602368,25 Nov 2017,2017,6,Coolbinia WP v Dianella Cricket Club,1st Grade,Light Street Reserve #1,Dianella Cricket Club Won by 6 wkts
602369,25 Nov 2017,2017,6,Coolbinia WP v Scarborough Cricket Club,3rd Grade,Coolbinia Reserve #1,Scarborough Cricket Club Won by 4 wkts
602370,25 Nov 2017,2017,6,Mt Lawley Inglewood CC v Coolbinia WP,5th Grade,Hamer Park #2,Mt Lawley Inglewood CC Won by 126 runs
602371,25 Nov 2017,2017,8,Coolbinia WP v SKLP Cricket Club,7th Grade,Linthorne Res [ 208 M15],SKLP Cricket Club Won by 5 wkts
602372,18 Nov 2017,2017,5,Belmont Cricket Club v Coolbinia WP,1st Grade,Coolbinia Reserve #1,Belmont Cricket Club Won by 63 runs
602373,18 Nov 2017,2017,5,Coolbinia WP v Belmont Cricket Club,3rd Grade,Peet Park#1,Coolbinia WP Won by 11 runs
602374,18 Nov 2017,2017,5,Coolbinia WP v Leederville,5th Grade,Britannia Reserve Cent,Leederville Won by 5 wkts
602375,18 Nov 2017,2017,7,Stirling Cricket Club v Coolbinia WP,7th Grade,Yokine Regional Open Space East - North,Coolbinia WP Won by 6 wkts
602376,11 Nov 2017,2017,6,Coolbinia WP v Scarborough Cricket Club,7th Grade,Woodlands Reserve,Scarborough Cricket Club Won by 4 wkts
602377,4 Nov 2017,2017,4,Coolbinia WP v Ascot Cricket Club,1st Grade,Middleton Park # 2,Coolbinia WP Won on 1st Innings by 8 runs
602378,4 Nov 2017,2017,4,Ferndale Lynwood CC v Coolbinia WP,3rd Grade,Ferndale Reserve Lower,Ferndale Lynwood CC Won outright by 10 wkts
602379,4 Nov 2017,2017,4,Ascot Cricket Club v Coolbinia WP,5th Grade,Coolbinia Reserve #1,Ascot Cricket Club Won outright by 10 wkts
602380,4 Nov 2017,2017,5,Leederville v Coolbinia WP,7th Grade,Brittania Reserve South [267Q1],Leederville Won by 72 runs
602381,28 Oct 2017,2017,4,Coolbinia WP v AusInd Cricket Club,7th Grade,Yokine Regional Open Space East - North,AusInd Cricket Club Won by 7 wkts
602382,21 Oct 2017,2017,3,Coolbinia WP v Carlisle Cricket Club,1st Grade,Coolbinia Reserve #1,Carlisle Cricket Club Won on 1st Innings by 114 runs
602383,21 Oct 2017,2017,3,Coolbinia WP v Ascot Cricket Club,3rd Grade,Middleton Park # 2,Ascot Cricket Club Won on 1st Innings by 71 runs
602384,21 Oct 2017,2017,3,Canningvale v Coolbinia WP,5th Grade,Canningvale Reserve,Canningvale Won on 1st Innings by 124 runs
602385,21 Oct 2017,2017,3,Ferndale Lynwood CC v Coolbinia WP,7th Grade,Ferndale Resrve Upper,Coolbinia WP Won by 1 wkts
602386,14 Oct 2017,2017,2,Coolbinia WP v BayswaterPostels,1st Grade,Hillcrest Reserve,BayswaterPostels Won by 9 wkts
602387,14 Oct 2017,2017,2,SKLP Cricket Club v Coolbinia WP,3rd Grade,Coolbinia Reserve #1,SKLP Cricket Club Won by 62 runs
602388,14 Oct 2017,2017,2,BayswaterPostels v Coolbinia WP,5th Grade,Deschamp Reserve [229 M11],BayswaterPostels Won by 17 runs
602389,14 Oct 2017,2017,2,Mt Lawley Inglewood CC v Coolbinia WP,7th Grade,Hamer Park # 1,Coolbinia WP Won by 6 wkts
602390,7 Oct 2017,2017,1,Leederville v Coolbinia WP,1st Grade,Coolbinia Reserve #1,Leederville Won by 33 runs
602391,7 Oct 2017,2017,1,Coolbinia WP v Leederville,3rd Grade,Britannia Reserve West,Leederville Won by 3 wkts
602392,7 Oct 2017,2017,1,Coolbinia WP v Karinyup,5th Grade,Lake Gwellup Reserve,Karinyup Won by 1 wkts
602393,7 Oct 2017,2017,1,SKLP Cricket Club v Coolbinia WP,7th Grade,Yokine Regional Open Space East - North,SKLP Cricket Club Won by 56 runs
602395,25 Mar 2017,2016,GF,Karinyup v Coolbinia WP,5th Grade,Karrinyup Reserve,Karinyup Won on 1st Innings by 57 runs
602394,25 Mar 2017,2016,GF,Scarborough Cricket Club v Coolbinia WP,9th Grade,Coolbinia Reserve #2,Scarborough Cricket Club Won on 1st Innings by 81 runs
602397,18 Mar 2017,2016,SF,Leederville v Coolbinia WP,5th Grade,Britannia Reserve Cent,Coolbinia WP Won on 1st Innings by 10 runs
602396,18 Mar 2017,2016,SF,Karinyup v Coolbinia WP,9th Grade,Yaluma Park,Coolbinia WP Won on 1st Innings by 8 runs
602398,4 Mar 2017,2016,14,Karinyup v Coolbinia WP,1st Grade,Coolbinia Reserve #2,Karinyup Won on 1st Innings by 11 runs
602402,4 Mar 2017,2016,14,Karinyup v Coolbinia WP,3rd Grade,Karrinyup Reserve,Coolbinia WP Won on 1st Innings by 71 runs
602401,4 Mar 2017,2016,14,Karinyup v Coolbinia WP,5th Grade,Coolbinia Reserve #1,Karinyup Won on 1st Innings by 20 runs
602400,4 Mar 2017,2016,15,Coolbinia WP v Ferndale Lynwood CC,6th Grade,Ferndale Resrve Upper,Coolbinia WP Won on 1st Innings by 14 runs
602399,4 Mar 2017,2016,15,Coolbinia WP v Ferndale Lynwood CC,9th Grade,Yokine Regional Open Space East - North,Coolbinia WP Won outright 0 runs
602403,18 Feb 2017,2016,13,SKLP Cricket Club v Coolbinia WP,1st Grade,Maguire Park,Coolbinia WP Won on 1st Innings by 77 runs
602407,18 Feb 2017,2016,13,Coolbinia WP v SKLP Cricket Club,3rd Grade,Coolbinia Reserve #2,SKLP Cricket Club Won on 1st Innings by 2 runs
602406,18 Feb 2017,2016,13,BayswaterPostels v Coolbinia WP,5th Grade,Deschamp Reserve [229 M11],BayswaterPostels Won on 1st Innings by 75 runs
602405,18 Feb 2017,2016,14,Coolbinia WP v Mt Lawley Inglewood CC,6th Grade,Coolbinia Reserve #1,Mt Lawley Inglewood CC Won outright by 9 wkts
602404,18 Feb 2017,2016,14,Coolbinia WP v Karinyup,9th Grade,Lake Gwellup Reserve,Karinyup Won on 1st Innings 0 runs
602408,4 Feb 2017,2016,12,Belmont Cricket Club v Coolbinia WP,1st Grade,Coolbinia Reserve #2,Coolbinia WP Won on 1st Innings by 20 runs
602412,4 Feb 2017,2016,12,AusInd Cricket Club v Coolbinia WP,3rd Grade,Barry Brittan Reserve,AusInd Cricket Club Won on 1st Innings by 59 runs
602411,4 Feb 2017,2016,12,Leederville v Coolbinia WP,5th Grade,Coolbinia Reserve #1,Coolbinia WP Won on 1st Innings by 5 runs
602410,4 Feb 2017,2016,13,Coolbinia WP v Dianella Cricket Club,6th Grade,Light Street Reserve # 2,Dianella Cricket Club Won on 1st Innings by 71 runs
602409,4 Feb 2017,2016,13,Coolbinia WP v Leederville,9th Grade,Yokine Regional Open Space East - South,Coolbinia WP Won on 1st Innings by 15 runs
602413,28 Jan 2017,2016,11,Carlisle Cricket Club v Coolbinia WP,1st Grade,Coolbinia Reserve #2,Coolbinia WP Won by 2 wkts
602415,28 Jan 2017,2016,11,Coolbinia WP v Canningvale,3rd Grade,Canningvale Reserve,Coolbinia WP Won by 25 runs
602414,28 Jan 2017,2016,11,Coolbinia WP v University,5th Grade,Coolbinia Reserve #1,Coolbinia WP Won by 31 runs
602417,21 Jan 2017,2016,12,Stirling Cricket Club v Coolbinia WP,6th Grade,Yokine Regional Open Space East - South,Stirling Cricket Club Won by 125 runs
602416,21 Jan 2017,2016,12,Canningvale v Coolbinia WP,9th Grade,Clifton Oval,Coolbinia WP Won by 3 wkts
602418,14 Jan 2017,2016,10,Coolbinia WP v Stirling Cricket Club,1st Grade,Yokine Regional Open Space East - North,Coolbinia WP Won on 1st Innings by 14 runs
602422,14 Jan 2017,2016,10,Ascot Cricket Club v Coolbinia WP,3rd Grade,Coolbinia Reserve #2,Ascot Cricket Club Won on 1st Innings by 80 runs
602421,14 Jan 2017,2016,10,Ascot Cricket Club v Coolbinia WP,5th Grade,Middleton Park # 1,Coolbinia WP Won on 1st Innings by 8 runs
602420,14 Jan 2017,2016,11,Scarborough Cricket Club v Coolbinia WP,6th Grade,Coolbinia Reserve #1,Scarborough Cricket Club Won by 128 runs
602419,14 Jan 2017,2016,11,Scarborough Cricket Club v Coolbinia WP,9th Grade,Woodlands Reserve,Scarborough Cricket Club Won by 43 runs
602423,7 Jan 2017,2016,9,Coolbinia WP v Ascot Cricket Club,1st Grade,Middleton Park # 2,Ascot Cricket Club Won by 6 wkts
602427,7 Jan 2017,2016,9,Greenrange v Coolbinia WP,3rd Grade,Coolbinia Reserve #2,Coolbinia WP Won by 7 wkts
602426,7 Jan 2017,2016,9,Coolbinia WP v Belmont Cricket Club,5th Grade,Coolbinia Reserve #1,Coolbinia WP Won by 102 runs
602425,7 Jan 2017,2016,10,Leederville v Coolbinia WP,6th Grade,Yokine Regional Open Space East - South,Coolbinia WP Won by 3 wkts
602424,7 Jan 2017,2016,10,Coolbinia WP v Ferndale Lynwood CC,9th Grade,Ferndale Resrve Upper,Coolbinia WP Won by 82 runs
602428,17 Dec 2016,2016,8,Karinyup v Coolbinia WP,1st Grade,Karrinyup Reserve,Karinyup Won by 19 runs
602432,17 Dec 2016,2016,8,Karinyup v Coolbinia WP,3rd Grade,Coolbinia Reserve #2,Coolbinia WP Won by 2 wkts
602431,17 Dec 2016,2016,8,Karinyup v Coolbinia WP,5th Grade,Lake Gwellup Reserve,Karinyup Won by 48 runs
602430,17 Dec 2016,2016,9,Coolbinia WP v Canningvale,6th Grade,Coolbinia Reserve #1,Canningvale Won by 3 wkts
602429,17 Dec 2016,2016,9,Karinyup v Coolbinia WP,9th Grade,Wordsworth Reserve # 1,Karinyup Won by 2 runs
602433,3 Dec 2016,2016,7,Leederville v Coolbinia WP,1st Grade,Coolbinia Reserve #2,Leederville Won on 1st Innings by 91 runs
602437,3 Dec 2016,2016,7,Coolbinia WP v Leederville,3rd Grade,Britannia Reserve West,Coolbinia WP Won on 1st Innings by 26 runs
602436,3 Dec 2016,2016,7,Coolbinia WP v Carlisle Cricket Club,5th Grade,Coolbinia Reserve #1,Coolbinia WP Won on 1st Innings by 131 runs
602435,3 Dec 2016,2016,8,Coolbinia WP v Stirling Cricket Club,6th Grade,Yokine Regional Open Space East - South,Stirling Cricket Club Won on 1st Innings by 19 runs
602434,3 Dec 2016,2016,8,Coolbinia WP v Scarborough Cricket Club,9th Grade,Wordsworth Reserve # 2,Scarborough Cricket Club Won outright by 8 wkts
602438,26 Nov 2016,2016,6,Stirling Cricket Club v Coolbinia WP,1st Grade,Coolbinia Reserve #2,Coolbinia WP Won by 8 wkts
602442,26 Nov 2016,2016,6,Coolbinia WP v Ascot Cricket Club,3rd Grade,Middleton Park # 2,Ascot Cricket Club Won by 4 wkts
602441,26 Nov 2016,2016,6,Coolbinia WP v Ascot Cricket Club,5th Grade,Coolbinia Reserve #1,Coolbinia WP Won by 41 runs
602440,26 Nov 2016,2016,7,Coolbinia WP v Mt Lawley Inglewood CC,6th Grade,Hamer Park #2,Mt Lawley Inglewood CC Won by 4 wkts
602439,26 Nov 2016,2016,7,Coolbinia WP v Leederville,9th Grade,Wordsworth Reserve # 2,Coolbinia WP Won by 28 runs
602443,19 Nov 2016,2016,5,Coolbinia WP v Belmont Cricket Club,1st Grade,Peet Park#1,Coolbinia WP Won by 95 runs
602448,19 Nov 2016,2016,5,AusInd Cricket Club v Coolbinia WP,3rd Grade,Coolbinia Reserve #2,AusInd Cricket Club Won by 4 runs
602447,19 Nov 2016,2016,5,Leederville v Coolbinia WP,5th Grade,Britannia Reserve North,Leederville Won by 133 runs
602446,19 Nov 2016,2016,6,Dianella Cricket Club v Coolbinia WP,6th Grade,Coolbinia Reserve #1,Coolbinia WP Won by 3 wkts
602445,19 Nov 2016,2016,6,Ferndale Lynwood CC v Coolbinia WP,9th Grade,Ferndale Reserve Lower,Ferndale Lynwood CC Won by forfeit
602444,19 Nov 2016,2016,7,Carlisle Cricket Club v Coolbinia WP,Metropolitan One Day,Wordsworth Reserve # 1,Carlisle Cricket Club Won by 58 runs
602449,12 Nov 2016,2016,6,Belmont Cricket Club v Coolbinia WP,Metropolitan One Day,Wordsworth Reserve # 1,Belmont Cricket Club Won by 140 runs
602450,5 Nov 2016,2016,4,Ascot Cricket Club v Coolbinia WP,1st Grade,Coolbinia Reserve #2,Ascot Cricket Club Won on 1st Innings by 98 runs
602455,5 Nov 2016,2016,4,Coolbinia WP v Greenrange,3rd Grade,City Beach Lower,Greenrange Won outright by 10 wkts
602454,5 Nov 2016,2016,4,Coolbinia WP v Belmont Cricket Club,5th Grade,Peet Park 2 [290 E3],Belmont Cricket Club Won on 1st Innings by 67 runs
602453,5 Nov 2016,2016,5,Coolbinia WP v Scarborough Cricket Club,6th Grade,Woodlands Reserve,Scarborough Cricket Club Won on 1st Innings by 91 runs
602452,5 Nov 2016,2016,5,Coolbinia WP v Canningvale,9th Grade,Coolbinia Reserve #1,Coolbinia WP Won on 1st Innings by 79 runs
602451,5 Nov 2016,2016,5,Greenrange v Coolbinia WP,Metropolitan One Day,City Beach Upper,Greenrange Won by 181 runs
602458,29 Oct 2016,2016,4,Coolbinia WP v Ferndale Lynwood CC,6th Grade,Coolbinia Reserve #1,Coolbinia WP Won by 64 runs
602457,29 Oct 2016,2016,4,Coolbinia WP v Karinyup,9th Grade,Yaluma Park,Karinyup Won by 6 wkts
602456,29 Oct 2016,2016,4,Coolbinia WP v Mt Lawley Inglewood CC,Metropolitan One Day,Yokine Regional Open Space East - South,Coolbinia WP Won by 24 runs
602459,22 Oct 2016,2016,3,Coolbinia WP v Carlisle Cricket Club,1st Grade,Carlisle Reserve,Coolbinia WP Won on 1st Innings by 106 runs
602464,22 Oct 2016,2016,3,Canningvale v Coolbinia WP,3rd Grade,Coolbinia Reserve #2,Canningvale Won on 1st Innings by 69 runs
602463,22 Oct 2016,2016,3,Coolbinia WP v University,5th Grade,Les Lilleyman Resrve,University Won on 1st Innings by 113 runs
602462,22 Oct 2016,2016,3,Leederville v Coolbinia WP,6th Grade,Coolbinia Reserve #1,Coolbinia WP Won by 3 wkts
602461,22 Oct 2016,2016,3,Coolbinia WP v Leederville,9th Grade,Yaluma Park,Coolbinia WP Won by 84 runs
602460,22 Oct 2016,2016,3,Coolbinia WP v Floreat Hellenic,Metropolitan One Day,Forrest Park 3,Floreat Hellenic Won by 8 wkts
602465,15 Oct 2016,2016,2,SKLP Cricket Club v Coolbinia WP,1st Grade,Coolbinia Reserve #2,Coolbinia WP Won by 5 wkts
602470,15 Oct 2016,2016,2,Coolbinia WP v SKLP Cricket Club,3rd Grade,Maguire Park,SKLP Cricket Club Won by 5 wkts
602469,15 Oct 2016,2016,2,Coolbinia WP v BayswaterPostels,5th Grade,Coolbinia Reserve #1,Coolbinia WP Won by 46 runs
602468,15 Oct 2016,2016,2,Coolbinia WP v Canningvale,6th Grade,Clifton Oval,Canningvale Won by 4 wkts
602467,15 Oct 2016,2016,2,Scarborough Cricket Club v Coolbinia WP,9th Grade,Woodlands Reserve,Coolbinia WP Won by 3 wkts
602466,15 Oct 2016,2016,2,Carlisle Cricket Club v Coolbinia WP,Metropolitan One Day,Higgins Park,Carlisle Cricket Club Won 0 runs
602471,8 Oct 2016,2016,1,Leederville v Coolbinia WP,1st Grade,Britannia Reserve West,Match Drawn
602476,8 Oct 2016,2016,1,Leederville v Coolbinia WP,3rd Grade,Coolbinia Reserve #2,Leederville Won by 102 runs
602475,8 Oct 2016,2016,1,Carlisle Cricket Club v Coolbinia WP,5th Grade,Higgins Park,Match Drawn
602474,8 Oct 2016,2016,1,Stirling Cricket Club v Coolbinia WP,6th Grade,Coolbinia Reserve #1,Match Drawn
602473,8 Oct 2016,2016,1,Coolbinia WP v Canningvale,9th Grade,Yokine Regional Open Space East - South,Match Drawn
602472,8 Oct 2016,2016,1,Coolbinia WP v Belmont Cricket Club,Metropolitan One Day,Wordsworth Reserve # 1,Match Drawn
602477,19 Mar 2016,2015,GF,Coolbinia WP v Ferndale Lynwood CC,2nd Grade,Coolbinia Reserve #2,Ferndale Lynwood CC Won on 1st Innings by 6 runs
602478,19 Mar 2016,2015,GF,Belmont Cricket Club v Coolbinia WP,6th Grade,Peet Park 2 [290 E3],Coolbinia WP Won on 1st Innings by 4 runs
602479,19 Mar 2016,2015,GF,Coolbinia WP v Scarborough Cricket Club,7th Grade,Buntine Castle,Scarborough Cricket Club Won on 1st Innings by 1 runs
602480,19 Mar 2016,2015,GF,Coolbinia WP v Carlisle Cricket Club,9th Grade,Coolbinia Reserve #1,Carlisle Cricket Club Won on 1st Innings by 3 runs
602481,12 Mar 2016,2015,SF,Coolbinia WP v Dianella Cricket Club,2nd Grade,Coolbinia Reserve #2,Coolbinia WP Won on 1st Innings by 129 runs
602482,12 Mar 2016,2015,SF,Coolbinia WP v Leederville,4th Grade,Britannia Reserve North,Leederville Won on 1st Innings by 4 runs
602483,12 Mar 2016,2015,SF,Mt Lawley Inglewood CC v Coolbinia WP,6th Grade,Coolbinia Reserve #1,Coolbinia WP Won on 1st Innings by 54 runs
602484,12 Mar 2016,2015,SF,Coolbinia WP v SKLP Cricket Club,7th Grade,Yokine Regional Open Space East - South,Coolbinia WP Won on 1st Innings by 72 runs
602485,27 Feb 2016,2015,14,Coolbinia WP v Karinyup,2nd Grade,Coolbinia Reserve #2,Coolbinia WP Won outright by 142 runs
602486,27 Feb 2016,2015,14,Coolbinia WP v University,4th Grade,Les Lilleyman Resrve,Coolbinia WP Won on 1st Innings by 12 runs
602487,27 Feb 2016,2015,14,Dianella Cricket Club v Coolbinia WP,6th Grade,Coolbinia Reserve #1,Coolbinia WP Won on 1st Innings by 12 runs
602488,27 Feb 2016,2015,14,Coolbinia WP v Scarborough Cricket Club,7th Grade,Woodlands Reserve,Coolbinia WP Won on 1st Innings by 71 runs
602489,27 Feb 2016,2015,15,Coolbinia WP v Carlisle Cricket Club,9th Grade,Ferndale Resrve Upper,Carlisle Cricket Club Won on 1st Innings by 13 runs
602490,13 Feb 2016,2015,13,Coolbinia WP v BayswaterPostels,2nd Grade,Hillcrest Reserve,Coolbinia WP Won on 1st Innings by 263 runs
602491,13 Feb 2016,2015,13,Coolbinia WP v Leederville,4th Grade,Coolbinia Reserve #2,Coolbinia WP Won on 1st Innings by 81 runs
602492,13 Feb 2016,2015,13,Leederville v Coolbinia WP,6th Grade,Britannia Reserve Cent,Coolbinia WP Won on 1st Innings by 44 runs
602493,13 Feb 2016,2015,13,Coolbinia WP v BayswaterPostels,7th Grade,Coolbinia Reserve #1,Coolbinia WP Won on 1st Innings by 251 runs
602494,13 Feb 2016,2015,14,Karinyup v Coolbinia WP,9th Grade,Yaluma Park,Coolbinia WP Won on 1st Innings by 4 runs
602495,30 Jan 2016,2015,12,Coolbinia WP v SKLP Cricket Club,2nd Grade,Maguire Park,Coolbinia WP Won on 1st Innings by 23 runs
602496,30 Jan 2016,2015,12,Coolbinia WP v Karinyup,4th Grade,Karrinyup Reserve,Karinyup Won on 1st Innings by 34 runs
602497,30 Jan 2016,2015,12,Belmont Cricket Club v Coolbinia WP,6th Grade,Peet Park 2 [290 E3],Coolbinia WP Won on 1st Innings by 9 runs
602498,30 Jan 2016,2015,12,Coolbinia WP v Carlisle Cricket Club,7th Grade,Coolbinia Reserve #2,No Result
602499,30 Jan 2016,2015,13,Ferndale Lynwood CC v Coolbinia WP,9th Grade,Coolbinia Reserve #1,Coolbinia WP Won on 1st Innings by 17 runs
602500,23 Jan 2016,2015,11,Coolbinia WP v Dianella Cricket Club,2nd Grade,Coolbinia Reserve #2,Dianella Cricket Club Won by 10 wkts
602501,23 Jan 2016,2015,11,Greenrange v Coolbinia WP,4th Grade,City Beach Lower,Greenrange Won by 31 runs
602502,23 Jan 2016,2015,12,Coolbinia WP v Dianella Cricket Club,9th Grade,Coolbinia Reserve #1,Dianella Cricket Club Won by 5 wkts
602503,16 Jan 2016,2015,11,Coolbinia WP v AusInd Cricket Club,6th Grade,Coolbinia Reserve #1,AusInd Cricket Club Won by 5 wkts
602504,16 Jan 2016,2015,11,Ascot Cricket Club v Coolbinia WP,7th Grade,Centenary Park,Coolbinia WP Won by 1 wkts
602505,16 Jan 2016,2015,11,Coolbinia WP v Mt Lawley Inglewood CC,9th Grade,Wordsworth Reserve # 2,Mt Lawley Inglewood CC Won by 3 wkts
602506,9 Jan 2016,2015,10,Coolbinia WP v Floreat Hellenic,2nd Grade,Coolbinia Reserve #2,Coolbinia WP Won on 1st Innings by 60 runs
602507,9 Jan 2016,2015,10,SKLP Cricket Club v Coolbinia WP,4th Grade,Maguire Park,Coolbinia WP Won outright by 10 wkts
602510,9 Jan 2016,2015,10,Canningvale v Coolbinia WP,6th Grade,Robertsbridge Reserve,Coolbinia WP Won by 5 wkts
602508,9 Jan 2016,2015,10,Coolbinia WP v SKLP Cricket Club,7th Grade,Linthorne Res [ 208 M15],Coolbinia WP Won by 127 runs
602509,9 Jan 2016,2015,10,Coolbinia WP v Dianella Cricket Club,9th Grade,Light Street Reserve # 2,Coolbinia WP Won by 106 runs
602511,19 Dec 2015,2015,9,Ferndale Lynwood CC v Coolbinia WP,2nd Grade,Ferndale Reserve Lower,Coolbinia WP Won by 1 wkts
602512,19 Dec 2015,2015,9,Coolbinia WP v Ascot Cricket Club,4th Grade,Coolbinia Reserve #2,Ascot Cricket Club Won by 5 wkts
602513,19 Dec 2015,2015,9,Coolbinia WP v Mt Lawley Inglewood CC,6th Grade,Wordsworth Reserve # 1,Coolbinia WP Won by 56 runs
602514,19 Dec 2015,2015,9,Karinyup v Coolbinia WP,7th Grade,Robertsbridge Reserve,Karinyup Won by 35 runs
602515,19 Dec 2015,2015,9,Carlisle Cricket Club v Coolbinia WP,9th Grade,Ferndale Resrve Upper,Coolbinia WP Won by 7 wkts
602518,12 Dec 2015,2015,8,Karinyup v Coolbinia WP,2nd Grade,Lake Gwellup Reserve,Coolbinia WP Won by 5 wkts
602517,12 Dec 2015,2015,8,Coolbinia WP v University,4th Grade,Coolbinia Reserve #2,Coolbinia WP Won by 10 runs
602516,12 Dec 2015,2015,8,Coolbinia WP v Dianella Cricket Club,6th Grade,Light Street Reserve # 2,Coolbinia WP Won by 120 runs
602519,12 Dec 2015,2015,8,Coolbinia WP v Scarborough Cricket Club,7th Grade,Woodlands Reserve,Scarborough Cricket Club Won by 7 wkts
602520,12 Dec 2015,2015,8,Coolbinia WP v Karinyup,9th Grade,Robertsbridge Reserve,Coolbinia WP Won by 26 runs
602525,28 Nov 2015,2015,7,Coolbinia WP v Leederville,2nd Grade,Coolbinia Reserve #2,Coolbinia WP Won on 1st Innings by 98 runs
602524,28 Nov 2015,2015,7,Mt Lawley Inglewood CC v Coolbinia WP,4th Grade,Hamer Park # 1,Match Drawn
602523,28 Nov 2015,2015,7,Coolbinia WP v Ferndale Lynwood CC,6th Grade,Robertsbridge Reserve,Coolbinia WP Won on 1st Innings by 18 runs
602521,28 Nov 2015,2015,7,Coolbinia WP v Leederville,7th Grade,Britannia Reserve Cent,Coolbinia WP Won on 1st Innings by 140 runs
602522,28 Nov 2015,2015,7,Coolbinia WP v Mt Lawley Inglewood CC,9th Grade,Wordsworth Reserve # 1,Mt Lawley Inglewood CC Won on 1st Innings by 79 runs
602526,21 Nov 2015,2015,6,Floreat Hellenic v Coolbinia WP,2nd Grade,Beatty Park,Coolbinia WP Won by 4 wkts
602527,21 Nov 2015,2015,6,SKLP Cricket Club v Coolbinia WP,4th Grade,Coolbinia Reserve #2,SKLP Cricket Club Won by 30 runs
602528,21 Nov 2015,2015,6,Canningvale v Coolbinia WP,6th Grade,Clifton Oval,Coolbinia WP Won by 6 wkts
602529,21 Nov 2015,2015,6,Coolbinia WP v BayswaterPostels,7th Grade,Robertsbridge Reserve,Coolbinia WP Won by 104 runs
602530,21 Nov 2015,2015,6,Coolbinia WP v Carlisle Cricket Club,9th Grade,Ferndale Resrve Upper,Carlisle Cricket Club Won by 2 wkts
602531,14 Nov 2015,2015,5,Coolbinia WP v SKLP Cricket Club,2nd Grade,Coolbinia Reserve #2,SKLP Cricket Club Won by 7 wkts
602532,14 Nov 2015,2015,5,Karinyup v Coolbinia WP,4th Grade,Robertsbridge Reserve,Coolbinia WP Won by 4 wkts
602533,14 Nov 2015,2015,5,Coolbinia WP v Belmont Cricket Club,6th Grade,Peet Park 2 [290 E3],Belmont Cricket Club Won by 9 wkts
602534,14 Nov 2015,2015,5,Ascot Cricket Club v Coolbinia WP,7th Grade,Middleton Park # 2,Coolbinia WP Won by 7 wkts
602535,14 Nov 2015,2015,5,Ferndale Lynwood CC v Coolbinia WP,9th Grade,Ferndale Reserve Lower,Coolbinia WP Won by 10 wkts
602536,7 Nov 2015,2015,4,Coolbinia WP v Ferndale Lynwood CC,2nd Grade,Coolbinia Reserve #2,Coolbinia WP Won on 1st Innings by 5 runs
602537,7 Nov 2015,2015,4,Coolbinia WP v Ascot Cricket Club,4th Grade,Middleton Park # 1,Ascot Cricket Club Won on 1st Innings by 70 runs
602538,7 Nov 2015,2015,4,Mt Lawley Inglewood CC v Coolbinia WP,6th Grade,Robertsbridge Reserve,Mt Lawley Inglewood CC Won by 93 runs
602539,7 Nov 2015,2015,4,Carlisle Cricket Club v Coolbinia WP,7th Grade,Higgins Park,Coolbinia WP Won by 7 wkts
602540,7 Nov 2015,2015,4,Coolbinia WP v Mt Lawley Inglewood CC,9th Grade,Wordsworth Reserve # 1,Coolbinia WP Won by 58 runs
602541,24 Oct 2015,2015,3,Coolbinia WP v Dianella Cricket Club,2nd Grade,Light Street Reserve #1,Coolbinia WP Won on 1st Innings by 18 runs
602542,24 Oct 2015,2015,3,Greenrange v Coolbinia WP,4th Grade,Coolbinia Reserve #2,Greenrange Won on 1st Innings by 305 runs
602543,24 Oct 2015,2015,3,Coolbinia WP v AusInd Cricket Club,6th Grade,Barry Brittan Reserve,Coolbinia WP Won on 1st Innings by 74 runs
602544,24 Oct 2015,2015,3,Coolbinia WP v SKLP Cricket Club,7th Grade,Linthorne Resreve,SKLP Cricket Club Won on 1st Innings by 43 runs
602545,24 Oct 2015,2015,3,Coolbinia WP v Dianella Cricket Club,9th Grade,Light Street Reserve # 2,Dianella Cricket Club Won outright by 3 runs
602546,17 Oct 2015,2015,2,Coolbinia WP v BayswaterPostels,2nd Grade,Coolbinia Reserve #2,BayswaterPostels Won by 3 wkts
602547,17 Oct 2015,2015,2,Coolbinia WP v Leederville,4th Grade,Britannia Reserve North,Leederville Won by 6 wkts
602548,17 Oct 2015,2015,2,Coolbinia WP v Leederville,6th Grade,Robertsbridge Reserve,Coolbinia WP Won by 3 runs
602549,17 Oct 2015,2015,2,Coolbinia WP v Karinyup,7th Grade,Karrinyup Reserve,Coolbinia WP Won by 13 runs
602550,17 Oct 2015,2015,2,Karinyup v Coolbinia WP,9th Grade,Yaluma Park,Karinyup Won by 29 runs
602551,10 Oct 2015,2015,1,Leederville v Coolbinia WP,2nd Grade,Britannia Reserve West,Coolbinia WP Won by 2 wkts
602552,10 Oct 2015,2015,1,Mt Lawley Inglewood CC v Coolbinia WP,4th Grade,Coolbinia Reserve #2,Coolbinia WP Won by 7 wkts
602553,10 Oct 2015,2015,1,Ferndale Lynwood CC v Coolbinia WP,6th Grade,Ferndale Reserve Lower,Ferndale Lynwood CC Won by 50 runs
602554,10 Oct 2015,2015,1,Leederville v Coolbinia WP,7th Grade,Robertsbridge Reserve,Leederville Won by 31 runs
602555,10 Oct 2015,2015,1,Ferndale Lynwood CC v Coolbinia WP,9th Grade,Ferndale Resrve Upper,Ferndale Lynwood CC Won by 106 runs
602556,21 Mar 2015,2014,GF,Coolbinia WP v Greenrange,8th Grade,Coolbinia Reserve #2,Coolbinia WP Won on 1st Innings by 52 runs
602557,21 Mar 2015,2014,GF,Coolbinia WP v Floreat Hellenic,Metropolitan One Day,Robertsbridge Reserve,Floreat Hellenic Won by 5 wkts
602558,14 Mar 2015,2014,SF,Coolbinia WP v University,8th Grade,Coolbinia Reserve #2,Coolbinia WP Won on 1st Innings by 99 runs
602559,14 Mar 2015,2014,SF,Scarborough Cricket Club v Coolbinia WP,Metropolitan One Day,Woodlands Reserve,Coolbinia WP Won by 3 wkts
602560,7 Mar 2015,2014,20,Coolbinia WP v Scarborough Cricket Club,Metropolitan One Day,Woodlands Reserve,Scarborough Cricket Club Won by 2 wkts
602561,28 Feb 2015,2014,14,Stirling Cricket Club v Coolbinia WP,2nd Grade,Coolbinia Reserve #1,Stirling Cricket Club Won on 1st Innings by 10 runs
602563,28 Feb 2015,2014,14,Belmont Cricket Club v Coolbinia WP,3rd Grade,Coolbinia Reserve #2,Belmont Cricket Club Won on 1st Innings by 99 runs
602564,28 Feb 2015,2014,14,Coolbinia WP v Karinyup,5th Grade,Robertsbridge Reserve,Karinyup Won on 1st Innings by 13 runs
602562,28 Feb 2015,2014,14,Coolbinia WP v Greenrange,8th Grade,City Beach Lower,Greenrange Won on 1st Innings by 71 runs
602565,28 Feb 2015,2014,19,Coolbinia WP v Floreat Hellenic,Metropolitan One Day,Empire Avenue Reserve,Coolbinia WP Won by 16 runs
602566,21 Feb 2015,2014,18,Coolbinia WP v Belmont Cricket Club,Metropolitan One Day,Peet Park 2 [290 E3],Belmont Cricket Club Won by 6 wkts
602567,14 Feb 2015,2014,13,Coolbinia WP v BayswaterPostels,2nd Grade,Coolbinia Reserve #2,BayswaterPostels Won on 1st Innings by 55 runs
602570,14 Feb 2015,2014,13,Coolbinia WP v University,3rd Grade,Menzies Park [247 P14],University Won on 1st Innings by 152 runs
602571,14 Feb 2015,2014,13,Coolbinia WP v BayswaterPostels,5th Grade,Hillcrest Reserve,BayswaterPostels Won on 1st Innings by 161 runs
602568,14 Feb 2015,2014,13,University v Coolbinia WP,8th Grade,Robertsbridge Reserve,Coolbinia WP Won on 1st Innings by 52 runs
602569,14 Feb 2015,2014,17,Coolbinia WP v Mt Lawley Inglewood CC,Metropolitan One Day,Wordsworth Reserve # 1,Coolbinia WP Won by 8 runs
602572,7 Feb 2015,2014,16,Coolbinia WP v Karinyup,Metropolitan One Day,Robertsbridge Reserve,Karinyup Won by 3 wkts
602573,31 Jan 2015,2014,12,Coolbinia WP v SKLP Cricket Club,2nd Grade,Coolbinia Reserve #2,Coolbinia WP Won on 1st Innings by 109 runs
602574,31 Jan 2015,2014,12,Ascot Cricket Club v Coolbinia WP,3rd Grade,Middleton Park # 2,Coolbinia WP Won on 1st Innings by 158 runs
602575,31 Jan 2015,2014,12,Mt Lawley Inglewood CC v Coolbinia WP,5th Grade,Hamer Park #2,Mt Lawley Inglewood CC Won on 1st Innings by 68 runs
602576,31 Jan 2015,2014,12,Coolbinia WP v Ferndale Lynwood CC,8th Grade,Wordsworth Reserve # 1,Coolbinia WP Won on 1st Innings by 208 runs
602577,31 Jan 2015,2014,15,Coolbinia WP v Scarborough Cricket Club,Metropolitan One Day,Robertsbridge Reserve,Coolbinia WP Won by 27 runs
602578,24 Jan 2015,2014,11,Leederville v Coolbinia WP,2nd Grade,Coolbinia Reserve #2,Coolbinia WP Won by 4 wkts
602581,24 Jan 2015,2014,11,Dianella Cricket Club v Coolbinia WP,3rd Grade,Light Street Reserve # 2,Coolbinia WP Won by 3 wkts
602579,24 Jan 2015,2014,11,Coolbinia WP v Ascot Cricket Club,5th Grade,Robertsbridge Reserve,Coolbinia WP Won by 14 runs
602580,24 Jan 2015,2014,14,Floreat Hellenic v Coolbinia WP,Metropolitan One Day,Empire Avenue Reserve,Floreat Hellenic Won by 122 runs
602583,17 Jan 2015,2014,11,Dianella Cricket Club v Coolbinia WP,8th Grade,Wordsworth Reserve # 2,Coolbinia WP Won by 1 wkts
602582,17 Jan 2015,2014,13,Belmont Cricket Club v Coolbinia WP,Metropolitan One Day,Peet Park 2 [290 E3],Coolbinia WP Won by 3 wkts
602586,10 Jan 2015,2014,10,Canningvale v Coolbinia WP,2nd Grade,Canningvale Reserve,Canningvale Won on 1st Innings by 12 runs
602587,10 Jan 2015,2014,10,Coolbinia WP v Mt Lawley Inglewood CC,3rd Grade,Coolbinia Reserve #2,Coolbinia WP Won on 1st Innings by 55 runs
602588,10 Jan 2015,2014,10,Leederville v Coolbinia WP,5th Grade,Robertsbridge Reserve,Coolbinia WP Won on 1st Innings by 70 runs
602584,10 Jan 2015,2014,10,Coolbinia WP v Stirling Cricket Club,8th Grade,Coolbinia Reserve #1,Coolbinia WP Won by 67 runs
602585,10 Jan 2015,2014,12,Mt Lawley Inglewood CC v Coolbinia WP,Metropolitan One Day,Empire Avenue Reserve,Coolbinia WP Won by 1 wkts
602589,3 Jan 2015,2014,9,Coolbinia WP v Ferndale Lynwood CC,2nd Grade,Coolbinia Reserve #2,Coolbinia WP Won by 11 runs
602590,3 Jan 2015,2014,9,Coolbinia WP v Floreat Hellenic,3rd Grade,Beatty Park,Floreat Hellenic Won by 10 wkts
602591,3 Jan 2015,2014,9,Belmont Cricket Club v Coolbinia WP,5th Grade,Robertsbridge Reserve,Belmont Cricket Club Won by 32 runs
602592,20 Dec 2014,2014,8,Karinyup v Coolbinia WP,2nd Grade,Coolbinia Reserve #2,Coolbinia WP Won by 3 wkts
602593,20 Dec 2014,2014,8,Carlisle Cricket Club v Coolbinia WP,3rd Grade,Robertsbridge Reserve,Coolbinia WP Won by 2 wkts
602594,20 Dec 2014,2014,8,Carlisle Cricket Club v Coolbinia WP,5th Grade,Carlisle Reserve,Carlisle Cricket Club Won by 50 runs
602595,20 Dec 2014,2014,9,Coolbinia WP v Leederville,8th Grade,Brittania Reserve South [267Q1],Coolbinia WP Won by 154 runs
602596,20 Dec 2014,2014,11,Karinyup v Coolbinia WP,Metropolitan One Day,Empire Avenue Reserve,Coolbinia WP Won by 5 wkts
602597,13 Dec 2014,2014,10,Scarborough Cricket Club v Coolbinia WP,Metropolitan One Day,Empire Avenue Reserve,Scarborough Cricket Club Won by 58 runs
602598,6 Dec 2014,2014,7,Leederville v Coolbinia WP,2nd Grade,Britannia Reserve North,Leederville Won on 1st Innings by 67 runs
602599,6 Dec 2014,2014,7,Coolbinia WP v Dianella Cricket Club,3rd Grade,Coolbinia Reserve #2,Dianella Cricket Club Won on 1st Innings by 92 runs
602600,6 Dec 2014,2014,7,Coolbinia WP v Ascot Cricket Club,5th Grade,Middleton Park # 1,Coolbinia WP Won on 1st Innings by 64 runs
602602,6 Dec 2014,2014,8,Coolbinia WP v BayswaterPostels,8th Grade,Robertsbridge Reserve,Coolbinia WP Won on 1st Innings by 277 runs
602601,6 Dec 2014,2014,9,Floreat Hellenic v Coolbinia WP,Metropolitan One Day,Beatty Park,Floreat Hellenic Won by 164 runs
602603,29 Nov 2014,2014,6,Stirling Cricket Club v Coolbinia WP,2nd Grade,Coolbinia Reserve #2,Stirling Cricket Club Won by 7 runs
602604,29 Nov 2014,2014,6,Coolbinia WP v Belmont Cricket Club,3rd Grade,Peet Park 2 [290 E3],Coolbinia WP Won by 159 runs
602605,29 Nov 2014,2014,6,Karinyup v Coolbinia WP,5th Grade,Karrinyup Reserve,Karinyup Won by 55 runs
602606,29 Nov 2014,2014,7,Coolbinia WP v Greenrange,8th Grade,Empire Avenue Reserve,Coolbinia WP Won 0 runs
602607,29 Nov 2014,2014,8,Belmont Cricket Club v Coolbinia WP,Metropolitan One Day,Robertsbridge Reserve,Coolbinia WP Won by 1 wkts
602610,22 Nov 2014,2014,5,Coolbinia WP v BayswaterPostels,2nd Grade,Hillcrest Reserve,Coolbinia WP Won by 64 runs
602611,22 Nov 2014,2014,5,University v Coolbinia WP,3rd Grade,Coolbinia Reserve #2,University Won by 54 runs
602612,22 Nov 2014,2014,5,Coolbinia WP v BayswaterPostels,5th Grade,Robertsbridge Reserve,BayswaterPostels Won by 2 wkts
602608,22 Nov 2014,2014,6,Coolbinia WP v University,8th Grade,Empire Avenue Reserve,Coolbinia WP Won by 25 runs
602609,22 Nov 2014,2014,7,Coolbinia WP v Mt Lawley Inglewood CC,Metropolitan One Day,Wordsworth Reserve # 2,Coolbinia WP Won by 140 runs
602613,15 Nov 2014,2014,6,Karinyup v Coolbinia WP,Metropolitan One Day,Empire Avenue Reserve,Coolbinia WP Won by 9 wkts
602614,8 Nov 2014,2014,4,Coolbinia WP v Ferndale Lynwood CC,2nd Grade,Ferndale Reserve Lower,Coolbinia WP Won on 1st Innings 0 runs
602615,8 Nov 2014,2014,4,Coolbinia WP v Floreat Hellenic,3rd Grade,Coolbinia Reserve #2,Floreat Hellenic Won outright by 9 wkts
602616,8 Nov 2014,2014,4,Belmont Cricket Club v Coolbinia WP,5th Grade,Robertsbridge Reserve,Coolbinia WP Won on 1st Innings by 2 runs
602617,8 Nov 2014,2014,5,Dianella Cricket Club v Coolbinia WP,8th Grade,Light Street Reserve # 2,Coolbinia WP Won on 1st Innings by 52 runs
602618,8 Nov 2014,2014,5,Coolbinia WP v Scarborough Cricket Club,Metropolitan One Day,Woodlands Reserve,Coolbinia WP Won by 44 runs
602619,1 Nov 2014,2014,4,Coolbinia WP v Ferndale Lynwood CC,8th Grade,Robertsbridge Reserve,Coolbinia WP Won by 90 runs
602620,1 Nov 2014,2014,4,Coolbinia WP v Floreat Hellenic,Metropolitan One Day,Beatty Park,Floreat Hellenic Won by 6 wkts
602621,25 Oct 2014,2014,3,Karinyup v Coolbinia WP,2nd Grade,Lake Gwellup Reserve,Coolbinia WP Won on 1st Innings by 100 runs
602622,25 Oct 2014,2014,3,Carlisle Cricket Club v Coolbinia WP,3rd Grade,Higgins Park,Carlisle Cricket Club Won outright by 35 runs
602623,25 Oct 2014,2014,3,Coolbinia WP v Carlisle Cricket Club,5th Grade,Coolbinia Reserve #2,Carlisle Cricket Club Won on 1st Innings by 79 runs
602624,25 Oct 2014,2014,3,Stirling Cricket Club v Coolbinia WP,8th Grade,Robertsbridge Reserve,Match Drawn
602625,25 Oct 2014,2014,3,Belmont Cricket Club v Coolbinia WP,Metropolitan One Day,Redcliffe Reserve,Coolbinia WP Won by 7 wkts
602626,18 Oct 2014,2014,2,SKLP Cricket Club v Coolbinia WP,2nd Grade,Maguire Park,SKLP Cricket Club Won by 9 runs
602627,18 Oct 2014,2014,2,Coolbinia WP v Ascot Cricket Club,3rd Grade,Coolbinia Reserve #2,Match Drawn
602628,18 Oct 2014,2014,2,Mt Lawley Inglewood CC v Coolbinia WP,5th Grade,Robertsbridge Reserve,Match Drawn
602629,18 Oct 2014,2014,2,Coolbinia WP v Leederville,8th Grade,Britannia Reserve North,Match Drawn
602630,18 Oct 2014,2014,2,Coolbinia WP v Mt Lawley Inglewood CC,Metropolitan One Day,Hamer Park #2,Mt Lawley Inglewood CC Won by 5 wkts
602631,11 Oct 2014,2014,1,Coolbinia WP v Canningvale,2nd Grade,Coolbinia Reserve #2,Canningvale Won by 5 wkts
602632,11 Oct 2014,2014,1,Mt Lawley Inglewood CC v Coolbinia WP,3rd Grade,Hamer Park # 1,Mt Lawley Inglewood CC Won by 102 runs
602633,11 Oct 2014,2014,1,Leederville v Coolbinia WP,5th Grade,Britannia Reserve Cent,Leederville Won by 79 runs
602634,11 Oct 2014,2014,1,Coolbinia WP v BayswaterPostels,8th Grade,Deschamp Reserve,Coolbinia WP Won by 21 runs
602635,11 Oct 2014,2014,1,Coolbinia WP v Karinyup,Metropolitan One Day,Karrinyup Reserve,Coolbinia WP Won by 96 runs
602636,29 Mar 2014,2013,GF,Coolbinia WP v Belmont Cricket Club,2nd Grade,Peet Park#1,Coolbinia WP Won on 1st Innings by 15 runs
602638,22 Mar 2014,2013,PF,Coolbinia WP v Stirling Cricket Club,2nd Grade,Coolbinia Reserve #2,Coolbinia WP Won on 1st Innings by 90 runs
602639,22 Mar 2014,2013,PF,Ascot Cricket Club v Coolbinia WP,3rd Grade,Middleton Park # 1,Ascot Cricket Club Won on 1st Innings by 56 runs
602637,22 Mar 2014,2013,GF,Coolbinia WP v Mt Lawley Inglewood CC,Mercantile One Day,Coolbinia Reserve #1,Coolbinia WP Won by 26 runs
602640,15 Mar 2014,2013,SF,Coolbinia WP v Belmont Cricket Club,2nd Grade,Peet Park#1,Belmont Cricket Club Won on 1st Innings 0 runs
602641,15 Mar 2014,2013,SF,Carlisle Cricket Club v Coolbinia WP,3rd Grade,Coolbinia Reserve #2,Coolbinia WP Won outright by 4 wkts
602642,15 Mar 2014,2013,SF,Carlisle Cricket Club v Coolbinia WP,Mercantile One Day,Robertsbridge Reserve,Coolbinia WP Won by 10 wkts
602644,8 Mar 2014,2013,21,Scarborough Cricket Club v Coolbinia WP,Mercantile One Day,Empire Avenue Reserve,Coolbinia WP Won by 5 wkts
602643,8 Mar 2014,2013,20,Coolbinia WP v Belmont Cricket Club,Metropolitan One Day,Robertsbridge Reserve,Belmont Cricket Club Won by 6 wkts
602647,1 Mar 2014,2013,14,Stirling Cricket Club v Coolbinia WP,2nd Grade,Coolbinia Reserve #2,Stirling Cricket Club Won on 1st Innings by 96 runs
602648,1 Mar 2014,2013,14,Belmont Cricket Club v Coolbinia WP,3rd Grade,Peet Park 2 [290 E3],Coolbinia WP Won outright by 8 wkts
602649,1 Mar 2014,2013,14,Ferndale Lynwood CC v Coolbinia WP,5th Grade,Ferndale Reserve Lower,Coolbinia WP Won on 1st Innings by 28 runs
602646,1 Mar 2014,2013,20,Coolbinia WP v Ferndale Lynwood CC,Mercantile One Day,Empire Avenue Reserve,Coolbinia WP Won by 189 runs
602645,1 Mar 2014,2013,19,Coolbinia WP v Floreat Hellenic,Metropolitan One Day,Robertsbridge Reserve,Floreat Hellenic Won by 3 wkts
602651,22 Feb 2014,2013,19,Canningvale v Coolbinia WP,Mercantile One Day,Clifton Oval,Coolbinia WP Won by 5 wkts
602650,22 Feb 2014,2013,18,Coolbinia WP v Leederville,Metropolitan One Day,Britannia Reserve North,Coolbinia WP Won by 70 runs
602656,15 Feb 2014,2013,13,Coolbinia WP v BayswaterPostels,2nd Grade,Hillcrest Reserve,Coolbinia WP Won on 1st Innings by 3 runs
602655,15 Feb 2014,2013,13,Karinyup v Coolbinia WP,3rd Grade,Coolbinia Reserve #2,Karinyup Won on 1st Innings by 125 runs
602654,15 Feb 2014,2013,13,Greenrange v Coolbinia WP,5th Grade,Robertsbridge Reserve,Greenrange Won on 1st Innings by 305 runs
602653,15 Feb 2014,2013,18,Coolbinia WP v Carlisle Cricket Club,Mercantile One Day,Empire Avenue Reserve,Coolbinia WP Won by 121 runs
602652,15 Feb 2014,2013,17,Coolbinia WP v Karinyup,Metropolitan One Day,Yaluma Park,Karinyup Won by 6 wkts
602658,8 Feb 2014,2013,17,Greenrange v Coolbinia WP,Mercantile One Day,Empire Avenue Reserve,Coolbinia WP Won by 5 wkts
602657,8 Feb 2014,2013,16,Coolbinia WP v Scarborough Cricket Club,Metropolitan One Day,Wordsworth Reserve # 1,Scarborough Cricket Club Won by 7 wkts
602660,2 Feb 2014,2013,GF1,Belmont Cricket Club v Coolbinia WP,2nd Grade,Peet Park#1,Belmont Cricket Club Won by 55 runs
602659,2 Feb 2014,2013,GF1,Dianella Cricket Club v Coolbinia WP,3rd Grade,Coolbinia Reserve #2,Coolbinia WP Won by 4 wkts
602665,1 Feb 2014,2013,12,Coolbinia WP v SKLP Cricket Club,2nd Grade,Maguire Park,SKLP Cricket Club Won on 1st Innings by 15 runs
602664,1 Feb 2014,2013,12,Coolbinia WP v Ascot Cricket Club,3rd Grade,Coolbinia Reserve #2,Ascot Cricket Club Won outright by 9 wkts
602663,1 Feb 2014,2013,12,Mt Lawley Inglewood CC v Coolbinia WP,5th Grade,Robertsbridge Reserve,Mt Lawley Inglewood CC Won on 1st Innings by 139 runs
602662,1 Feb 2014,2013,16,Mt Lawley Inglewood CC v Coolbinia WP,Mercantile One Day,Hamer Park #2,Coolbinia WP Won by 4 wkts
602661,1 Feb 2014,2013,15,Belmont Cricket Club v Coolbinia WP,Metropolitan One Day,Wordsworth Reserve # 1,Coolbinia WP Won by 4 wkts
602670,25 Jan 2014,2013,11,Coolbinia WP v Leederville,2nd Grade,Britannia Reserve North,Coolbinia WP Won by 89 runs
602669,25 Jan 2014,2013,11,Dianella Cricket Club v Coolbinia WP,3rd Grade,Robertsbridge Reserve,Dianella Cricket Club Won by 17 runs
602668,25 Jan 2014,2013,11,Ascot Cricket Club v Coolbinia WP,5th Grade,Middleton Park # 2,Ascot Cricket Club Won by 9 runs
602667,25 Jan 2014,2013,15,Coolbinia WP v Belmont Cricket Club,Mercantile One Day,Kent Street Reserve,Coolbinia WP Won by 47 runs
602666,25 Jan 2014,2013,14,Floreat Hellenic v Coolbinia WP,Metropolitan One Day,Birralee Park,Floreat Hellenic Won by 207 runs
602672,18 Jan 2014,2013,14,Scarborough Cricket Club v Coolbinia WP,Mercantile One Day,Empire Avenue Reserve,Coolbinia WP Won by 5 wkts
602671,18 Jan 2014,2013,13,Coolbinia WP v Leederville,Metropolitan One Day,Brittania Reserve South [267Q1],Coolbinia WP Won by 34 runs
602677,11 Jan 2014,2013,10,Coolbinia WP v Canningvale,2nd Grade,Coolbinia Reserve #2,Coolbinia WP Won on 1st Innings by 16 runs
602676,11 Jan 2014,2013,10,Coolbinia WP v Mt Lawley Inglewood CC,3rd Grade,Hamer Park # 1,Coolbinia WP Won on 1st Innings by 32 runs
602675,11 Jan 2014,2013,10,Coolbinia WP v Leederville,5th Grade,Britannia Reserve Cent,Leederville Won on 1st Innings by 85 runs
602674,11 Jan 2014,2013,13,Ferndale Lynwood CC v Coolbinia WP,Mercantile One Day,Ferndale Reserve Lower,Match Drawn
602673,11 Jan 2014,2013,12,Coolbinia WP v Karinyup,Metropolitan One Day,Robertsbridge Reserve,Match Drawn
602681,4 Jan 2014,2013,9,Belmont Cricket Club v Coolbinia WP,2nd Grade,Peet Park#1,Belmont Cricket Club Won by 101 runs
602680,4 Jan 2014,2013,9,Ferndale Lynwood CC v Coolbinia WP,3rd Grade,Coolbinia Reserve #2,Coolbinia WP Won by 6 wkts
602679,4 Jan 2014,2013,9,Coolbinia WP v Belmont Cricket Club,5th Grade,Robertsbridge Reserve,Belmont Cricket Club Won by 5 wkts
602678,4 Jan 2014,2013,12,Canningvale v Coolbinia WP,Mercantile One Day,Empire Avenue Reserve,Coolbinia WP Won by 7 wkts
602686,21 Dec 2013,2013,8,University v Coolbinia WP,2nd Grade,Coolbinia Reserve #2,Coolbinia WP Won by 4 wkts
602685,21 Dec 2013,2013,8,Coolbinia WP v Carlisle Cricket Club,3rd Grade,Higgins Park,Coolbinia WP Won by 11 runs
602684,21 Dec 2013,2013,8,Carlisle Cricket Club v Coolbinia WP,5th Grade,Robertsbridge Reserve,Carlisle Cricket Club Won by 94 runs
602683,21 Dec 2013,2013,11,Coolbinia WP v Carlisle Cricket Club,Mercantile One Day,Empire Avenue Reserve,Coolbinia WP Won by 99 runs
602682,21 Dec 2013,2013,11,Scarborough Cricket Club v Coolbinia WP,Metropolitan One Day,Woodlands Reserve,Scarborough Cricket Club Won by 67 runs
602688,14 Dec 2013,2013,10,Greenrange v Coolbinia WP,Mercantile One Day,Empire Avenue Reserve,Greenrange Won by 33 runs
602687,14 Dec 2013,2013,10,Belmont Cricket Club v Coolbinia WP,Metropolitan One Day,Peet Park West,Coolbinia WP Won by 6 wkts
602693,7 Dec 2013,2013,7,Leederville v Coolbinia WP,2nd Grade,Coolbinia Reserve #2,Coolbinia WP Won on 1st Innings by 10 runs
602692,7 Dec 2013,2013,7,Coolbinia WP v Dianella Cricket Club,3rd Grade,Light Street Reserve # 2,Coolbinia WP Won on 1st Innings by 54 runs
602691,7 Dec 2013,2013,7,Ascot Cricket Club v Coolbinia WP,5th Grade,Robertsbridge Reserve,Coolbinia WP Won on 1st Innings by 27 runs
602690,7 Dec 2013,2013,9,Coolbinia WP v Mt Lawley Inglewood CC,Mercantile One Day,Empire Avenue Reserve,Coolbinia WP Won by 56 runs
602689,7 Dec 2013,2013,9,Coolbinia WP v Floreat Hellenic,Metropolitan One Day,Beatty Park,Floreat Hellenic Won by 8 wkts
602698,30 Nov 2013,2013,6,Stirling Cricket Club v Coolbinia WP,2nd Grade,Coolbinia Reserve #1,Stirling Cricket Club Won by 24 runs
602697,30 Nov 2013,2013,6,Belmont Cricket Club v Coolbinia WP,3rd Grade,Coolbinia Reserve #2,Coolbinia WP Won by 2 wkts
602696,30 Nov 2013,2013,6,Coolbinia WP v Ferndale Lynwood CC,5th Grade,Robertsbridge Reserve,Ferndale Lynwood CC Won by 4 wkts
602695,30 Nov 2013,2013,8,Belmont Cricket Club v Coolbinia WP,Mercantile One Day,Empire Avenue Reserve,Coolbinia WP Won by 4 wkts
602694,30 Nov 2013,2013,8,Coolbinia WP v Leederville,Metropolitan One Day,Britannia Reserve West,Coolbinia WP Won by 54 runs
602703,23 Nov 2013,2013,5,Coolbinia WP v BayswaterPostels,2nd Grade,Coolbinia Reserve #2,Coolbinia WP Won by 87 runs
602702,23 Nov 2013,2013,5,Karinyup v Coolbinia WP,3rd Grade,Lake Gwellup Reserve,Coolbinia WP Won by 3 wkts
602701,23 Nov 2013,2013,5,Greenrange v Coolbinia WP,5th Grade,City Beach Lower,Greenrange Won by 117 runs
602700,23 Nov 2013,2013,7,Coolbinia WP v Scarborough Cricket Club,Mercantile One Day,Empire Avenue Reserve,Coolbinia WP Won by 42 runs
602699,23 Nov 2013,2013,7,Karinyup v Coolbinia WP,Metropolitan One Day,Robertsbridge Reserve,Karinyup Won by 70 runs
602705,16 Nov 2013,2013,6,Ferndale Lynwood CC v Coolbinia WP,Mercantile One Day,Woodlands Reserve,Coolbinia WP Won by 7 wkts
602704,16 Nov 2013,2013,6,Coolbinia WP v Scarborough Cricket Club,Metropolitan One Day,Robertsbridge Reserve,Scarborough Cricket Club Won by 7 wkts
602710,9 Nov 2013,2013,4,Belmont Cricket Club v Coolbinia WP,2nd Grade,Coolbinia Reserve #2,Belmont Cricket Club Won on 1st Innings by 39 runs
602709,9 Nov 2013,2013,4,Ferndale Lynwood CC v Coolbinia WP,3rd Grade,Ferndale Reserve Lower,Coolbinia WP Won on 1st Innings by 40 runs
602708,9 Nov 2013,2013,4,Belmont Cricket Club v Coolbinia WP,5th Grade,Peet Park 2 [290 E3],Coolbinia WP Won on 1st Innings by 5 runs
602707,9 Nov 2013,2013,5,Canningvale v Coolbinia WP,Mercantile One Day,Clifton Oval,Coolbinia WP Won by 9 wkts
602706,9 Nov 2013,2013,5,Belmont Cricket Club v Coolbinia WP,Metropolitan One Day,Robertsbridge Reserve,Coolbinia WP Won by 4 wkts
602712,2 Nov 2013,2013,4,Coolbinia WP v Carlisle Cricket Club,Mercantile One Day,Ferndale Resrve Upper,Coolbinia WP Won by 70 runs
602711,2 Nov 2013,2013,4,Coolbinia WP v Floreat Hellenic,Metropolitan One Day,Robertsbridge Reserve,Floreat Hellenic Won by 3 wkts
602717,26 Oct 2013,2013,3,University v Coolbinia WP,2nd Grade,Forrest Park 3,Coolbinia WP Won on 1st Innings by 150 runs
602716,26 Oct 2013,2013,3,Carlisle Cricket Club v Coolbinia WP,3rd Grade,Coolbinia Reserve #2,Carlisle Cricket Club Won on 1st Innings by 26 runs
602715,26 Oct 2013,2013,3,Coolbinia WP v Carlisle Cricket Club,5th Grade,Higgins Park,Carlisle Cricket Club Won on 1st Innings by 44 runs
602714,26 Oct 2013,2013,3,Greenrange v Coolbinia WP,Mercantile One Day,City Beach Upper,Coolbinia WP Won by 10 wkts
602713,26 Oct 2013,2013,3,Leederville v Coolbinia WP,Metropolitan One Day,Robertsbridge Reserve,Coolbinia WP Won by 5 wkts
602722,19 Oct 2013,2013,2,SKLP Cricket Club v Coolbinia WP,2nd Grade,Coolbinia Reserve #2,Match Drawn
602721,19 Oct 2013,2013,2,Coolbinia WP v Ascot Cricket Club,3rd Grade,Middleton Park # 2,Match Drawn
602720,19 Oct 2013,2013,2,Mt Lawley Inglewood CC v Coolbinia WP,5th Grade,Hamer Park #2,Match Drawn
602719,19 Oct 2013,2013,2,Coolbinia WP v Mt Lawley Inglewood CC,Mercantile One Day,Empire Avenue Reserve,Match Drawn
602718,19 Oct 2013,2013,2,Coolbinia WP v Karinyup,Metropolitan One Day,Robertsbridge Reserve,Match Drawn
602727,12 Oct 2013,2013,1,Coolbinia WP v Canningvale,2nd Grade,Canningvale Reserve,Coolbinia WP Won by 9 runs
602726,12 Oct 2013,2013,1,Mt Lawley Inglewood CC v Coolbinia WP,3rd Grade,Coolbinia Reserve #2,Coolbinia WP Won by 2 wkts
602725,12 Oct 2013,2013,1,Leederville v Coolbinia WP,5th Grade,Robertsbridge Reserve,Leederville Won by 100 runs
602724,12 Oct 2013,2013,1,Belmont Cricket Club v Coolbinia WP,Mercantile One Day,Peet Park 2 [290 E3],Belmont Cricket Club Won 0 runs
602723,12 Oct 2013,2013,1,Coolbinia WP v Scarborough Cricket Club,Metropolitan One Day,Woodlands Reserve,Scarborough Cricket Club Won by 7 wkts
602728,9 Mar 2013,2012,18,Coolbinia WP v University,Metropolitan One Day,Beatty Park,University Won by 9 wkts
602732,2 Mar 2013,2012,14,Coolbinia WP v Carlisle Cricket Club,2nd Grade,Carlisle Reserve,Coolbinia WP Won on 1st Innings by 19 runs
602729,2 Mar 2013,2012,14,Coolbinia WP v Carlisle Cricket Club,3rd Grade,Coolbinia Reserve #2,Coolbinia WP Won on 1st Innings by 65 runs
602730,2 Mar 2013,2012,14,Coolbinia WP v Leederville,6th Grade,Britannia Reserve Cent,Leederville Won outright by 10 wkts
602731,2 Mar 2013,2012,17,Karinyup v Coolbinia WP,Metropolitan One Day,Yaluma Park,Karinyup Won by 46 runs
602733,23 Feb 2013,2012,16,Coolbinia WP v Belmont Cricket Club,Metropolitan One Day,Wordsworth Reserve # 2,Belmont Cricket Club Won by 6 wkts
602737,16 Feb 2013,2012,13,Coolbinia WP v BayswaterPostels,2nd Grade,Robertsbridge Reserve,Coolbinia WP Won on 1st Innings by 133 runs
602734,16 Feb 2013,2012,13,Leederville v Coolbinia WP,3rd Grade,Britannia Reserve North,Leederville Won on 1st Innings by 188 runs
602735,16 Feb 2013,2012,13,Coolbinia WP v Ascot Cricket Club,6th Grade,Linthorne Res [ 208 M15],Ascot Cricket Club Won on 1st Innings by 40 runs
602736,16 Feb 2013,2012,15,Leederville v Coolbinia WP,Metropolitan One Day,Brittania Reserve South [267Q1],Coolbinia WP Won by 7 wkts
602738,9 Feb 2013,2012,14,Canningvale v Coolbinia WP,Metropolitan One Day,Clifton Oval,Coolbinia WP Won by 5 wkts
602742,2 Feb 2013,2012,12,Coolbinia WP v SKLP Cricket Club,2nd Grade,Coolbinia Reserve #2,Coolbinia WP Won on 1st Innings by 100 runs
602739,2 Feb 2013,2012,12,Coolbinia WP v Karinyup,3rd Grade,Lake Gwellup Reserve,Karinyup Won on 1st Innings by 47 runs
602740,2 Feb 2013,2012,12,Belmont Cricket Club v Coolbinia WP,6th Grade,Robertsbridge Reserve,Belmont Cricket Club Won outright by 9 runs
602741,2 Feb 2013,2012,13,Coolbinia WP v Ferndale Lynwood CC,Metropolitan One Day,Ferndale Resrve Upper,Coolbinia WP Won by 159 runs
602743,27 Jan 2013,2012,11,Mt Lawley Inglewood CC v Coolbinia WP,6th Grade,Coolbinia Reserve #2,Mt Lawley Inglewood CC Won by 52 runs
602746,26 Jan 2013,2012,11,Greenrange v Coolbinia WP,2nd Grade,City Beach Lower,Coolbinia WP Won by 2 wkts
602744,26 Jan 2013,2012,11,Mt Lawley Inglewood CC v Coolbinia WP,3rd Grade,Coolbinia Reserve #2,Mt Lawley Inglewood CC Won by 99 runs
602745,26 Jan 2013,2012,12,Coolbinia WP v Carlisle Cricket Club,Metropolitan One Day,Ferndale Resrve Upper,Coolbinia WP Won by 162 runs
602747,19 Jan 2013,2012,11,Coolbinia WP v Scarborough Cricket Club,Metropolitan One Day,Robertsbridge Reserve,Scarborough Cricket Club Won by 10 wkts
602751,12 Jan 2013,2012,10,Kensington v Coolbinia WP,2nd Grade,Morris Mundy Reserve,Kensington Won on 1st Innings by 65 runs
602748,12 Jan 2013,2012,10,Ferndale Lynwood CC v Coolbinia WP,3rd Grade,Coolbinia Reserve #2,Coolbinia WP Won on 1st Innings by 67 runs
602749,12 Jan 2013,2012,10,Dianella Cricket Club v Coolbinia WP,6th Grade,Light Street Reserve # 2,Coolbinia WP Won on 1st Innings by 41 runs
602750,12 Jan 2013,2012,10,Coolbinia WP v Mt Lawley Inglewood CC,Metropolitan One Day,Wordsworth Reserve # 2,Mt Lawley Inglewood CC Won by 6 wkts
602754,5 Jan 2013,2012,9,Coolbinia WP v Belmont Cricket Club,2nd Grade,Coolbinia Reserve #2,Belmont Cricket Club Won by 6 wkts
602752,5 Jan 2013,2012,9,Ascot Cricket Club v Coolbinia WP,3rd Grade,Middleton Park # 2,Ascot Cricket Club Won by 30 runs
602753,5 Jan 2013,2012,9,Scarborough Cricket Club v Coolbinia WP,6th Grade,Robertsbridge Reserve,Scarborough Cricket Club Won by 156 runs
602757,22 Dec 2012,2012,8,Coolbinia WP v University,2nd Grade,Birralee Park,Coolbinia WP Won by 56 runs
602755,22 Dec 2012,2012,8,Canningvale v Coolbinia WP,3rd Grade,Coolbinia Reserve #2,Canningvale Won by 288 runs
602756,22 Dec 2012,2012,8,Coolbinia WP v University,6th Grade,Robertsbridge Reserve,Coolbinia WP Won by 41 runs
602758,15 Dec 2012,2012,9,Coolbinia WP v University,Metropolitan One Day,Robertsbridge Reserve,University Won by 8 wkts
602762,8 Dec 2012,2012,7,Greenrange v Coolbinia WP,2nd Grade,Coolbinia Reserve #2,Coolbinia WP Won outright by 8 wkts
602759,8 Dec 2012,2012,7,Mt Lawley Inglewood CC v Coolbinia WP,3rd Grade,Hamer Park # 1,Mt Lawley Inglewood CC Won on 1st Innings by 127 runs
602760,8 Dec 2012,2012,7,Mt Lawley Inglewood CC v Coolbinia WP,6th Grade,Hamer Park #2,Coolbinia WP Won on 1st Innings by 8 runs
602761,8 Dec 2012,2012,8,Coolbinia WP v Karinyup,Metropolitan One Day,Robertsbridge Reserve,Karinyup Won by 1 wkts
602766,1 Dec 2012,2012,6,Carlisle Cricket Club v Coolbinia WP,2nd Grade,Coolbinia Reserve #2,Carlisle Cricket Club Won by 11 runs
602763,1 Dec 2012,2012,6,Coolbinia WP v Carlisle Cricket Club,3rd Grade,Carlisle Reserve,Coolbinia WP Won by 15 runs
602764,1 Dec 2012,2012,6,Coolbinia WP v Leederville,6th Grade,Robertsbridge Reserve,Leederville Won by 7 wkts
602765,1 Dec 2012,2012,7,Belmont Cricket Club v Coolbinia WP,Metropolitan One Day,Peet Park 2 [290 E3],Belmont Cricket Club Won by 90 runs
602770,24 Nov 2012,2012,5,BayswaterPostels v Coolbinia WP,2nd Grade,Hillcrest Reserve,BayswaterPostels Won by 7 runs
602767,24 Nov 2012,2012,5,Leederville v Coolbinia WP,3rd Grade,Coolbinia Reserve #2,Leederville Won by 126 runs
602768,24 Nov 2012,2012,5,Coolbinia WP v Ascot Cricket Club,6th Grade,Middleton Park # 1,Ascot Cricket Club Won by 3 wkts
602769,24 Nov 2012,2012,6,Leederville v Coolbinia WP,Metropolitan One Day,Robertsbridge Reserve,Coolbinia WP Won by 5 wkts
602771,17 Nov 2012,2012,5,Coolbinia WP v Canningvale,Metropolitan One Day,Robertsbridge Reserve,Canningvale Won by 5 wkts
602775,10 Nov 2012,2012,4,Belmont Cricket Club v Coolbinia WP,2nd Grade,Peet Park#1,Belmont Cricket Club Won on 1st Innings by 90 runs
602772,10 Nov 2012,2012,4,Ascot Cricket Club v Coolbinia WP,3rd Grade,Coolbinia Reserve #2,Ascot Cricket Club Won outright 0 runs
602773,10 Nov 2012,2012,4,Coolbinia WP v Scarborough Cricket Club,6th Grade,Woodlands Reserve,Scarborough Cricket Club Won on 1st Innings by 7 runs
602774,10 Nov 2012,2012,4,Ferndale Lynwood CC v Coolbinia WP,Metropolitan One Day,Robertsbridge Reserve,Coolbinia WP Won by 4 wkts
602776,3 Nov 2012,2012,3,Coolbinia WP v Carlisle Cricket Club,Metropolitan One Day,Robertsbridge Reserve,Coolbinia WP Won by 51 runs
602780,27 Oct 2012,2012,3,Coolbinia WP v University,2nd Grade,Coolbinia Reserve #2,University Won outright by 4 wkts
602777,27 Oct 2012,2012,3,Coolbinia WP v Canningvale,3rd Grade,Canningvale Reserve,Canningvale Won on 1st Innings by 84 runs
602778,27 Oct 2012,2012,3,University v Coolbinia WP,6th Grade,Birralee Park,Coolbinia WP Won on 1st Innings by 10 runs
602779,27 Oct 2012,2012,2,Scarborough Cricket Club v Coolbinia WP,Metropolitan One Day,Empire Avenue Reserve,Coolbinia WP Won by 9 wkts
602784,20 Oct 2012,2012,2,Coolbinia WP v SKLP Cricket Club,2nd Grade,Hainsworth Reserve,SKLP Cricket Club Won by 2 wkts
602781,20 Oct 2012,2012,2,Coolbinia WP v Karinyup,3rd Grade,Coolbinia Reserve #2,Coolbinia WP Won by 67 runs
602782,20 Oct 2012,2012,2,Coolbinia WP v Belmont Cricket Club,6th Grade,Peet Park 2 [290 E3],Belmont Cricket Club Won by 2 wkts
602783,20 Oct 2012,2012,1,Coolbinia WP v Mt Lawley Inglewood CC,Metropolitan One Day,Robertsbridge Reserve,Coolbinia WP Won 0 runs
602788,13 Oct 2012,2012,1,Kensington v Coolbinia WP,2nd Grade,Coolbinia Reserve #2,Coolbinia WP Won by 8 wkts
602786,13 Oct 2012,2012,1,Coolbinia WP v Ferndale Lynwood CC,3rd Grade,Ferndale Reserve Lower,Match Drawn
602787,13 Oct 2012,2012,1,Dianella Cricket Club v Coolbinia WP,6th Grade,Robertsbridge Reserve,Match Drawn
602790,24 Mar 2012,2011,GF,Coolbinia WP v Dianella Cricket Club,2nd Grade,Light Street Reserve #1,Dianella Cricket Club Won outright by 6 wkts
602793,17 Mar 2012,2011,SF,Belmont Cricket Club v Coolbinia WP,2nd Grade,Coolbinia Reserve #2,Coolbinia WP Won on 1st Innings by 142 runs
602791,17 Mar 2012,2011,SF,Belmont Cricket Club v Coolbinia WP,4th Grade,Coolbinia Reserve #1,Belmont Cricket Club Won on 1st Innings by 48 runs
602792,17 Mar 2012,2011,SF,Coolbinia WP v University,Metropolitan One Day,Menzies Park [247 P14],University Won by 6 wkts
602794,10 Mar 2012,2011,18,Coolbinia WP v Scarborough Cricket Club,Metropolitan One Day,Empire Avenue Reserve,Coolbinia WP Won by 55 runs
602798,3 Mar 2012,2011,14,BayswaterPostels v Coolbinia WP,2nd Grade,Hillcrest Reserve,Coolbinia WP Won outright by 10 wkts
602795,3 Mar 2012,2011,14,BayswaterPostels v Coolbinia WP,4th Grade,Coolbinia Reserve #2,Coolbinia WP Won outright by 27 runs
602796,3 Mar 2012,2011,14,Coolbinia WP v University,6th Grade,Robertsbridge Reserve,Coolbinia WP Won on 1st Innings by 57 runs
602797,3 Mar 2012,2011,17,Coolbinia WP v Mt Lawley Inglewood CC,Metropolitan One Day,Wordsworth Reserve # 2,Mt Lawley Inglewood CC Won by 8 wkts
602799,25 Feb 2012,2011,16,University v Coolbinia WP,Metropolitan One Day,Robertsbridge Reserve,University Won by 87 runs
602804,18 Feb 2012,2011,13,Coolbinia WP v University,2nd Grade,Coolbinia Reserve #2,Coolbinia WP Won outright by 148 runs
602801,18 Feb 2012,2011,13,Coolbinia WP v University,4th Grade,Menzies Park [247 P14],Coolbinia WP Won on 1st Innings by 89 runs
602802,18 Feb 2012,2011,13,Leederville v Coolbinia WP,6th Grade,Britannia Reserve North,Leederville Won on 1st Innings by 177 runs
602803,18 Feb 2012,2011,15,Coolbinia WP v Karinyup,Metropolitan One Day,Robertsbridge Reserve,Coolbinia WP Won by 19 runs
602805,11 Feb 2012,2011,14,Coolbinia WP v Leederville,Metropolitan One Day,Robertsbridge Reserve,Leederville Won by 3 wkts
602810,4 Feb 2012,2011,12,Kensington v Coolbinia WP,2nd Grade,Coolbinia Reserve #2,Kensington Won on 1st Innings by 108 runs
602807,4 Feb 2012,2011,12,East Perth v Coolbinia WP,4th Grade,Wellington Square # 2,East Perth Won on 1st Innings by 79 runs
602808,4 Feb 2012,2011,12,Ferndale Lynwood CC v Coolbinia WP,6th Grade,Ferndale Reserve Lower,Ferndale Lynwood CC Won on 1st Innings by 218 runs
602809,4 Feb 2012,2011,13,Carlisle Cricket Club v Coolbinia WP,Metropolitan One Day,Robertsbridge Reserve,Coolbinia WP Won by 5 wkts
602814,28 Jan 2012,2011,11,Belmont Cricket Club v Coolbinia WP,2nd Grade,Coolbinia Reserve #2,Coolbinia WP Won by 3 wkts
602811,28 Jan 2012,2011,11,Coolbinia WP v Belmont Cricket Club,4th Grade,Peet Park#1,Belmont Cricket Club Won by 6 wkts
602812,28 Jan 2012,2011,11,Coolbinia WP v Ascot Cricket Club,6th Grade,Middleton Park # 2,Ascot Cricket Club Won by 7 wkts
602813,28 Jan 2012,2011,12,Coolbinia WP v Ferndale Lynwood CC,Metropolitan One Day,Robertsbridge Reserve,Coolbinia WP Won by 171 runs
602816,21 Jan 2012,2011,11,Scarborough Cricket Club v Coolbinia WP,Metropolitan One Day,Empire Avenue Reserve,Scarborough Cricket Club Won by 11 runs
602820,14 Jan 2012,2011,10,Coolbinia WP v Greenrange,2nd Grade,City Beach Lower,Coolbinia WP Won on 1st Innings by 20 runs
602817,14 Jan 2012,2011,10,Coolbinia WP v Greenrange,4th Grade,Coolbinia Reserve #2,Greenrange Won on 1st Innings by 23 runs
602818,14 Jan 2012,2011,10,Greenrange v Coolbinia WP,6th Grade,Robertsbridge Reserve,Coolbinia WP Won on 1st Innings by 2 runs
602819,14 Jan 2012,2011,10,Coolbinia WP v Mt Lawley Inglewood CC,Metropolitan One Day,Wordsworth Reserve # 2,Mt Lawley Inglewood CC Won by 5 wickets
602823,7 Jan 2012,2011,9,Coolbinia WP v SKLP Cricket Club,2nd Grade,Coolbinia Reserve #2,SKLP Cricket Club Won by 1 wkts
602821,7 Jan 2012,2011,9,Canningvale v Coolbinia WP,4th Grade,Canningvale Reserve,Canningvale Won by 21 runs
602822,7 Jan 2012,2011,9,Dianella Cricket Club v Coolbinia WP,6th Grade,Robertsbridge Reserve,Coolbinia WP Won by 4 wkts
602827,17 Dec 2011,2011,8,Dianella Cricket Club v Coolbinia WP,2nd Grade,Light Street Reserve #1,Coolbinia WP Won by 8 wkts
602825,17 Dec 2011,2011,8,Coolbinia WP v Dianella Cricket Club,4th Grade,Coolbinia Reserve #2,Coolbinia WP Won by 12 runs
602826,17 Dec 2011,2011,8,Mt Lawley Inglewood CC v Coolbinia WP,6th Grade,Robertsbridge Reserve,Mt Lawley Inglewood CC Won by 41 runs
602828,10 Dec 2011,2011,9,Coolbinia WP v University,Metropolitan One Day,Menzies Park [247 P14],University Won by 8 wkts
602833,3 Dec 2011,2011,7,Belmont Cricket Club v Coolbinia WP,2nd Grade,Centenary Park,Belmont Cricket Club Won on 1st Innings by 292 runs
602830,3 Dec 2011,2011,7,Coolbinia WP v Belmont Cricket Club,4th Grade,Coolbinia Reserve #2,Coolbinia WP Won on 1st Innings by 156 runs
602831,3 Dec 2011,2011,7,Ascot Cricket Club v Coolbinia WP,6th Grade,Robertsbridge Reserve,Coolbinia WP Won on 1st Innings by 38 runs
602832,3 Dec 2011,2011,8,Coolbinia WP v Karinyup,Metropolitan One Day,Yaluma Park,Karinyup Won by 7 wkts
602838,26 Nov 2011,2011,6,Coolbinia WP v BayswaterPostels,2nd Grade,Coolbinia Reserve #2,Coolbinia WP Won by 70 runs
602835,26 Nov 2011,2011,6,Coolbinia WP v BayswaterPostels,4th Grade,Hillcrest Reserve,Coolbinia WP Won by 111 runs
602836,26 Nov 2011,2011,6,Coolbinia WP v University,6th Grade,Birralee Park,Coolbinia WP Won on 1st Innings by 18 runs
602837,26 Nov 2011,2011,7,Leederville v Coolbinia WP,Metropolitan One Day,Robertsbridge Reserve,Coolbinia WP Won by 7 wkts
602844,19 Nov 2011,2011,5,Coolbinia WP v University,2nd Grade,Menzies Park [247 P14],Coolbinia WP Won by 21 runs
602841,19 Nov 2011,2011,5,Coolbinia WP v University,4th Grade,Coolbinia Reserve #2,Coolbinia WP Won by 30 runs
602842,19 Nov 2011,2011,5,Leederville v Coolbinia WP,6th Grade,Robertsbridge Reserve,Leederville Won by 6 runs
602843,19 Nov 2011,2011,6,Carlisle Cricket Club v Coolbinia WP,Metropolitan One Day,Higgins Park,Coolbinia WP Won by 5 wkts
602846,12 Nov 2011,2011,5,Ferndale Lynwood CC v Coolbinia WP,Metropolitan One Day,Robertsbridge Reserve,Coolbinia WP Won by 5 wkts
602850,5 Nov 2011,2011,4,Coolbinia WP v SKLP Cricket Club,2nd Grade,Hainsworth Reserve,Coolbinia WP Won on 1st Innings by 81 runs
602847,5 Nov 2011,2011,4,Canningvale v Coolbinia WP,4th Grade,Coolbinia Reserve #2,Match Drawn
602848,5 Nov 2011,2011,4,Dianella Cricket Club v Coolbinia WP,6th Grade,Light Street Reserve # 2,Dianella Cricket Club Won on 1st Innings by 5 runs
602849,5 Nov 2011,2011,4,Coolbinia WP v Scarborough Cricket Club,Metropolitan One Day,Robertsbridge Reserve,Coolbinia WP Won 0 runs
602851,29 Oct 2011,2011,3,Coolbinia WP v Mt Lawley Inglewood CC,Metropolitan One Day,Robertsbridge Reserve,Mt Lawley Inglewood CC Won by 7 wkts
602855,22 Oct 2011,2011,3,Coolbinia WP v Dianella Cricket Club,2nd Grade,Coolbinia Reserve #2,Match Drawn
602852,22 Oct 2011,2011,3,Dianella Cricket Club v Coolbinia WP,4th Grade,Light Street Reserve #1,Coolbinia WP Won on 1st Innings by 8 runs
602853,22 Oct 2011,2011,3,Coolbinia WP v Mt Lawley Inglewood CC,6th Grade,Hamer Park #2,Mt Lawley Inglewood CC Won on 1st Innings by 17 runs
602854,22 Oct 2011,2011,2,University v Coolbinia WP,Metropolitan One Day,Robertsbridge Reserve,Coolbinia WP Won by 4 wkts
602859,15 Oct 2011,2011,2,Kensington v Coolbinia WP,2nd Grade,Morris Mundy Reserve,Coolbinia WP Won by 2 wkts
602856,15 Oct 2011,2011,2,Coolbinia WP v East Perth,4th Grade,Coolbinia Reserve #2,Coolbinia WP Won by 86 runs
602857,15 Oct 2011,2011,2,Ferndale Lynwood CC v Coolbinia WP,6th Grade,Robertsbridge Reserve,Ferndale Lynwood CC Won by 108 runs
602858,15 Oct 2011,2011,1,Karinyup v Coolbinia WP,Metropolitan One Day,Yaluma Park,Karinyup Won by 27 runs
602862,8 Oct 2011,2011,1,Greenrange v Coolbinia WP,2nd Grade,Coolbinia Reserve #2,Coolbinia WP Won by 5 wkts
602860,8 Oct 2011,2011,1,Coolbinia WP v Greenrange,4th Grade,City Beach Lower,Coolbinia WP Won by 10 runs
602861,8 Oct 2011,2011,1,Greenrange v Coolbinia WP,6th Grade,City Beach Upper,Greenrange Won by 27 runs
602867,26 Mar 2011,2010,GF,Coolbinia WP v Belmont Cricket Club,5th Grade,Coolbinia Reserve #2,Coolbinia WP Won on 1st Innings by 152 runs
602871,19 Mar 2011,2010,SF,Belmont Cricket Club v Coolbinia WP,2nd Grade,Peet Park#1,Belmont Cricket Club Won on 1st Innings by 57 runs
602868,19 Mar 2011,2010,SF,BayswaterPostels v Coolbinia WP,5th Grade,Coolbinia Reserve #2,Coolbinia WP Won on 1st Innings by 63 runs
602869,19 Mar 2011,2010,SF,Coolbinia WP v Ascot Cricket Club,7th Grade,Robertsbridge Reserve,Ascot Cricket Club Won on 1st Innings by 94 runs
602870,19 Mar 2011,2010,SF,Karinyup v Coolbinia WP,Metropolitan One Day,Karrinyup Reserve,Karinyup Won by 156 runs
602873,12 Mar 2011,2010,18,Coolbinia WP v Leederville,Metropolitan One Day,Brittania Reserve South [267Q1],Leederville Won by 6 wkts
602878,5 Mar 2011,2010,14,Coolbinia WP v University,2nd Grade,Coolbinia Reserve #2,Coolbinia WP Won on 1st Innings by 167 runs
602875,5 Mar 2011,2010,14,University v Coolbinia WP,5th Grade,Menzies Park [247 P14],Coolbinia WP Won outright by 10 wkts
602876,5 Mar 2011,2010,14,Ascot Cricket Club v Coolbinia WP,7th Grade,Robertsbridge Reserve,Ascot Cricket Club Won on 1st Innings by 68 runs
602877,5 Mar 2011,2010,17,Maylands v Coolbinia WP,Metropolitan One Day,Wordsworth Reserve # 1,Coolbinia WP Won by 3 wkts
602880,26 Feb 2011,2010,16,Dianella Cricket Club v Coolbinia WP,Metropolitan One Day,Robertsbridge Reserve,Coolbinia WP Won by 7 wkts
602886,19 Feb 2011,2010,13,Coolbinia WP v BayswaterPostels,2nd Grade,Hillcrest Reserve,Coolbinia WP Won on 1st Innings by 101 runs
602883,19 Feb 2011,2010,13,BayswaterPostels v Coolbinia WP,5th Grade,Coolbinia Reserve #2,Coolbinia WP Won outright by 58 runs
602884,19 Feb 2011,2010,13,Coolbinia WP v Belmont Cricket Club,7th Grade,Peet Park 2 [290 E3],Belmont Cricket Club Won on 1st Innings by 5 runs
602885,19 Feb 2011,2010,15,Coolbinia WP v Carlisle Cricket Club,Metropolitan One Day,Robertsbridge Reserve,Carlisle Cricket Club Won by 3 wkts
602888,12 Feb 2011,2010,14,Coolbinia WP v Scarborough Cricket Club,Metropolitan One Day,Empire Avenue Reserve,Scarborough Cricket Club Won by 7 wkts
602894,5 Feb 2011,2010,12,Coolbinia WP v Perth Tamil,2nd Grade,Ranford Oval [ 349 J1],Coolbinia WP Won outright by 195 runs
602892,5 Feb 2011,2010,12,Coolbinia WP v University,7th Grade,Coolbinia Reserve #2,Coolbinia WP Won on 1st Innings by 127 runs
602893,5 Feb 2011,2010,13,Coolbinia WP v Mt Lawley Inglewood CC,Metropolitan One Day,Robertsbridge Reserve,Mt Lawley Inglewood CC Won by 1 wkts
602899,29 Jan 2011,2010,11,SKLP Cricket Club v Coolbinia WP,2nd Grade,Selby Street,Coolbinia WP Won by 5 wkts
602896,29 Jan 2011,2010,11,Coolbinia WP v SKLP Cricket Club,5th Grade,Coolbinia Reserve #2,Match Drawn
602897,29 Jan 2011,2010,11,Leederville v Coolbinia WP,7th Grade,Britannia Reserve North,Match Drawn
602898,29 Jan 2011,2010,12,Coolbinia WP v Karinyup,Metropolitan One Day,Robertsbridge Reserve,Match Drawn
602902,22 Jan 2011,2010,11,Coolbinia WP v Leederville,Metropolitan One Day,Brittania Reserve South [267Q1],Coolbinia WP Won by 164 runs
602907,15 Jan 2011,2010,10,Coolbinia WP v Greenrange,2nd Grade,Coolbinia Reserve #2,Greenrange Won outright by 3 wkts
602904,15 Jan 2011,2010,10,Greenrange v Coolbinia WP,5th Grade,City Beach Lower,Coolbinia WP Won on 1st Innings by 114 runs
602905,15 Jan 2011,2010,10,Mt Lawley Inglewood CC v Coolbinia WP,7th Grade,Hamer Park #2,Mt Lawley Inglewood CC Won on 1st Innings by 17 runs
602906,15 Jan 2011,2010,10,Maylands v Coolbinia WP,Metropolitan One Day,Houghton Park [250 D3],Coolbinia WP Won by 6 wkts
602912,8 Jan 2011,2010,9,Belmont Cricket Club v Coolbinia WP,2nd Grade,Peet Park#1,Coolbinia WP Won by 1 wkts
602910,8 Jan 2011,2010,9,Coolbinia WP v Belmont Cricket Club,5th Grade,Coolbinia Reserve #2,Coolbinia WP Won by 101 runs
602911,8 Jan 2011,2010,9,Coolbinia WP v Carlisle Cricket Club,7th Grade,Higgins Park,Coolbinia WP Won by 74 runs
602916,18 Dec 2010,2010,8,Coolbinia WP v Stirling Cricket Club,2nd Grade,Coolbinia Reserve #2,Stirling Cricket Club Won by 2 wkts
602914,18 Dec 2010,2010,8,Stirling Cricket Club v Coolbinia WP,5th Grade,Coolbinia Reserve #1,Coolbinia WP Won by 7 wkts
602915,18 Dec 2010,2010,8,Coolbinia WP v Dianella Cricket Club,7th Grade,Robertsbridge Reserve,Dianella Cricket Club Won by 3 wkts
602919,11 Dec 2010,2010,9,Dianella Cricket Club v Coolbinia WP,Metropolitan One Day,Barry Brittan Reserve,Coolbinia WP Won by 10 wkts
602924,4 Dec 2010,2010,7,SKLP Cricket Club v Coolbinia WP,2nd Grade,Coolbinia Reserve #2,Coolbinia WP Won on 1st Innings by 13 runs
602921,4 Dec 2010,2010,7,SKLP Cricket Club v Coolbinia WP,5th Grade,Selby Street,Coolbinia WP Won outright by 10 wkts
602922,4 Dec 2010,2010,7,Coolbinia WP v Leederville,7th Grade,Robertsbridge Reserve,Leederville Won on 1st Innings by 42 runs
602923,4 Dec 2010,2010,8,Carlisle Cricket Club v Coolbinia WP,Metropolitan One Day,Higgins Park,Coolbinia WP Won by 10 wkts
602930,27 Nov 2010,2010,6,University v Coolbinia WP,2nd Grade,Menzies Park [247 P14],Coolbinia WP Won by 2 wkts
602927,27 Nov 2010,2010,6,Coolbinia WP v University,5th Grade,Coolbinia Reserve #2,Coolbinia WP Won by 54 runs
602928,27 Nov 2010,2010,6,Ascot Cricket Club v Coolbinia WP,7th Grade,Middleton Park # 1,Coolbinia WP Won by 5 wkts
602929,27 Nov 2010,2010,7,Coolbinia WP v Scarborough Cricket Club,Metropolitan One Day,Empire Avenue Reserve,Coolbinia WP Won by 88 runs
602936,20 Nov 2010,2010,5,BayswaterPostels v Coolbinia WP,2nd Grade,Coolbinia Reserve #2,Coolbinia WP Won by 2 wkts
602933,20 Nov 2010,2010,5,BayswaterPostels v Coolbinia WP,5th Grade,Hillcrest Reserve,Coolbinia WP Won by 3 wkts
602934,20 Nov 2010,2010,5,Belmont Cricket Club v Coolbinia WP,7th Grade,Robertsbridge Reserve,Coolbinia WP Won by 3 wkts
602935,20 Nov 2010,2010,6,Coolbinia WP v Mt Lawley Inglewood CC,Metropolitan One Day,Wordsworth Reserve # 1,Coolbinia WP Won by 27 runs
602938,13 Nov 2010,2010,5,Coolbinia WP v Karinyup,Metropolitan One Day,Karrinyup Reserve,Coolbinia WP Won by 74 runs
602943,6 Nov 2010,2010,4,Belmont Cricket Club v Coolbinia WP,2nd Grade,Coolbinia Reserve #2,Coolbinia WP Won on 1st Innings by 123 runs
602940,6 Nov 2010,2010,4,Coolbinia WP v Belmont Cricket Club,5th Grade,Peet Park#1,Coolbinia WP Won on 1st Innings by 101 runs
602941,6 Nov 2010,2010,4,Coolbinia WP v Carlisle Cricket Club,7th Grade,Robertsbridge Reserve,Coolbinia WP Won outright by 67 runs
602942,6 Nov 2010,2010,4,Coolbinia WP v Leederville,Metropolitan One Day,Brittania Reserve South [267Q1],Leederville Won by 3 wkts
602945,30 Oct 2010,2010,3,Coolbinia WP v Maylands,Metropolitan One Day,Robertsbridge Reserve,Maylands Won by 4 wkts
602949,23 Oct 2010,2010,3,Coolbinia WP v Stirling Cricket Club,2nd Grade,Coolbinia Reserve #1,Coolbinia WP Won on 1st Innings by 78 runs
602946,23 Oct 2010,2010,3,Stirling Cricket Club v Coolbinia WP,5th Grade,Coolbinia Reserve #2,Coolbinia WP Won outright by 10 wkts
602947,23 Oct 2010,2010,3,Coolbinia WP v Dianella Cricket Club,7th Grade,Light Street Reserve # 2,Dianella Cricket Club Won outright by 10 wkts
602948,23 Oct 2010,2010,2,Coolbinia WP v Dianella Cricket Club,Metropolitan One Day,Robertsbridge Reserve,Coolbinia WP Won by 140 runs
602954,16 Oct 2010,2010,2,Perth Tamil v Coolbinia WP,2nd Grade,Coolbinia Reserve #2,Perth Tamil Won by 1 runs
602951,16 Oct 2010,2010,2,Coolbinia WP v Perth Tamil,5th Grade,Ranford Oval [ 349 J1],Coolbinia WP Won by 72 runs
602952,16 Oct 2010,2010,2,Coolbinia WP v University,7th Grade,Yaluma Park,University Won by 1 wkts
602953,16 Oct 2010,2010,1,Coolbinia WP v Carlisle Cricket Club,Metropolitan One Day,Robertsbridge Reserve,Coolbinia WP Won by 48 runs
602957,9 Oct 2010,2010,1,Coolbinia WP v Greenrange,2nd Grade,City Beach Lower,Coolbinia WP Won by 78 runs
602955,9 Oct 2010,2010,1,Greenrange v Coolbinia WP,5th Grade,Coolbinia Reserve #2,Coolbinia WP Won 0 wkts
602956,9 Oct 2010,2010,1,Coolbinia WP v Mt Lawley Inglewood CC,7th Grade,Robertsbridge Reserve,Coolbinia WP Won by 89 runs
602970,27 Mar 2010,2009,GF,Coolbinia WP v Karinyup,2nd Grade,Lake Gwellup Reserve,Karinyup Won outright by 6 wkts
602969,27 Mar 2010,2009,GF,Karinyup v Coolbinia WP,5th Grade,Coolbinia Reserve #2,Karinyup Won outright by 46 runs
602972,20 Mar 2010,2009,PF,Coolbinia WP v Perth Tamil,2nd Grade,Coolbinia Reserve #2,Coolbinia WP Won on 1st Innings by 231 runs
602971,20 Mar 2010,2009,PF,Belmont Cricket Club v Coolbinia WP,5th Grade,Coolbinia Reserve #1,Coolbinia WP Won on 1st Innings by 76 runs
602975,13 Mar 2010,2009,SF,Coolbinia WP v Karinyup,2nd Grade,Lake Gwellup Reserve,Karinyup Won on 1st Innings by 85 runs
602974,13 Mar 2010,2009,SF,Coolbinia WP v Karinyup,5th Grade,Coolbinia Reserve #2,Karinyup Won on 1st Innings by 2 runs
602973,13 Mar 2010,2009,SF,Ascot Cricket Club v Coolbinia WP,7th Grade,Coolbinia Reserve #1,Ascot Cricket Club Won on 1st Innings by 83 runs
602976,6 Mar 2010,2009,18,Leederville v Coolbinia WP,Metropolitan One Day,Brittania Reserve South [267Q1],Coolbinia WP Won by 2 wkts
602980,27 Feb 2010,2009,14,Perth Tamil v Coolbinia WP,2nd Grade,Coolbinia Reserve #2,Coolbinia WP Won on 1st Innings by 199 runs
602979,27 Feb 2010,2009,14,Perth Tamil v Coolbinia WP,5th Grade,Ranford Oval,Coolbinia WP Won outright by 10 wkts
602978,27 Feb 2010,2009,14,Coolbinia WP v Greenrange,7th Grade,Robertsbridge Reserve,Greenrange Won on 1st Innings by 86 runs
602977,27 Feb 2010,2009,17,Coolbinia WP v BayswaterPostels,Metropolitan One Day,Gibbney Reserve,Coolbinia WP Won by 174 runs
602982,20 Feb 2010,2009,16,Maylands v Coolbinia WP,Metropolitan One Day,Robertsbridge Reserve,Maylands Won by 71 runs
602986,13 Feb 2010,2009,13,Karinyup v Coolbinia WP,2nd Grade,Coolbinia Reserve #2,Karinyup Won on 1st Innings by 46 runs
602985,13 Feb 2010,2009,13,Karinyup v Coolbinia WP,5th Grade,Lake Gwellup Reserve,Karinyup Won on 1st Innings by 73 runs
602984,13 Feb 2010,2009,13,Carlisle Cricket Club v Coolbinia WP,7th Grade,Higgins Park,Coolbinia WP Won on 1st Innings by 104 runs
602983,13 Feb 2010,2009,15,Ferndale Lynwood CC v Coolbinia WP,Metropolitan One Day,Robertsbridge Reserve,Coolbinia WP Won 0 wkts
602988,6 Feb 2010,2009,14,Canningvale v Coolbinia WP,Metropolitan One Day,Canningvale Reserve,Canningvale Won by 56 runs
602993,30 Jan 2010,2009,12,Punjabi Culture v Coolbinia WP,2nd Grade,Beatty Park,Coolbinia WP Won outright by 10 wkts
602992,30 Jan 2010,2009,12,Coolbinia WP v Punjabi Culture,5th Grade,Coolbinia Reserve #2,Coolbinia WP Won on 1st Innings by 112 runs
602991,30 Jan 2010,2009,12,Ferndale Lynwood CC v Coolbinia WP,7th Grade,Robertsbridge Reserve,Coolbinia WP Won on 1st Innings by 26 runs
602990,30 Jan 2010,2009,13,Mt Lawley-Inglewood White v Coolbinia WP,Metropolitan One Day,Barry Brittan Reserve,Mt Lawley-Inglewood White Won by 46 runs
602998,23 Jan 2010,2009,11,University v Coolbinia WP,2nd Grade,Coolbinia Reserve #2,Coolbinia WP Won 0 wkts
602997,23 Jan 2010,2009,11,Coolbinia WP v University,5th Grade,Menzies Park [247 P14],University Won by 5 wkts
602996,23 Jan 2010,2009,11,Coolbinia WP v Ascot Cricket Club,7th Grade,Robertsbridge Reserve,Coolbinia WP Won by 16 runs
602995,23 Jan 2010,2009,12,Coolbinia WP v Scarborough Cricket Club,Metropolitan One Day,Empire Avenue Reserve,Scarborough Cricket Club Won by 4 wkts
602999,16 Jan 2010,2009,11,Coolbinia WP v Mt Lawley-Inglewood Green,Metropolitan One Day,Wordsworth Reserve # 2,Mt Lawley-Inglewood Green Won by 3 wkts
603004,9 Jan 2010,2009,10,Belmont Cricket Club v Coolbinia WP,2nd Grade,Peet Park#1,Coolbinia WP Won outright by 10 wkts
603003,9 Jan 2010,2009,10,Coolbinia WP v Belmont Cricket Club,5th Grade,Coolbinia Reserve #2,Coolbinia WP Won on 1st Innings by 4 runs
603002,9 Jan 2010,2009,10,Stirling Cricket Club v Coolbinia WP,7th Grade,Wordsworth Reserve # 1,Coolbinia WP Won outright by 143 runs
603001,9 Jan 2010,2009,10,Coolbinia WP v Karinyup,Metropolitan One Day,Robertsbridge Reserve,Karinyup Won by 5 wkts
603008,2 Jan 2010,2009,9,Coolbinia WP v Stirling Cricket Club,2nd Grade,Coolbinia Reserve #2,Coolbinia WP Won by 26 runs
603007,2 Jan 2010,2009,9,Coolbinia WP v Stirling Cricket Club,5th Grade,Coolbinia Reserve #1,Coolbinia WP Won by 162 runs
603006,2 Jan 2010,2009,9,Mt Lawley Inglewood CC v Coolbinia WP,7th Grade,Emberson Reserve,Coolbinia WP Won 0 wkts
603011,19 Dec 2009,2009,8,Perth Tamil v Coolbinia WP,2nd Grade,Les Lilleyman Resrve,Coolbinia WP Won by 1 wkts
603010,19 Dec 2009,2009,8,Coolbinia WP v Perth Tamil,5th Grade,Coolbinia Reserve #2,Coolbinia WP Won by 86 runs
603009,19 Dec 2009,2009,8,Greenrange v Coolbinia WP,7th Grade,City Beach Upper,Coolbinia WP Won by 6 wkts
603016,12 Dec 2009,2009,7,Punjabi Culture v Coolbinia WP,2nd Grade,Coolbinia Reserve #2,Coolbinia WP Won by 2 wkts
603015,12 Dec 2009,2009,7,Coolbinia WP v Punjabi Culture,5th Grade,Beatty Park,Coolbinia WP Won by 116 runs
603014,12 Dec 2009,2009,7,Ferndale Lynwood CC v Coolbinia WP,7th Grade,Ferndale Resrve Upper,Coolbinia WP Won by 1 wkts
603013,12 Dec 2009,2009,9,Coolbinia WP v Leederville,Metropolitan One Day,Robertsbridge Reserve,Coolbinia WP Won by 149 runs
603018,5 Dec 2009,2009,8,Coolbinia WP v BayswaterPostels,Metropolitan One Day,Barry Brittan Reserve,Coolbinia WP Won by 14 runs
603023,28 Nov 2009,2009,6,BayswaterPostels v Coolbinia WP,2nd Grade,Coolbinia Reserve #2,BayswaterPostels Won on 1st Innings by 59 runs
603022,28 Nov 2009,2009,6,BayswaterPostels v Coolbinia WP,5th Grade,Hillcrest Reserve,Coolbinia WP Won on 1st Innings by 146 runs
603021,28 Nov 2009,2009,6,Leederville v Coolbinia WP,7th Grade,Robertsbridge Reserve,Leederville Won on 1st Innings by 3 runs
603020,28 Nov 2009,2009,7,Maylands v Coolbinia WP,Metropolitan One Day,Gibbney Reserve,Maylands Won by 40 runs
603028,21 Nov 2009,2009,5,Coolbinia WP v Karinyup,2nd Grade,Lake Gwellup Reserve,Karinyup Won by 2 wkts
603027,21 Nov 2009,2009,5,Coolbinia WP v Karinyup,5th Grade,Coolbinia Reserve #2,Karinyup Won by 2 wkts
603026,21 Nov 2009,2009,5,Carlisle Cricket Club v Coolbinia WP,7th Grade,Robertsbridge Reserve,Coolbinia WP Won by 6 wkts
603025,21 Nov 2009,2009,6,Coolbinia WP v Ferndale Lynwood CC,Metropolitan One Day,Ferndale Reserve Lower,Coolbinia WP Won by 97 runs
603031,14 Nov 2009,2009,5,Coolbinia WP v Canningvale,Metropolitan One Day,Robertsbridge Reserve,Canningvale Won by 2 wkts
603037,7 Nov 2009,2009,4,Coolbinia WP v University,2nd Grade,Menzies Park [247 P14],Coolbinia WP Won on 1st Innings by 186 runs
603035,7 Nov 2009,2009,4,University v Coolbinia WP,5th Grade,Coolbinia Reserve #2,Coolbinia WP Won outright by 17 runs
603034,7 Nov 2009,2009,4,Ascot Cricket Club v Coolbinia WP,7th Grade,Middleton Park # 1,Ascot Cricket Club Won on 1st Innings by 31 runs
603033,7 Nov 2009,2009,4,Coolbinia WP v Mt Lawley-Inglewood White,Metropolitan One Day,Robertsbridge Reserve,Mt Lawley-Inglewood White Won by 6 wkts
603041,31 Oct 2009,2009,3,Coolbinia WP v Belmont Cricket Club,2nd Grade,Coolbinia Reserve #2,Coolbinia WP Won by 43 runs
603040,31 Oct 2009,2009,3,Belmont Cricket Club v Coolbinia WP,5th Grade,Peet Park#1,Coolbinia WP Won by 3 wkts
603039,31 Oct 2009,2009,3,Stirling Cricket Club v Coolbinia WP,7th Grade,Robertsbridge Reserve,Coolbinia WP Won by 2 wkts
603038,31 Oct 2009,2009,3,Coolbinia WP v Scarborough Cricket Club,Metropolitan One Day,Barry Brittan Reserve,Coolbinia WP Won by 81 runs
603044,24 Oct 2009,2009,2,Coolbinia WP v Mt Lawley-Inglewood Green,Metropolitan One Day,Barry Brittan Reserve,Mt Lawley-Inglewood Green Won by 1 wkts
603049,17 Oct 2009,2009,2,Stirling Cricket Club v Coolbinia WP,2nd Grade,Coolbinia Reserve #1,Coolbinia WP Won on 1st Innings by 120 runs
603048,17 Oct 2009,2009,2,Coolbinia WP v Stirling Cricket Club,5th Grade,Coolbinia Reserve #2,Coolbinia WP Won on 1st Innings by 5 runs
603047,17 Oct 2009,2009,2,Coolbinia WP v Mt Lawley Inglewood CC,7th Grade,Robertsbridge Reserve,Mt Lawley Inglewood CC Won on 1st Innings by 209 runs
603046,17 Oct 2009,2009,1,Karinyup v Coolbinia WP,Metropolitan One Day,Karrinyup Reserve,Coolbinia WP Won by 4 wkts
603053,10 Oct 2009,2009,1,Coolbinia WP v BayswaterPostels,2nd Grade,Hillcrest Reserve,Match Drawn
603052,10 Oct 2009,2009,1,Coolbinia WP v BayswaterPostels,5th Grade,Coolbinia Reserve #2,Match Drawn
603051,10 Oct 2009,2009,1,Coolbinia WP v Leederville,7th Grade,Britannia Reserve North,Coolbinia WP Won by 12 runs
603057,21 Mar 2009,2008,FINAL,Coolbinia WP v Greenrange,2nd Grade,City Beach Lower,Greenrange Won on 1st Innings by 8 runs
603058,21 Mar 2009,2008,FINAL,Coolbinia WP v Perth Tamil,5th Grade,Coolbinia Reserve #2,Perth Tamil Won on 1st Innings by 19 runs
603059,14 Mar 2009,2008,FINAL,Coolbinia WP v BayswaterPostels,2nd Grade,Coolbinia Reserve #2,Coolbinia WP Won on 1st Innings by 19 runs
603060,14 Mar 2009,2008,FINAL,Coolbinia WP v Greenrange,5th Grade,Light Street Reserve #1,Coolbinia WP Won on 1st Innings by 11 runs
603061,14 Mar 2009,2008,SF,Greenrange v Coolbinia WP,8th Grade,Light Street Reserve # 2,Greenrange Won on 1st Innings by 35 runs
603062,7 Mar 2009,2008,21,Coolbinia WP v Osborne Park,Metropolitan One Day,Barry Brittan Reserve,Coolbinia WP Won by 9 runs
603063,28 Feb 2009,2008,14,Coolbinia WP v Greenrange,2nd Grade,City Beach Lower,Greenrange Won on 1st Innings by 65 runs
603064,28 Feb 2009,2008,14,Coolbinia WP v Greenrange,5th Grade,Coolbinia Reserve #2,Greenrange Won on 1st Innings by 17 runs
603065,28 Feb 2009,2008,14,Coolbinia WP v Ascot Cricket Club,8th Grade,Robertsbridge Reserve,Coolbinia WP Won on 1st Innings by 66 runs
603066,28 Feb 2009,2008,20,Coolbinia WP v Leederville,Metropolitan One Day,Britannia Reserve Cent,Leederville Won by 1 wkts
603068,21 Feb 2009,2008,19,Coolbinia WP v Belmont Cricket Club,Metropolitan One Day,Barry Brittan Reserve,Belmont Cricket Club Won by 10 wkts
603069,14 Feb 2009,2008,13,Coolbinia WP v Karinyup,2nd Grade,Coolbinia Reserve #2,Karinyup Won on 1st Innings by 105 runs
603070,14 Feb 2009,2008,13,Coolbinia WP v Karinyup,5th Grade,Karrinyup Reserve,Karinyup Won on 1st Innings by 25 runs
603071,14 Feb 2009,2008,13,Coolbinia WP v Stirling Cricket Club,8th Grade,Wordsworth Reserve # 1,Coolbinia WP Won on 1st Innings by 3 runs
603072,14 Feb 2009,2008,18,Coolbinia WP v Perth Tamil,Metropolitan One Day,Wellington Square # 2,Perth Tamil Won by 5 wkts
603074,7 Feb 2009,2008,17,Coolbinia WP v Scarborough Cricket Club,Metropolitan One Day,Robertsbridge Reserve,Scarborough Cricket Club Won by 3 wkts
603075,31 Jan 2009,2008,12,Coolbinia WP v Perth Tamil,2nd Grade,Coolbinia Reserve #2,Coolbinia WP Won on 1st Innings by 3 runs
603076,31 Jan 2009,2008,12,Coolbinia WP v Perth Tamil,5th Grade,Wellington Sqaure # 1,Coolbinia WP Won on 1st Innings by 65 runs
603077,31 Jan 2009,2008,12,Coolbinia WP v Greenrange,8th Grade,City Beach Upper,Coolbinia WP Won on 1st Innings by 54 runs
603078,31 Jan 2009,2008,16,Coolbinia WP v BayswaterPostels,Metropolitan One Day,Robertsbridge Reserve,BayswaterPostels Won by 4 wkts
603080,24 Jan 2009,2008,11,Coolbinia WP v BayswaterPostels,2nd Grade,Coolbinia Reserve #2,BayswaterPostels Won by 4 wkts
603081,24 Jan 2009,2008,11,Coolbinia WP v BayswaterPostels,5th Grade,Hillcrest Reserve,Coolbinia WP Won by 1 runs
603082,24 Jan 2009,2008,11,Scarborough Cricket Club v Coolbinia WP,8th Grade,Woodlands Reserve,Coolbinia WP Won by 4 wkts
603083,24 Jan 2009,2008,15,Coolbinia WP v Ferndale Lynwood CC,Metropolitan One Day,Barry Brittan Reserve,Coolbinia WP Won by 17 runs
603085,17 Jan 2009,2008,14,Coolbinia WP v Mt Lawley Inglewood CC,Metropolitan One Day,Barry Brittan Reserve,Mt Lawley Inglewood CC Won by 4 wkts
603086,10 Jan 2009,2008,10,Coolbinia WP v University,2nd Grade,Menzies Park,Coolbinia WP Won on 1st Innings by 32 runs
603087,10 Jan 2009,2008,10,Coolbinia WP v University,5th Grade,Coolbinia Reserve #2,Coolbinia WP Won on 1st Innings by 206 runs
603088,10 Jan 2009,2008,10,Leederville v Coolbinia WP,8th Grade,Robertsbridge Reserve,Leederville Won on 1st Innings by 138 runs
603089,10 Jan 2009,2008,13,Coolbinia WP v Karinyup,Metropolitan One Day,Karrinyup Reserve,Karinyup Won by 3 wkts
603091,3 Jan 2009,2008,9,Coolbinia WP v Osborne Park,2nd Grade,Robinson Reserve,Coolbinia WP Won by 47 runs
603092,3 Jan 2009,2008,9,Coolbinia WP v Osborne Park,5th Grade,Coolbinia Reserve #2,Coolbinia WP Won by 36 runs
603093,3 Jan 2009,2008,9,Coolbinia WP v University,8th Grade,Robertsbridge Reserve,University Won by 6 wkts
603094,3 Jan 2009,2008,12,Coolbinia WP v Osborne Park,Metropolitan One Day,Barry Brittan Reserve,Coolbinia WP Won by 10 runs
603096,20 Dec 2008,2008,8,Coolbinia WP v Stirling Cricket Club,2nd Grade,Coolbinia Reserve #2,Coolbinia WP Won by 112 runs
603097,20 Dec 2008,2008,8,Coolbinia WP v Stirling Cricket Club,5th Grade,Coolbinia Reserve #1,Coolbinia WP Won by 96 runs
603098,20 Dec 2008,2008,8,Coolbinia WP v Mt Lawley Inglewood CC,8th Grade,Wordsworth Reserve # 2,Match Tied
603099,20 Dec 2008,2008,11,Coolbinia WP v Leederville,Metropolitan One Day,Barry Brittan Reserve,Leederville Won by 1 wkts
603100,13 Dec 2008,2008,7,Coolbinia WP v Greenrange,2nd Grade,Coolbinia Reserve #2,Greenrange Won by 3 wkts
603101,13 Dec 2008,2008,7,Coolbinia WP v Greenrange,5th Grade,City Beach Lower,Greenrange Won by 3 wkts
603102,13 Dec 2008,2008,7,Coolbinia WP v Ascot Cricket Club,8th Grade,Centenary Park,Coolbinia WP Won by 27 runs
603103,13 Dec 2008,2008,10,Coolbinia WP v Belmont Cricket Club,Metropolitan One Day,Raphael East [ 7 K9],Belmont Cricket Club Won by 10 wkts
603105,6 Dec 2008,2008,9,Coolbinia WP v Perth Tamil,Metropolitan One Day,Barry Brittan Reserve,Perth Tamil Won 0 wkts
603106,29 Nov 2008,2008,6,Coolbinia WP v BayswaterPostels,2nd Grade,Hillcrest Reserve,Coolbinia WP Won on 1st Innings by 55 runs
603107,29 Nov 2008,2008,6,Coolbinia WP v BayswaterPostels,5th Grade,Coolbinia Reserve #2,Coolbinia WP Won on 1st Innings by 103 runs
603108,29 Nov 2008,2008,6,Coolbinia WP v Scarborough Cricket Club,8th Grade,Robertsbridge Reserve,Scarborough Cricket Club Won outright by 3 wkts
603109,29 Nov 2008,2008,8,Coolbinia WP v Scarborough Cricket Club,Metropolitan One Day,Empire Avenue Reserve,Coolbinia WP Won by 24 runs
3197966,22 Nov 2008,2008,5,Karrinyup v Coolbinia WP,2nd Grade,Lake Gwellup Reserve,Karrinyup Won by 5 wickets
603112,22 Nov 2008,2008,5,Coolbinia WP v Stirling Cricket Club,8th Grade,Robertsbridge Reserve,Stirling Cricket Club Won by 2 wkts
603113,22 Nov 2008,2008,7,Coolbinia WP v BayswaterPostels,Metropolitan One Day,Barry Brittan Reserve,Match Drawn
603116,15 Nov 2008,2008,6,Coolbinia WP v Ferndale Lynwood CC,Metropolitan One Day,Ferndale Reserve Lower,Ferndale Lynwood CC Won 0 wkts
603117,8 Nov 2008,2008,4,Coolbinia WP v Osborne Park,2nd Grade,Coolbinia Reserve #2,Coolbinia WP Won on 1st Innings by 44 runs
603118,8 Nov 2008,2008,4,Coolbinia WP v Osborne Park,5th Grade,Robertsbridge Reserve,Coolbinia WP Won outright by 14 runs
603119,8 Nov 2008,2008,4,Coolbinia WP v University,8th Grade,Les Lilleyman Resrve,University Won on 1st Innings by 80 runs
603120,8 Nov 2008,2008,5,Mt Lawley Inglewood CC v Coolbinia WP,Metropolitan One Day,Barry Brittan Reserve,Mt Lawley Inglewood CC Won by 146 runs
603122,1 Nov 2008,2008,3,Coolbinia WP v Perth Tamil,2nd Grade,Beatty Park,Coolbinia WP Won by 3 runs
603123,1 Nov 2008,2008,3,Coolbinia WP v Perth Tamil,5th Grade,Coolbinia Reserve #2,Perth Tamil Won by 1 wkts
603124,1 Nov 2008,2008,3,Coolbinia WP v Greenrange,8th Grade,Robertsbridge Reserve,Match Tied
603125,1 Nov 2008,2008,4,Karinyup v Coolbinia WP,Metropolitan One Day,Karrinyup Reserve,Karinyup Won 0 runs
603127,25 Oct 2008,2008,3,Coolbinia WP v Osborne Park,Metropolitan One Day,Barry Brittan Reserve,Osborne Park Won by 3 wkts
603128,18 Oct 2008,2008,2,Coolbinia WP v Stirling Cricket Club,2nd Grade,Coolbinia Reserve #1,Coolbinia WP Won on 1st Innings by 92 runs
603129,18 Oct 2008,2008,2,Coolbinia WP v Stirling Cricket Club,5th Grade,Coolbinia Reserve #2,Coolbinia WP Won on 1st Innings by 119 runs
603130,18 Oct 2008,2008,2,Coolbinia WP v Mt Lawley Inglewood CC,8th Grade,Robertsbridge Reserve,Coolbinia WP Won outright by 72 runs
603131,18 Oct 2008,2008,2,Leederville v Coolbinia WP,Metropolitan One Day,Britannia Reserve Cent,Leederville Won 0 runs
603132,11 Oct 2008,2008,1,Coolbinia WP v University,2nd Grade,Coolbinia Reserve #2,University Won by 6 wkts
603133,11 Oct 2008,2008,1,Coolbinia WP v University,5th Grade,Menzies Park,Coolbinia WP Won by 41 runs
603134,11 Oct 2008,2008,1,Coolbinia WP v Leederville,8th Grade,Britannia Reserve # 2,Coolbinia WP Won by 70 runs
603135,11 Oct 2008,2008,1,Coolbinia WP v Belmont Cricket Club,Metropolitan One Day,Barry Brittan Reserve,Coolbinia WP Won 0 runs
603139,8 Mar 2008,2007,FINAL,Coolbinia WP v Dianella Cricket Club,3rd Grade,Light Street Reserve # 2,Dianella Cricket Club Won on 1st Innings by 56 runs
603138,8 Mar 2008,2007,FINAL,Coolbinia WP v Osborne Park,6th Grade,Robinson Reserve,Osborne Park Won on 1st Innings by 2 runs
603141,1 Mar 2008,2007,FINAL,Coolbinia WP v Leederville,3rd Grade,Britannia Reserve West,Coolbinia WP Won on 1st Innings by 2 runs
603140,1 Mar 2008,2007,FINAL,Coolbinia WP v Karinyup,6th Grade,Karrinyup Reserve,Coolbinia WP Won on 1st Innings by 2 runs
603142,23 Feb 2008,2007,20,Coolbinia WP v Leederville,Metropolitan One Day,Robertsbridge Reserve,Coolbinia WP Won by 99 runs
603145,16 Feb 2008,2007,14,Coolbinia WP v BayswaterPostels,3rd Grade,Hillcrest Reserve,Coolbinia WP Won on 1st Innings by 49 runs
603146,16 Feb 2008,2007,14,Coolbinia WP v Scarborough Cricket Club,6th Grade,Coolbinia Reserve #2,Coolbinia WP Won outright by 2 runs
603144,16 Feb 2008,2007,14,Coolbinia WP v Belmont Cricket Club,9th Grade,Peet Park East,Belmont Cricket Club Won on 1st Innings by 86 runs
603143,16 Feb 2008,2007,19,Coolbinia WP v Ferndale Lynwood CC,Metropolitan One Day,Woodford Reserve,Ferndale Lynwood CC Won by 1 wkts
603148,9 Feb 2008,2007,13,Coolbinia WP v Ascot Cricket Club,6th Grade,Middleton Park # 1,Coolbinia WP Won on 1st Innings by 36 runs
603149,9 Feb 2008,2007,18,Coolbinia WP v Karinyup,Metropolitan One Day,Empire Avenue Reserve,Karinyup Won by 1 wkts
603150,2 Feb 2008,2007,13,Coolbinia WP v University,3rd Grade,Coolbinia Reserve #2,University Won on 1st Innings by 20 runs
603151,2 Feb 2008,2007,13,Coolbinia WP v Leederville,9th Grade,Robertsbridge Reserve,Coolbinia WP Won outright by 2 runs
603152,2 Feb 2008,2007,17,Coolbinia WP v Osborne Park,Metropolitan One Day,Linthorne Resreve,Osborne Park Won 0 wkts
603155,26 Jan 2008,2007,12,Coolbinia WP v Belmont Cricket Club,3rd Grade,Peet Park#1,Coolbinia WP Won by 109 runs
603156,26 Jan 2008,2007,12,Coolbinia WP v BayswaterPostels,6th Grade,Hillcrest Reserve,Coolbinia WP Won by 167 runs
603157,26 Jan 2008,2007,12,Coolbinia WP v Ascot Cricket Club,9th Grade,Centenary Park,Ascot Cricket Club Won by 1 wkts
603154,26 Jan 2008,2007,16,Coolbinia WP v BayswaterPostels,Metropolitan One Day,Coolbinia Reserve #2,Coolbinia WP Won by 35 runs
603159,19 Jan 2008,2007,15,Coolbinia WP v Scarborough Cricket Club,Metropolitan One Day,Empire Avenue Reserve,Coolbinia WP Won by 77 runs
603163,12 Jan 2008,2007,11,Coolbinia WP v Carlisle Cricket Club,3rd Grade,Coolbinia Reserve #2,Coolbinia WP Won on 1st Innings by 72 runs
603162,12 Jan 2008,2007,11,Coolbinia WP v Osborne Park,6th Grade,Robinson Reserve,Osborne Park Won on 1st Innings by 65 runs
603161,12 Jan 2008,2007,11,Coolbinia WP v Dianella Cricket Club,9th Grade,Robertsbridge Reserve,Coolbinia WP Won on 1st Innings by 90 runs
603160,12 Jan 2008,2007,14,Coolbinia WP v Mt Lawley Inglewood CC,Metropolitan One Day,Linthorne Resreve,Mt Lawley Inglewood CC Won 0 wkts
603166,5 Jan 2008,2007,10,Coolbinia WP v Scarborough Cricket Club,3rd Grade,Bennett Park,Scarborough Cricket Club Won by 1 wkts
603165,5 Jan 2008,2007,10,Coolbinia WP v Carlisle Cricket Club,9th Grade,Coolbinia Reserve #2,Coolbinia WP Won by forfeit
603167,5 Jan 2008,2007,13,Coolbinia WP v Leederville,Metropolitan One Day,Britannia Reserve # 2,Coolbinia WP Won by 10 runs
603169,22 Dec 2007,2007,9,Coolbinia WP v University,3rd Grade,Les Lilleyman Resrve,Coolbinia WP Won by 51 runs
603171,22 Dec 2007,2007,9,Coolbinia WP v Ascot Cricket Club,6th Grade,Coolbinia Reserve #2,Ascot Cricket Club Won by 6 wkts
603172,22 Dec 2007,2007,9,Coolbinia WP v Leederville,9th Grade,Robertsbridge Reserve,Leederville Won by 3 wkts
603170,22 Dec 2007,2007,12,Coolbinia WP v Ferndale Lynwood CC,Metropolitan One Day,Woodford Reserve,Ferndale Lynwood CC Won by 4 wkts
603174,15 Dec 2007,2007,11,Coolbinia WP v Karinyup,Metropolitan One Day,Karrinyup Reserve,Karinyup Won by 3 wkts
603175,8 Dec 2007,2007,8,Coolbinia WP v Dianella Cricket Club,3rd Grade,Light Street Reserve # 2,Coolbinia WP Won on 1st Innings by 9 runs
603177,8 Dec 2007,2007,8,Coolbinia WP v Mt Lawley Inglewood CC,6th Grade,Coolbinia Reserve #2,Coolbinia WP Won on 1st Innings by 91 runs
603178,8 Dec 2007,2007,8,Coolbinia WP v Mt Lawley Inglewood CC,9th Grade,Wordsworth Reserve # 1,Mt Lawley Inglewood CC Won on 1st Innings by 263 runs
603176,8 Dec 2007,2007,10,Coolbinia WP v Osborne Park,Metropolitan One Day,Wordsworth Reserve # 1,Osborne Park Won 0 wkts
603180,1 Dec 2007,2007,9,Coolbinia WP v BayswaterPostels,Metropolitan One Day,Linthorne Resreve,Coolbinia WP Won by 128 runs
603181,24 Nov 2007,2007,7,Coolbinia WP v Belmont Cricket Club,3rd Grade,Coolbinia Reserve #2,Coolbinia WP Won on 1st Innings by 5 runs
603182,24 Nov 2007,2007,7,Coolbinia WP v BayswaterPostels,6th Grade,Deschamp Reserve,BayswaterPostels Won on 1st Innings by 186 runs
603184,24 Nov 2007,2007,7,Coolbinia WP v Ascot Cricket Club,9th Grade,Robertsbridge Reserve,Ascot Cricket Club Won on 1st Innings by 66 runs
603183,24 Nov 2007,2007,8,Coolbinia WP v Scarborough Cricket Club,Metropolitan One Day,Bennett Park,Scarborough Cricket Club Won by forfeit
603186,18 Nov 2007,2007,6,Coolbinia WP v Leederville,3rd Grade,Coolbinia Reserve #2,Leederville Won by 1 wkts
603187,18 Nov 2007,2007,6,Coolbinia WP v Karinyup,6th Grade,Karrinyup Reserve,Coolbinia WP Won by 82 runs
603189,17 Nov 2007,2007,5,Coolbinia WP v BayswaterPostels,3rd Grade,Coolbinia Reserve #2,Coolbinia WP Won by 59 runs
603190,17 Nov 2007,2007,5,Coolbinia WP v Scarborough Cricket Club,6th Grade,Woodlands Reserve,Coolbinia WP Won by 106 runs
603192,17 Nov 2007,2007,5,Coolbinia WP v Belmont Cricket Club,9th Grade,Robertsbridge Reserve,Belmont Cricket Club Won by 5 wkts
603191,17 Nov 2007,2007,7,Coolbinia WP v Mt Lawley Inglewood CC,Metropolitan One Day,Barry Brittan Reserve,Coolbinia WP Won by 151 runs
603194,10 Nov 2007,2007,4,Coolbinia WP v Carlisle Cricket Club,9th Grade,Queens Park Reserve,Coolbinia WP Won on 1st Innings by 78 runs
603195,10 Nov 2007,2007,6,Coolbinia WP v Leederville,Metropolitan One Day,Robertsbridge Reserve,Leederville Won 0 wkts
603196,3 Nov 2007,2007,5,Coolbinia WP v Ferndale Lynwood CC,Metropolitan One Day,Woodlands Reserve,Coolbinia WP Won by 25 runs
603198,2 Nov 2007,2007,4,Coolbinia WP v Scarborough Cricket Club,3rd Grade,Coolbinia Reserve #2,Coolbinia WP Won on 1st Innings by 13 runs
603199,27 Oct 2007,2007,3,Coolbinia WP v Carlisle Cricket Club,3rd Grade,Carlisle Reserve,Coolbinia WP Won by 104 runs
603200,27 Oct 2007,2007,3,Coolbinia WP v Osborne Park,6th Grade,Coolbinia Reserve #2,Osborne Park Won 0 wkts
603202,27 Oct 2007,2007,3,Coolbinia WP v Dianella Cricket Club,9th Grade,Light Street Reserve # 2,Match Tied
603201,27 Oct 2007,2007,4,Coolbinia WP v Karinyup,Metropolitan One Day,Robertsbridge Reserve,Karinyup Won by 1 wkts
603204,20 Oct 2007,2007,3,Coolbinia WP v Osborne Park,Metropolitan One Day,Robertsbridge Reserve,Coolbinia WP Won by 19 runs
603207,13 Oct 2007,2007,2,Coolbinia WP v Leederville,3rd Grade,Britannia Reserve # 2,Leederville Won on 1st Innings by 200 runs
603205,13 Oct 2007,2007,2,Coolbinia WP v Karinyup,6th Grade,Coolbinia Reserve #2,Karinyup Won on 1st Innings by 39 runs
603206,13 Oct 2007,2007,2,Coolbinia WP v Stirling Cricket Club,9th Grade,Coolbinia Reserve #1,Coolbinia WP Won on 1st Innings by 103 runs
603211,6 Oct 2007,2007,1,Coolbinia WP v Dianella Cricket Club,3rd Grade,Coolbinia Reserve #2,Dianella Cricket Club Won by 5 wkts
603209,6 Oct 2007,2007,1,Coolbinia WP v Mt Lawley Inglewood CC,6th Grade,Les Lilleyman Resrve,Coolbinia WP Won by 77 runs
603210,6 Oct 2007,2007,1,Coolbinia WP v Mt Lawley Inglewood CC,9th Grade,Robertsbridge Reserve,Mt Lawley Inglewood CC Won by 1 wkts
603213,24 Feb 2007,2006,14,Coolbinia WP v Kensington,2nd Grade,Robertsbridge Reserve,Coolbinia WP Won on 1st Innings by 31 runs
603214,24 Feb 2007,2006,14,Coolbinia WP v Dianella Cricket Club,5th Grade,Light Street Reserve # 2,Dianella Cricket Club Won on 1st Innings by 173 runs
603215,24 Feb 2007,2006,14,Coolbinia WP v Leederville,8th Grade,Britannia Reserve # 2,Leederville Won on 1st Innings by 106 runs
603217,17 Feb 2007,2006,13,Coolbinia WP v Maylands,2nd Grade,DeLacey Reserve,Maylands Won on 1st Innings by 22 runs
603218,10 Feb 2007,2006,13,Coolbinia WP v Belmont Cricket Club,8th Grade,Peet Park East,Belmont Cricket Club Won on 1st Innings by 124 runs
603220,3 Feb 2007,2006,12,Coolbinia WP v Osborne Park,2nd Grade,Robertsbridge Reserve,Osborne Park Won 0 wkts
603221,3 Feb 2007,2006,12,Coolbinia WP v Floreat Hellenic,5th Grade,Les Lilleyman Resrve,Coolbinia WP Won by 25 runs
603222,3 Feb 2007,2006,13,Coolbinia WP v University,5th Grade,Robertsbridge Reserve,University Won outright by 10 wkts
603223,3 Feb 2007,2006,12,Coolbinia WP v Mt Lawley Inglewood CC,8th Grade,Barry Brittan Reserve,Mt Lawley Inglewood CC Won 0 wkts
603226,27 Jan 2007,2006,11,Coolbinia WP v Ferndale Lynwood CC,2nd Grade,Ferndale Resrve Upper,Ferndale Lynwood CC Won by 2 wkts
603227,27 Jan 2007,2006,11,Coolbinia WP v Punjabi Culture,5th Grade,Robertsbridge Reserve,Punjabi Culture Won 0 wkts
603225,27 Jan 2007,2006,11,Coolbinia WP v Greenrange,8th Grade,City Beach Upper,Coolbinia WP Won by 113 runs
603231,13 Jan 2007,2006,10,Coolbinia WP v Greenrange,2nd Grade,City Beach Lower,Greenrange Won outright by 15 runs
603230,13 Jan 2007,2006,10,Coolbinia WP v Greenrange,5th Grade,Robertsbridge Reserve,Greenrange Won outright by 16 runs
603229,13 Jan 2007,2006,10,Coolbinia WP v Ascot Cricket Club,8th Grade,Barry Brittan Reserve,Ascot Cricket Club Won on 1st Innings by 12 runs
603235,6 Jan 2007,2006,9,Coolbinia WP v Maylands,2nd Grade,Robertsbridge Reserve,Maylands Won 0 wkts
603234,6 Jan 2007,2006,9,Coolbinia WP v University,5th Grade,Menzies Park,University Won 0 wkts
603233,6 Jan 2007,2006,9,Coolbinia WP v Belmont Cricket Club,8th Grade,Barry Brittan Reserve,Belmont Cricket Club Won by 4 wkts
603237,9 Dec 2006,2006,8,Coolbinia WP v Stirling Cricket Club,2nd Grade,Robertsbridge Reserve,Coolbinia WP Won on 1st Innings by 94 runs
603238,9 Dec 2006,2006,8,Coolbinia WP v Belmont Cricket Club,5th Grade,Peet Park#1,Belmont Cricket Club Won outright by 10 wkts
603239,9 Dec 2006,2006,8,Coolbinia WP v Ferndale Lynwood CC,8th Grade,Ferndale Reserve Lower,Ferndale Lynwood CC Won outright by 18 runs
603240,25 Nov 2006,2006,7,Coolbinia WP v Osborne Park,2nd Grade,Emberson Reserve,Osborne Park Won on 1st Innings by 189 runs
603241,25 Nov 2006,2006,7,Coolbinia WP v Floreat Hellenic,5th Grade,Robertsbridge Reserve,Floreat Hellenic Won outright by 3 wkts
603242,25 Nov 2006,2006,7,Coolbinia WP v Mt Lawley Inglewood CC,8th Grade,Wordsworth Reserve # 1,Mt Lawley Inglewood CC Won on 1st Innings by 80 runs
603244,19 Nov 2006,2006,6,Coolbinia WP v Mt Lawley Inglewood CC,2nd Grade,Hamer Park # 1,Mt Lawley Inglewood CC Won by 1 wkts
603245,19 Nov 2006,2006,6,Coolbinia WP v Mt Lawley Inglewood CC,5th Grade,Robertsbridge Reserve,Mt Lawley Inglewood CC Won 0 wkts
603246,19 Nov 2006,2006,6,Coolbinia WP v University,8th Grade,Menzies Park,University Won by 6 wkts
603248,18 Nov 2006,2006,5,Coolbinia WP v Kensington,2nd Grade,Morris Mundy Reserve,Coolbinia WP Won by 34 runs
603249,18 Nov 2006,2006,5,Coolbinia WP v Dianella Cricket Club,5th Grade,Robertsbridge Reserve,Coolbinia WP Won by 31 runs
603250,18 Nov 2006,2006,5,Coolbinia WP v Leederville,8th Grade,Barry Brittan Reserve,Leederville Won by 5 wkts
603252,4 Nov 2006,2006,4,Coolbinia WP v Ferndale Lynwood CC,2nd Grade,Robertsbridge Reserve,Ferndale Lynwood CC Won on 1st Innings by 93 runs
603253,4 Nov 2006,2006,4,Coolbinia WP v Punjabi Culture,5th Grade,Beatty Park,Punjabi Culture Won on 1st Innings by 142 runs
603254,4 Nov 2006,2006,4,Coolbinia WP v Greenrange,8th Grade,Barry Brittan Reserve,Greenrange Won on 1st Innings by 114 runs
603256,28 Oct 2006,2006,3,Coolbinia WP v Greenrange,2nd Grade,Robertsbridge Reserve,Greenrange Won 0 wkts
603257,28 Oct 2006,2006,3,Coolbinia WP v Greenrange,5th Grade,City Beach Lower,Greenrange Won by 1 wkts
603258,28 Oct 2006,2006,3,Coolbinia WP v Ascot Cricket Club,8th Grade,Middleton Park # 2,Ascot Cricket Club Won by 4 wkts
603260,14 Oct 2006,2006,2,Coolbinia WP v Mt Lawley Inglewood CC,2nd Grade,Robertsbridge Reserve,Mt Lawley Inglewood CC Won outright by 123 runs
603261,14 Oct 2006,2006,2,Coolbinia WP v Mt Lawley Inglewood CC,5th Grade,Hamer Park # 1,Mt Lawley Inglewood CC Won outright by 28 runs
603262,14 Oct 2006,2006,2,Coolbinia WP v University,8th Grade,Barry Brittan Reserve,Coolbinia WP Won on 1st Innings by 76 runs
603264,7 Oct 2006,2006,1,Coolbinia WP v Stirling Cricket Club,2nd Grade,Coolbinia Reserve #1,Stirling Cricket Club Won by 2 wkts
603267,7 Oct 2006,2006,1,Stirling Cricket Club v Coolbinia WP,2nd Grade,Coolbinia Reserve #1,Stirling Cricket Club Won by 97 runs
603265,7 Oct 2006,2006,1,Coolbinia WP v Belmont Cricket Club,5th Grade,Barry Brittan Reserve,Belmont Cricket Club Won by 5 wkts
603266,7 Oct 2006,2006,1,Coolbinia WP v Ferndale Lynwood CC,8th Grade,Linthorne Resreve,Ferndale Lynwood CC Won by 1 wkts
603270,4 Mar 2006,2005,20,Coolbinia WP v Karinyup,Metropolitan One Day,Robertsbridge Reserve,Coolbinia WP Won by 7 runs
603271,25 Feb 2006,2005,14,Coolbinia WP v Carlisle Cricket Club,1st Grade,Carlisle Reserve,Carlisle Cricket Club Won on 1st Innings by 17 runs
603272,25 Feb 2006,2005,14,Coolbinia WP v Canningvale,4th Grade,Coolbinia Reserve #2,Canningvale Won outright by 100 runs
603273,25 Feb 2006,2005,14,Coolbinia WP v Maylands,8th Grade,DeLacey Reserve,Maylands Won outright by 40 runs
603276,18 Feb 2006,2005,19,Coolbinia WP v Mt Lawley Inglewood CC,Metropolitan One Day,Wellington Sqaure # 1,Coolbinia WP Won by 5 runs
603278,11 Feb 2006,2005,13,Coolbinia WP v Ascot Cricket Club,1st Grade,Coolbinia Reserve #2,Ascot Cricket Club Won on 1st Innings by 106 runs
603279,11 Feb 2006,2005,13,Coolbinia WP v Leederville,4th Grade,Britannia Reserve North,Leederville Won on 1st Innings by 135 runs
603280,11 Feb 2006,2005,13,Coolbinia WP v Ascot Cricket Club,8th Grade,Robertsbridge Reserve,Coolbinia WP Won on 1st Innings by 37 runs
603277,11 Feb 2006,2005,18,Coolbinia WP v Leederville,Metropolitan One Day,Britannia Reserve Cent,Leederville Won by 4 wkts
603283,4 Feb 2006,2005,12,Coolbinia WP v Dianella Cricket Club,1st Grade,Light Street Reserve #1,Dianella Cricket Club Won by 8 wkts
603284,4 Feb 2006,2005,12,Coolbinia WP v Dianella Cricket Club,4th Grade,Coolbinia Reserve #2,Dianella Cricket Club Won by 4 wkts
603285,4 Feb 2006,2005,12,Coolbinia WP v University,8th Grade,Robertsbridge Reserve,University Won by 3 wkts
603286,4 Feb 2006,2005,17,Coolbinia WP v Greenrange,Metropolitan One Day,City Beach Upper,Greenrange Won 0 wkts
603292,28 Jan 2006,2005,11,Coolbinia WP v Karinyup,1st Grade,Coolbinia Reserve #2,Karinyup Won by 6 wkts
603291,28 Jan 2006,2005,11,Coolbinia WP v Karinyup,4th Grade,Lake Gwellup Reserve,Karinyup Won by 7 wkts
603290,28 Jan 2006,2005,11,Coolbinia WP v Mt Lawley Inglewood CC,8th Grade,Robertsbridge Reserve,Mt Lawley Inglewood CC Won 0 wkts
603289,28 Jan 2006,2005,16,Coolbinia WP v Scarborough Cricket Club,Metropolitan One Day,Empire Avenue Reserve,Scarborough Cricket Club Won 0 wkts
603296,14 Jan 2006,2005,10,Coolbinia WP v Ferndale Lynwood CC,1st Grade,Coolbinia Reserve #2,Ferndale Lynwood CC Won on 1st Innings by 65 runs
603298,14 Jan 2006,2005,10,Coolbinia WP v Maccabi,4th Grade,Memorial Oval,Maccabi Won outright by 10 wkts
603297,14 Jan 2006,2005,10,Coolbinia WP v Greenrange,8th Grade,Empire Avenue Reserve,Greenrange Won on 1st Innings by 50 runs
603295,14 Jan 2006,2005,15,Coolbinia WP v Mt Lawley Inglewood CC,Metropolitan One Day,Robertsbridge Reserve,Coolbinia WP Won by 42 runs
603299,14 Jan 2006,2005,14,Coolbinia WP v Osborne Park,Metropolitan One Day,Robertsbridge Reserve,Osborne Park Won 0 wkts
603302,7 Jan 2006,2005,9,Coolbinia WP v Ascot Cricket Club,1st Grade,Middleton Park # 2,Ascot Cricket Club Won by 6 wkts
603303,7 Jan 2006,2005,9,Coolbinia WP v Leederville,4th Grade,Coolbinia Reserve #2,Leederville Won by 3 wkts
603304,7 Jan 2006,2005,9,Coolbinia WP v Ascot Cricket Club,8th Grade,Middleton Park # 1,Coolbinia WP Won by 21 runs
603309,10 Dec 2005,2005,8,Coolbinia WP v Leederville,1st Grade,Britannia Reserve Cent,Leederville Won on 1st Innings by 71 runs
603310,10 Dec 2005,2005,8,Coolbinia WP v Victoria Park,4th Grade,Coolbinia Reserve #2,Victoria Park Won outright by 4 runs
603308,10 Dec 2005,2005,8,Coolbinia WP v Ferndale Lynwood CC,8th Grade,Robertsbridge Reserve,Coolbinia WP Won outright 0 runs
603307,10 Dec 2005,2005,13,Coolbinia WP v Leederville,Metropolitan One Day,Britannia Reserve West,Leederville Won by 1 wkts
603311,10 Dec 2005,2005,12,Coolbinia WP v Karinyup,Metropolitan One Day,Karrinyup Reserve,Karinyup Won by 4 wkts
603314,3 Dec 2005,2005,11,Coolbinia WP v Greenrange,Metropolitan One Day,Robertsbridge Reserve,Coolbinia WP Won by 28 runs
603316,26 Nov 2005,2005,7,Coolbinia WP v Dianella Cricket Club,1st Grade,Coolbinia Reserve #2,Dianella Cricket Club Won on 1st Innings by 76 runs
603317,26 Nov 2005,2005,7,Coolbinia WP v Dianella Cricket Club,4th Grade,Light Street Reserve # 2,Dianella Cricket Club Won outright by 66 runs
603318,26 Nov 2005,2005,7,Coolbinia WP v University,8th Grade,Menzies Park,University Won outright by 40 runs
603315,26 Nov 2005,2005,9,Coolbinia WP v Victoria Park,Metropolitan One Day,Robertsbridge Reserve,Coolbinia WP Won by forfeit
603321,20 Nov 2005,2005,6,Coolbinia WP v Scarborough Cricket Club,1st Grade,Coolbinia Reserve #2,Scarborough Cricket Club Won by 3 wkts
603322,20 Nov 2005,2005,6,Coolbinia WP v BayswaterPostels,4th Grade,Hillcrest Reserve,BayswaterPostels Won by 3 wkts
603323,20 Nov 2005,2005,6,Coolbinia WP v Maccabi,8th Grade,Memorial Oval,Maccabi Won by 4 wkts
603324,20 Nov 2005,2005,8,Coolbinia WP v Osborne Park,Metropolitan One Day,Robertsbridge Reserve,Osborne Park Won by 1 wkts
603329,19 Nov 2005,2005,5,Coolbinia WP v Carlisle Cricket Club,1st Grade,Coolbinia Reserve #2,Carlisle Cricket Club Won by 6 wkts
603330,19 Nov 2005,2005,5,Coolbinia WP v Canningvale,4th Grade,Canningvale Reserve,Canningvale Won by 5 wkts
603328,19 Nov 2005,2005,5,Coolbinia WP v Maylands,8th Grade,Robertsbridge Reserve,Maylands Won by 5 wkts
603327,19 Nov 2005,2005,7,Coolbinia WP v Karinyup,Metropolitan One Day,Karrinyup Reserve,Coolbinia WP Won by 42 runs
603333,12 Nov 2005,2005,6,Coolbinia WP v Scarborough Cricket Club,Metropolitan One Day,Woodlands Reserve,Coolbinia WP Won by 29 runs
603335,5 Nov 2005,2005,4,Coolbinia WP v Karinyup,1st Grade,Lake Gwellup Reserve,Coolbinia WP Won on 1st Innings by 34 runs
603337,5 Nov 2005,2005,4,Coolbinia WP v Karinyup,4th Grade,Coolbinia Reserve #2,Karinyup Won outright by 10 wkts
603336,5 Nov 2005,2005,4,Coolbinia WP v Mt Lawley Inglewood CC,8th Grade,Robertsbridge Reserve,Coolbinia WP Won outright by 80 runs
603334,5 Nov 2005,2005,5,Coolbinia WP v Mt Lawley Inglewood CC,Metropolitan One Day,Robertsbridge Reserve,Coolbinia WP Won by 169 runs
603340,29 Oct 2005,2005,3,Coolbinia WP v Ferndale Lynwood CC,1st Grade,Ferndale Reserve Lower,Ferndale Lynwood CC Won by 4 wkts
603342,29 Oct 2005,2005,3,Coolbinia WP v Maccabi,4th Grade,Coolbinia Reserve #2,Maccabi Won by 5 wkts
603341,29 Oct 2005,2005,4,Coolbinia WP v Leederville,Metropolitan One Day,Britannia Reserve Cent,Leederville Won by 3 wkts
603345,22 Oct 2005,2005,3,Coolbinia WP v Greenrange,Metropolitan One Day,City Beach Upper,Greenrange Won by 5 wkts
603346,19 Oct 2005,2005,3,Coolbinia WP v Greenrange,8th Grade,Robertsbridge Reserve,Greenrange Won 0 wkts
603348,15 Oct 2005,2005,2,Coolbinia WP v Scarborough Cricket Club,1st Grade,Bennett Park,Coolbinia WP Won on 1st Innings by 21 runs
603349,15 Oct 2005,2005,2,Coolbinia WP v BayswaterPostels,4th Grade,Barry Brittan Reserve,BayswaterPostels Won on 1st Innings by 103 runs
603350,15 Oct 2005,2005,2,Coolbinia WP v Maccabi,8th Grade,Robertsbridge Reserve,Maccabi Won outright by 2 wkts
603347,15 Oct 2005,2005,2,Coolbinia WP v Scarborough Cricket Club,Metropolitan One Day,Empire Avenue Reserve,Scarborough Cricket Club Won by 3 wkts
603353,8 Oct 2005,2005,1,Coolbinia WP v Leederville,1st Grade,Robertsbridge Reserve,Leederville Won by 5 wkts
603355,8 Oct 2005,2005,1,Coolbinia WP v Victoria Park,4th Grade,Fraser Park,Victoria Park Won 0 wkts
603354,8 Oct 2005,2005,1,Coolbinia WP v Ferndale Lynwood CC,8th Grade,Canningvale Reserve,Coolbinia WP Won by 29 runs
603356,8 Oct 2005,2005,1,Coolbinia WP v Osborne Park,Metropolitan One Day,Robertsbridge Reserve,Osborne Park Won by forfeit
603360,5 Mar 2005,2004,FINAL,Carlisle Cricket Club v Coolbinia WP,1st Grade,Carlisle Reserve,Carlisle Cricket Club Won on 1st Innings by 82 runs
603362,19 Feb 2005,2004,14,Coolbinia WP v Carlisle Cricket Club,1st Grade,Coolbinia Reserve #2,Coolbinia WP Won on 1st Innings by 21 runs
603367,5 Feb 2005,2004,13,Karinyup v Coolbinia WP,1st Grade,Lake Gwellup Reserve,Karinyup Won on 1st Innings by 3 runs
603371,29 Jan 2005,2004,12,Ferndale Lynwood CC v Coolbinia WP,1st Grade,Ferndale Resrve Upper,Ferndale Lynwood CC Won by 65 runs
603380,15 Jan 2005,2004,11,Leederville v Coolbinia WP,1st Grade,Coolbinia Reserve #2,Coolbinia WP Won on 1st Innings by 14 runs
603387,8 Jan 2005,2004,10,Ascot Cricket Club v Coolbinia WP,1st Grade,Middleton Park # 2,Coolbinia WP Won by 2 wkts
603393,18 Dec 2004,2004,9,Coolbinia WP v Belmont Cricket Club,1st Grade,Coolbinia Reserve #2,Coolbinia WP Won by 6 runs
603403,12 Dec 2004,2004,8,Carlisle Cricket Club v Coolbinia WP,1st Grade,Carlisle Reserve,Coolbinia WP Won by 2 wkts
603409,4 Dec 2004,2004,7,Dianella Cricket Club v Coolbinia WP,1st Grade,Coolbinia Reserve #2,Coolbinia WP Won on 1st Innings by 105 runs
603417,20 Nov 2004,2004,6,Coolbinia WP v Ferndale Lynwood CC,1st Grade,Coolbinia Reserve #2,Coolbinia WP Won on 1st Innings by 77 runs
603424,14 Nov 2004,2004,5,Karinyup v Coolbinia WP,1st Grade,Coolbinia Reserve #2,Coolbinia WP Won on 1st Innings by 5 runs
603430,13 Nov 2004,2004,4,Coolbinia WP v Leederville,1st Grade,Britannia Reserve West,Leederville Won by 2 wkts
603439,6 Nov 2004,2004,3,Belmont Cricket Club v Coolbinia WP,1st Grade,Peet Park#1,Belmont Cricket Club Won on 1st Innings by 28 runs
603446,16 Oct 2004,2004,2,Ascot Cricket Club v Coolbinia WP,1st Grade,Coolbinia Reserve #2,Ascot Cricket Club Won on 1st Innings by 122 runs
603449,9 Oct 2004,2004,1,Coolbinia WP v Dianella Cricket Club,1st Grade,Light Street Reserve #1,Dianella Cricket Club Won 0 wkts
603456,27 Mar 2004,2003,FINAL,Coolbinia WP v Leederville,1st Grade,Coolbinia Reserve #2,Leederville Won on 1st Innings by 1 runs
603460,13 Mar 2004,2003,FINAL,Coolbinia WP v Leederville,1st Grade,Coolbinia Reserve #2,Coolbinia WP Won on 1st Innings by 45 runs
603467,28 Feb 2004,2003,14,Coolbinia WP v Carlisle Cricket Club,1st Grade,Carlisle Reserve,Coolbinia WP Won on 1st Innings by 38 runs
603475,14 Feb 2004,2003,13,BayswaterPostels v Coolbinia WP,1st Grade,Coolbinia Reserve #2,Coolbinia WP Won on 1st Innings by 51 runs
603483,31 Jan 2004,2003,12,Coolbinia WP v Belmont Cricket Club,1st Grade,Coolbinia Reserve #2,Coolbinia WP Won on 1st Innings by 29 runs
603484,24 Jan 2004,2003,11,Coolbinia WP v Ferndale Lynwood CC,1st Grade,Coolbinia Reserve #2,Coolbinia WP Won by 119 runs
603496,10 Jan 2004,2003,10,Dianella Cricket Club v Coolbinia WP,1st Grade,Light Street Reserve #1,Dianella Cricket Club Won on 1st Innings by 137 runs
603499,3 Jan 2004,2003,9,Leederville v Coolbinia WP,1st Grade,Britannia Reserve West,Coolbinia WP Won 0 wkts
603505,20 Dec 2003,2003,8,Ascot Cricket Club v Coolbinia WP,1st Grade,Coolbinia Reserve #2,Ascot Cricket Club Won by 54 runs
603511,13 Dec 2003,2003,7,Carlisle Cricket Club v Coolbinia WP,1st Grade,Coolbinia Reserve #2,Coolbinia WP Won by 3 wkts
603524,29 Nov 2003,2003,6,Ferndale Lynwood CC v Coolbinia WP,1st Grade,Ferndale Resrve Upper,Coolbinia WP Won on 1st Innings by 23 runs
603525,22 Nov 2003,2003,5,Coolbinia WP v BayswaterPostels,1st Grade,Hillcrest Reserve,Coolbinia WP Won by 12 runs
603535,8 Nov 2003,2003,4,Coolbinia WP v Leederville,1st Grade,Coolbinia Reserve #2,Leederville Won on 1st Innings by 219 runs
603537,1 Nov 2003,2003,3,Coolbinia WP v Belmont Cricket Club,1st Grade,Peet Park#1,Belmont Cricket Club Won by 3 wkts
603544,25 Oct 2003,2003,2,Coolbinia WP v Ascot Cricket Club,1st Grade,Middleton Park # 2,Coolbinia WP Won on 1st Innings by 67 runs
603550,11 Oct 2003,2003,1,Dianella Cricket Club v Coolbinia WP,1st Grade,Coolbinia Reserve #2,Coolbinia WP Won by 3 wkts
603557,29 Mar 2003,2002,FINAL,Coolbinia WP v Ascot Cricket Club,1st Grade,Coolbinia Reserve #2,Coolbinia WP Won on 1st Innings by 68 runs
603559,15 Mar 2003,2002,FINAL,Coolbinia WP v Leederville,1st Grade,Britannia Reserve West,Coolbinia WP Won on 1st Innings by 91 runs
603564,1 Mar 2003,2002,14,Greenrange v Coolbinia WP,1st Grade,Coolbinia Reserve #2,Coolbinia WP Won outright by 56 runs
603571,15 Feb 2003,2002,13,Coolbinia WP v BayswaterPostels,1st Grade,Hillcrest Reserve,Coolbinia WP Won on 1st Innings by 85 runs
603579,1 Feb 2003,2002,12,Belmont Cricket Club v Coolbinia WP,1st Grade,Peet Park#1,Belmont Cricket Club Won on 1st Innings by 84 runs
603586,25 Jan 2003,2002,11,Ferndale Lynwood CC v Coolbinia WP,1st Grade,Ferndale Resrve Upper,Ferndale Lynwood CC Won by 12 runs
603594,11 Jan 2003,2002,10,Coolbinia WP v Dianella Cricket Club,1st Grade,Coolbinia Reserve #2,Dianella Cricket Club Won on 1st Innings by 45 runs
603600,4 Jan 2003,2002,9,Coolbinia WP v Leederville,1st Grade,Coolbinia Reserve #2,Leederville Won by 2 wkts
603606,21 Dec 2002,2002,8,Ascot Cricket Club v Coolbinia WP,1st Grade,Centenary Park,Ascot Cricket Club Won by 89 runs
603613,14 Dec 2002,2002,7,Greenrange v Coolbinia WP,1st Grade,City Beach Lower,Coolbinia WP Won by 5 wkts
603621,30 Nov 2002,2002,6,Ferndale Lynwood CC v Coolbinia WP,1st Grade,Coolbinia Reserve #2,Ferndale Lynwood CC Won on 1st Innings by 29 runs
603628,23 Nov 2002,2002,5,Coolbinia WP v BayswaterPostels,1st Grade,Coolbinia Reserve #2,Coolbinia WP Won by 26 runs
603636,9 Nov 2002,2002,4,Coolbinia WP v Leederville,1st Grade,Britannia Reserve West,Coolbinia WP Won on 1st Innings by 105 runs
603643,2 Nov 2002,2002,3,Coolbinia WP v Belmont Cricket Club,1st Grade,Coolbinia Reserve #2,Coolbinia WP Won by 16 runs
603651,19 Oct 2002,2002,2,Coolbinia WP v Ascot Cricket Club,1st Grade,Coolbinia Reserve #2,Coolbinia WP Won on 1st Innings by 52 runs
603657,12 Oct 2002,2002,1,Coolbinia WP v Dianella Cricket Club,1st Grade,Light Street Reserve #1,Coolbinia WP Won by 27 runs
603664,23 Feb 2002,2001,14,Coolbinia WP v Carlisle Cricket Club,1st Grade,Coolbinia Reserve #2,Coolbinia WP Won on 1st Innings by 88 runs
603674,9 Feb 2002,2001,13,Coolbinia WP v Greenrange,1st Grade,City Beach Lower,Coolbinia WP Won on 1st Innings by 67 runs
603678,2 Feb 2002,2001,12,Coolbinia WP v BayswaterPostels,1st Grade,Coolbinia Reserve #2,BayswaterPostels Won by 2 wkts
603685,26 Jan 2002,2001,11,Coolbinia WP v Leederville,1st Grade,Coolbinia Reserve #2,Leederville Won by 4 wkts
603695,13 Jan 2002,2001,10,Coolbinia WP v Dianella Cricket Club,1st Grade,Coolbinia Reserve #2,No Result
603699,5 Jan 2002,2001,9,Coolbinia WP v Ascot Cricket Club,1st Grade,Centenary Park,Ascot Cricket Club Won by 7 wkts
603706,22 Dec 2001,2001,8,Belmont Cricket Club v Coolbinia WP,1st Grade,Peet Park#1,Coolbinia WP Won by 5 wkts
603713,8 Dec 2001,2001,7,BayswaterPostels v Coolbinia WP,1st Grade,Hillcrest Reserve,BayswaterPostels Won on 1st Innings by 124 runs
603723,24 Nov 2001,2001,6,Coolbinia WP v Leederville,1st Grade,Britannia Reserve #1,Leederville Won on 1st Innings by 46 runs
603733,10 Nov 2001,2001,5,Ascot Cricket Club v Coolbinia WP,1st Grade,Coolbinia Reserve #2,Ascot Cricket Club Won on 1st Innings by 61 runs
603743,3 Nov 2001,2001,3,Coolbinia WP v Greenrange,1st Grade,Coolbinia Reserve #2,Coolbinia WP Won by 24 runs
603744,3 Nov 2001,2001,4,Carlisle Cricket Club v Coolbinia WP,1st Grade,Carlisle Reserve,Coolbinia WP Won 0 wkts
603756,20 Oct 2001,2001,2,Coolbinia WP v Belmont Cricket Club,1st Grade,Coolbinia Reserve #2,Belmont Cricket Club Won on 1st Innings by 39 runs
603761,14 Oct 2001,2001,1,Coolbinia WP v Dianella Cricket Club,1st Grade,Light Street Reserve # 2,Coolbinia WP Won by 43 runs
603770,24 Mar 2001,2000,FINAL,Coolbinia WP v Kensington,8th Grade,Coolbinia Reserve #2,Coolbinia WP Won on 1st Innings by 49 runs
603774,10 Mar 2001,2000,FINAL,Coolbinia WP v Scarborough Cricket Club,8th Grade,Coolbinia Reserve #2,Coolbinia WP Won on 1st Innings by 3 runs
603776,24 Feb 2001,2000,14,Coolbinia WP v Maylands,1st Grade,DeLacey Reserve,Maylands Won on 1st Innings by 48 runs
603781,24 Feb 2001,2000,14,Coolbinia WP v Greenrange,8th Grade,Wordsworth Reserve # 2,Coolbinia WP Won on 1st Innings by 2 runs
603785,10 Feb 2001,2000,13,Coolbinia WP v Carlisle Cricket Club,1st Grade,Robertsbridge Reserve,Coolbinia WP Won outright by 8 runs
603790,10 Feb 2001,2000,13,Coolbinia WP v Scarborough Cricket Club,8th Grade,Empire Avenue Reserve,Scarborough Cricket Club Won on 1st Innings by 2 runs
603793,3 Feb 2001,2000,12,BayswaterPostels v Coolbinia WP,1st Grade,Hillcrest Reserve,BayswaterPostels Won by 96 runs
603798,3 Feb 2001,2000,12,Coolbinia WP v Kensington,8th Grade,Linthorne Resreve,Coolbinia WP Won by 1 runs
603800,27 Jan 2001,2000,11,Belmont Cricket Club v Coolbinia WP,1st Grade,Robertsbridge Reserve,Belmont Cricket Club Won by 73 runs
603805,27 Jan 2001,2000,11,Coolbinia WP v Kensington,8th Grade,Higgins Park,Kensington Won by 10 wkts
603810,13 Jan 2001,2000,10,Dianella Cricket Club v Coolbinia WP,1st Grade,Light Street Reserve #1,Coolbinia WP Won on 1st Innings by 39 runs
603815,13 Jan 2001,2000,10,Coolbinia WP v Ascot Cricket Club,8th Grade,Centenary Park,Coolbinia WP Won on 1st Innings by 35 runs
603817,6 Jan 2001,2000,9,Leederville v Coolbinia WP,1st Grade,Britannia Reserve North,Leederville Won by 97 runs
603822,6 Jan 2001,2000,9,Coolbinia WP v Karinyup,8th Grade,Karrinyup Reserve,Coolbinia WP Won by 24 runs
603825,16 Dec 2000,2000,8,Coolbinia WP v Ascot Cricket Club,1st Grade,Centenary Park,Ascot Cricket Club Won by 1 wkts
603830,16 Dec 2000,2000,8,Coolbinia WP v Scarborough Cricket Club,8th Grade,Barry Brittan Reserve,Coolbinia WP Won by 10 runs
603835,2 Dec 2000,2000,7,Coolbinia WP v BayswaterPostels,1st Grade,Robertsbridge Reserve,Coolbinia WP Won on 1st Innings by 7 runs
603842,25 Nov 2000,2000,6,Leederville v Coolbinia WP,1st Grade,Robertsbridge Reserve,Leederville Won on 1st Innings by 87 runs
603847,18 Nov 2000,2000,6,Coolbinia WP v Karinyup,8th Grade,Glengarry Reserve,Coolbinia WP Won on 1st Innings by 22 runs
603851,4 Nov 2000,2000,5,Coolbinia WP v Ascot Cricket Club,1st Grade,Robertsbridge Reserve,Ascot Cricket Club Won on 1st Innings by 80 runs
603857,4 Nov 2000,2000,5,Coolbinia WP v Scarborough Cricket Club,8th Grade,Hamer Park #2,Scarborough Cricket Club Won on 1st Innings by 8 runs
603861,29 Oct 2000,2000,4,Carlisle Cricket Club v Coolbinia WP,1st Grade,Carlisle Reserve,Carlisle Cricket Club Won by 133 runs
603866,29 Oct 2000,2000,4,Scarborough Cricket Club v Coolbinia WP,8th Grade,Linthorne Resreve,Coolbinia WP Won by 9 wkts
603868,28 Oct 2000,2000,3,Coolbinia WP v Maylands,1st Grade,Robertsbridge Reserve,Coolbinia WP Won by 19 runs
603879,14 Oct 2000,2000,2,Coolbinia WP v Belmont Cricket Club,1st Grade,Peet Park#1,No Result
603885,14 Oct 2000,2000,2,Coolbinia WP v Greenrange,8th Grade,Linthorne Resreve,Coolbinia WP Won on 1st Innings by 101 runs
603890,7 Oct 2000,2000,1,Dianella Cricket Club v Coolbinia WP,1st Grade,Robertsbridge Reserve,Dianella Cricket Club Won by 91 runs
603889,7 Oct 2000,2000,1,Coolbinia WP v Floreat Hellenic,5th Grade,Les Lilleyman Resrve,Floreat Hellenic Won 0 wkts
603897,25 Mar 2000,1999,FINAL,Coolbinia WP v Noranda,5th Grade,DeLacey Reserve,Noranda Won on 1st Innings by 37 runs
603899,18 Mar 2000,1999,FINAL,Como v Coolbinia WP,5th Grade,Coolbinia Reserve #2,Coolbinia WP Won on 1st Innings by 66 runs
603901,11 Mar 2000,1999,FINAL,Coolbinia WP v Noranda,5th Grade,Deschamp Reserve,Noranda Won on 1st Innings by 130 runs
603907,26 Feb 2000,1999,15,South Perth v Coolbinia WP,1st Grade,George Burnett Reserve,South Perth Won on 1st Innings by 22 runs
603911,26 Feb 2000,1999,,Coolbinia WP v Osborne Park,1st Grade,Robinson Reserve,Coolbinia WP Won on 1st Innings by 98 runs
603906,26 Feb 2000,1999,14,Coolbinia WP v SP District,5th Grade,Linthorne Resreve,Coolbinia WP Won outright by 38 runs
603917,12 Feb 2000,1999,14,Ascot Cricket Club v Coolbinia WP,1st Grade,Centenary Park,Ascot Cricket Club Won on 1st Innings by 53 runs
603921,12 Feb 2000,1999,,Coolbinia WP v Karinyup,1st Grade,Robertsbridge Reserve,Coolbinia WP Won on 1st Innings by 13 runs
603916,12 Feb 2000,1999,13,Coolbinia WP v Noranda,5th Grade,Linthorne Resreve,Coolbinia WP Won on 1st Innings by 13 runs
603925,5 Feb 2000,1999,13,SP District v Coolbinia WP,1st Grade,Ernest Johnstone Oval,SP District Won by 94 runs
603928,5 Feb 2000,1999,,Coolbinia WP v Greenrange,1st Grade,City Beach Lower,Coolbinia WP Won by 69 runs
603924,5 Feb 2000,1999,12,Coolbinia WP v Como,5th Grade,Bill Ellison Reserve,Coolbinia WP Won by 37 runs
603932,29 Jan 2000,1999,12,Coolbinia WP v Scarborough Cricket Club,1st Grade,Coolbinia Reserve #2,Coolbinia WP Won by 52 runs
603935,29 Jan 2000,1999,,Coolbinia WP v Belmont Cricket Club,1st Grade,Robertsbridge Reserve,Belmont Cricket Club Won by 2 wkts
603931,29 Jan 2000,1999,11,Coolbinia WP v Dianella Cricket Club,5th Grade,Linthorne Resreve,Coolbinia WP Won by 2 runs
603938,15 Jan 2000,1999,11,Karinyup v Coolbinia WP,1st Grade,Lake Gwellup Reserve,No Result
603942,15 Jan 2000,1999,,Coolbinia WP v Dianella Cricket Club,1st Grade,Robertsbridge Reserve,Match Drawn
603937,15 Jan 2000,1999,10,Coolbinia WP v Deaf Club,5th Grade,Britannia Reserve #3,Deaf Club Won on 1st Innings by 20 runs
603945,9 Jan 2000,1999,10,Carlisle Cricket Club v Coolbinia WP,1st Grade,Coolbinia Reserve #2,Carlisle Cricket Club Won by 66 runs
603948,8 Jan 2000,1999,9,Coolbinia WP v Greenrange,1st Grade,City Beach Lower,Coolbinia WP Won by 63 runs
603953,8 Jan 2000,1999,,Coolbinia WP v Maylands,1st Grade,Robertsbridge Reserve,Coolbinia WP Won by 22 runs
603947,8 Jan 2000,1999,9,Coolbinia WP v Belmont Cricket Club,5th Grade,Peet Park East,Coolbinia WP Won by 26 runs
603956,18 Dec 1999,1999,8,Belmont Cricket Club v Coolbinia WP,1st Grade,Coolbinia Reserve #2,Belmont Cricket Club Won by 25 runs
603955,18 Dec 1999,1999,8,Coolbinia WP v Noranda,5th Grade,Emberson Reserve,Coolbinia WP Won by 59 runs
603962,11 Dec 1999,1999,7,Coolbinia WP v Dianella Cricket Club,1st Grade,Coolbinia Reserve #2,Coolbinia WP Won on 1st Innings by 54 runs
603968,4 Dec 1999,1999,,Coolbinia WP v Leederville,1st Grade,Robertsbridge Reserve,Leederville Won on 1st Innings by 120 runs
603965,4 Dec 1999,1999,7,Como v Coolbinia WP,5th Grade,Bill Ellison Reserve,Como Won on 1st Innings by 61 runs
603974,20 Nov 1999,1999,6,Northern Suburbs v Coolbinia WP,1st Grade,Coolbinia Reserve #2,Coolbinia WP Won on 1st Innings by 43 runs
603979,20 Nov 1999,1999,,Coolbinia WP v Coolbinia WP,1st Grade,Coolbinia Reserve #2,Coolbinia WP Won on 1st Innings by 170 runs
603973,20 Nov 1999,1999,6,Carlisle Cricket Club v Coolbinia WP,5th Grade,Middleton Park # 2,Coolbinia WP Won on 1st Innings by 96 runs
603985,6 Nov 1999,1999,5,Coolbinia WP v Leederville,1st Grade,Coolbinia Reserve #2,Leederville Won on 1st Innings by 65 runs
603990,6 Nov 1999,1999,,Coolbinia WP v South Perth,1st Grade,George Burnett Reserve,Coolbinia WP Won on 1st Innings by 96 runs
603984,6 Nov 1999,1999,5,Coolbinia WP v Belmont Cricket Club,5th Grade,Linthorne Resreve,Belmont Cricket Club Won on 1st Innings by 14 runs
603994,31 Oct 1999,1999,4,Coolbinia WP v BayswaterPostels,1st Grade,Emberson Reserve,Coolbinia WP Won by 19 runs
603997,31 Oct 1999,1999,4,Coolbinia WP v Carlisle Cricket Club,1st Grade,Robertsbridge Reserve,Carlisle Cricket Club Won by 10 wkts
603993,31 Oct 1999,1999,4,Carlisle Cricket Club v Coolbinia WP,5th Grade,Linthorne Resreve,Coolbinia WP Won 0 wkts
603999,30 Oct 1999,1999,3,Coolbinia WP v Noranda,1st Grade,Coolbinia Reserve #2,Noranda Won by 3 wkts
604002,30 Oct 1999,1999,3,Coolbinia WP v SP District,1st Grade,Ernest Johnstone Oval,Coolbinia WP Won by 75 runs
603998,30 Oct 1999,1999,3,Deaf Club v Coolbinia WP,5th Grade,Linthorne Resreve,Coolbinia WP Won by 3 wkts
3205858,30 Oct 1999,1999,3,Coolbinia v Noranda,Mercantile Conference,Coolbinia Reserve #2,Noranda Won by 3 wickets
604010,16 Oct 1999,1999,2,Osborne Park v Coolbinia WP,1st Grade,Robinson Reserve,Coolbinia WP Won on 1st Innings by 49 runs
604014,16 Oct 1999,1999,,Coolbinia WP v Ascot Cricket Club,1st Grade,Centenary Park,Ascot Cricket Club Won on 1st Innings by 103 runs
604009,16 Oct 1999,1999,2,Coolbinia WP v Dianella Cricket Club,5th Grade,Light Street Reserve # 2,Coolbinia WP Won on 1st Innings by 80 runs
604018,9 Oct 1999,1999,1,Coolbinia WP v Maylands,1st Grade,Coolbinia Reserve #2,Maylands Won 0 wkts
604024,9 Oct 1999,1999,1,Coolbinia WP v Osborne Park,3rd Grade,Robinson Reserve,Osborne Park Won by 2 wkts
604017,9 Oct 1999,1999,1,Coolbinia WP v SP District,5th Grade,John Forrest Park #2,Coolbinia WP Won by 51 runs
604030,20 Mar 1999,1998,FINAL,Leederville v Coolbinia WP,3rd Grade,Coolbinia Reserve #2,Leederville Won on 1st Innings by 23 runs
604029,20 Mar 1999,1998,FINAL,Kensington v Coolbinia WP,5th Grade,Fraser Park,Kensington Won on 1st Innings by 98 runs
604033,13 Mar 1999,1998,FINAL,Karinyup v Coolbinia WP,3rd Grade,Lake Gwellup Reserve,Karinyup Won on 1st Innings by 19 runs
604036,13 Mar 1999,1998,FINAL,Coolbinia WP v Ascot Cricket Club,4th Grade,Middleton Park # 1,Coolbinia WP Won on 1st Innings by 20 runs
604032,13 Mar 1999,1998,FINAL,Coolbinia WP v Como,5th Grade,Fraser Park,Coolbinia WP Won on 1st Innings by 96 runs
604040,27 Feb 1999,1998,15,Coolbinia WP v Dianella Cricket Club,1st Grade,Light Street Reserve # 2,Dianella Cricket Club Won on 1st Innings by 3 runs
604041,27 Feb 1999,1998,14,Coolbinia WP v Karinyup,3rd Grade,Coolbinia Reserve #2,Coolbinia WP Won on 1st Innings by 57 runs
604045,27 Feb 1999,1998,14,Coolbinia WP v Ashfield SC,4th Grade,Robertsbridge Reserve,Ashfield SC Won on 1st Innings by 143 runs
604039,27 Feb 1999,1998,14,Dianella Cricket Club v Coolbinia WP,5th Grade,Light Street Reserve # 2,Dianella Cricket Club Won on 1st Innings by 7 runs
604049,13 Feb 1999,1998,14,Northern Suburbs v Coolbinia WP,1st Grade,Robertsbridge Reserve,Northern Suburbs Won on 1st Innings by 56 runs
604050,13 Feb 1999,1998,13,Stirling Cricket Club v Coolbinia WP,3rd Grade,Wordsworth Reserve # 1,Coolbinia WP Won outright by 112 runs
604053,13 Feb 1999,1998,13,Coolbinia WP v Warwick Churches,4th Grade,Glengarry Reserve,Warwick Churches Won on 1st Innings by 92 runs
604048,13 Feb 1999,1998,13,Coolbinia WP v Como,5th Grade,Linthorne Resreve,Como Won outright by 9 wkts
604057,30 Jan 1999,1998,13,Leederville v Coolbinia WP,1st Grade,Coolbinia Reserve #2,Coolbinia WP Won on 1st Innings by 83 runs
604058,30 Jan 1999,1998,11,Leederville v Coolbinia WP,3rd Grade,Britannia Reserve #1,Coolbinia WP Won on 1st Innings by 44 runs
604062,30 Jan 1999,1998,11,Coolbinia WP v Ascot Cricket Club,4th Grade,Middleton Park # 1,Coolbinia WP Won on 1st Innings by 2 runs
604056,30 Jan 1999,1998,12,Leederville v Coolbinia WP,5th Grade,Houghton Park,Coolbinia WP Won on 1st Innings by 13 runs
604065,23 Jan 1999,1998,12,Coolbinia WP v Osborne Park,1st Grade,Robinson Reserve,Coolbinia WP Won by 65 runs
604066,23 Jan 1999,1998,11,Coolbinia WP v Osborne Park,3rd Grade,Wordsworth Reserve # 1,Coolbinia WP Won by 84 runs
604074,23 Jan 1999,1998,11,Coolbinia WP v University,4th Grade,Menzies Park,Coolbinia WP Won by 10 runs
604064,23 Jan 1999,1998,11,Coolbinia WP v Noranda,5th Grade,Coolbinia Reserve #2,Coolbinia WP Won by 44 runs
604079,9 Jan 1999,1998,11,Scarborough Cricket Club v Coolbinia WP,1st Grade,Coolbinia Reserve #2,Coolbinia WP Won on 1st Innings by 83 runs
604080,9 Jan 1999,1998,10,Coolbinia WP v Victoria Park,3rd Grade,Fraser Park,Coolbinia WP Won on 1st Innings by 15 runs
604087,9 Jan 1999,1998,10,Coolbinia WP v Greenrange,4th Grade,Robertsbridge Reserve,Greenrange Won on 1st Innings by 167 runs
604078,9 Jan 1999,1998,10,Coolbinia WP v Kensington,5th Grade,Coolbinia Reserve #2,Coolbinia WP Won on 1st Innings by 59 runs
604089,2 Jan 1999,1998,9,Coolbinia WP v Maylands,3rd Grade,Coolbinia Reserve #2,Coolbinia WP Won by 10 runs
604095,2 Jan 1999,1998,9,Coolbinia WP v South Perth,4th Grade,Robertsbridge Reserve,Coolbinia WP Won by 79 runs
604088,2 Jan 1999,1998,9,Coolbinia WP v BayswaterPostels,5th Grade,Houghton Park,BayswaterPostels Won by 1 wkts
604096,1 Jan 1999,1998,10,Maylands v Coolbinia WP,1st Grade,DeLacey Reserve,Maylands Won by 25 runs
604098,19 Dec 1998,1998,9,SP District v Coolbinia WP,1st Grade,Ernest Johnstone Oval,SP District Won by 14 runs
604099,19 Dec 1998,1998,8,Mt Hawthorn v Coolbinia WP,3rd Grade,Forrest Park 2,Mt Hawthorn Won by 2 runs
604105,19 Dec 1998,1998,8,Coolbinia WP v City Beach,4th Grade,City Beach Lower,Coolbinia WP Won by 55 runs
604097,19 Dec 1998,1998,8,Coolbinia WP v SP District,5th Grade,Coolbinia Reserve #2,Coolbinia WP Won by 40 runs
604109,5 Dec 1998,1998,8,South Perth v Coolbinia WP,1st Grade,George Burnett Reserve,South Perth Won on 1st Innings by 20 runs
604110,5 Dec 1998,1998,7,Coolbinia WP v Osborne Park,3rd Grade,Coolbinia Reserve #2,Coolbinia WP Won on 1st Innings by 145 runs
604117,5 Dec 1998,1998,7,Coolbinia WP v University,4th Grade,Robertsbridge Reserve,Coolbinia WP Won on 1st Innings by 34 runs
604108,5 Dec 1998,1998,7,Coolbinia WP v Noranda,5th Grade,Emberson Reserve,Coolbinia WP Won outright by 9 wkts
604118,29 Nov 1998,1998,7,Carlisle Cricket Club v Coolbinia WP,1st Grade,Memorial Oval,Carlisle Cricket Club Won by 28 runs
604122,28 Nov 1998,1998,6,Karinyup v Coolbinia WP,1st Grade,Memorial Oval,Coolbinia WP Won by 7 wkts
604123,28 Nov 1998,1998,5,Coolbinia WP v Stirling Cricket Club,3rd Grade,Coolbinia Reserve #1,Coolbinia WP Won by 154 runs
604124,28 Nov 1998,1998,5,Coolbinia WP v Karinyup,3rd Grade,Lake Gwellup Reserve,Karinyup Won by 1 wkts
604130,28 Nov 1998,1998,6,Coolbinia WP v Ashfield SC,4th Grade,Ashfield Reserve,Ashfield SC Won by 3 wkts
604121,28 Nov 1998,1998,6,Coolbinia WP v Dianella Cricket Club,5th Grade,Coolbinia Reserve #2,Coolbinia WP Won by 20 runs
604132,21 Nov 1998,1998,5,Coolbinia WP v Belmont Cricket Club,1st Grade,Memorial Oval,Belmont Cricket Club Won by 4 wkts
604138,21 Nov 1998,1998,5,Coolbinia WP v Warwick Churches,4th Grade,City Beach Upper,Coolbinia WP Won by 91 runs
604131,21 Nov 1998,1998,5,Coolbinia WP v Como,5th Grade,Rossmoyne High School,Coolbinia WP Won by 127 runs
604142,7 Nov 1998,1998,4,Coolbinia WP v BayswaterPostels,1st Grade,Hillcrest Reserve,BayswaterPostels Won on 1st Innings by 141 runs
604143,7 Nov 1998,1998,4,Coolbinia WP v Maylands,3rd Grade,Coolbinia Reserve #2,Coolbinia WP Won on 1st Innings by 198 runs
604149,7 Nov 1998,1998,4,Coolbinia WP v South Perth,4th Grade,George Burnett Reserve,Coolbinia WP Won on 1st Innings by 80 runs
604141,7 Nov 1998,1998,4,Coolbinia WP v BayswaterPostels,5th Grade,Linthorne Resreve,BayswaterPostels Won on 1st Innings by 91 runs
604151,31 Oct 1998,1998,3,Coolbinia WP v Greenrange,1st Grade,Memorial Oval,Coolbinia WP Won by 131 runs
604152,31 Oct 1998,1998,3,Coolbinia WP v Leederville,3rd Grade,Coolbinia Reserve #2,Coolbinia WP Won by 14 runs
604158,31 Oct 1998,1998,3,Coolbinia WP v Ascot Cricket Club,4th Grade,Wordsworth Reserve # 2,Coolbinia WP Won by 72 runs
604150,31 Oct 1998,1998,3,Coolbinia WP v Leederville,5th Grade,Britannia Reserve #3,Leederville Won by 1 wkts
604160,24 Oct 1998,1998,2,Ascot Cricket Club v Coolbinia WP,1st Grade,Centenary Park,Ascot Cricket Club Won by 8 runs
604161,24 Oct 1998,1998,2,Coolbinia WP v Victoria Park,3rd Grade,Coolbinia Reserve #2,Victoria Park Won by 2 wkts
604166,24 Oct 1998,1998,2,Coolbinia WP v Greenrange,4th Grade,City Beach Upper,Coolbinia WP Won by 55 runs
604159,24 Oct 1998,1998,2,Coolbinia WP v Kensington,5th Grade,Fraser Park,Kensington Won by 5 wkts
604170,10 Oct 1998,1998,1,Alexander v Coolbinia WP,1st Grade,Memorial Oval,Alexander Won on 1st Innings by 90 runs
604171,10 Oct 1998,1998,1,Coolbinia WP v Mt Hawthorn,3rd Grade,Coolbinia Reserve #2,Mt Hawthorn Won on 1st Innings by 153 runs
604175,10 Oct 1998,1998,1,Coolbinia WP v City Beach,4th Grade,City Beach Upper,City Beach Won on 1st Innings by 83 runs
604169,10 Oct 1998,1998,1,Coolbinia WP v SP District,5th Grade,John Forrest Park #2,SP District Won outright by 2 wkts
604176,21 Mar 1998,1997,FINAL,Kensington v Coolbinia WP,5th Grade,George Burnett Reserve,Kensington Won on 1st Innings by 69 runs
604177,14 Mar 1998,1997,FINAL,Coolbinia WP v Warwick Churches,5th Grade,Lake Gwellup Reserve,Coolbinia WP Won on 1st Innings by 38 runs
604178,14 Mar 1998,1997,FINAL,Maylands v Coolbinia WP,7th Grade,DeLacey Reserve,Maylands Won on 1st Innings by 104 runs
604181,7 Mar 1998,1997,14,SP District v Coolbinia WP,3rd Grade,Forrest Park 3,SP District Won on 1st Innings by 29 runs
604180,7 Mar 1998,1997,14,Warwick Churches v Coolbinia WP,5th Grade,Blackall Reserve,Coolbinia WP Won on 1st Innings by 18 runs
604182,7 Mar 1998,1997,21,BayswaterPostels v Coolbinia WP,Metropolitan One Day,Gibbney Reserve,BayswaterPostels Won by 206 runs
604186,28 Feb 1998,1997,15,Coolbinia WP v SP District,1st Grade,Ernest Johnstone Oval,SP District Won on 1st Innings by 155 runs
604187,28 Feb 1998,1997,15,Coolbinia WP v Belmont Cricket Club,1st Grade,Robertsbridge Reserve,Belmont Cricket Club Won on 1st Innings by 161 runs
604189,28 Feb 1998,1997,14,Coolbinia WP v Ascot Cricket Club,4th Grade,Middleton Park # 1,Coolbinia WP Won on 1st Innings by 87 runs
604184,28 Feb 1998,1997,14,Maylands v Coolbinia WP,7th Grade,Linthorne Resreve,Maylands Won on 1st Innings by 22 runs
604185,28 Feb 1998,1997,20,Coolbinia WP v Floreat Hellenic,Metropolitan One Day,Britannia Reserve Cent,Floreat Hellenic Won 0 wkts
604190,21 Feb 1998,1997,19,Belmont Cricket Club v Coolbinia WP,Metropolitan One Day,Peet Park#1,Belmont Cricket Club Won by 90 runs
604196,14 Feb 1998,1997,14,Coolbinia WP v Kalamunda,1st Grade,Kostera Oval,Kalamunda Won on 1st Innings by 104 runs
604197,14 Feb 1998,1997,14,Coolbinia WP v Carlisle Cricket Club,1st Grade,Robertsbridge Reserve,Coolbinia WP Won on 1st Innings by 67 runs
604193,14 Feb 1998,1997,13,Leederville v Coolbinia WP,3rd Grade,Coolbinia Reserve #2,Leederville Won on 1st Innings by 36 runs
604199,14 Feb 1998,1997,13,Coolbinia WP v Greenrange,4th Grade,City Beach Upper,Coolbinia WP Won on 1st Innings by 90 runs
604192,14 Feb 1998,1997,13,Leederville v Coolbinia WP,5th Grade,Britannia Reserve West,Coolbinia WP Won outright by 7 runs
604194,14 Feb 1998,1997,13,Osborne Park v Coolbinia WP,7th Grade,Linthorne Resreve,Osborne Park Won outright by 38 runs
604195,14 Feb 1998,1997,18,Northern Suburbs v Coolbinia WP,Metropolitan One Day,Les Lilleyman Resrve,Northern Suburbs Won by 61 runs
604200,7 Feb 1998,1997,17,Stirling Cricket Club v Coolbinia WP,Metropolitan One Day,Les Lilleyman Resrve,Stirling Cricket Club Won by 140 runs
604205,31 Jan 1998,1997,13,Coolbinia WP v Northern Suburbs,1st Grade,Coolbinia Reserve #2,Northern Suburbs Won on 1st Innings by 192 runs
604206,31 Jan 1998,1997,13,Coolbinia WP v Coolbinia WP,1st Grade,Coolbinia Reserve #2,Coolbinia WP Won on 1st Innings by 97 runs
604203,31 Jan 1998,1997,12,Coolbinia WP v University,3rd Grade,Menzies Park,Coolbinia WP Won on 1st Innings by 45 runs
604208,31 Jan 1998,1997,12,Coolbinia WP v City Beach,4th Grade,Robertsbridge Reserve,Coolbinia WP Won on 1st Innings by 61 runs
604202,31 Jan 1998,1997,12,Coolbinia WP v Noranda,5th Grade,Linthorne Resreve,Coolbinia WP Won on 1st Innings by 48 runs
604204,31 Jan 1998,1997,16,Carlisle Cricket Club v Coolbinia WP,Metropolitan One Day,Hamer Park #2,Carlisle Cricket Club Won by 113 runs
604213,24 Jan 1998,1997,12,Coolbinia WP v BayswaterPostels,1st Grade,Coolbinia Reserve #2,BayswaterPostels Won by 2 wkts
604214,24 Jan 1998,1997,12,Coolbinia WP v Karinyup,1st Grade,Robertsbridge Reserve,Karinyup Won by 2 wkts
604210,24 Jan 1998,1997,11,Coolbinia WP v BayswaterPostels,3rd Grade,Hillcrest Reserve,BayswaterPostels Won by 3 wkts
604215,24 Jan 1998,1997,11,Coolbinia WP v South Perth,4th Grade,James Miller Reserve,South Perth Won by 2 wkts
604209,24 Jan 1998,1997,11,Coolbinia WP v Carlisle Cricket Club,5th Grade,Linthorne Resreve,Coolbinia WP Won by 14 runs
604211,24 Jan 1998,1997,11,BayswaterPostels v Coolbinia WP,7th Grade,Gibbney Reserve,BayswaterPostels Won by 87 runs
604212,24 Jan 1998,1997,15,Coolbinia WP v Ascot Cricket Club,Metropolitan One Day,Middleton Park # 2,Coolbinia WP Won 0 runs
604218,17 Jan 1998,1997,10,Coolbinia WP v Dianella Cricket Club,4th Grade,Robertsbridge Reserve,Coolbinia WP Won on 1st Innings by 34 runs
604216,17 Jan 1998,1997,14,BayswaterPostels v Coolbinia WP,Metropolitan One Day,Houghton Park,BayswaterPostels Won by 183 runs
604223,10 Jan 1998,1997,11,Coolbinia WP v Osborne Park,1st Grade,Coolbinia Reserve #2,Coolbinia WP Won on 1st Innings by 195 runs
604224,10 Jan 1998,1997,11,Coolbinia WP v South Perth,1st Grade,George Burnett Reserve,Coolbinia WP Won on 1st Innings by 107 runs
604220,10 Jan 1998,1997,10,Coolbinia WP v Osborne Park,3rd Grade,Robinson Reserve,Coolbinia WP Won on 1st Innings by 37 runs
604219,10 Jan 1998,1997,10,Kensington v Coolbinia WP,5th Grade,Linthorne Resreve,Kensington Won outright by 3 runs
604221,10 Jan 1998,1997,10,Stirling Cricket Club v Coolbinia WP,7th Grade,Coolbinia Reserve #1,Stirling Cricket Club Won on 1st Innings by 46 runs
604222,10 Jan 1998,1997,13,Floreat Hellenic v Coolbinia WP,Metropolitan One Day,Britannia Reserve Cent,Floreat Hellenic Won by 68 runs
604229,3 Jan 1998,1997,10,Coolbinia WP v Dianella Cricket Club,1st Grade,Light Street Reserve # 2,Dianella Cricket Club Won by 7 wkts
604230,3 Jan 1998,1997,10,Coolbinia WP v Maylands,1st Grade,DeLacey Reserve,Coolbinia WP Won by 69 runs
604227,3 Jan 1998,1997,9,Coolbinia WP v Stirling Cricket Club,3rd Grade,Coolbinia Reserve #1,Coolbinia WP Won by 43 runs
604232,3 Jan 1998,1997,9,Coolbinia WP v Maylands,4th Grade,Robertsbridge Reserve,Maylands Won 0 wkts
604226,3 Jan 1998,1997,9,Coolbinia WP v St Norberts,5th Grade,Coolbinia Reserve #2,Match Tied
604228,3 Jan 1998,1997,12,Belmont Cricket Club v Coolbinia WP,Metropolitan One Day,Hamer Park #2,Belmont Cricket Club Won by 127 runs
604237,20 Dec 1997,1997,9,Coolbinia WP v Ascot Cricket Club,1st Grade,Centenary Park,Ascot Cricket Club Won 0 wkts
604239,20 Dec 1997,1997,9,Coolbinia WP v Leederville,1st Grade,Britannia Reserve #1,Leederville Won by 4 wkts
604234,20 Dec 1997,1997,8,Mt Hawthorn v Coolbinia WP,3rd Grade,Coolbinia Reserve #2,Mt Hawthorn Won by 16 runs
604241,20 Dec 1997,1997,8,Coolbinia WP v Victoria Park,4th Grade,Fraser Park,Coolbinia WP Won by 94 runs
604233,20 Dec 1997,1997,8,Ashfield SC v Coolbinia WP,5th Grade,Ashfield Reserve,Ashfield SC Won by 24 runs
604235,20 Dec 1997,1997,8,Coolbinia WP v University,7th Grade,Linthorne Resreve,Coolbinia WP Won by 99 runs
604236,20 Dec 1997,1997,11,Northern Suburbs v Coolbinia WP,Metropolitan One Day,Robertsbridge Reserve,Northern Suburbs Won by 98 runs
604245,13 Dec 1997,1997,8,Coolbinia WP v Osborne Park,1st Grade,Robinson Reserve,Coolbinia WP Won on 1st Innings by 89 runs
604243,13 Dec 1997,1997,7,Coolbinia WP v BayswaterPostels,3rd Grade,Coolbinia Reserve #2,Coolbinia WP Won on 1st Innings by 104 runs
604242,13 Dec 1997,1997,7,Coolbinia WP v Carlisle Cricket Club,5th Grade,Middleton Park # 2,Carlisle Cricket Club Won on 1st Innings by 93 runs
604244,13 Dec 1997,1997,10,Coolbinia WP v Stirling Cricket Club,Metropolitan One Day,Wordsworth Reserve # 2,Coolbinia WP Won by 75 runs
604249,6 Dec 1997,1997,8,Coolbinia WP v Carlisle Cricket Club,1st Grade,Carlisle Reserve,Coolbinia WP Won on 1st Innings by 61 runs
604251,6 Dec 1997,1997,7,Coolbinia WP v South Perth,4th Grade,Robertsbridge Reserve,Coolbinia WP Won on 1st Innings by 129 runs
604247,6 Dec 1997,1997,7,BayswaterPostels v Coolbinia WP,7th Grade,Linthorne Resreve,BayswaterPostels Won outright by 4 runs
604248,6 Dec 1997,1997,9,Carlisle Cricket Club v Coolbinia WP,Metropolitan One Day,Hamer Park #2,Carlisle Cricket Club Won by 108 runs
604252,30 Nov 1997,1997,7,Coolbinia WP v Scarborough Cricket Club,1st Grade,Coolbinia Reserve #2,Scarborough Cricket Club Won by 2 wkts
604253,30 Nov 1997,1997,7,Coolbinia WP v University,1st Grade,Robertsbridge Reserve,Coolbinia WP Won by 15 runs
604258,29 Nov 1997,1997,6,Coolbinia WP v Maylands,1st Grade,Coolbinia Reserve #2,Maylands Won by 6 wkts
604259,29 Nov 1997,1997,6,Coolbinia WP v Ascot Cricket Club,1st Grade,Centenary Park,Ascot Cricket Club Won by 3 wkts
604255,29 Nov 1997,1997,6,SP District v Coolbinia WP,3rd Grade,Forrest Park 3,SP District Won on 1st Innings by 162 runs
604261,29 Nov 1997,1997,6,Coolbinia WP v Ascot Cricket Club,4th Grade,Robertsbridge Reserve,Coolbinia WP Won by 80 runs
604254,29 Nov 1997,1997,6,Coolbinia WP v Warwick Churches,5th Grade,Linthorne Resreve,Coolbinia WP Won by 19 runs
604256,29 Nov 1997,1997,6,Coolbinia WP v Maylands,7th Grade,Gibbney Reserve,Coolbinia WP Won by 3 runs
604257,29 Nov 1997,1997,8,Ascot Cricket Club v Coolbinia WP,Metropolitan One Day,Middleton Park # 2,Ascot Cricket Club Won by 92 runs
604266,22 Nov 1997,1997,5,Coolbinia WP v Leederville,1st Grade,Coolbinia Reserve #2,Coolbinia WP Won by 178 runs
604267,22 Nov 1997,1997,5,Coolbinia WP v BayswaterPostels,1st Grade,Hillcrest Reserve,Coolbinia WP Won by 126 runs
604263,22 Nov 1997,1997,5,Leederville v Coolbinia WP,3rd Grade,Selby Street,Leederville Won by 8 runs
604269,22 Nov 1997,1997,5,Coolbinia WP v Greenrange,4th Grade,Robertsbridge Reserve,Coolbinia WP Won by 73 runs
604262,22 Nov 1997,1997,5,Coolbinia WP v Leederville,5th Grade,Linthorne Resreve,Coolbinia WP Won by 15 runs
604264,22 Nov 1997,1997,5,Coolbinia WP v Osborne Park,7th Grade,Wordsworth Reserve # 2,Osborne Park Won by 7 wkts
604265,22 Nov 1997,1997,7,BayswaterPostels v Coolbinia WP,Metropolitan One Day,Emberson Reserve,BayswaterPostels Won by 61 runs
604276,8 Nov 1997,1997,4,Coolbinia WP v South Perth,1st Grade,Coolbinia Reserve #2,Coolbinia WP Won on 1st Innings by 39 runs
604277,8 Nov 1997,1997,4,Coolbinia WP v SP District,1st Grade,Robertsbridge Reserve,SP District Won on 1st Innings by 101 runs
604274,8 Nov 1997,1997,4,Coolbinia WP v Stirling Cricket Club,3rd Grade,Linthorne Resreve,Coolbinia WP Won on 1st Innings by 72 runs
604279,8 Nov 1997,1997,4,Coolbinia WP v Maylands,4th Grade,DeLacey Reserve,Coolbinia WP Won on 1st Innings by 90 runs
604273,8 Nov 1997,1997,4,St Norberts v Coolbinia WP,5th Grade,Queens Park Reserve,St Norberts Won on 1st Innings by 27 runs
604275,8 Nov 1997,1997,5,Belmont Cricket Club v Coolbinia WP,Metropolitan One Day,Middleton Park # 2,Belmont Cricket Club Won by 208 runs
604283,1 Nov 1997,1997,3,Coolbinia WP v University,1st Grade,Menzies Park,University Won by 3 wkts
604285,1 Nov 1997,1997,3,Coolbinia WP v Scarborough Cricket Club,1st Grade,Robertsbridge Reserve,Coolbinia WP Won by 27 runs
604281,1 Nov 1997,1997,3,University v Coolbinia WP,3rd Grade,Coolbinia Reserve #2,University Won by 55 runs
604286,1 Nov 1997,1997,3,Coolbinia WP v City Beach,4th Grade,City Beach Lower,City Beach Won by 2 wkts
604280,1 Nov 1997,1997,3,Noranda v Coolbinia WP,5th Grade,Emberson Reserve,Coolbinia WP Won by 3 wkts
604282,1 Nov 1997,1997,4,Northern Suburbs v Coolbinia WP,Metropolitan One Day,Linthorne Resreve,Northern Suburbs Won by 51 runs
604291,25 Oct 1997,1997,2,Coolbinia WP v Karinyup,1st Grade,Lake Gwellup Reserve,Karinyup Won by 2 wkts
604292,25 Oct 1997,1997,2,Coolbinia WP v Dianella Cricket Club,1st Grade,Robertsbridge Reserve,Coolbinia WP Won by 97 runs
604288,25 Oct 1997,1997,2,Coolbinia WP v Osborne Park,3rd Grade,Coolbinia Reserve #2,Coolbinia WP Won by 98 runs
604294,25 Oct 1997,1997,2,Coolbinia WP v Dianella Cricket Club,4th Grade,Light Street Reserve #1,Dianella Cricket Club Won 0 wkts
604287,25 Oct 1997,1997,2,Coolbinia WP v Kensington,5th Grade,City Beach Upper,Coolbinia WP Won by 44 runs
604289,25 Oct 1997,1997,2,Stirling Cricket Club v Coolbinia WP,7th Grade,Linthorne Resreve,Coolbinia WP Won by 6 wkts
604290,25 Oct 1997,1997,3,Stirling Cricket Club v Coolbinia WP,Metropolitan One Day,Wordsworth Reserve # 2,Stirling Cricket Club Won by 38 runs
604295,18 Oct 1997,1997,2,Carlisle Cricket Club v Coolbinia WP,Metropolitan One Day,Higgins Park,Carlisle Cricket Club Won by 97 runs
604300,11 Oct 1997,1997,1,Coolbinia WP v Belmont Cricket Club,1st Grade,Coolbinia Reserve #2,Belmont Cricket Club Won on 1st Innings by 154 runs
604301,11 Oct 1997,1997,1,Coolbinia WP v Kalamunda,1st Grade,Robertsbridge Reserve,Coolbinia WP Won on 1st Innings by 100 runs
604297,11 Oct 1997,1997,1,Coolbinia WP v Mt Hawthorn,3rd Grade,Forrest Park 3,Coolbinia WP Won on 1st Innings by 92 runs
604302,11 Oct 1997,1997,1,Coolbinia WP v Victoria Park,4th Grade,Selby Street,Coolbinia WP Won on 1st Innings by 74 runs
604296,11 Oct 1997,1997,1,Ashfield SC v Coolbinia WP,5th Grade,Linthorne Resreve,Ashfield SC Won on 1st Innings by 61 runs
604298,11 Oct 1997,1997,1,University v Coolbinia WP,7th Grade,Beatty Park,Coolbinia WP Won outright by 66 runs
604299,11 Oct 1997,1997,1,Coolbinia WP v Ascot Cricket Club,Metropolitan One Day,Wordsworth Reserve # 2,Coolbinia WP Won by 2 runs
604447,24 Feb 1996,1995,13,Floreat Hellenic v Coolbinia WP,1st Grade,Coolbinia Reserve #2,Coolbinia WP Won on 1st Innings by 65 runs
604453,17 Feb 1996,1995,12,Dianella Cricket Club v Coolbinia WP,1st Grade,Light Street Reserve # 2,Dianella Cricket Club Won by 31 runs
604460,3 Feb 1996,1995,11,Coolbinia WP v Osborne Park,1st Grade,Robinson Reserve,Coolbinia WP Won on 1st Innings by 80 runs
604466,27 Jan 1996,1995,10,Coolbinia WP v Karinyup,1st Grade,Coolbinia Reserve #2,Karinyup Won 0 wkts
604473,20 Jan 1996,1995,9,Leederville v Coolbinia WP,1st Grade,Coolbinia Reserve #2,Leederville Won by 49 runs
604481,13 Jan 1996,1995,8,Coolbinia WP v Northern Suburbs,1st Grade,Robertsbridge Reserve,Coolbinia WP Won by 23 runs
604497,9 Dec 1995,1995,6,Coolbinia WP v Dianella Cricket Club,1st Grade,Coolbinia Reserve #2,Dianella Cricket Club Won on 1st Innings by 43 runs
604505,2 Dec 1995,1995,5,Floreat Hellenic v Coolbinia WP,1st Grade,Britannia Reserve #1,Coolbinia WP Won by 3 wkts
604512,18 Nov 1995,1995,4,Coolbinia WP v Karinyup,1st Grade,Lake Gwellup Reserve,Karinyup Won outright by 58 runs
604519,11 Nov 1995,1995,3,Coolbinia WP v Osborne Park,1st Grade,Coolbinia Reserve #2,Osborne Park Won by 5 wkts
604527,28 Oct 1995,1995,2,Leederville v Coolbinia WP,1st Grade,Britannia Reserve #1,Leederville Won on 1st Innings by 162 runs
604534,14 Oct 1995,1995,1,Coolbinia WP v Northern Suburbs,1st Grade,Coolbinia Reserve #2,Northern Suburbs Won on 1st Innings by 31 runs
604545,11 Mar 1995,1994,14,Floreat Hellenic v Coolbinia WP,1st Grade,Barry Brittan Reserve,Coolbinia WP Won on 1st Innings by 38 runs
604553,18 Feb 1995,1994,13,Coolbinia WP v Woodville G'Wood,1st Grade,Ellersdale Reserve,Woodville G'Wood Won on 1st Innings by 7 runs
604561,11 Feb 1995,1994,12,Coolbinia WP v Leederville,1st Grade,Barry Brittan Reserve,Leederville Won on 1st Innings by 264 runs
604579,21 Jan 1995,1994,10,Coolbinia WP v Osborne Park,1st Grade,Robinson Reserve,Osborne Park Won by 2 wkts
604587,14 Jan 1995,1994,9,Coolbinia WP v Dianella Cricket Club,1st Grade,Barry Brittan Reserve,Dianella Cricket Club Won by 7 wkts
604595,7 Jan 1995,1994,8,Coolbinia WP v Karinyup,1st Grade,Lake Gwellup Reserve,Karinyup Won by 3 wkts
604603,17 Dec 1994,1994,7,Floreat Hellenic v Coolbinia WP,1st Grade,Britannia Reserve # 2,Coolbinia WP Won by 2 wkts
604612,10 Dec 1994,1994,6,Coolbinia WP v Woodville G'Wood,1st Grade,Barry Brittan Reserve,Woodville G'Wood Won by 3 wkts
604621,3 Dec 1994,1994,5,Coolbinia WP v Leederville,1st Grade,Britannia Reserve #1,Leederville Won by 4 wkts
604642,5 Nov 1994,1994,3,Coolbinia WP v Osborne Park,1st Grade,Barry Brittan Reserve,Osborne Park Won outright by 10 wkts
604651,22 Oct 1994,1994,2,Coolbinia WP v Dianella Cricket Club,1st Grade,Light Street Reserve # 2,Coolbinia WP Won on 1st Innings by 78 runs
604659,8 Oct 1994,1994,1,Karinyup v Coolbinia WP,1st Grade,Barry Brittan Reserve,Karinyup Won on 1st Innings by 204 runs
604678,5 Mar 1994,1993,14,Coolbinia WP v Leederville,1st Grade,Britannia Reserve #1,Leederville Won on 1st Innings by 48 runs
604687,26 Feb 1994,1993,13,Coolbinia WP v Dianella Cricket Club,1st Grade,Coolbinia Reserve #2,Dianella Cricket Club Won by 3 wkts
604697,19 Feb 1994,1993,12,Woodville G'Wood v Coolbinia WP,1st Grade,Coolbinia Reserve #2,Woodville G'Wood Won by 17 runs
604708,5 Feb 1994,1993,11,Coolbinia WP v Belmont Cricket Club,1st Grade,Peet Park East,Belmont Cricket Club Won on 1st Innings by 60 runs
604716,29 Jan 1994,1993,10,Coolbinia WP v Osborne Park,1st Grade,Coolbinia Reserve #2,Coolbinia WP Won by 8 runs
604740,8 Jan 1994,1993,8,Karinyup v Coolbinia WP,1st Grade,Coolbinia Reserve #2,Karinyup Won by 37 runs
604752,11 Dec 1993,1993,7,Coolbinia WP v Dianella Cricket Club,1st Grade,Light Street Reserve # 2,Dianella Cricket Club Won on 1st Innings by 45 runs
604762,4 Dec 1993,1993,6,Leederville v Coolbinia WP,1st Grade,Coolbinia Reserve #2,Leederville Won by 46 runs
604774,20 Nov 1993,1993,5,Coolbinia WP v Woodville G'Wood,1st Grade,Ellersdale Reserve,Coolbinia WP Won on 1st Innings by 39 runs
604784,13 Nov 1993,1993,4,Belmont Cricket Club v Coolbinia WP,1st Grade,Coolbinia Reserve #2,Coolbinia WP Won by 4 wkts
604794,30 Oct 1993,1993,3,Coolbinia WP v Osborne Park,1st Grade,Robinson Reserve,Coolbinia WP Won on 1st Innings by 22 runs
604818,9 Oct 1993,1993,1,Karinyup v Coolbinia WP,1st Grade,Lake Gwellup Reserve,Karinyup Won on 1st Innings by 101 runs
604836,6 Mar 1993,1992,14,Belmont Cricket Club v Coolbinia WP,1st Grade,Peet Park West,Coolbinia WP Won on 1st Innings by 95 runs
604842,27 Feb 1993,1992,13,Coolbinia WP v Osborne Park,1st Grade,Coolbinia Reserve #2,Osborne Park Won by 1 wkts
604855,13 Feb 1993,1992,11,Coolbinia WP v Dianella Cricket Club,1st Grade,Coolbinia Reserve #2,Dianella Cricket Club Won by 2 wkts
604865,30 Jan 1993,1992,10,Leederville v Coolbinia WP,1st Grade,Coolbinia Reserve #2,Leederville Won by 136 runs
604873,16 Jan 1993,1992,9,Balcatta v Coolbinia WP,1st Grade,Jones Paskin Reserve,Balcatta Won on 1st Innings by 12 runs
604882,9 Jan 1993,1992,8,Woodville G'Wood v Coolbinia WP,1st Grade,Coolbinia Reserve #2,Coolbinia WP Won 0 wkts
604890,12 Dec 1992,1992,7,Osborne Park v Coolbinia WP,1st Grade,Coolbinia Reserve #2,Coolbinia WP Won on 1st Innings by 51 runs
604896,5 Dec 1992,1992,6,Coolbinia WP v Belmont Cricket Club,1st Grade,Peet Park West,Belmont Cricket Club Won by 2 wkts
604909,14 Nov 1992,1992,4,Dianella Cricket Club v Coolbinia WP,1st Grade,Light Street Reserve # 2,Dianella Cricket Club Won by 82 runs
604916,31 Oct 1992,1992,3,Leederville v Coolbinia WP,1st Grade,Britannia Reserve # 2,Leederville Won on 1st Innings by 34 runs
604923,24 Oct 1992,1992,2,Balcatta v Coolbinia WP,1st Grade,Jones Paskin Reserve,Balcatta Won by 55 runs
604928,10 Oct 1992,1992,1,Woodville G'Wood v Coolbinia WP,1st Grade,Peet Park West,Coolbinia WP Won on 1st Innings by 60 runs
3193145,29 Mar 1986 - 30 Mar 1986,,GF,Coolbinia WP v Hellenic,1st Grade,Emberson Reserve,Hellenic Won
3193144,22 Mar 1986,1985,SF,Coolbinia WP v Leederville,1st Grade,Emberson Reserve,Coolbinia WP Won
3193129,15 Mar 1986,1985,14,Coolbinia WP v Leederville,1st Grade,Emberson Reserve,Coolbinia WP Won
3193102,8 Mar 1986,1985,13,Coolbinia WP v Innaloo Sportsman,1st Grade,Emberson Reserve,Coolbinia WP Won
3193093,1 Mar 1986,1985,12,Dianella Cricket Club v Coolbinia WP,1st Grade,Light Street,Dianella Cricket Club Won
3193068,15 Feb 1986,1985,11,Coolbinia WP v Balcatta,1st Grade,Emberson Reserve,Coolbinia WP Won
3193052,8 Feb 1986,1985,10,Coolbinia WP v Karinyup,1st Grade,,Coolbinia WP Won
3192700,7 Dec 1985,1985,6,Innaloo Sportsman v Coolbinia WP,1st Grade,Yaluma Park,Coolbinia WP Won
3192696,23 Nov 1985,1985,5,Dianella Cricket Club v Coolbinia WP,1st Grade,Light Street Reserve # 2,Coolbinia WP Won
3192689,9 Nov 1985,1985,4,Coolbinia WP v Balcatta,1st Grade,Emberson Reserve,Coolbinia WP Won
3192688,26 Oct 1985,1985,3,Coolbinia WP v Karinyup,1st Grade,Emberson Reserve,Coolbinia WP Won
3192687,19 Oct 1985,1985,2,Osborne Park v Coolbinia WP,1st Grade,Robinson Reserve,Coolbinia WP Won
3192686,5 Oct 1985,1985,1,Coolbinia WP v Hellenic,1st Grade,Emberson Reserve,Hellenic Won
605571,13 Mar 1982,1981,GF,Coolbinia WP v Leederville,1st Grade,Robinson Reserve,Leederville Won
605581,17 Oct 1981,1981,1,Coolbinia WP v Karinyup,1st Grade,Emberson Reserve,Coolbinia WP Won
605582,21 Mar 1981,1980,GF,Coolbinia WP v Wembley Downs,1st Grade,Robinson Reserve,Coolbinia WP Won on 1st Innings by 245 runs
605595,22 Mar 1980,1979,GF,Coolbinia WP v Karinyup,1st Grade,Robinson Reserve,Coolbinia WP Won outright
3193905,8 Oct 1977,1977,1,Coolbinia WP v Woodville,1st Grade,Forrest Park 2,Coolbinia WP Won
3194324,12 Mar 1977 - 29 May 2026,,SF,Coolbinia WP v Leederville,2nd Grade,Forrest Park 2,Leederville Won
3194323,26 Feb 1977,1976,14,Coolbinia WP v North Beach,2nd Grade,Forrest Park 2,Coolbinia WP Won
3194322,12 Feb 1977 - 29 May 2026,,13,C.I.G v Coolbinia WP,2nd Grade,Wellington Sqaure # 1,Coolbinia WP Won
3194321,5 Feb 1977 - 29 May 2026,,12,Coolbinia WP v Leederville,2nd Grade,Forrest Park 2,Coolbinia WP Won
3194320,29 Jan 1977 - 29 May 2026,,11,Coolbinia WP v Woodville,2nd Grade,Ellersdale Reserve,Coolbinia WP Won
3193954,22 Jan 1977,1976,10,Hellenic v Coolbinia WP,2nd Grade,Britannia Reserve #1,Coolbinia WP Won
3193953,15 Jan 1977,1976,9,City v Coolbinia WP,2nd Grade,Wellington Sqaure # 1,Coolbinia WP Won
3193951,11 Dec 1976,1976,7,Coolbinia WP v North Beach,2nd Grade,Forrest Park 2,Coolbinia WP Won
3193950,4 Dec 1976 - 28 May 2026,,6,Leederville v Coolbinia WP,2nd Grade,Britannia Reserve # 2,Coolbinia WP Won
3193949,20 Nov 1976 - 28 May 2026,,5,C.I.G v Coolbinia WP,2nd Grade,Wellington Sqaure # 1,Coolbinia WP Won
3193948,13 Nov 1976,1976,4,Coolbinia WP v Hellenic,2nd Grade,Forrest Park 2,Hellenic Won
3193945,6 Nov 1976 - 28 May 2026,,3,Coolbinia WP v City,2nd Grade,Forrest Park 2,Coolbinia WP Won
3193947,23 Oct 1976 - 28 May 2026,,2,Dianella Cricket Club v Coolbinia WP,2nd Grade,Light Street,Coolbinia WP Won
3195074,28 Feb 1976 - 1 Jun 2026,,SF,Wanneroo v Coolbinia WP,A Reserve,Wanneroo Show Grounds,Wanneroo Won
3195072,14 Feb 1976,1975,10,Coolbinia WP v Leederville,A Reserve,Forrest Park 2,Coolbinia WP Won
3195071,24 Jan 1976 - 15 Jan 2026,,9,Hellenic v Coolbinia WP,A Reserve,Brittania Reserve,Hellenic Won
3195068,17 Jan 1976 - 1 Jun 2026,,8,Coolbinia WP v Wanneroo,A Reserve,Forrest Park 2,Coolbinia WP Won
3195067,10 Jan 1976 - 1 Jun 2026,,7,Coolbinia WP v Osborne Park,A Reserve,Forrest Park 2,Coolbinia WP Won
3195066,14 Dec 1975,1975,6,Coolbinia WP v C.I.G,A Reserve,Forrest Park 2,C.I.G Won
3195065,6 Dec 1975,1975,5,North Beach v Coolbinia WP,A Reserve,North Beach,North Beach Won
3195064,15 Nov 1975,1975,4,Coolbinia WP v Leederville,A Reserve,Forrest Park 2,Coolbinia WP Won
3195063,8 Nov 1975 - 1 Jun 2026,,3,Wanneroo v Coolbinia WP,A Reserve,Wanneroo Show Grounds,Wanneroo Won
3195061,25 Oct 1975,1975,2,Dianella Cricket Club v Coolbinia WP,A Reserve,Light Street,Coolbinia WP Won
3195060,11 Oct 1975 - 1 Jun 2026,,1,Coolbinia WP v Hellenic,A Reserve,Forrest Park 2,Hellenic Won
674978,4 Mar 1967 - 11 Mar 1967,,,Coolbinia WP v Leederville,1st Grade,Osborne Park,Coolbinia WP Won
674975,18 Feb 1967 - 25 Feb 1967,,9,Hammersley v Coolbinia WP,1st Grade,North Beach,Coolbinia WP Won
674972,4 Feb 1967 - 11 Feb 1967,,8,Coolbinia WP v Macabean,1st Grade,Beatty Park,Macabean Won
674970,21 Jan 1967 - 28 Jan 1967,,7,Leederville v Coolbinia WP,1st Grade,Lake Monger No1,Coolbinia WP Won
674969,7 Jan 1967 - 14 Jan 1967,,6,Coolbinia WP v Osborne Park,1st Grade,Grenville Oval,Coolbinia WP Won
674968,10 Dec 1966 - 17 Dec 1966,,5,Coolbinia WP v South Belmont,1st Grade,Beatty Park,Coolbinia WP Won
674962,26 Nov 1966 - 3 Dec 1966,,4,Coolbinia WP v Hammersley,1st Grade,Beatty Park,Coolbinia WP Won
674961,12 Nov 1966 - 19 Nov 1966,,3,Coolbinia WP v Macabean,1st Grade,Maccabean Oval,Coolbinia WP Won
674960,29 Oct 1966 - 5 Nov 1966,,2,Coolbinia WP v Leederville,1st Grade,Beatty Park,Coolbinia WP Won
673447,16 Oct 1966 - 22 Oct 1966,,1,Osborne Park v Coolbinia WP,1st Grade,Robinson Reserve,Osborne Park Won
605619,5 Mar 1966,1965,GF,Coolbinia WP v Leederville,1st Grade,Forrest Park 2,Leederville Won outright by 3 wkts
605620,19 Feb 1966,1965,9,Coolbinia WP v Hammersley,1st Grade,Grenville Oval,Coolbinia WP Won on 1st Innings by 246 runs
605621,5 Feb 1966,1965,8,Coolbinia WP v South Belmont,1st Grade,Beatty Park,Coolbinia WP Won on 1st Innings by 121 runs
605622,22 Jan 1966,1965,7,Coolbinia WP v Woodville,1st Grade,Beatty Park,Coolbinia WP Won on 1st Innings by 47 runs
605623,8 Jan 1966,1965,6,Coolbinia WP v Osborne Park,1st Grade,Grenville Oval,Coolbinia WP Won on 1st Innings by 79 runs
605624,11 Dec 1965,1965,5,Coolbinia WP v Leederville,1st Grade,Beatty Park,Coolbinia WP Won on 1st Innings by 138 runs
605625,27 Nov 1965,1965,4,Coolbinia WP v Hammersley,1st Grade,North Beach,Hammersley Won on 1st Innings by 33 runs
605626,13 Nov 1965,1965,3,Coolbinia WP v South Belmont,1st Grade,Fletcher Park,Coolbinia WP Won on 1st Innings by 120 runs
605627,30 Oct 1965,1965,2,Coolbinia WP v Woodville,1st Grade,Beatty Park,Coolbinia WP Won on 1st Innings by 125 runs
605628,16 Oct 1965,1965,1,Coolbinia WP v Osborne Park,1st Grade,Beatty Park,Coolbinia WP Won on 1st Innings by 53 runs
605629,6 Mar 1965,1964,GF,Coolbinia WP v South Belmont,1st Grade,Maccabean Oval,Coolbinia WP Won outright by 96 runs
605630,20 Feb 1965,1964,9,Coolbinia WP v Woodville,1st Grade,Beatty Park,Coolbinia WP Won outright by 164 runs
605631,6 Feb 1965,1964,8,Coolbinia WP v Leederville,1st Grade,Lake Monger No1,Coolbinia WP Won on 1st Innings by 50 runs
605632,23 Jan 1965,1964,7,Coolbinia WP v East Perth,1st Grade,Beatty Park,Coolbinia WP Won outright by 137 runs
605633,9 Jan 1965,1964,6,Coolbinia WP v Osborne Park,1st Grade,Grenville Oval,Coolbinia WP Won on 1st Innings by 75 runs
605634,12 Dec 1964,1964,5,Coolbinia WP v South Belmont,1st Grade,Fletcher Park,Coolbinia WP Won on 1st Innings by 191 runs
605635,28 Nov 1964,1964,4,Coolbinia WP v Woodville,1st Grade,Beatty Park,Coolbinia WP Won on 1st Innings by 96 runs
605636,14 Nov 1964,1964,3,Coolbinia WP v Leederville,1st Grade,Beatty Park,Coolbinia WP Won on 1st Innings by 163 runs
605637,31 Oct 1964,1964,2,Coolbinia WP v East Perth,1st Grade,Fletcher Park,Coolbinia WP Won on 1st Innings by 45 runs
605638,17 Oct 1964,1964,1,Coolbinia WP v Osborne Park,1st Grade,Beatty Park,Coolbinia WP Won on 1st Innings by 60 runs
605639,7 Mar 1964,1963,FINAL,Coolbinia WP v South Belmont,1st Grade,Grenville Oval,Coolbinia WP Won on 1st Innings by 28 runs
605640,22 Feb 1964,1963,FINAL,Coolbinia WP v Woodville,1st Grade,Beatty Park,Coolbinia WP Won on 1st Innings by 100 runs
605641,8 Feb 1964,1963,9,Coolbinia WP v Osborne Park,1st Grade,Grenville Oval,Coolbinia WP Won on 1st Innings by 151 runs
605642,25 Jan 1964,1963,8,Coolbinia WP v Leederville,1st Grade,Beatty Park,Leederville Won on 1st Innings by 1 runs
605643,11 Jan 1964,1963,7,Coolbinia WP v East Perth,1st Grade,Maccabean Oval,Coolbinia WP Won on 1st Innings by 55 runs
605644,21 Dec 1963,1963,6,Coolbinia WP v South Belmont,1st Grade,Fletcher Park,Coolbinia WP Won on 1st Innings by 12 runs
605645,7 Dec 1963,1963,5,Coolbinia WP v Woodville,1st Grade,Osborne Park,Coolbinia WP Won on 1st Innings by 149 runs
605646,23 Nov 1963,1963,4,Coolbinia WP v Osborne Park,1st Grade,Beatty Park,Coolbinia WP Won on 1st Innings by 56 runs
605647,9 Nov 1963,1963,3,Coolbinia WP v Leederville,1st Grade,Maccabean Oval,Coolbinia WP Won on 1st Innings by 11 runs
605648,26 Oct 1963,1963,2,Coolbinia WP v East Perth,1st Grade,Wellington Sqaure # 1,East Perth Won on 1st Innings by 4 runs
605649,12 Oct 1963,1963,1,Coolbinia WP v South Belmont,1st Grade,Beatty Park,Coolbinia WP Won on 1st Innings by 18 runs
