Batter 1,Batter 2,Runs,Wicket,Season,Not Out,Grade
Jack Vlahos,Courtney Swift,243,7,2009,Yes,Metropolitan One Day
Jagdeep Brar,Samuel Freind,242,9,2023,Yes,A Division One Day Grade
Anthony Burke,Gregory Martin,235,4,1997,Yes,1st Grade
Bruce Stark,Aaron Robson,220,6,2010,Yes,5th Grade
Keith Randell,Brian France,208,1,1964,No,1st Grade
Jagdeep Brar,Samuel Freind,207,9,2023,Yes,A Division One Day Grade
Thomas Cross,Nathan Hearnes,206,2,2021,No,E Division One Day Grade
Daniel Lambrinidis,David Hallows,195,9,2023,Yes,C Division One Day Grade
Chris Homer,Mitch Sidon,194,7,2012,Yes,Metropolitan One Day
Keith Zissis,Paul Peos,193,1,2010,No,Metropolitan One Day
Dennis Freind,Ross Baker,187,4,1999,No,1st Grade
Darrell Wilson,Simon Wilson,187,2,2007,No,Metropolitan One Day
Kevin Rowland,John Lewis,187,6,2008,Yes,Metropolitan One Day
Kyle Adams,Bruce Stark,185,8,2020,Yes,F Division One Day Grade
Hayden Candy,David Hallows,172,9,2023,Yes,C Division One Day Grade
Keith Zissis,Paul Peos,168,1,2009,No,Metropolitan One Day
Glenn Welton,Daniel Sims,168,6,2022,Yes,B Division One Day Grade
David Van Wees,Anthony Sinclair,167,8,2014,No,8th Grade
Dov Morris,Adam Wreford,166,9,2023,Yes,B Division One Day Grade
Keith Randell,Harry Varis,162,5,1965,No,1st Grade
Happee Boparai,Sandeep Brar,162,4,2019,No,5th Grade
Chris Popoff,Darren Franklin,160,7,2023,Yes,I Division One Day Grade
Gary Burton,Jeremy Davis,159,5,1999,Yes,5th Grade
Leon Burrows,John Taylor,157,3,2007,No,3rd Grade
Charles Marlam,Paul Dickson,157,1,2007,No,6th Grade
Curtis Stark,Aum Patni,155,8,2023,Yes,C Division One Day Grade
Ryan Shelton,Charles Marlam,151,2,2007,No,Metropolitan One Day
Bryce Alexander,Ash Eyre,150,5,2010,No,7th Grade
Bruce Stark,Shane Shaw,149,3,2010,No,5th Grade
Glenn Welton,Ross Baker,148,3,2022,Yes,B Division One Day Grade
Bryce Alexander,David Van Wees,144,5,2014,No,8th Grade
Josh Taylor,Chris Mok,143,3,2013,No,5th Grade
Paul Peos,Keith Zissis,142,1,2009,No,Metropolitan One Day
Darren Johnson,Garath Van Der Elst,141,8,2021,Yes,B Division One Day Grade
John Taylor,Ryan Barndon,138,5,2007,No,3rd Grade
Ryan Shelton,Paul Dickson,138,1,2007,No,Metropolitan One Day
John Taylor,Nirbhai Sohi,138,3,2021,No,A Division One Day Grade
Keith Zissis,Alex Vlahos,137,1,2009,No,Metropolitan One Day
Bruce Stark,Rodney Taylor,136,4,1997,No,3rd Grade
Happee Boparai,R Amlani,136,3,2014,No,Metropolitan One Day
Clinton Reid,Daniel Sims,136,2,2019,No,C Division One Day Grade
Keith Randell,M Leeder,134,1,1964,No,1st Grade
Kyle Adams,Nathan Whitney,133,4,2002,No,1st Grade
Charles Marlam,Bryce Alexander,133,1,2010,No,7th Grade
Scott Powell,Leon Okely,132,2,2011,No,4th Grade
Chris Homer,Damien Senge,132,2,2013,No,Metropolitan One Day
Kai Homer,Craig Bennett,132,4,2015,No,7th Grade
Kai Homer,Daniel Lambrinidis,132,8,2023,Yes,C Division One Day Grade
Terry Ward,Ward Bond,131,5,1997,No,3rd Grade
Kevin Rowland,Guy Welton,130,3,1998,No,1st Grade
John Taylor,Ben Stephenson,130,4,2006,No,8th Grade
Bryce Alexander,R Amlani,130,6,2014,No,8th Grade
Darren Holt,Brett Harris,129,3,1998,No,3rd Grade
Marcus Nolan,Barry Richardson,129,3,1998,No,5th Grade
Keith Randell,Brian France,128,1,1964,No,1st Grade
Ryan Shelton,Leon Burrows,128,1,2009,No,2nd Grade
Jake Finney,Ross Baker,128,3,2013,No,2nd Grade
Dov Morris,Nathan Hearnes,128,4,2022,No,B Division One Day Grade
Nilan Chandratilake,Luca Crombie,128,1,2024,Yes,I Division One Day Grade
S Gill,Michael Peter,127,4,2017,No,5th Grade
Paul Maindok,Clinton Reid,126,2,2018,No,Mercantile One Day
Hayden Candy,Paul Maindok,126,3,2019,No,C Division One Day Grade
Paul Dickson,Justin Fisher,124,2,1994,No,1st Grade
Ross Baker,Tony Bassett,123,6,2010,No,2nd Grade
Charles Marlam,Dennis Freind,123,3,2010,No,7th Grade
Chris Homer,N Singh,122,4,2015,No,4th Grade
Keith Zissis,Paul Peos,121,1,2008,No,Metropolitan One Day
Aaron Robson,Ryan James,121,8,2010,Yes,5th Grade
Brett Harrison,Aaron Robson,121,8,2014,Yes,3rd Grade
Jun Singh,Goppi Singh,119,3,2015,No,9th Grade
Sandeep Brar,Bikram Singh,119,5,2019,No,5th Grade
Nilan Chandratilake,Bruce Stark,119,3,2020,No,F Division One Day Grade
Raymond Scott,Dave Ralston,118,7,1963,No,1st Grade
Simon Casey,Peter Davies,118,7,1979,No,1st Grade
Jason Boekleman,N Culbert,118,9,1997,Yes,4th Grade
Russell Gerreyn,Jeremy Davis,118,6,1999,Yes,5th Grade
Josh Taylor,Ross Baker,118,4,2024,No,A Division One Day Grade
Keith Randell,Brian Buttsworth,117,1,1966,No,1st Grade
Dov Morris,Scott Barnard,117,2,2013,No,2nd Grade
Vishnu Rajendran,B Bending,117,5,2022,No,D Division One Day Grade
Hayden Candy,Nathan Hearnes,117,4,2022,No,D Division One Day Grade
Graham Butler,Paul Dickson,115,2,1994,No,1st Grade
Tim Reid,David Brooks,115,2,1998,No,3rd Grade
Dov Morris,Clinton Reid,115,1,2012,No,2nd Grade
Garath Van Der Elst,Clinton Reid,115,5,2016,No,5th Grade
Adam Duffy,Scott Bretland,115,3,2023,No,I Division One Day Grade
Brian France,Keith Randell,114,1,1964,No,1st Grade
Chris Popoff,Adam Duffy,113,1,2023,No,I Division One Day Grade
Koopa Walsh,Dov Morris,113,2,2024,No,H Division One Day Grade
Darren Johnson,Ross Baker,112,3,2021,No,B Division One Day Grade
Adam Duffy,Aaron Robson,112,3,2023,No,I Division One Day Grade
Wade Carruthers,Graham Bowman,111,8,1997,Yes,5th Grade
Ryan Barndon,Dov Morris,111,4,2011,Yes,2nd Grade
Josh Taylor,Ross Baker,111,4,2013,No,2nd Grade
Jagdeep Brar,Happee Boparai,111,5,2023,No,A Division One Day Grade
Ryan Shelton,Leon Burrows,110,2,2009,No,2nd Grade
Scott Powell,Scott Barnard,110,3,2010,No,5th Grade
Darcy Boyle,Darren Hutchins,110,5,2010,No,Metropolitan One Day
Dov Morris,Clinton Reid,110,1,2012,No,2nd Grade
J Galhena,Hayden Candy,110,3,2020,No,B Division One Day Grade
Nirbhai Sohi,John Taylor,110,3,2021,No,A Division One Day Grade
Kai Homer,Ryker Newman,110,6,2023,Yes,C Division One Day Grade
Paul Dickson,Brett Harris,109,2,1998,No,3rd Grade
Hayden Candy,Darren Stride,109,7,2019,No,C Division One Day Grade
A Singh,Ross Baker,109,2,2020,No,A Division One Day Grade
Charles Marlam,Bruce Stark,108,1,2005,No,4th Grade
Ross Baker,John Taylor,108,4,2009,No,2nd Grade
Nilan Chandratilake,Parminder Sandhu,108,1,2021,No,G Division One Day Grade
Keith Randell,Brian France,107,1,1964,No,1st Grade
Dov Morris,Ross Baker,107,3,2014,No,2nd Grade
J Trichilo,Duane Crombie,107,4,2019,No,E Division One Day Grade
Scott Bretland,Russell Normoyle,107,4,2022,No,G Division One Day Grade
Jagdeep Brar,Rehman Virk,107,4,2023,Yes,A Division One Day Grade
Curtis Stark,Jun Singh,107,6,2023,Yes,C Division One Day Grade
Evan Standley,Marcus Nolan,106,7,1998,No,1st Grade
Russell Normoyle,Keith Zissis,106,1,2009,No,7th Grade
Ross Baker,Scott Powell,106,5,2009,No,5th Grade
C Woods,Darcy Boyle,106,3,2010,No,Metropolitan One Day
Leon Okely,Ben Price,106,3,2011,No,4th Grade
Charles Marlam,Keith Zissis,106,2,2011,No,Metropolitan One Day
Alex Hall,Evan Standley,105,4,1997,Yes,7th Grade
Scott Powell,Brett Harrison,105,1,2013,No,3rd Grade
Adam Duffy,Chris Popoff,105,1,2025,No,I Division One Day Grade
Dave Ralston,Barry Armstrong,104,6,1964,No,1st Grade
Curtis Stark,Charles Marlam,104,2,2009,No,7th Grade
Happee Boparai,Randeep Brar,104,3,2013,No,Mercantile One Day
Ross Baker,Karamjeet Singh,104,5,2015,No,2nd Grade
Balram Chahal,Mark Sinclair,104,3,2016,No,6th Grade
Nirbhai Sohi,Happee Boparai,104,4,2022,No,A Division One Day Grade
David Van Wees,Dov Morris,104,2,2024,No,H Division One Day Grade
Glenn Welton,Leon Burrows,104,1,2025,No,A Division One Day Grade
Raymond Scott,Geoff Hamel,103,1,1963,No,1st Grade
Shane Lee,Ian Blake,103,2,1992,No,1st Grade
Ben Loader,Brett Harrison,103,4,2008,No,5th Grade
Balram Chahal,R Singhal,103,1,2016,No,9th Grade
Glenn Welton,Nathan Hearnes,103,3,2023,No,B Division One Day Grade
Jungsher Kaler,Saliya Widanagamage,103,3,2025,No,H Division One Day Grade
Harry Varis,Bert Smith,102,6,1965,Yes,1st Grade
Ron Gillespie,Barry Richardson,102,6,1998,No,5th Grade
Scott Powell,Adam Wreford,102,7,2008,No,2nd Grade
Keith Zissis,Paul Peos,102,1,2009,No,Metropolitan One Day
Aaron Robson,Andrew Webley,102,9,2011,No,4th Grade
Ross Baker,Alex Dowson,102,5,2012,Yes,2nd Grade
A Malik,Mandeep Singh,102,9,2016,Yes,5th Grade
Paul Maindok,Dan Leatham,102,1,2019,No,C Division One Day Grade
John Lewis,David Gulberti,101,3,1997,No,7th Grade
Scott Barnard,Daniel Atkinson,101,3,2012,Yes,2nd Grade
David Van Wees,Bryce Alexander,101,2,2014,No,8th Grade
Ross Baker,Karamjeet Singh,101,6,2015,Yes,2nd Grade
Hayden Candy,Cameron Lee,101,3,2019,No,C Division One Day Grade
Brett Harrison,Aaron Robson,100,6,2010,No,5th Grade
Michael Mani,Tony Bassett,100,10,2011,Yes,2nd Grade
Dennis Freind,Happee Boparai,100,3,2018,No,4th Grade
Keith Randell,S Hunter,99,4,1964,No,1st Grade
Graham Butler,Cameron Briscoe,99,4,1992,No,1st Grade
Darren Holt,Robbie Taylor,99,3,2001,No,1st Grade
Bryce Alexander,Bruce Stark,99,4,2003,No,1st Grade
Dov Morris,Clinton Reid,99,1,2020,No,B Division One Day Grade
Adam Duffy,Alex Hall,99,6,2023,Yes,I Division One Day Grade
Gregory Martin,Bruce Stark,98,9,2002,No,1st Grade
David Van Wees,Aaron Robson,98,7,2005,No,8th Grade
Paul Holmes,Hayden Candy,98,6,2021,Yes,E Division One Day Grade
Keith Randell,Brian Buttsworth,97,1,1966,No,1st Grade
Adam Bassett,Mark Dickson,97,4,1998,No,1st Grade
Bryce Alexander,Kyle Adams,97,3,2003,No,1st Grade
T Dias,R Gipson,97,3,2009,No,7th Grade
Ross Baker,Craig Bennett,97,4,2009,No,2nd Grade
Mayank Madan,Sam Finnigan,97,5,2013,No,5th Grade
Luca Crombie,Aaron Robson,97,3,2024,Yes,I Division One Day Grade
Scott Powell,Curtis Stark,96,1,2014,No,3rd Grade
Grant Carslake,M Munish,96,6,2015,No,9th Grade
Garath Van Der Elst,Phillip Ross,96,3,2016,No,9th Grade
Happee Boparai,Scott Barnard,96,1,2018,No,4th Grade
Glenn Welton,Ryan Barndon,96,1,2022,No,B Division One Day Grade
Geoff Colgan,Craig Wear,95,4,1995,No,1st Grade
David Brooks,Russell Gerreyn,95,3,1997,No,7th Grade
Kyle Adams,Adam Bassett,95,3,1998,No,1st Grade
Keith Zissis,Paul Peos,95,1,2008,No,Metropolitan One Day
Curtis Stark,Shane Shaw,95,3,2010,No,5th Grade
Thomas Cross,Nathan Hearnes,95,3,2021,No,E Division One Day Grade
Nilan Chandratilake,Parminder Sandhu,95,1,2021,No,G Division One Day Grade
Brian Buttsworth,Keith Randell,94,3,1965,No,1st Grade
Jeff Healy,Barry Richardson,94,8,1997,Yes,5th Grade
Evan Standley,Wade Carruthers,94,6,1998,No,5th Grade
Simon Wilson,John Lewis,94,5,2007,No,9th Grade
Ross Baker,Leon Burrows,94,4,2010,No,2nd Grade
Sam Finnigan,Chris Homer,94,2,2012,No,Metropolitan One Day
Aaron Robson,AB Goodchild,94,8,2015,Yes,7th Grade
Ryan Barndon,Brad Walker,94,4,2016,No,3rd Grade
Paul Maindok,Cameron Lee,94,3,2017,No,7th Grade
Scott Bretland,Alex Hall,94,5,2024,No,I Division One Day Grade
Andrew Webley,Robbie Edwards,93,10,2010,No,7th Grade
Randeep Brar,Devender Kumar,93,5,2013,No,Mercantile One Day
Brendan Miller,C Puff,93,3,2015,No,4th Grade
Geoff Hamel,Raymond Scott,92,1,1963,No,1st Grade
Dennis Freind,Shane Ferdinadus,92,5,1994,No,1st Grade
Chris Robson,Aaron Robson,92,8,2005,Yes,Metropolitan One Day
Leon Burrows,R Gipson,92,2,2009,No,2nd Grade
Shane Shaw,Bruce Stark,92,4,2010,No,5th Grade
Leon Burrows,Ryan Barndon,92,3,2012,No,2nd Grade
Clinton Reid,Daniel Sims,92,3,2019,No,C Division One Day Grade
Chris Mok,Brett Harrison,92,3,2020,No,E Division One Day Grade
Jeff Stephenson,Paul McNamara,91,5,2007,No,9th Grade
Ross Baker,Shane Shaw,91,4,2010,No,2nd Grade
Paul Peos,Alex Vlahos,91,2,2011,No,Metropolitan One Day
P Rados,Grant Carslake,91,8,2015,No,9th Grade
David Van Wees,Paul Maindok,91,1,2017,No,7th Grade
Paul Maindok,Clinton Reid,91,1,2019,No,C Division One Day Grade
Curtis Stark,Happee Boparai,91,6,2020,No,A Division One Day Grade
Curtis Stark,Kai Homer,91,3,2023,No,C Division One Day Grade
Keith Manea,Nathan Whitney,90,9,1999,No,1st Grade
Scott Powell,Dennis Freind,90,1,2011,No,4th Grade
John Taylor,Mandeep Singh,90,6,2015,Yes,6th Grade
Dov Morris,Ian Wilson,90,3,2015,No,2nd Grade
Paul Maindok,Paul McNamara,90,1,2018,No,Mercantile One Day
K Hay,Nathan Hearnes,90,2,2021,Yes,E Division One Day Grade
John Taylor,Davis Bode,90,5,2021,No,A Division One Day Grade
Ross Baker,Nathan Hearnes,90,4,2023,No,B Division One Day Grade
Spiro Kalafatas,Daniel Sims,90,7,2024,No,C Division One Day Grade
Ben Loader,Simon Wilson,89,3,2007,No,Metropolitan One Day
Alex Vlahos,Ash Eyre,89,2,2011,No,Metropolitan One Day
Damien Senge,Matt Wilson,89,4,2012,No,3rd Grade
D Diletti,Curtis Stark,89,1,2012,No,6th Grade
Happee Boparai,Sandeep Brar,89,1,2013,Yes,Mercantile One Day
Happee Boparai,Karamjeet Singh,89,1,2013,No,Mercantile One Day
Curtis Stark,Jake Finney,89,1,2013,No,2nd Grade
Bryce Alexander,Paul Dickson,89,3,2014,No,8th Grade
Bryce Alexander,Ben Price,89,3,2014,No,8th Grade
Jake Finney,Adam Lankester,89,1,2015,No,2nd Grade
Gurpreet Sidhu,Paul Dickson,89,4,2015,No,6th Grade
John Taylor,Jagdeep Brar,89,8,2021,Yes,A Division One Day Grade
Brett Harrison,Daniel Sims,89,3,2021,No,E Division One Day Grade
Jun Singh,Scott Bretland,89,5,2022,No,G Division One Day Grade
Daniel Lambrinidis,Jun Singh,89,4,2023,No,C Division One Day Grade
Ray Taylor,M Leeder,88,5,1964,No,1st Grade
Ralph Brockman,Geoff Hamel,88,3,1966,No,1st Grade
Paul Dickson,Geoff Colgan,88,3,1995,No,1st Grade
Gary Freind,Shane Innes,88,3,1997,No,5th Grade
Ian Wilson,Michael Mani,88,8,2015,No,2nd Grade
Ross Baker,Glenn Welton,88,4,2022,No,B Division One Day Grade
Sam Finnigan,Adam Wreford,87,7,2008,Yes,5th Grade
Keith Zissis,Ian Wilson,87,3,2013,No,Metropolitan One Day
A Corrie,Tom Condello,87,6,2019,Yes,E Division One Day Grade
O Cranny,Adam Duffy,87,4,2020,No,F Division One Day Grade
Matthew Hilleard,John Taylor,86,2,2008,No,8th Grade
Shane Shaw,Leon Burrows,86,1,2009,No,2nd Grade
Ryan Shelton,John Taylor,86,3,2009,No,2nd Grade
O Cranny,Parminder Sandhu,86,6,2020,No,F Division One Day Grade
Nilan Chandratilake,Adam Duffy,86,3,2021,Yes,G Division One Day Grade
Ash Yadav,Nirbhai Sohi,86,3,2023,No,A Division One Day Grade
Gurdeep Singh,Sagar Lather,86,2,2023,No,A Division One Day Grade
Kyle Adams,Nathan Whitney,85,4,2002,No,1st Grade
John Taylor,Anthony Libia,85,4,2008,No,8th Grade
Adam Wreford,Sam Finnigan,85,9,2009,No,2nd Grade
John Taylor,Brett Harrison,85,4,2009,No,2nd Grade
Dov Morris,Leon Burrows,85,1,2010,No,2nd Grade
Bryce Alexander,R Amlani,85,4,2014,No,8th Grade
Paul Maindok,Hayden Candy,85,1,2019,No,C Division One Day Grade
Nirbhai Sohi,Gurdeep Singh,85,1,2022,No,A Division One Day Grade
Damian Thompson,Damien Sheridan,84,9,1992,Yes,1st Grade
Paul Peos,Russell Gerreyn,84,2,2012,No,Metropolitan One Day
Martin Burrow,Conor Breheny,84,5,2014,No,5th Grade
Paul Maindok,Paul McNamara,84,1,2018,No,Mercantile One Day
Daniel Sims,Dan Leatham,84,4,2019,No,E Division One Day Grade
daniel spencer,Angus Motherwell,84,5,2024,No,H Division One Day Grade
Keith Randell,Geoff Hamel,83,2,1964,No,1st Grade
Tim Reid,Bryce Alexander,83,3,1998,No,3rd Grade
David Van Wees,Scott Powell,83,4,2007,No,6th Grade
Leon Burrows,John Taylor,83,3,2007,No,3rd Grade
Ryan Barndon,Leon Burrows,83,2,2009,No,2nd Grade
Curtis Stark,Dov Morris,83,1,2009,No,7th Grade
Keith Zissis,Ash Eyre,83,4,2012,No,Metropolitan One Day
Keith Zissis,Russell Gerreyn,83,1,2012,No,Metropolitan One Day
Mandeep Singh,Yaadwinder Toor,83,5,2013,No,Mercantile One Day
Martin Burrow,P Rados,83,5,2015,No,9th Grade
Davis Bode,J Naidoo,83,1,2020,No,E Division One Day Grade
Happee Boparai,John Taylor,83,3,2021,No,A Division One Day Grade
Justin Fisher,Ian Blake,82,7,1992,No,1st Grade
Paul Dickson,Kevin Rowland,82,1,1995,No,1st Grade
Bryce Alexander,Bruce Stark,82,6,1998,No,3rd Grade
Charles Marlam,Aaron Robson,82,6,2007,No,6th Grade
Shane Shaw,Curtis Stark,82,1,2009,No,7th Grade
Sandeep Brar,Randeep Brar,82,3,2013,No,Mercantile One Day
Jake Finney,Dov Morris,82,1,2015,No,2nd Grade
Karamjeet Singh,Leon Burrows,82,6,2016,No,1st Grade
Craig Bennett,Paul Maindok,82,2,2017,Yes,7th Grade
Keith Zissis,Hayden Candy,82,3,2018,No,Mercantile One Day
Dov Morris,Amos Robinson,82,1,2024,No,H Division One Day Grade
Darren Johnson,Ross Baker,82,4,2025,No,A Division One Day Grade
Peter Vlahos,Arthur Vlahos,81,3,2009,No,Metropolitan One Day
Keith Zissis,S Kaul,81,1,2009,No,Metropolitan One Day
David Van Wees,Aaron Robson,81,7,2009,No,5th Grade
Keith Zissis,Conor Breheny,81,1,2013,No,Metropolitan One Day
Dov Morris,Ian Wilson,81,2,2015,No,2nd Grade
Keith Zissis,Cameron Lee,81,3,2017,No,7th Grade
J Naidoo,John Taylor,81,3,2020,Yes,E Division One Day Grade
Cameron Lee,Daniel Sims,81,9,2022,Yes,D Division One Day Grade
Nirbhai Sohi,Ash Yadav,81,3,2022,No,A Division One Day Grade
Fred Buttsworth,Harry Varis,80,5,1963,No,1st Grade
Adrian Scott,Simon Casey,80,5,1979,No,1st Grade
Justin Fisher,Ron Gillespie,80,3,1993,No,1st Grade
Brett Harrison,David Van Wees,80,5,2008,No,5th Grade
Ryan Barndon,Jake Finney,80,1,2013,No,2nd Grade
Chris Homer,Paul Dickson,80,3,2013,No,Metropolitan One Day
Yaadwinder Toor,Ranjit Singh,80,4,2013,No,Mercantile One Day
Brendan Millar,Mark Sinclair,80,4,2017,No,7th Grade
BE Cranny,Chris Popoff,80,2,2020,No,F Division One Day Grade
Ash Yadav,Happee Boparai,80,4,2022,No,A Division One Day Grade
Happee Boparai,Nirbhai Sohi,80,4,2023,Yes,A Division One Day Grade
Gary Freind,Paul McNamara,79,2,1997,No,5th Grade
Kevin Rowland,Bryce Alexander,79,2,1998,No,1st Grade
Adam Bassett,Wade Carruthers,79,7,1998,No,1st Grade
Bruce Stark,Gregory Martin,79,8,2004,No,1st Grade
Kyle Adams,Darren Holt,79,3,2004,No,1st Grade
Cassis Van Wees,Christopher Jebb,79,3,2007,No,9th Grade
Keith Zissis,Neil Steadman,79,6,2008,No,Metropolitan One Day
James Day,Keith Zissis,79,4,2011,No,Metropolitan One Day
Keith Zissis,Bryce Alexander,79,2,2014,No,8th Grade
Jun Singh,Phillip Ross,79,7,2021,Yes,B Division One Day Grade
Nilan Chandratilake,Parminder Sandhu,79,1,2021,No,G Division One Day Grade
Nirbhai Sohi,Happee Boparai,79,4,2022,No,A Division One Day Grade
Adam Duffy,Chris Popoff,79,1,2023,No,I Division One Day Grade
Ross Baker,Jordan Egan,79,5,2025,No,A Division One Day Grade
Geoff Hamel,Raymond Scott,78,1,1963,No,1st Grade
Keith Randell,Brian Buttsworth,78,1,1966,No,1st Grade
Damian Thompson,Dennis Freind,78,6,1992,No,1st Grade
Bruce Stark,John Cottier,78,7,1998,No,3rd Grade
Ross Baker,Anthony Libia,78,3,2009,Yes,5th Grade
Yaadwinder Toor,Sandeep Brar,78,5,2013,No,Mercantile One Day
Sandeep Brar,Happee Boparai,78,2,2013,No,Mercantile One Day
Scott Barnard,Brett Harrison,78,3,2015,No,4th Grade
Geoff Colgan,Ross Baker,78,5,2019,No,B Division One Day Grade
Dov Morris,Tom Parkinson,78,2,2023,Yes,H Division One Day Grade
Missaka Wickramasinghe,Saliya Widanagamage,78,2,2025,No,H Division One Day Grade
Ian Blake,Graham Butler,77,3,1992,No,1st Grade
Ward Bond,Darren Holt,77,2,1997,No,3rd Grade
Kyle Adams,Darren Young,77,4,2001,No,1st Grade
Ryan Shelton,Simon Wilson,77,3,2007,No,Metropolitan One Day
Paul Dickson,David Van Wees,77,6,2008,No,5th Grade
Leon Burrows,Ross Baker,77,2,2009,No,2nd Grade
Keith Zissis,Russell Gerreyn,77,2,2010,No,Metropolitan One Day
David Van Wees,Steven Freind,77,1,2013,No,5th Grade
Happee Boparai,Karamjeet Singh,77,4,2013,No,Mercantile One Day
I Morawiec,Jun Singh,77,8,2014,No,8th Grade
Ash Yadav,Brett Harrison,77,2,2019,No,5th Grade
Brett Harrison,Nathan Hearnes,77,4,2021,No,E Division One Day Grade
Nilan Chandratilake,Brett Harrison,77,2,2021,No,E Division One Day Grade
Ross Baker,Dov Morris,77,4,2023,No,B Division One Day Grade
Darren Johnson,Ross Baker,77,3,2024,Yes,A Division One Day Grade
Glenn Welton,Dov Morris,77,2,2025,No,A Division One Day Grade
Nilan Chandratilake,Dane Peake,77,4,2025,No,I Division One Day Grade
Ward Bond,Darren Holt,76,2,1997,No,3rd Grade
Bryce Alexander,Ryan Shelton,76,2,2008,No,2nd Grade
Keith Zissis,Paul Peos,76,1,2008,No,Metropolitan One Day
Curtis Stark,Bryce Alexander,76,3,2009,No,7th Grade
Darcy Boyle,Timothy Gailbraith,76,7,2010,Yes,Metropolitan One Day
Ben Price,Russell Normoyle,76,6,2012,No,2nd Grade
JL Dimond,Chris Mok,76,4,2012,No,6th Grade
Scott Barnard,Jake Finney,76,1,2013,No,2nd Grade
Keith Zissis,Scott Powell,76,1,2014,No,3rd Grade
Gurpreet Sidhu,Aaron Robson,76,5,2015,No,7th Grade
David Van Wees,Kai Homer,76,1,2016,No,6th Grade
Clinton Reid,Brett Harrison,76,1,2016,No,5th Grade
Nirbhai Sohi,Happee Boparai,76,4,2022,No,A Division One Day Grade
Darren Johnson,Josh Taylor,76,3,2024,No,A Division One Day Grade
Brian Buttsworth,Alan Wilkins,75,1,1965,No,1st Grade
Bill Bridges,Adrian Scott,75,2,1979,No,1st Grade
Paul McNamara,Michael Petrie,75,4,1997,No,5th Grade
Darren Holt,Brett Harris,75,2,1998,No,1st Grade
Geoff Colgan,David Lenane,75,1,2004,No,1st Grade
John Lewis,Raebern DSylva,75,3,2005,No,8th Grade
Jeff Stephenson,Ben Stephenson,75,2,2007,No,9th Grade
Dave Dewhurst,Scott Barnard,75,9,2010,No,5th Grade
Dennis Freind,Michael Peter,75,9,2011,Yes,4th Grade
Mayank Madan,Jun Singh,75,5,2013,No,Metropolitan One Day
Sam Finnigan,Conor Breheny,75,5,2014,No,5th Grade
Chris Homer,R Singhal,75,2,2016,No,5th Grade
Chris Homer,James Ditchburn,75,8,2017,No,3rd Grade
Paul Maindok,Keith Zissis,75,3,2018,No,Mercantile One Day
Adam Wreford,Happee Boparai,75,5,2020,No,A Division One Day Grade
Chris Popoff,Parminder Sandhu,75,5,2020,No,F Division One Day Grade
Keith Randell,Ralph Brockman,74,2,1966,No,1st Grade
Dennis Freind,Kyle Adams,74,1,1999,No,1st Grade
David Lenane,Kyle Adams,74,1,2004,No,1st Grade
Ross Baker,Leon Okely,74,5,2009,No,Metropolitan One Day
Dov Morris,Scott Barnard,74,2,2012,No,2nd Grade
Anthony Sinclair,David Van Wees,74,6,2014,No,8th Grade
John Taylor,Clinton Reid,74,6,2015,Yes,6th Grade
A Malik,Phillip Ross,74,3,2016,Yes,5th Grade
Paul Maindok,Keith Zissis,74,1,2018,No,Mercantile One Day
Brendan Millar,Russell Normoyle,74,7,2019,No,3rd Grade
Nilan Chandratilake,Scott Barnard,74,2,2020,No,F Division One Day Grade
Aaron Robson,Adam Duffy,74,2,2024,No,I Division One Day Grade
Alan Wilkins,Brian Henville,73,2,1965,No,1st Grade
Ian Blake,Gary Chivers,73,8,1992,No,1st Grade
Adam Bassett,Marcus Nolan,73,5,1998,No,1st Grade
Kevin Rowland,Darren Holt,73,2,2001,No,1st Grade
Glenn Andersson,Felix Machado,73,5,2005,No,8th Grade
Leon Burrows,Adam Spencer,73,4,2006,No,5th Grade
Leon Burrows,John Taylor,73,3,2007,No,3rd Grade
Ross Baker,Ryan Barndon,73,4,2011,No,2nd Grade
Curtis Stark,Sam Finnigan,73,1,2013,No,3rd Grade
Keith Zissis,David Van Wees,73,2,2015,No,7th Grade
Garath Van Der Elst,P Rados,73,1,2015,No,9th Grade
R Singhal,Randeep Brar,73,1,2017,No,5th Grade
David Van Wees,J Kendall,73,2,2019,No,E Division One Day Grade
Duane Crombie,Chris Popoff,73,4,2019,No,E Division One Day Grade
A Singh,Adam Wreford,73,6,2020,No,A Division One Day Grade
Ryan Barndon,Gurpreet Brar,73,6,2022,No,B Division One Day Grade
Nirbhai Sohi,John Taylor,73,5,2022,No,A Division One Day Grade
Nilan Chandratilake,Duane Crombie,73,2,2023,No,I Division One Day Grade
Ross Baker,Kai Homer,73,5,2023,No,B Division One Day Grade
Dane Peake,Aaron Robson,73,6,2025,No,I Division One Day Grade
Geoff Hamel,Alan Wilkins,72,7,1964,No,1st Grade
John Cottier,Michael Petrie,72,4,1997,No,3rd Grade
Bryce Alexander,Guy Welton,72,3,1998,No,1st Grade
Dov Morris,Damien Senge,72,2,2010,No,2nd Grade
Dov Morris,Ross Baker,72,3,2014,No,2nd Grade
David Van Wees,Bryce Alexander,72,2,2014,No,8th Grade
S Gill,Harbhinder Sandhu,72,6,2014,No,Metropolitan One Day
Ross Baker,James Ditchburn,72,9,2015,No,2nd Grade
Sam Finnigan,Brendan Millar,72,5,2017,No,7th Grade
W Abbas,Ash Yadav,72,7,2019,Yes,B Division One Day Grade
Brett Harrison,John Taylor,72,4,2020,No,E Division One Day Grade
Keith Zissis,Dov Morris,72,3,2024,No,H Division One Day Grade
Ian Blake,Troy Peacock,71,4,1993,No,1st Grade
Dennis Freind,Geoff Colgan,71,3,1995,No,1st Grade
Gary Freind,John Lewis,71,1,1997,No,5th Grade
Mark Stevens,David Singh,71,3,1997,No,Metropolitan One Day
Paul Dickson,Bruce Stark,71,5,1998,No,3rd Grade
Evan Standley,Marcus Nolan,71,7,1998,No,1st Grade
Marcus Nolan,Wade Carruthers,71,8,1999,No,1st Grade
Jason Boekleman,Charles Marlam,71,6,2000,No,1st Grade
Ron Gillespie,Chris Whyte,71,4,2003,No,1st Grade
Kyle Adams,Darren Holt,71,3,2003,No,1st Grade
Dennis Freind,Michael Peter,71,10,2009,No,5th Grade
Ash Eyre,Russell Normoyle,71,7,2011,No,2nd Grade
Robbie Edwards,Simon Borrett,71,9,2012,No,6th Grade
Josh Taylor,Ross Baker,71,4,2013,No,2nd Grade
Scott Powell,Aaron Robson,71,1,2013,No,3rd Grade
S Gill,Goppi Singh,71,6,2014,No,Metropolitan One Day
Randeep Brar,Mandeep Singh,71,4,2014,No,Metropolitan One Day
Scott Powell,Josh Copping,71,3,2014,No,3rd Grade
Garath Van Der Elst,Timothy Gailbraith,71,1,2014,No,5th Grade
LH Berendsen,A Singh,71,8,2019,No,3rd Grade
Happee Boparai,Bikram Singh,71,5,2019,No,5th Grade
Curtis Stark,Phillip Ross,71,8,2019,No,3rd Grade
Dov Morris,Nirbhai Sohi,71,2,2019,No,5th Grade
Davis Bode,Brett Harrison,71,4,2020,Yes,E Division One Day Grade
Chris Popoff,Bruce Stark,71,3,2021,No,G Division One Day Grade
Darren Johnson,Ross Baker,71,3,2021,No,B Division One Day Grade
Jagdeep Brar,Bikram Singh,71,8,2022,No,A Division One Day Grade
Vishnu Rajendran,Jun Singh,71,4,2023,No,C Division One Day Grade
Chris Popoff,Mike Whehella,71,4,2023,No,I Division One Day Grade
Fred Buttsworth,Brian Buttsworth,70,6,1963,No,1st Grade
Brian France,Keith Randell,70,1,1965,No,1st Grade
Justin Fisher,Paul McNamara,70,4,1994,No,1st Grade
Dennis Freind,Paul Dickson,70,1,1995,No,1st Grade
David Brooks,Bruce Stark,70,2,1997,No,3rd Grade
Darren Holt,Anthony Burke,70,2,2002,No,1st Grade
Kyle Adams,Darren Young,70,6,2002,No,1st Grade
Sharjeel Ashraf,Geoff Colgan,70,4,2005,No,1st Grade
Tariq Haroon,Geoff Colgan,70,4,2005,No,1st Grade
Neil Steadman,Ashley Edwards,70,10,2007,No,9th Grade
Aaron Robson,Dave Dewhurst,70,8,2010,No,5th Grade
Timothy Gailbraith,Daniel Allsop,70,7,2010,No,7th Grade
David Van Wees,Conor Breheny,70,3,2011,No,6th Grade
Keith Zissis,Ash Eyre,70,3,2011,No,Metropolitan One Day
Clinton Reid,Charles Marlam,70,1,2012,No,Metropolitan One Day
Sandeep Brar,Yaadwinder Toor,70,1,2014,No,Metropolitan One Day
Clinton Reid,Daniel Atkinson,70,2,2014,No,3rd Grade
Mark Sinclair,Alex Cox,70,6,2017,No,7th Grade
Glenn Welton,Dov Morris,70,2,2022,No,B Division One Day Grade
Mohamed Zainudeen,Vihanga Silva,70,6,2025,No,H Division One Day Grade
Raymond Scott,Harry Varis,69,4,1963,No,1st Grade
Geoff Hamel,Brian Buttsworth,69,5,1964,No,1st Grade
Paul Dickson,Craig Wear,69,2,1995,No,1st Grade
Anthony Burke,Christopher Barnes,69,5,1999,No,1st Grade
Stephen Clarke,Anthony Libia,69,1,2002,No,1st Grade
David Lenane,Robbie Taylor,69,6,2002,No,1st Grade
Bryce Alexander,Curtis Stark,69,4,2006,No,2nd Grade
Leon Burrows,Bryce Alexander,69,3,2006,No,2nd Grade
Matt Bailey,Timothy Bailey,69,6,2007,No,Metropolitan One Day
Brett Harrison,David Van Wees,69,5,2008,No,5th Grade
Ross Baker,Ryan James,69,7,2010,No,2nd Grade
Keith Zissis,Ian Wilson,69,3,2012,No,Metropolitan One Day
Jun Singh,David Van Wees,69,1,2017,No,7th Grade
David Van Wees,Keith Zissis,69,3,2017,No,7th Grade
Danny Toohey,Duane Crombie,69,3,2019,No,E Division One Day Grade
Happee Boparai,Jagdeep Brar,69,5,2019,No,5th Grade
John Taylor,Brett Harrison,69,5,2020,No,E Division One Day Grade
Nilan Chandratilake,O Cranny,69,3,2020,No,F Division One Day Grade
Jun Singh,Ross Baker,69,3,2021,No,B Division One Day Grade
Happee Boparai,Brett Harrison,69,5,2022,No,A Division One Day Grade
Amos Robinson,James Beardmore,69,1,2023,No,H Division One Day Grade
David Van Wees,James Knapton,69,3,2024,No,H Division One Day Grade
Jun Singh,Daniel Sims,69,1,2025,No,D Division One Day Grade
Brian Buttsworth,Alan Wilkins,68,1,1965,No,1st Grade
Bruce Stark,Jason Alexander,68,3,1997,No,Metropolitan One Day
Alex Hall,Chris Henderson,68,4,1997,No,Metropolitan One Day
Christopher Jebb,Mark Dickson,68,6,1997,No,3rd Grade
Paul Dickson,Craig Sherlock,68,1,1998,No,3rd Grade
David Brooks,Ron Gillespie,68,3,1998,No,5th Grade
Darren Young,Anthony Burke,68,7,2005,No,1st Grade
Leon Burrows,John Taylor,68,4,2007,No,3rd Grade
Ryan Barndon,Leon Burrows,68,3,2008,No,2nd Grade
R Gipson,Brett Harrison,68,4,2009,No,2nd Grade
Aaron Robson,Michael Peter,68,9,2009,No,5th Grade
Mayank Madan,Lee Maas,68,7,2013,No,5th Grade
Dov Morris,Brendan Millar,68,5,2017,No,7th Grade
Hayden Candy,Mark Sinclair,68,5,2018,No,Mercantile One Day
Hayden Candy,Mark Sinclair,68,5,2018,No,Mercantile One Day
Hayden Candy,Paul Maindok,68,3,2019,No,C Division One Day Grade
Parminder Sandhu,Grant Carslake,68,6,2020,No,F Division One Day Grade
Ross Baker,Dov Morris,68,4,2023,No,B Division One Day Grade
Ross Baker,Darren Johnson,68,6,2025,No,A Division One Day Grade
Geoff Hamel,Brian Henville,67,4,1965,No,1st Grade
Justin Fisher,Graham Butler,67,2,1992,No,1st Grade
Adam Bassett,Christopher Gerreyn,67,4,1997,Yes,1st Grade
Anthony Burke,Kyle Adams,67,3,2003,No,1st Grade
Craig Fernie,Paul Messenger,67,7,2007,No,Metropolitan One Day
Leon Burrows,Russell Normoyle,67,3,2008,No,2nd Grade
Kenneth Kelly,Leon Okely,67,8,2008,No,Metropolitan One Day
Charles Marlam,A Spencer,67,6,2009,Yes,7th Grade
Anthony Libia,Charles Marlam,67,4,2009,No,5th Grade
Kenneth Kelly,Leon Okely,67,8,2009,No,Metropolitan One Day
Russell Gerreyn,Chris Homer,67,2,2012,No,Metropolitan One Day
Keith Zissis,Ben Stephenson,67,2,2014,No,8th Grade
Jake Finney,Karamjeet Singh,67,1,2015,No,2nd Grade
Michael Peter,Chris Mok,67,7,2015,No,6th Grade
P Rados,AB Goodchild,67,6,2015,No,7th Grade
K Symons,David Van Wees,67,2,2015,No,7th Grade
R Singhal,S Young,67,7,2016,No,5th Grade
Garath Van Der Elst,D Bowman,67,5,2017,No,7th Grade
Curtis Stark,Dov Morris,67,3,2018,No,2nd Grade
Geoff Colgan,Darren Young,67,2,2019,No,B Division One Day Grade
Alex Cox,Sajan Hanjra,67,1,2020,No,F Division One Day Grade
Duane Crombie,Bruce Stark,67,2,2023,No,I Division One Day Grade
Gary Freind,John Lewis,66,1,1997,No,5th Grade
Gary Freind,Kevin Rowland,66,1,1997,No,5th Grade
Kevin Rowland,Paul Dickson,66,2,1998,No,3rd Grade
Bryce Alexander,Christopher Jebb,66,5,1998,No,3rd Grade
Kyle Adams,Darren Holt,66,2,1999,No,1st Grade
Anthony Burke,Bryce Alexander,66,2,2003,No,1st Grade
Darren Young,Anthony Burke,66,3,2005,No,1st Grade
Paul Dickson,Brett Harrison,66,4,2007,Yes,9th Grade
Russell Normoyle,Christopher Jebb,66,5,2007,No,9th Grade
Darren Hutchins,Russell Normoyle,66,7,2007,No,6th Grade
Craig Bennett,Aaron Robson,66,5,2008,No,2nd Grade
Dennis Freind,JA Skowron,66,10,2009,Yes,5th Grade
Ryan Shelton,John Taylor,66,3,2009,No,2nd Grade
Matthew Hilleard,Shane Shaw,66,3,2009,No,5th Grade
Ross Baker,Craig Bennett,66,6,2009,No,5th Grade
Sam Finnigan,Aaron Robson,66,6,2010,No,5th Grade
Paul Peos,C Schmid,66,2,2010,No,Metropolitan One Day
Ash Eyre,Paul Peos,66,1,2010,No,Metropolitan One Day
Paul Dickson,Keith Zissis,66,1,2011,No,Metropolitan One Day
David Van Wees,Curtis Stark,66,3,2011,No,6th Grade
T Cox,Matt Wilson,66,9,2012,Yes,2nd Grade
JD Krasenstein,Brett Harrison,66,2,2013,No,3rd Grade
Ross Baker,Leon Burrows,66,5,2013,No,2nd Grade
Randeep Brar,Mandeep Singh,66,6,2013,No,Mercantile One Day
R Singhal,Garath Van Der Elst,66,1,2015,No,6th Grade
Jake Finney,Scott Barnard,66,2,2016,No,1st Grade
Dov Morris,Ryan Barndon,66,1,2017,No,1st Grade
Raghu Sharma,Darren Johnson,66,2,2019,No,3rd Grade
J Trichilo,Duane Crombie,66,3,2019,No,E Division One Day Grade
Bikram Singh,Ross Baker,66,5,2020,Yes,A Division One Day Grade
Ryan Barndon,G Singh,66,5,2021,No,B Division One Day Grade
Kai Homer,Cameron Lee,66,2,2023,No,C Division One Day Grade
Scott Bretland,Dane Peake,66,3,2025,No,I Division One Day Grade
Brian Buttsworth,Raymond Scott,65,1,1963,No,1st Grade
Gregory Smith,Kyle Adams,65,7,1995,No,1st Grade
Paul McNamara,John Cottier,65,1,1997,No,5th Grade
Tim Reid,Bruce Stark,65,6,1998,No,3rd Grade
Jay Holland,Anthony Burke,65,9,2000,No,1st Grade
Darren Young,Gregory Martin,65,9,2004,No,1st Grade
David Van Wees,Dave Wilcox,65,2,2005,No,Metropolitan One Day
Sharjeel Ashraf,Gregory Martin,65,2,2005,No,1st Grade
Bryce Alexander,Leon Burrows,65,1,2008,No,2nd Grade
Gino Giamboi,Ian Gamble,65,6,2008,No,8th Grade
Bryce Alexander,Ryan Shelton,65,1,2008,No,2nd Grade
Keith Zissis,B White,65,2,2008,No,Metropolitan One Day
Dov Morris,Bryce Alexander,65,4,2009,No,7th Grade
Ross Baker,Sam Finnigan,65,8,2010,No,2nd Grade
Bryce Alexander,Dennis Freind,65,4,2010,No,7th Grade
Keith Zissis,Paul Peos,65,1,2010,No,Metropolitan One Day
Paul Dickson,Russell Gerreyn,65,1,2011,No,Metropolitan One Day
Charles Marlam,Chris Homer,65,2,2012,No,Metropolitan One Day
Alex Dowson,Robbie Edwards,65,8,2012,No,6th Grade
Dov Morris,Jake Finney,65,3,2013,No,2nd Grade
Dov Morris,Ross Baker,65,4,2013,No,2nd Grade
Curtis Stark,Ian Wilson,65,3,2015,No,4th Grade
Dov Morris,Curtis Stark,65,1,2016,No,3rd Grade
Kirk Howes,Adam Wreford,65,10,2016,No,1st Grade
Scott Barnard,Darren Johnson,65,3,2017,No,1st Grade
Scott Barnard,A Malik,65,3,2017,No,1st Grade
Randeep Brar,Happee Boparai,65,4,2019,No,5th Grade
Sagar Lather,Jagdeep Brar,65,1,2023,No,A Division One Day Grade
Glenn Welton,Ross Baker,65,2,2023,No,B Division One Day Grade
Glenn Welton,Aiyush Suhasaria,65,3,2025,No,A Division One Day Grade
Alan Wilkins,Bert Smith,64,7,1965,No,1st Grade
Ian Blake,Damien Sheridan,64,7,1992,No,1st Grade
Paul Dickson,Kim Anderson,64,4,1995,No,1st Grade
Gary Freind,Mark Dickson,64,4,1998,No,5th Grade
Glenn Sadler,Kim Anderson,64,6,1999,No,5th Grade
Darren Holt,David Lenane,64,6,2002,No,1st Grade
Ron Gillespie,Glenn Andersson,64,5,2003,No,1st Grade
Paul Dickson,Curtis Stark,64,5,2006,No,2nd Grade
Leon Burrows,Bryce Alexander,64,3,2007,No,3rd Grade
Arthur Vlahos,Mark Dickson,64,5,2009,No,Metropolitan One Day
Charles Marlam,T Cox,64,1,2012,No,3rd Grade
Ben Stephenson,Simon Borrett,64,4,2013,No,5th Grade
Mandeep Singh,Onka Singh,64,6,2014,No,Metropolitan One Day
Keith Zissis,Mark Sinclair,64,4,2016,No,6th Grade
Hayden Candy,Darren Stride,64,4,2019,No,C Division One Day Grade
Justin Kickett,Bruce Stark,64,5,2020,No,F Division One Day Grade
Mandeep Singh,Curtis Stark,64,6,2021,No,B Division One Day Grade
Curtis Stark,Swarom Kanvinde,64,1,2023,No,C Division One Day Grade
Gurdeep Singh,Ryan Barndon,64,3,2023,No,A Division One Day Grade
Bailey Hampson,Angus Motherwell,64,5,2023,No,H Division One Day Grade
Nilan Chandratilake,Scott Bretland,64,2,2025,No,I Division One Day Grade
Adam Duffy,Dane Peake,64,3,2025,No,I Division One Day Grade
Justin Fisher,Dennis Freind,63,1,1992,No,1st Grade
Bruce West,David Brooks,63,5,1997,Yes,5th Grade
Chris Henderson,David Singh,63,5,1997,No,Metropolitan One Day
Wade Carruthers,John Cottier,63,7,1998,Yes,5th Grade
Darren Holt,Anthony Burke,63,1,2002,No,1st Grade
Anthony Burke,Kyle Adams,63,2,2003,No,1st Grade
Tariq Haroon,Bryce Alexander,63,4,2005,No,1st Grade
Scott Powell,Graeme Dennis,63,7,2007,No,6th Grade
Curtis Stark,Russell Normoyle,63,7,2008,Yes,2nd Grade
Leon Burrows,John Taylor,63,3,2008,No,2nd Grade
Scott Powell,Paul Peos,63,2,2010,No,5th Grade
Chris Homer,Peter Vlahos,63,3,2013,No,Metropolitan One Day
Devender Kumar,Gurpreet Sidhu,63,1,2013,No,Mercantile One Day
Happee Boparai,Randeep Brar,63,3,2013,No,Mercantile One Day
Scott Barnard,Dov Morris,63,2,2014,No,2nd Grade
Devender Kumar,Aaron Robson,63,8,2014,No,3rd Grade
Dov Morris,Ross Baker,63,3,2014,No,2nd Grade
Goppi Singh,GA Carslake,63,3,2015,No,9th Grade
David Van Wees,Brendan Millar,63,2,2017,No,7th Grade
Sandeep Brar,Randeep Brar,63,6,2019,No,5th Grade
Adam Duffy,Chris Popoff,63,4,2022,No,G Division One Day Grade
Mandeep Singh,Jagdeep Brar,63,8,2023,No,A Division One Day Grade
Saliya Widanagamage,Prabud Peduru Hewa,63,1,2025,No,H Division One Day Grade
Paul Dickson,Dennis Freind,62,2,1994,No,1st Grade
Adam Bassett,Guy Welton,62,4,1998,No,1st Grade
Gary Burton,Russell Gerreyn,62,1,1999,No,5th Grade
Scott Powell,Chris Robson,62,6,2005,No,Metropolitan One Day
David Van Wees,Steven Freind,62,1,2007,No,Metropolitan One Day
Matthew Hilleard,Adam Wreford,62,6,2010,No,5th Grade
Darren Hutchins,D Diletti,62,4,2012,No,6th Grade
Dov Morris,Keith Zissis,62,3,2012,No,2nd Grade
S Gill,David Singh,62,7,2014,No,Metropolitan One Day
Dov Morris,Ross Baker,62,4,2014,No,2nd Grade
Garath Van Der Elst,David Van Wees,62,3,2014,No,5th Grade
Garath Van Der Elst,Chris Homer,62,1,2014,No,5th Grade
Chris Homer,Tony Bassett,62,5,2015,No,4th Grade
Brett Harrison,S Gill,62,3,2017,No,5th Grade
Curtis Stark,Daniel Sims,62,3,2023,No,C Division One Day Grade
Happee Boparai,Sagar Lather,62,2,2023,No,A Division One Day Grade
Missaka Wickramasinghe,Mohamed Zainudeen,62,1,2025,No,H Division One Day Grade
Lakmal Madushanka Madawala Maddumage Don,Vihanga Silva,62,6,2025,No,H Division One Day Grade
Dennis Freind,Christopher Gerreyn,61,7,1997,No,1st Grade
Mark Dickson,Evan Standley,61,7,1998,No,1st Grade
Graeme Dennis,Barry Richardson,61,7,1998,No,5th Grade
Anthony Burke,Nathan Whitney,61,7,2002,No,1st Grade
Darren Holt,Kyle Adams,61,3,2002,No,1st Grade
Paul Dickson,Russell Gerreyn,61,1,2007,No,6th Grade
Leon Burrows,Scott Powell,61,6,2007,No,3rd Grade
Scott Powell,Craig Bennett,61,6,2008,No,2nd Grade
Keith Zissis,Dov Morris,61,1,2009,No,5th Grade
TC Williams,C Woods,61,2,2010,No,Metropolitan One Day
Dennis Freind,Bryce Alexander,61,2,2010,No,7th Grade
Keith Zissis,Alex Vlahos,61,2,2011,No,Metropolitan One Day
Paul Dickson,Mark Dickson,61,3,2011,No,Metropolitan One Day
Curtis Stark,Damien Senge,61,2,2013,No,3rd Grade
Bryce Alexander,David Van Wees,61,3,2014,No,8th Grade
Curtis Stark,Brett Harrison,61,2,2015,No,4th Grade
Martin Burrow,M Munish,61,7,2015,No,9th Grade
Clinton Reid,Dov Morris,61,2,2017,No,3rd Grade
Gavin Doull,Chris Popoff,61,3,2021,No,G Division One Day Grade
Adam Duffy,Nilan Chandratilake,61,1,2022,No,G Division One Day Grade
Glenn Welton,Dov Morris,61,2,2023,No,B Division One Day Grade
Kai Homer,Daniel Sims,61,3,2023,No,C Division One Day Grade
Sagar Lather,Nirbhai Sohi,61,3,2023,No,A Division One Day Grade
Davis Bode,Ross Baker,61,3,2024,No,A Division One Day Grade
David Van Wees,Grant Carslake,61,9,2024,No,H Division One Day Grade
Curtis Stark,Ross Baker,61,3,2025,No,A Division One Day Grade
Geoff Hamel,Alby Braun,60,9,1963,No,1st Grade
Geoff Hamel,Dave Cosson,60,9,1963,No,1st Grade
Graham Butler,Damian Thompson,60,3,1992,No,1st Grade
John Kelly,Rick McKenna,60,6,1997,No,Metropolitan One Day
Alex Hall,Jason Alexander,60,3,1997,No,7th Grade
Adam Bassett,Darren Holt,60,1,1997,No,1st Grade
Darren Holt,Ben OMera,60,4,2001,No,1st Grade
Gregory Martin,Darren Young,60,8,2003,No,1st Grade
Mark Dickson,Jarrod Ebert,60,5,2005,No,4th Grade
Scott Barnard,Anthony Libia,60,6,2006,No,2nd Grade
Bryce Alexander,Scott Powell,60,5,2007,No,3rd Grade
Leon Burrows,John Taylor,60,3,2007,No,3rd Grade
Ryan Barndon,Scott Powell,60,5,2008,No,2nd Grade
Ben Stephenson,Matthew Hilleard,60,2,2008,No,8th Grade
Anthony Libia,Jeff Stephenson,60,6,2008,No,8th Grade
Ryan Shelton,Leon Burrows,60,3,2008,No,2nd Grade
Shane Shaw,Scott Powell,60,5,2009,No,5th Grade
Bryce Alexander,Matthew Hilleard,60,4,2010,No,7th Grade
Dave Dewhurst,Michael Peter,60,10,2010,No,5th Grade
Alex Vlahos,Keith Zissis,60,1,2013,No,Metropolitan One Day
Ross Baker,Russell Normoyle,60,5,2013,No,2nd Grade
Happee Boparai,S Gill,60,5,2013,No,Mercantile One Day
John Taylor,Michael Peter,60,5,2015,Yes,6th Grade
Ian Wilson,Paul Ridley,60,3,2016,No,1st Grade
Scott Barnard,Brendan Millar,60,3,2016,No,3rd Grade
Brett Harrison,Chris Homer,60,4,2016,No,5th Grade
Mark Sinclair,Michael Peter,60,3,2017,No,7th Grade
Dov Morris,Randeep Brar,60,2,2019,No,5th Grade
Happee Boparai,S Gill,60,6,2019,No,5th Grade
John Taylor,C Breheny,60,5,2020,No,E Division One Day Grade
Hayden Candy,Nathan Hearnes,60,3,2022,Yes,D Division One Day Grade
Chris Popoff,Aaron Robson,60,6,2022,No,G Division One Day Grade
Vishnu Rajendran,Brett Harrison,60,5,2023,No,C Division One Day Grade
Ashan Udeshitha,Robbie Edwards,60,10,2024,No,C Division One Day Grade
Ashan Udeshitha,Curtis Stark,60,9,2024,No,C Division One Day Grade
Curtis Stark,Brett Harrison,60,2,2025,No,D Division One Day Grade
John Lewis,Kevin Rowland,59,2,1997,No,5th Grade
Darren Holt,Kyle Adams,59,4,2002,No,1st Grade
Anthony Burke,Kyle Adams,59,1,2003,No,1st Grade
Russell Gerreyn,Jeff West,59,5,2005,No,8th Grade
Jeff Stephenson,Michael Gartell,59,3,2006,No,8th Grade
Simon Wilson,Christopher Jebb,59,4,2007,No,9th Grade
John Lewis,C Walkerden,59,6,2008,No,Metropolitan One Day
Anthony Libia,Aaron Robson,59,6,2009,No,5th Grade
Keith Zissis,Bryce Alexander,59,3,2009,No,7th Grade
Steven Freind,Charles Marlam,59,1,2010,No,7th Grade
David Van Wees,James Day,59,1,2011,No,6th Grade
Dov Morris,Ryan Barndon,59,1,2011,No,2nd Grade
Matt Wilson,Michael Mani,59,9,2012,No,2nd Grade
Happee Boparai,Sandeep Brar,59,1,2013,No,Mercantile One Day
Happee Boparai,Yaadwinder Toor,59,2,2013,No,Mercantile One Day
Russell Normoyle,Adam Wreford,59,8,2013,No,2nd Grade
Leon Burrows,Karamjeet Singh,59,6,2014,No,2nd Grade
Karamjeet Singh,M Munish,59,8,2016,No,1st Grade
Goppi Singh,R Singhal,59,3,2016,No,Metropolitan One Day
JD Krasenstein,Courtney Swift,59,4,2016,No,9th Grade
Garath Van Der Elst,A Malik,59,3,2016,No,5th Grade
Jun Singh,Cameron Lee,59,2,2017,No,7th Grade
Dov Morris,Paul Maindok,59,1,2020,No,B Division One Day Grade
Ash Yadav,Nirbhai Sohi,59,1,2021,No,A Division One Day Grade
Dov Morris,Jun Singh,59,1,2021,No,B Division One Day Grade
Curtis Stark,Ross Baker,59,3,2021,No,B Division One Day Grade
Nirbhai Sohi,Davis Bode,59,3,2021,No,A Division One Day Grade
Curtis Stark,Glenn Welton,59,1,2022,No,B Division One Day Grade
Mandeep Singh,Happee Boparai,59,4,2022,No,A Division One Day Grade
Adam Duffy,Nilan Chandratilake,59,1,2022,No,G Division One Day Grade
Ash Yadav,Happee Boparai,59,5,2022,No,A Division One Day Grade
Ryan Barndon,Dov Morris,59,2,2023,No,B Division One Day Grade
Clinton Reid,Brett Harrison,59,1,2024,No,C Division One Day Grade
Alan Wilkins,Bert Smith,58,8,1966,No,1st Grade
Keith Randell,Ralph Brockman,58,2,1966,No,1st Grade
Dennis Freind,Ron Gillespie,58,4,1994,No,1st Grade
Ward Bond,Tony Carrier,58,8,1997,No,3rd Grade
Peter Bibby,Bryce Alexander,58,4,1998,No,3rd Grade
Stephen Clarke,Christopher Barnes,58,1,2000,No,1st Grade
Russell Gerreyn,Danny Bidgood,58,2,2006,No,8th Grade
S Kaul,Keith Zissis,58,1,2008,No,Metropolitan One Day
Russell Gerreyn,Russell Normoyle,58,5,2008,No,Metropolitan One Day
Kevin Rowland,B White,58,4,2008,No,Metropolitan One Day
Craig Bennett,Aaron Robson,58,7,2009,Yes,5th Grade
R Gipson,Curtis Stark,58,5,2009,No,5th Grade
Dov Morris,Shane Shaw,58,2,2009,No,7th Grade
Ross Baker,Ryan Barndon,58,3,2010,No,2nd Grade
Dov Morris,Ryan Barndon,58,1,2010,No,2nd Grade
Dov Morris,Damien Senge,58,2,2010,No,2nd Grade
Devender Kumar,Mandeep Singh,58,1,2013,No,Mercantile One Day
Kevin Rowland,Scott Powell,58,3,2014,No,3rd Grade
David Van Wees,AB Goodchild,58,6,2015,No,7th Grade
Karamdeep Brar,Ben Gatter,58,9,2015,No,6th Grade
John Taylor,Brendan Miller,58,6,2015,No,4th Grade
Curtis Stark,Ryan Barndon,58,4,2018,No,2nd Grade
Dov Morris,Curtis Stark,58,1,2018,No,2nd Grade
Curtis Stark,Ryan Barndon,58,3,2018,No,2nd Grade
Paul Maindok,Clinton Reid,58,2,2018,No,Mercantile One Day
Duane Crombie,Graeme Angwin,58,6,2019,No,B Division One Day Grade
Bikram Singh,Jagdeep Brar,58,8,2019,No,5th Grade
Nirbhai Sohi,Happee Boparai,58,4,2019,No,5th Grade
Mandeep Singh,Dan Leatham,58,6,2020,No,B Division One Day Grade
Nathan Hearnes,Hayden Candy,58,5,2021,No,E Division One Day Grade
Nirbhai Sohi,Ash Yadav,58,1,2022,No,A Division One Day Grade
Glenn Welton,Curtis Stark,58,1,2022,No,B Division One Day Grade
Daniel Lambrinidis,David Chignell,58,8,2022,No,D Division One Day Grade
Adam Duffy,Alex Hall,58,2,2023,Yes,I Division One Day Grade
Cameron Lee,Curtis Stark,58,1,2023,No,C Division One Day Grade
Ross Baker,Darren Johnson,58,3,2023,No,B Division One Day Grade
Clinton Reid,Paul Holmes,58,4,2024,No,C Division One Day Grade
Darren Johnson,Ross Baker,58,3,2024,No,A Division One Day Grade
Peter Davies,Alan Jones,57,8,1979,No,1st Grade
Graham Butler,Phil Greatrix,57,3,1992,No,1st Grade
Mark Dickson,Daryl Pegrum,57,6,1998,No,5th Grade
Gary Burton,Glenn Sadler,57,3,1999,No,5th Grade
David Lenane,Darren Young,57,7,2003,No,1st Grade
Jeff West,Raebern DSylva,57,3,2005,No,8th Grade
Simon Wilson,John Lewis,57,5,2006,No,8th Grade
Chris Mok,Matthew Hilleard,57,1,2008,No,8th Grade
Russell Normoyle,Tony Bassett,57,8,2008,No,2nd Grade
David Van Wees,Aaron Robson,57,7,2009,No,5th Grade
Keith Zissis,Russell Gerreyn,57,2,2009,No,Metropolitan One Day
Paul Peos,J Eyre,57,3,2009,No,Metropolitan One Day
C Woods,Paul Dickson,57,4,2010,No,Metropolitan One Day
Keith Zissis,Paul Peos,57,1,2010,No,Metropolitan One Day
Ben Price,Paul Massara,57,3,2011,No,4th Grade
Leon Burrows,Ross Baker,57,4,2011,No,2nd Grade
Jake Finney,Paul Dickson,57,4,2012,No,6th Grade
Mick Andrews,Simon Borrett,57,8,2013,No,5th Grade
Kevin Rowland,Paul Dickson,57,1,2014,No,3rd Grade
K Symons,I Morawiec,57,1,2014,No,8th Grade
Conor Breheny,Chris Mok,57,8,2014,No,5th Grade
David Van Wees,Mark Sinclair,57,3,2015,No,7th Grade
Keith Zissis,Sam Finnigan,57,5,2017,Yes,7th Grade
Daniel Atkinson,C Vaidya,57,4,2018,No,4th Grade
Davis Bode,J Naidoo,57,1,2020,No,E Division One Day Grade
Vishnu Rajendran,Garath Van Der Elst,57,8,2022,No,D Division One Day Grade
Raghu Sharma,Happee Boparai,57,5,2022,No,A Division One Day Grade
Adam Duffy,Scott Bretland,57,2,2022,No,G Division One Day Grade
Ross Baker,Davis Bode,57,5,2023,Yes,B Division One Day Grade
Dov Morris,Daniel Leatham,57,1,2024,No,H Division One Day Grade
Glenn Welton,Ross Baker,57,3,2025,No,A Division One Day Grade
Brian Buttsworth,Brian France,56,3,1963,No,1st Grade
Geoff Hamel,Harry Varis,56,5,1965,No,1st Grade
Bert Smith,Alan Wilkins,56,7,1966,Yes,1st Grade
Keith Randell,Bert Smith,56,5,1966,No,1st Grade
Michael Allen,Peter McSweeney,56,4,1993,No,1st Grade
Dennis Freind,Ron Gillespie,56,3,1994,No,1st Grade
Mark Dickson,Brett Harris,56,5,1997,No,1st Grade
Michael Petrie,Bruce Stark,56,5,1998,No,3rd Grade
Kyle Adams,David Lenane,56,5,2003,No,1st Grade
Geoff Colgan,David Lenane,56,1,2004,No,1st Grade
Dave Dewhurst,James Vellios,56,9,2005,Yes,Metropolitan One Day
Charles Marlam,Bruce Stark,56,2,2005,No,4th Grade
Curtis Stark,Bryce Alexander,56,2,2007,No,3rd Grade
Craig Bennett,Aaron Robson,56,5,2007,No,6th Grade
Bryce Alexander,John Taylor,56,3,2007,No,3rd Grade
Russell Gerreyn,Alex Vlahos,56,3,2008,No,Metropolitan One Day
Tony Bassett,Dennis Freind,56,9,2008,No,2nd Grade
Scott Powell,Tony Bassett,56,8,2008,No,2nd Grade
Keith Zissis,Russell Gerreyn,56,2,2009,No,Metropolitan One Day
Anthony Libia,Aaron Robson,56,8,2009,No,5th Grade
Shane Shaw,Bryce Alexander,56,3,2009,No,7th Grade
Scott Barnard,Aaron Robson,56,5,2010,No,5th Grade
Adam Wreford,Ben Stephenson,56,9,2010,No,2nd Grade
Sandeep Brar,V Bath,56,1,2014,No,Metropolitan One Day
Karamjeet Singh,Ian Wilson,56,5,2014,No,2nd Grade
Curtis Stark,Ryan Barndon,56,2,2015,No,4th Grade
Mandeep Singh,Chris Homer,56,4,2016,Yes,5th Grade
Ryan Barndon,Paul Ridley,56,4,2016,No,1st Grade
Chris Homer,A Malik,56,4,2017,No,3rd Grade
Russell Normoyle,W Abbas,56,9,2019,No,3rd Grade
Jagdeep Brar,Gurdeep Singh,56,9,2019,No,5th Grade
David Van Wees,Dennis Freind,56,2,2019,No,C Division One Day Grade
Nilan Chandratilake,Chris Popoff,56,5,2019,No,E Division One Day Grade
John Taylor,C Breheny,56,3,2020,Yes,E Division One Day Grade
Davis Bode,J Naidoo,56,1,2020,No,E Division One Day Grade
Dov Morris,Clinton Reid,56,1,2020,No,B Division One Day Grade
BE Cranny,O Cranny,56,5,2020,No,F Division One Day Grade
Duane Crombie,Adam Duffy,56,4,2021,No,G Division One Day Grade
A Lankester,G Singh,56,6,2021,No,B Division One Day Grade
Dov Morris,Hayden Candy,56,2,2021,No,B Division One Day Grade
Nirbhai Sohi,John Taylor,56,3,2021,No,A Division One Day Grade
Hayden Candy,Clinton Reid,56,6,2021,No,E Division One Day Grade
Glenn Welton,Ross Baker,56,3,2022,No,B Division One Day Grade
Ryan Barndon,Darren Johnson,56,3,2022,No,B Division One Day Grade
Russell Normoyle,Ross Baker,56,2,2023,No,B Division One Day Grade
Brett Harrison,Amos Robinson,56,3,2024,No,C Division One Day Grade
Keith Randell,Brian France,55,1,1964,No,1st Grade
Ward Bond,Michael Petrie,55,3,1997,No,3rd Grade
Wade Carruthers,David Brooks,55,10,1998,No,3rd Grade
Robbie Taylor,David Lenane,55,5,2002,No,1st Grade
Robbie Taylor,Kevin Rowland,55,7,2002,No,1st Grade
Kyle Adams,Robbie Taylor,55,3,2002,No,1st Grade
Brett Harrison,Michael Gartell,55,1,2005,No,Metropolitan One Day
John Taylor,Sam Finnigan,55,5,2006,No,8th Grade
Ben Loader,Chris Mok,55,4,2007,No,Metropolitan One Day
Steven Freind,Charles Marlam,55,2,2008,No,5th Grade
Ross Baker,Leon Burrows,55,4,2010,No,2nd Grade
Shane Shaw,Michael Mani,55,9,2010,No,2nd Grade
Gino Giamboi,R Morgan,55,7,2011,No,Metropolitan One Day
Ash Eyre,Ian Wilson,55,5,2012,No,Metropolitan One Day
Dov Morris,Leon Burrows,55,2,2012,No,2nd Grade
James Day,Simon Borrett,55,3,2013,No,5th Grade
Curtis Stark,Daniel Atkinson,55,4,2013,No,3rd Grade
Anthony Sinclair,Tom Condello,55,8,2016,Yes,6th Grade
R Singhal,Brad Walker,55,5,2016,No,5th Grade
Curtis Stark,Clinton Reid,55,1,2017,No,3rd Grade
Ryan Barndon,Daniel Atkinson,55,4,2018,No,2nd Grade
Darren Johnson,Brendan Millar,55,4,2019,No,3rd Grade
Paul Maindok,Clinton Reid,55,2,2019,No,C Division One Day Grade
John Taylor,Michael Peter,55,5,2020,No,E Division One Day Grade
Dov Morris,Clinton Reid,55,1,2020,No,B Division One Day Grade
Davis Bode,J Naidoo,55,1,2020,No,E Division One Day Grade
Nilan Chandratilake,Duane Crombie,55,2,2021,No,G Division One Day Grade
Duane Crombie,Bruce Stark,55,3,2021,No,G Division One Day Grade
Raghu Sharma,Happee Boparai,55,4,2022,No,A Division One Day Grade
Vishnu Rajendran,Grant Carslake,55,6,2022,No,D Division One Day Grade
John Taylor,Happee Boparai,55,4,2022,No,A Division One Day Grade
Raghu Sharma,Sagar Lather,55,2,2023,No,A Division One Day Grade
Dov Morris,David Van Wees,55,7,2024,No,H Division One Day Grade
Clinton Reid,Brett Harrison,55,3,2024,No,C Division One Day Grade
Aaron Robson,Nilan Chandratilake,55,3,2024,No,I Division One Day Grade
Ross Baker,Aiyush Suhasaria,55,7,2025,No,A Division One Day Grade
Glenn Welton,Ryker Newman,55,3,2025,No,A Division One Day Grade
Adrian Scott,Ian Russell,54,4,1979,No,1st Grade
Paul Dickson,Shane Ferdinadus,54,1,1994,No,1st Grade
Glenn Sadler,Jeremy Davis,54,4,1999,No,5th Grade
Darren Holt,Nathan Whitney,54,8,2002,Yes,1st Grade
Stephen Clarke,Kyle Adams,54,2,2002,No,1st Grade
Kyle Adams,David Lenane,54,3,2003,No,1st Grade
Courtney Swift,Neil Steadman,54,8,2006,No,8th Grade
Curtis Stark,Christopher Jebb,54,4,2006,No,5th Grade
D Batanares,Craig Fernie,54,4,2008,No,Metropolitan One Day
Brett Harrison,David Van Wees,54,6,2008,No,5th Grade
Scott Powell,Aaron Robson,54,7,2008,No,2nd Grade
R Gipson,Sam Finnigan,54,6,2009,No,2nd Grade
Brett Harrison,Adam Wreford,54,5,2009,No,2nd Grade
Ash Eyre,JA Skowron,54,6,2009,No,Metropolitan One Day
Darcy Boyle,C Woods,54,7,2010,No,Metropolitan One Day
Dov Morris,Leon Burrows,54,1,2011,No,2nd Grade
Ryan Barndon,Ben Price,54,5,2011,No,2nd Grade
JD Krasenstein,Alex Dowson,54,5,2012,No,6th Grade
Steven Freind,Kirk Howes,54,7,2012,No,Metropolitan One Day
Paul Peos,Martin Burrow,54,5,2013,No,Metropolitan One Day
Curtis Stark,Sam Finnigan,54,1,2013,No,3rd Grade
C Puff,Grant Carslake,54,7,2014,No,5th Grade
Damien Senge,Josh Copping,54,6,2014,No,3rd Grade
Gurpreet Sidhu,Paul Dickson,54,5,2015,No,6th Grade
Bryce Alexander,Craig Bennett,54,4,2015,No,7th Grade
Ross Baker,Karamjeet Singh,54,7,2015,No,2nd Grade
Curtis Stark,Brendan Millar,54,3,2016,No,3rd Grade
Darren Johnson,Clinton Reid,54,5,2016,No,3rd Grade
A Malik,S Young,54,7,2016,No,5th Grade
S Gill,Mandeep Singh,54,7,2017,No,5th Grade
Brett Harrison,S Gill,54,3,2017,No,5th Grade
J Galhena,Gurpreet Brar,54,7,2020,No,B Division One Day Grade
Gavin Doull,Gurpreet Brar,54,5,2021,No,G Division One Day Grade
Hayden Candy,Paul Holmes,54,5,2022,No,D Division One Day Grade
Cameron Lee,Vishnu Rajendran,54,3,2022,No,D Division One Day Grade
Dov Morris,Ross Baker,54,3,2022,No,B Division One Day Grade
Bailey Hampson,Jackson Delamare,54,6,2023,No,H Division One Day Grade
Daniel Atkinson,Darren Johnson,54,6,2023,No,B Division One Day Grade
Glenn Welton,Ross Baker,54,1,2023,No,B Division One Day Grade
Happee Boparai,Ash Yadav,54,1,2023,No,A Division One Day Grade
Ross Baker,Scott Barnard,54,5,2025,Yes,A Division One Day Grade
Chamod Dilshan Happawana Vithanage,Tom Condello,54,8,2025,Yes,I Division One Day Grade
Keith Randell,Harry Varis,53,5,1964,No,1st Grade
Dennis Freind,Gregory Smith,53,2,1995,No,1st Grade
Craig Sherlock,Evan Standley,53,6,1997,No,7th Grade
John Cottier,Terry Holbrook,53,5,1997,No,5th Grade
Adam Bassett,Bryce Alexander,53,2,1998,No,1st Grade
Rodney Taylor,Evan Standley,53,6,1998,No,3rd Grade
Gary Burton,Glenn Sadler,53,2,1999,No,5th Grade
Darren Young,Charles Marlam,53,3,2000,No,1st Grade
Darren Holt,Kyle Adams,53,3,2001,No,1st Grade
Kyle Adams,Bryce Alexander,53,3,2003,No,1st Grade
Bruce Stark,Justin Davis,53,5,2005,No,4th Grade
Russell Gerreyn,Courtney Swift,53,3,2006,No,8th Grade
Paul Peos,Arthur Vlahos,53,5,2008,No,Metropolitan One Day
Ben Loader,Scott Barnard,53,1,2008,No,5th Grade
David Van Wees,Sam Finnigan,53,6,2008,No,5th Grade
Jeff Stephenson,Gino Giamboi,53,8,2009,No,7th Grade
Paul Peos,Arthur Vlahos,53,5,2009,No,Metropolitan One Day
Ryan Barndon,John Taylor,53,3,2009,No,2nd Grade
Dennis Freind,Timothy Gailbraith,53,5,2010,No,7th Grade
Dov Morris,Ryan Barndon,53,1,2011,No,2nd Grade
Ian Wilson,Kai Homer,53,6,2013,Yes,Metropolitan One Day
Mandeep Singh,Devender Kumar,53,6,2013,No,Mercantile One Day
Keith Zissis,David Van Wees,53,1,2014,No,8th Grade
Happee Boparai,Brett Harrison,53,4,2015,Yes,4th Grade
Dov Morris,Ian Wilson,53,3,2015,No,2nd Grade
Mandeep Singh,Keith Zissis,53,2,2015,No,7th Grade
Brett Harrison,Chris Homer,53,5,2015,No,4th Grade
Happee Boparai,Ross Baker,53,4,2015,No,4th Grade
Brett Harrison,Aaron Robson,53,7,2015,No,4th Grade
C Vaidya,Happee Boparai,53,1,2016,No,Metropolitan One Day
Curtis Stark,Brendan Millar,53,2,2016,No,3rd Grade
Keith Zissis,Mark Sinclair,53,5,2016,No,6th Grade
Jake Finney,Dov Morris,53,1,2016,No,1st Grade
Kirk Howes,Adam Wreford,53,10,2016,No,1st Grade
Scott Barnard,A Malik,53,5,2017,No,1st Grade
Garath Van Der Elst,D Bowman,53,7,2017,No,7th Grade
AJ Aslam,Geoff Colgan,53,1,2019,No,B Division One Day Grade
Nilan Chandratilake,Chris Popoff,53,5,2019,No,E Division One Day Grade
Gavin Doull,Chris Popoff,53,2,2021,No,G Division One Day Grade
Vishnu Rajendran,Paul Holmes,53,4,2022,No,D Division One Day Grade
Happee Boparai,Ryan Barndon,53,5,2023,No,A Division One Day Grade
Kai Homer,Vishnu Rajendran,53,5,2023,No,C Division One Day Grade
Glenn Welton,Ross Baker,53,2,2024,No,A Division One Day Grade
David Cameron,Russell Normoyle,53,2,2024,No,A Division One Day Grade
Glenn Welton,Ross Baker,53,3,2024,No,A Division One Day Grade
Dov Morris,Bailey Hampson,53,3,2024,No,H Division One Day Grade
Glenn Welton,Darren Johnson,53,1,2025,No,A Division One Day Grade
Prabud Peduru Hewa,Nuwan Jayathma Liyanaarachchi Liyana Arachchige,53,8,2025,No,H Division One Day Grade
Brian Henville,Bert Smith,52,6,1966,No,1st Grade
Brian Buttsworth,Geoff Hamel,52,2,1966,No,1st Grade
Colin Gotch,Rodney Chaney,52,6,1992,Yes,1st Grade
Dennis Freind,Darren Mackie,52,3,1994,No,1st Grade
Alex Hall,Bryce Alexander,52,2,1997,No,7th Grade
John Lewis,Barry Richardson,52,2,1997,No,5th Grade
Barry Richardson,Malcolm Feasey,52,9,1998,Yes,5th Grade
Dennis Freind,Darren Holt,52,3,1999,No,1st Grade
Darren Holt,Robbie Taylor,52,4,2002,No,1st Grade
Nathan Whitney,David Lenane,52,5,2002,No,1st Grade
Anthony Libia,Dave Dewhurst,52,9,2006,No,2nd Grade
Steven Freind,Ben Loader,52,2,2007,No,Metropolitan One Day
Paul Peos,Russell Gerreyn,52,4,2008,No,Metropolitan One Day
A Spencer,John Taylor,52,3,2008,No,8th Grade
Scott Barnard,Matthew Hilleard,52,1,2009,No,5th Grade
Aaron Robson,Dennis Freind,52,8,2009,No,5th Grade
Russell Normoyle,Bryce Alexander,52,4,2009,No,7th Grade
Curtis Stark,Scott Barnard,52,3,2010,No,5th Grade
Scott Powell,Shane Shaw,52,2,2010,No,5th Grade
Bryce Alexander,Timothy Gailbraith,52,6,2010,No,7th Grade
Brett Harrison,Adam Wreford,52,6,2010,No,5th Grade
Leon Burrows,Ross Baker,52,4,2010,No,2nd Grade
Dov Morris,Leon Burrows,52,1,2011,No,2nd Grade
Clinton Reid,Andrew Webley,52,7,2011,No,4th Grade
Cory DeJager,Leon Burrows,52,5,2013,No,3rd Grade
Happee Boparai,S Gill,52,3,2013,No,Mercantile One Day
James Day,Chris Mok,52,1,2013,No,5th Grade
Dov Morris,Karamjeet Singh,52,8,2014,No,2nd Grade
David Van Wees,Garath Van Der Elst,52,3,2015,No,7th Grade
John Taylor,Brad Walker,52,4,2015,No,6th Grade
Gurpreet Sidhu,John Taylor,52,4,2015,No,6th Grade
K Natraj,Martin Burrow,52,3,2015,No,9th Grade
Keith Zissis,AB Goodchild,52,5,2015,No,7th Grade
Curtis Stark,Dov Morris,52,2,2018,No,2nd Grade
Hayden Candy,D Bowman,52,5,2019,No,C Division One Day Grade
Dan Leatham,Daniel Sims,52,2,2021,No,E Division One Day Grade
Raghu Sharma,Davis Bode,52,5,2022,No,A Division One Day Grade
Ash Yadav,Nirbhai Sohi,52,3,2022,No,A Division One Day Grade
Ross Baker,Nathan Hearnes,52,5,2023,No,B Division One Day Grade
Glenn Welton,Nazir Siddique,52,1,2025,No,A Division One Day Grade
Brian Buttsworth,Keith Randell,51,4,1965,No,1st Grade
Ralph Brockman,Brian Henville,51,5,1966,No,1st Grade
Dennis Freind,Shane Ferdinadus,51,7,1993,No,1st Grade
Darren Holt,Tim Reid,51,6,1997,No,3rd Grade
Bruce Stark,Charles Marlam,51,3,1997,No,3rd Grade
Barry Richardson,Gino Giamboi,51,9,1997,No,5th Grade
Craig Sherlock,David Singh,51,4,1998,No,5th Grade
Kevin Rowland,Kyle Adams,51,2,2001,No,1st Grade
Dennis Freind,Russell Normoyle,51,7,2005,No,4th Grade
John Taylor,Courtney Swift,51,6,2006,Yes,8th Grade
Leon Burrows,Paul Dickson,51,2,2006,No,2nd Grade
Dennis Freind,Dave Dewhurst,51,10,2007,Yes,3rd Grade
Ben Loader,Charles Marlam,51,2,2008,No,5th Grade
Steven Freind,Ryan Barndon,51,5,2008,No,8th Grade
Charles Marlam,Paul Dickson,51,3,2008,No,5th Grade
Paul Peos,Damien Senge,51,3,2009,No,Metropolitan One Day
Paul Peos,Arthur Vlahos,51,4,2009,No,Metropolitan One Day
Ross Baker,Aaron Robson,51,6,2009,No,5th Grade
Aaron Robson,Leon Okely,51,7,2010,Yes,5th Grade
Matt Behn,Ross Baker,51,2,2010,Yes,2nd Grade
Matt Behn,Brett Harrison,51,5,2010,No,2nd Grade
Dennis Freind,Bryce Alexander,51,4,2010,No,7th Grade
Keith Zissis,Paul Massara,51,2,2011,No,4th Grade
Ash Eyre,Alex Vlahos,51,4,2011,No,Metropolitan One Day
Bruce Stark,Ben Gatter,51,7,2012,No,6th Grade
Ash Eyre,Kim Anderson,51,5,2012,No,Metropolitan One Day
T Cox,Tony Bassett,51,5,2012,No,3rd Grade
Michael Mani,Tony Bassett,51,6,2013,No,3rd Grade
Randeep Brar,Mandeep Singh,51,5,2013,No,Mercantile One Day
Happee Boparai,I Singh,51,2,2014,No,Metropolitan One Day
Chris Homer,K Natraj,51,5,2015,No,6th Grade
Keith Zissis,David Van Wees,51,2,2015,No,7th Grade
Timothy Gailbraith,Chris Mok,51,2,2015,No,6th Grade
Paul Ridley,Karamjeet Singh,51,6,2016,Yes,1st Grade
C Vaidya,K Murthy Dhansing,51,2,2016,No,Metropolitan One Day
Balram Chahal,AB Goodchild,51,4,2016,No,6th Grade
Russell Normoyle,Tony Bassett,51,7,2016,No,3rd Grade
David Van Wees,AB Goodchild,51,5,2016,No,6th Grade
C Vaidya,K Murthy Dhansing,51,3,2017,No,5th Grade
James Day,David Van Wees,51,1,2017,No,7th Grade
Curtis Stark,Russell Normoyle,51,2,2017,No,3rd Grade
G Minhas,Bikram Singh,51,2,2017,No,5th Grade
Dov Morris,Jun Singh,51,5,2018,No,2nd Grade
Raghu Sharma,Happee Boparai,51,3,2018,No,4th Grade
A Aslam Jan,Ross Baker,51,4,2019,Yes,B Division One Day Grade
Raghu Sharma,Adam Lankester,51,5,2019,No,3rd Grade
Mandeep Singh,G Singh,51,8,2020,No,A Division One Day Grade
Davis Bode,John Taylor,51,3,2020,No,E Division One Day Grade
Dov Morris,Paul Holmes,51,3,2021,No,E Division One Day Grade
Daniel Sims,Hayden Candy,51,4,2021,No,E Division One Day Grade
WI Drummond,Phillip Ross,51,6,2022,No,B Division One Day Grade
David Van Wees,Nilan Chandratilake,51,2,2022,No,G Division One Day Grade
Hayden Candy,Paul Holmes,51,4,2022,No,D Division One Day Grade
Ross Baker,Nathan Hearnes,51,5,2023,No,B Division One Day Grade
Jun Singh,Cameron Lee,51,6,2023,No,C Division One Day Grade
Fred Buttsworth,Ray Taylor,50,9,1963,No,1st Grade
Keith Randell,S Hunter,50,6,1964,No,1st Grade
Harry Varis,Brian Henville,50,7,1965,No,1st Grade
John Eyres,Russell Gerreyn,50,2,1997,No,7th Grade
John Cottier,Terry Holbrook,50,4,1997,No,5th Grade
Mark Dickson,Evan Standley,50,8,1999,No,1st Grade
Glenn Sadler,Lee Blake,50,7,1999,No,5th Grade
Ian Blake,Malcolm Feasey,50,8,1999,No,5th Grade
Stephen Clarke,Charles Marlam,50,3,2000,No,1st Grade
Robbie Taylor,Nathan Whitney,50,8,2001,No,1st Grade
Curtis Stark,Dennis Freind,50,6,2005,No,4th Grade
Scott Barnard,Aaron Robson,50,8,2006,Yes,2nd Grade
Curtis Stark,Leon Burrows,50,1,2007,No,3rd Grade
David Van Wees,Paul Dickson,50,1,2007,No,6th Grade
Leon Burrows,Scott Barnard,50,4,2007,No,3rd Grade
Aaron Robson,Darren Hutchins,50,6,2007,No,6th Grade
Steven Freind,Michael Peter,50,6,2008,No,Metropolitan One Day
R Gipson,Tony Bassett,50,9,2009,No,2nd Grade
Scott Powell,Shane Shaw,50,3,2010,No,5th Grade
Scott Barnard,Ross Baker,50,3,2011,No,2nd Grade
Paul Dickson,Alex Vlahos,50,1,2011,No,Metropolitan One Day
Curtis Stark,David Van Wees,50,3,2012,No,6th Grade
DV Kalphas,Graeme Pryce,50,3,2012,No,3rd Grade
D Diletti,Damien Senge,50,2,2012,No,6th Grade
Ryan Barndon,Matt Wilson,50,8,2012,No,2nd Grade
Chris Homer,Keith Zissis,50,3,2012,No,Metropolitan One Day
Keith Zissis,Alex Vlahos,50,1,2013,No,Metropolitan One Day
Josh Copping,Aaron Robson,50,7,2013,No,3rd Grade
Josh Taylor,Ryan Barndon,50,6,2013,No,2nd Grade
Dennis Freind,Gary Freind,50,5,2014,No,8th Grade
Scott Powell,Devender Kumar,50,4,2014,No,3rd Grade
R Singhal,Brad Walker,50,5,2015,Yes,6th Grade
Michael Peter,Clinton Reid,50,6,2015,No,6th Grade
Curtis Stark,Adam Lankester,50,1,2015,No,4th Grade
Chris Mok,Tony Bassett,50,6,2016,No,5th Grade
Keith Zissis,K Bond,50,4,2016,No,6th Grade
Garath Van Der Elst,James Day,50,1,2016,No,9th Grade
Jake Finney,Josh Demarte,50,1,2016,No,1st Grade
Karamjeet Singh,Adam Wreford,50,9,2016,No,1st Grade
Courtney Swift,Grant Carslake,50,4,2016,No,9th Grade
Adam Lankester,Karamjeet Singh,50,4,2017,No,1st Grade
Darren Holt,AB Kalimeris,50,8,2017,No,7th Grade
David Van Wees,James Day,50,1,2017,No,7th Grade
Happee Boparai,Mandeep Singh,50,7,2018,Yes,4th Grade
Adam Lankester,Phillip Ross,50,6,2018,No,2nd Grade
Grant Carslake,Darren Holt,50,2,2019,No,B Division One Day Grade
J Kendall,J Trichilo,50,5,2019,No,E Division One Day Grade
Happee Boparai,Jagdeep Brar,50,7,2019,No,5th Grade
Thanuja Jayakodi Arachchige,Grant Carslake,50,8,2021,Yes,G Division One Day Grade
Nilan Chandratilake,Parminder Sandhu,50,1,2021,No,G Division One Day Grade
Bikram Singh,Adam Wreford,50,7,2022,Yes,A Division One Day Grade
Vishnu Rajendran,David Hallows,50,9,2022,No,D Division One Day Grade
Nathan Hearnes,Vishnu Rajendran,50,5,2022,No,D Division One Day Grade
Cameron Lee,Hayden Candy,50,2,2022,No,D Division One Day Grade
Ryan Herbert,daniel spencer,50,10,2023,Yes,H Division One Day Grade
Raghu Sharma,Mandeep khokhar,50,6,2023,No,A Division One Day Grade
Duane Crombie,Chris Popoff,50,1,2023,No,I Division One Day Grade
Nirbhai Sohi,Bikram Singh,50,6,2023,No,A Division One Day Grade
Aaron Robson,Bruce Stark,50,5,2023,No,I Division One Day Grade
Spiro Kalafatas,Hayden Candy,50,5,2024,No,H Division One Day Grade
Josh Taylor,Ross Baker,50,5,2024,No,A Division One Day Grade
Vihanga Silva,Prashan Herath,50,9,2025,No,H Division One Day Grade
Brian Buttsworth,Raymond Scott,49,1,1963,No,1st Grade
Brian France,Brian Buttsworth,49,4,1964,Yes,1st Grade
Brian Buttsworth,Geoff Hamel,49,3,1966,No,1st Grade
Ron Gillespie,Ward Bond,49,5,1994,Yes,1st Grade
Charles Marlam,Nathan Whitney,49,4,2000,No,1st Grade
Darren Young,Mark Dickson,49,8,2003,Yes,1st Grade
Malcolm Williams,David Lenane,49,5,2004,No,1st Grade
Geoff Colgan,Bryce Alexander,49,1,2005,No,1st Grade
Russell Gerreyn,Raebern DSylva,49,2,2005,No,8th Grade
Paul Dickson,Scott Powell,49,6,2006,No,2nd Grade
Paul Dickson,Aaron Robson,49,7,2006,No,2nd Grade
Dennis Freind,Anthony Libia,49,7,2007,No,3rd Grade
Curtis Stark,Bryce Alexander,49,4,2007,No,3rd Grade
Brett Noble,D Murray,49,5,2008,No,Metropolitan One Day
Darren Hutchins,T Dias,49,2,2009,No,7th Grade
Charles Marlam,Robbie Edwards,49,7,2009,No,7th Grade
David Van Wees,Craig Bennett,49,5,2009,No,5th Grade
Ross Baker,Brett Harrison,49,5,2009,No,2nd Grade
R Gipson,Ross Baker,49,3,2009,No,2nd Grade
Ross Baker,Craig Bennett,49,4,2009,No,5th Grade
David Van Wees,J MacRae,49,2,2010,No,7th Grade
Keith Zissis,Paul Peos,49,1,2010,No,Metropolitan One Day
Leon Burrows,Ryan Barndon,49,2,2011,No,2nd Grade
Ryan Barndon,Scott Barnard,49,2,2011,No,2nd Grade
Ash Eyre,Ian Wilson,49,6,2012,No,Metropolitan One Day
Brett Harrison,Cory DeJager,49,4,2013,No,3rd Grade
Josh Taylor,Ross Baker,49,4,2013,No,2nd Grade
Sandeep Brar,S Gill,49,2,2014,Yes,Metropolitan One Day
S Gill,Mandeep Sidhu,49,7,2014,Yes,Metropolitan One Day
Scott Barnard,Ross Baker,49,3,2014,No,2nd Grade
Garath Van Der Elst,JD Krasenstein,49,2,2014,No,5th Grade
Chris Homer,David Van Wees,49,2,2014,No,5th Grade
Happee Boparai,Onka Singh,49,4,2014,No,Metropolitan One Day
Tom Condello,Robbie Edwards,49,9,2015,Yes,7th Grade
N Singh,Karamjeet Singh,49,5,2015,No,2nd Grade
Timothy Gailbraith,Gurpreet Sidhu,49,3,2015,No,6th Grade
Tony Bassett,Adam Borrett,49,7,2016,Yes,5th Grade
Tyrone Allen,Adam Wreford,49,9,2016,No,3rd Grade
Bikram Singh,Karamdeep Brar,49,4,2017,No,5th Grade
Ross Baker,A Malik,49,7,2017,No,1st Grade
Ryan Barndon,Phillip Ross,49,3,2018,No,2nd Grade
Darren Young,A Malik,49,4,2019,No,B Division One Day Grade
Dennis Freind,John Taylor,49,3,2019,No,B Division One Day Grade
Ash Yadav,Raghu Sharma,49,3,2020,No,A Division One Day Grade
Thomas Cross,Nathan Hearnes,49,2,2021,No,E Division One Day Grade
Adam Duffy,Scott Bretland,49,1,2023,No,I Division One Day Grade
Sagar Lather,Raghu Sharma,49,5,2023,No,A Division One Day Grade
Keith Zissis,Darren Franklin,49,5,2024,No,I Division One Day Grade
Nathan Hearnes,Josh Taylor,49,5,2024,No,A Division One Day Grade
Missaka Wickramasinghe,Chamod Dilshan Happawana Vithanage,49,3,2025,No,H Division One Day Grade
Glenn Welton,Leon Burrows,49,1,2025,No,A Division One Day Grade
Geoff Hamel,Brian Henville,48,7,1965,No,1st Grade
Keith Randell,Harry Varis,48,5,1965,No,1st Grade
Keith Randell,A Green,48,2,1965,No,1st Grade
Brian Buttsworth,Alan Wilkins,48,5,1965,No,1st Grade
Alan Wilkins,Keith Randell,48,4,1965,No,1st Grade
John Lewis,John Eyres,48,2,1997,No,7th Grade
Nathan Whitney,Christopher Barnes,48,5,2000,No,1st Grade
Anthony Burke,Dennis Freind,48,10,2001,No,1st Grade
Curtis Stark,Gregory Martin,48,6,2005,No,1st Grade
Leon Burrows,Bryce Alexander,48,1,2006,No,2nd Grade
Russell Gerreyn,Charles Marlam,48,2,2007,No,9th Grade
Ryan Shelton,Curtis Stark,48,4,2008,No,2nd Grade
Ryan Shelton,Curtis Stark,48,3,2008,No,2nd Grade
Brett Harrison,Scott Barnard,48,5,2008,No,5th Grade
Ryan Shelton,Ryan Barndon,48,2,2008,No,2nd Grade
Curtis Stark,Aaron Robson,48,6,2009,No,5th Grade
Damien Senge,T Dias,48,6,2009,No,Metropolitan One Day
Matthew Hilleard,C Brouwer,48,6,2010,Yes,7th Grade
Ross Baker,Matt Behn,48,4,2010,No,2nd Grade
Lee Maas,C Woods,48,8,2010,No,Metropolitan One Day
Paul Dickson,James Day,48,1,2011,No,Metropolitan One Day
James Day,Chris Mok,48,1,2013,No,5th Grade
Chris Homer,Kirk Howes,48,4,2013,No,Metropolitan One Day
Josh Copping,Aaron Robson,48,6,2013,No,3rd Grade
Happee Boparai,Devender Kumar,48,1,2013,No,Mercantile One Day
Damien Senge,Kirk Howes,48,5,2013,No,Metropolitan One Day
Clinton Reid,Scott Powell,48,4,2013,No,3rd Grade
Curtis Stark,Jake Finney,48,1,2013,No,2nd Grade
Jun Singh,K Brown,48,8,2014,No,8th Grade
Bryce Alexander,Dave Dewhurst,48,8,2014,No,8th Grade
Happee Boparai,Mandeep Singh,48,5,2014,No,Metropolitan One Day
Keith Zissis,Bryce Alexander,48,2,2014,No,8th Grade
Goppi Singh,Grant Carslake,48,4,2015,No,9th Grade
Bryce Alexander,David Van Wees,48,5,2015,No,7th Grade
Clinton Reid,Gurpreet Sidhu,48,6,2015,No,6th Grade
David Van Wees,Jun Singh,48,2,2016,No,6th Grade
R Edmonds,Ashley Edwards,48,9,2016,No,3rd Grade
Kai Homer,Scott Powell,48,2,2016,No,6th Grade
Curtis Stark,Darren Johnson,48,1,2018,No,2nd Grade
Nilan Chandratilake,J Kendall,48,1,2019,No,E Division One Day Grade
Daniel Sims,Cameron Lee,48,5,2019,No,C Division One Day Grade
Parminder Sandhu,Chris Popoff,48,2,2021,No,G Division One Day Grade
G Singh,Brett Harrison,48,4,2021,No,B Division One Day Grade
Raghu Sharma,Happee Boparai,48,4,2022,No,A Division One Day Grade
Scott Bretland,Bruce Stark,48,5,2022,No,G Division One Day Grade
Nathan Hearnes,Scott Barnard,48,4,2022,No,D Division One Day Grade
Raghu Sharma,Jagdeep Brar,48,6,2022,No,A Division One Day Grade
Glenn Welton,Dov Morris,48,2,2023,No,B Division One Day Grade
Glenn Welton,Clinton Reid,48,6,2023,No,B Division One Day Grade
Curtis Stark,Vishnu Rajendran,48,4,2023,No,C Division One Day Grade
Brian Buttsworth,Alan Wilkins,47,2,1966,No,1st Grade
David Jones,Tim Reid,47,8,1997,No,5th Grade
Paul Dickson,Adam Bassett,47,3,1997,No,1st Grade
David Brooks,Bruce Stark,47,6,1997,No,5th Grade
Gregory Martin,Darren Young,47,7,1997,No,1st Grade
Jason Boekleman,N Culbert,47,8,1997,No,4th Grade
Craig Sherlock,Darren Holt,47,1,1998,No,3rd Grade
Marcus Nolan,Mark Butler,47,8,1999,No,1st Grade
Geoff Colgan,Darren Holt,47,2,2001,No,1st Grade
Darren Young,Craig Phillip,47,10,2002,No,1st Grade
Darren Holt,Nathan Whitney,47,4,2002,No,1st Grade
Anthony Burke,Nathan Whitney,47,4,2002,No,1st Grade
Kyle Adams,Darren Young,47,3,2004,No,1st Grade
Paul Phillips,Lee Travis,47,8,2005,No,Metropolitan One Day
Raebern DSylva,John Lewis,47,1,2005,No,8th Grade
Ryan Barndon,Anthony Libia,47,7,2007,No,3rd Grade
Scott Powell,Darren Hutchins,47,7,2007,No,6th Grade
John Taylor,Scott Barnard,47,4,2007,No,3rd Grade
Kevin Rowland,Paul Dickson,47,1,2007,No,6th Grade
Charles Marlam,Aaron Robson,47,3,2008,Yes,5th Grade
David Van Wees,Craig Bennett,47,8,2009,No,5th Grade
Anthony Libia,David Van Wees,47,4,2009,No,5th Grade
Dov Morris,Ross Baker,47,3,2010,No,2nd Grade
Scott Powell,Curtis Stark,47,1,2010,No,5th Grade
Nathan Marrocco,Brett Harrison,47,6,2011,No,4th Grade
Mark Dickson,Gino Giamboi,47,5,2011,No,Metropolitan One Day
Chris Homer,Russell Gerreyn,47,6,2012,No,Metropolitan One Day
Alex Vlahos,Chris Homer,47,2,2013,No,Metropolitan One Day
Keith Zissis,Chris Homer,47,2,2013,No,Metropolitan One Day
Kevin Rowland,Brendan Miller,47,4,2014,No,3rd Grade
Ian Wilson,Josh Copping,47,5,2014,No,3rd Grade
Bryce Alexander,Paul Dickson,47,4,2014,No,8th Grade
Josh Copping,Brett Harrison,47,7,2014,No,3rd Grade
Michael Peter,Gurpreet Sidhu,47,3,2015,No,6th Grade
B Le Cras,Jun Singh,47,1,2016,No,6th Grade
A Malik,Happee Boparai,47,4,2016,No,5th Grade
Garath Van Der Elst,B Le Cras,47,1,2016,No,9th Grade
K Murthy Dhansing,Conor Breheny,47,4,2017,No,5th Grade
C Vaidya,Jun Singh,47,1,2017,No,5th Grade
Ross Baker,D Bowman,47,7,2017,No,3rd Grade
Brad Walker,Bikram Singh,47,6,2018,No,4th Grade
Paul McNamara,Keith Zissis,47,5,2018,No,Mercantile One Day
Mark Sinclair,D Bowman,47,7,2018,No,Mercantile One Day
Jun Singh,Sandeep Brar,47,1,2019,No,5th Grade
Brett Harrison,Bikram Singh,47,7,2019,No,5th Grade
Dov Morris,Darren Johnson,47,2,2019,No,3rd Grade
Dov Morris,Hayden Candy,47,3,2020,No,B Division One Day Grade
Dov Morris,Hayden Candy,47,3,2020,No,B Division One Day Grade
Ash Yadav,Mandeep Singh,47,3,2022,No,A Division One Day Grade
Davis Bode,Happee Boparai,47,4,2022,No,A Division One Day Grade
Happee Boparai,Davis Bode,47,6,2022,No,A Division One Day Grade
Chris Popoff,Gurpreet Brar,47,6,2023,No,I Division One Day Grade
Daniel Sims,Curtis Stark,47,2,2023,No,C Division One Day Grade
Gurdeep Singh,Samuel Freind,47,10,2023,No,A Division One Day Grade
David Cameron,Ryker Newman,47,5,2024,No,A Division One Day Grade
Chris Popoff,Nilan Chandratilake,47,2,2024,No,I Division One Day Grade
Missaka Wickramasinghe,Mohamed Zainudeen,47,1,2025,No,H Division One Day Grade
Scott Bretland,Aaron Robson,47,4,2025,No,I Division One Day Grade
Manoj jayawardena,Rusiru Pitiyage,47,6,2025,No,H Division One Day Grade
Ron Gillespie,Shane Ferdinadus,46,6,1993,No,1st Grade
Paul Dickson,Justin Fisher,46,3,1994,No,1st Grade
Brett Harris,Christopher Gerreyn,46,6,1997,No,1st Grade
Bruce Stark,Charles Marlam,46,3,1997,No,3rd Grade
Jason Alexander,David Gulberti,46,3,1997,No,Metropolitan One Day
Kevin Rowland,Kyle Adams,46,2,1998,No,1st Grade
Evan Standley,Warren Pearson,46,9,1998,No,1st Grade
Bruce Stark,Peter Bibby,46,7,1998,No,3rd Grade
Bryce Alexander,Marcus Nolan,46,5,1999,No,1st Grade
Darren Holt,Dennis Freind,46,8,1999,No,1st Grade
Geoff Colgan,Brett Harris,46,1,2001,No,1st Grade
Kyle Adams,Nathan Whitney,46,4,2002,No,1st Grade
Raebern DSylva,Matthew Sorensen,46,5,2005,No,8th Grade
Timothy Bailey,Courtney Swift,46,8,2006,Yes,8th Grade
Chris Mok,Daryl Pegrum,46,5,2007,No,9th Grade
Curtis Stark,John Taylor,46,3,2007,No,3rd Grade
Brett Harrison,Chris Robson,46,4,2007,No,9th Grade
Bryce Alexander,Ryan Shelton,46,2,2008,No,2nd Grade
Anthony Libia,Darren Hutchins,46,7,2008,No,8th Grade
Michael Peter,Darren Hutchins,46,9,2008,No,8th Grade
Keith Zissis,Michael Peter,46,4,2008,No,Metropolitan One Day
Kevin Rowland,Steven Freind,46,3,2008,No,Metropolitan One Day
Paul Dickson,Charles Marlam,46,1,2009,No,7th Grade
Ryan Shelton,R Gipson,46,1,2009,No,2nd Grade
Dov Morris,Leon Burrows,46,1,2010,No,2nd Grade
Keith Zissis,Darcy Boyle,46,4,2010,No,Metropolitan One Day
Steven Freind,Dennis Freind,46,1,2010,No,7th Grade
Damien Senge,Shane Shaw,46,4,2011,No,2nd Grade
James Day,Dennis Freind,46,1,2011,No,6th Grade
Timothy Gailbraith,Matt Wilson,46,8,2011,No,6th Grade
James Day,Charles Marlam,46,2,2011,No,6th Grade
Alex Vlahos,Gino Giamboi,46,5,2011,No,Metropolitan One Day
Ryan Barndon,Russell Normoyle,46,7,2012,No,2nd Grade
Daniel Atkinson,Ross Baker,46,5,2012,No,2nd Grade
Brett Harrison,Michael Mani,46,4,2013,No,3rd Grade
Paul Peos,Brett Noble,46,2,2013,No,Metropolitan One Day
Ash Eyre,Jun Singh,46,4,2013,No,5th Grade
Leon Burrows,Aaron Robson,46,6,2013,No,3rd Grade
Bikram Singh,Mandeep Sidhu,46,10,2014,Yes,Metropolitan One Day
Sandeep Brar,Happee Boparai,46,2,2014,No,Metropolitan One Day
Scott Barnard,Ryan Barndon,46,4,2014,No,2nd Grade
Gary Freind,David Van Wees,46,7,2014,No,8th Grade
Leon Burrows,Karamjeet Singh,46,6,2015,No,2nd Grade
Scott Barnard,Jake Finney,46,1,2015,No,2nd Grade
Brendan Miller,Adam Lankester,46,1,2015,No,4th Grade
Ian Wilson,Happee Boparai,46,4,2015,No,2nd Grade
L Johnson,D Truslove,46,5,2016,No,9th Grade
Ross Baker,M Munish,46,7,2016,No,1st Grade
Jun Singh,Mark Sinclair,46,2,2016,No,6th Grade
Curtis Stark,Clinton Reid,46,1,2016,No,3rd Grade
Bryce Alexander,Dennis Freind,46,6,2016,No,6th Grade
Jun Singh,Brad Walker,46,2,2017,No,3rd Grade
Chris Homer,Tom Condello,46,6,2017,No,3rd Grade
Cameron Lee,R Singhal,46,5,2019,No,C Division One Day Grade
John Taylor,Tony Bassett,46,6,2020,No,E Division One Day Grade
Happee Boparai,John Taylor,46,6,2022,No,A Division One Day Grade
Cameron Lee,Jun Singh,46,2,2023,No,C Division One Day Grade
Cameron Lee,Daniel Sims,46,1,2023,No,C Division One Day Grade
Jun Singh,Curtis Stark,46,5,2023,No,C Division One Day Grade
Adam Duffy,Scott Bretland,46,4,2024,No,I Division One Day Grade
Curtis Stark,Kirk Howes,46,4,2025,Yes,A Division One Day Grade
Keith Randell,Brian France,45,1,1964,No,1st Grade
Brian Henville,Alan Wilkins,45,8,1965,No,1st Grade
Simon Casey,Peter MacDonald,45,6,1979,No,1st Grade
Rodney Taylor,Christopher Jebb,45,6,1997,No,3rd Grade
Mark Stevens,Colin Taylor,45,2,1997,No,Metropolitan One Day
Darren Holt,Michael Petrie,45,4,1998,No,3rd Grade
Darren Holt,Mark Dickson,45,4,1999,No,1st Grade
Gary Burton,Ian Blake,45,2,1999,No,5th Grade
Christopher Barnes,Ryan Kershaw,45,8,2000,No,1st Grade
Geoff Colgan,Kevin Rowland,45,6,2002,No,1st Grade
Kyle Adams,Darren Holt,45,3,2002,No,1st Grade
Darren Holt,Kyle Adams,45,3,2002,No,1st Grade
Anthony Burke,Kyle Adams,45,2,2003,No,1st Grade
Anthony Burke,Gregory Martin,45,2,2003,No,1st Grade
John Lewis,Raebern DSylva,45,3,2005,No,8th Grade
Simon Wilson,M Gileno,45,3,2007,Yes,Metropolitan One Day
Russell Gerreyn,Paul Dickson,45,3,2007,No,9th Grade
John Taylor,Scott Powell,45,5,2007,No,3rd Grade
Bryce Alexander,Leon Burrows,45,1,2008,No,2nd Grade
Aaron Robson,Scott Powell,45,7,2008,No,2nd Grade
Sam Finnigan,Adam Wreford,45,7,2008,No,5th Grade
Paul Peos,Kevin Rowland,45,2,2008,No,Metropolitan One Day
R Gipson,Craig Bennett,45,4,2009,No,5th Grade
Ryan Shelton,Leon Burrows,45,2,2009,No,2nd Grade
Ross Baker,R Gipson,45,3,2009,No,2nd Grade
Timothy Gailbraith,David Van Wees,45,6,2010,Yes,7th Grade
Dennis Freind,Bryce Alexander,45,5,2010,No,7th Grade
Bryce Alexander,Gino Giamboi,45,8,2010,No,7th Grade
Leon Burrows,Shane Shaw,45,3,2010,No,2nd Grade
Damien Senge,Ryan James,45,6,2010,No,2nd Grade
Gino Giamboi,Jeff Stephenson,45,6,2011,Yes,Metropolitan One Day
Dov Morris,Scott Barnard,45,7,2011,No,2nd Grade
Robbie Edwards,Ben Gatter,45,10,2011,No,6th Grade
Keith Zissis,Charles Marlam,45,3,2011,No,6th Grade
Ryan Barndon,Russell Normoyle,45,2,2011,No,2nd Grade
Ross Baker,Bryce Alexander,45,6,2011,No,2nd Grade
Clinton Reid,Josh Copping,45,6,2013,No,3rd Grade
Keith Zissis,Russell Gerreyn,45,1,2013,No,Metropolitan One Day
Mayank Madan,Brett Noble,45,6,2013,No,Metropolitan One Day
Scott Powell,Josh Copping,45,3,2013,No,3rd Grade
Dov Morris,Jake Finney,45,1,2013,No,2nd Grade
David Van Wees,Paul Dickson,45,3,2013,No,5th Grade
David Van Wees,Paul Dickson,45,3,2013,No,5th Grade
Josh Copping,Aaron Robson,45,6,2013,No,3rd Grade
Dennis Freind,Aaron Robson,45,7,2013,No,3rd Grade
Onka Singh,Devender Kumar,45,1,2013,No,Mercantile One Day
Kirk Howes,Timothy Gailbraith,45,10,2014,No,2nd Grade
Ryan Barndon,Adam Wreford,45,8,2014,No,2nd Grade
Happee Boparai,John Taylor,45,4,2015,No,6th Grade
Bryce Alexander,David Van Wees,45,5,2015,No,7th Grade
Brendan Miller,Curtis Stark,45,6,2015,No,4th Grade
Balram Chahal,Dennis Freind,45,2,2016,No,6th Grade
C Vaidya,Happee Boparai,45,1,2016,No,Metropolitan One Day
Courtney Swift,Phillip Ross,45,4,2016,No,9th Grade
Brendan Millar,Ross Baker,45,4,2016,No,1st Grade
Jake Finney,Dov Morris,45,1,2016,No,1st Grade
S Gill,Mandeep Singh,45,6,2017,No,5th Grade
Keith Zissis,Jun Singh,45,1,2017,No,7th Grade
Sam Finnigan,Chris Homer,45,5,2017,No,3rd Grade
Ryan Barndon,Adam Wreford,45,9,2017,No,1st Grade
Keith Zissis,Garath Van Der Elst,45,6,2017,No,7th Grade
Chris Homer,S Gill,45,5,2017,No,5th Grade
Ryan Barndon,Daniel Atkinson,45,5,2018,No,2nd Grade
Hayden Candy,Keith Zissis,45,4,2019,No,C Division One Day Grade
Keith Zissis,Sajan Hanjra,45,5,2019,No,C Division One Day Grade
Ash Yadav,Daniel Atkinson,45,3,2020,No,A Division One Day Grade
Happee Boparai,Ross Baker,45,6,2020,No,A Division One Day Grade
Happee Boparai,Adam Wreford,45,8,2020,No,A Division One Day Grade
Dov Morris,Cameron Lee,45,2,2020,No,B Division One Day Grade
Nirbhai Sohi,Mandeep Singh,45,6,2021,No,A Division One Day Grade
Jagdeep Brar,Samuel Freind,45,8,2021,No,A Division One Day Grade
Davis Bode,Bikram Singh,45,10,2021,No,A Division One Day Grade
Chris Popoff,Adam Duffy,45,3,2021,No,G Division One Day Grade
Glenn Welton,Curtis Stark,45,1,2022,No,B Division One Day Grade
Tom Condello,Duane Crombie,45,7,2022,No,G Division One Day Grade
Vishnu Rajendran,Daniel Sims,45,6,2022,No,D Division One Day Grade
Scott Barnard,Ross Baker,45,3,2023,No,B Division One Day Grade
Cameron Lee,Paul Holmes,45,5,2023,No,C Division One Day Grade
Scott Bretland,Alex Hall,45,4,2024,No,I Division One Day Grade
Barry Armstrong,Fred Buttsworth,44,5,1964,Yes,1st Grade
Keith Randell,Brian Buttsworth,44,2,1964,No,1st Grade
Keith Randell,Brian Buttsworth,44,1,1966,No,1st Grade
Barry Richardson,Daryl Pegrum,44,3,1998,No,5th Grade
John Lewis,Ron Gillespie,44,3,1998,No,5th Grade
Marcus Nolan,Mark Butler,44,8,1999,Yes,1st Grade
Gary Burton,Jason Cobb,44,3,1999,No,5th Grade
Evan Standley,Mark Dickson,44,6,1999,No,1st Grade
Bryce Alexander,Robbie Taylor,44,5,2001,No,1st Grade
Kyle Adams,Robbie Taylor,44,4,2001,No,1st Grade
Bryce Alexander,Darren Holt,44,3,2004,No,1st Grade
Curtis Stark,Leon Burrows,44,1,2007,No,3rd Grade
John Lewis,Brett Harrison,44,9,2007,No,9th Grade
Aaron Robson,Darren Hutchins,44,5,2007,No,6th Grade
Steven Freind,Timothy Gailbraith,44,1,2007,No,Metropolitan One Day
Brett Harrison,Adam Wreford,44,4,2008,No,5th Grade
Brett Harrison,Craig Bennett,44,4,2008,No,2nd Grade
Russell Gerreyn,Damien Senge,44,2,2009,No,Metropolitan One Day
Keith Zissis,Damien Senge,44,3,2009,No,5th Grade
Ryan Barndon,Tony Bassett,44,8,2009,No,2nd Grade
Keith Zissis,Lee Maas,44,5,2010,No,Metropolitan One Day
Paul Massara,Bryce Alexander,44,6,2011,Yes,4th Grade
Aaron Robson,Michael Peter,44,10,2011,Yes,4th Grade
Clinton Reid,Scott Powell,44,1,2011,No,4th Grade
JL Dimond,Charles Marlam,44,4,2012,No,Metropolitan One Day
Clinton Reid,Ross Baker,44,4,2012,No,2nd Grade
Ross Baker,Jake Finney,44,5,2013,No,2nd Grade
Mandeep Singh,Devender Kumar,44,6,2013,No,Mercantile One Day
Keith Zissis,Mayank Madan,44,4,2013,No,Metropolitan One Day
Aaron Robson,Clinton Reid,44,2,2013,No,3rd Grade
Garath Van Der Elst,Chris Homer,44,3,2014,No,5th Grade
Happee Boparai,Ian Wilson,44,3,2015,No,4th Grade
Karamjeet Singh,Leon Burrows,44,6,2015,No,2nd Grade
Chris Mok,Michael Peter,44,4,2015,No,6th Grade
Ian Wilson,Brett Harrison,44,3,2015,No,2nd Grade
Ross Baker,Sandeep Brar,44,5,2015,No,4th Grade
Jake Finney,Ian Wilson,44,2,2016,No,1st Grade
Dennis Freind,Keith Zissis,44,3,2016,No,6th Grade
Brett Harrison,Chris Homer,44,4,2016,No,3rd Grade
Russell Normoyle,Goppi Singh,44,5,2016,No,3rd Grade
Dov Morris,Scott Barnard,44,2,2016,No,3rd Grade
K Murthy Dhansing,Randeep Brar,44,1,2017,No,5th Grade
David Van Wees,Keith Zissis,44,2,2017,No,7th Grade
Keith Zissis,Michael Peter,44,5,2017,No,7th Grade
Duane Crombie,Geoff Colgan,44,4,2019,No,E Division One Day Grade
Hayden Candy,Clinton Reid,44,4,2019,No,C Division One Day Grade
Curtis Stark,Daniel Atkinson,44,2,2020,No,A Division One Day Grade
Hayden Candy,Thomas Cross,44,7,2021,Yes,E Division One Day Grade
Thomas Cross,Paul Holmes,44,3,2021,No,E Division One Day Grade
Gavin Doull,Scott Bretland,44,6,2021,No,G Division One Day Grade
Nilan Chandratilake,Chris Popoff,44,2,2022,No,G Division One Day Grade
Ryan Barndon,Ross Baker,44,3,2022,No,B Division One Day Grade
Happee Boparai,John Taylor,44,5,2022,No,A Division One Day Grade
Russell Normoyle,Ross Baker,44,2,2023,No,B Division One Day Grade
Curtis Stark,Paul Holmes,44,4,2023,No,C Division One Day Grade
James Beardmore,Alexio Yiannakis,44,2,2023,No,H Division One Day Grade
Spiro Kalafatas,Curtis Stark,44,8,2024,Yes,C Division One Day Grade
Dov Morris,Spiro Kalafatas,44,3,2024,No,H Division One Day Grade
Glenn Welton,Darren Johnson,44,2,2024,No,A Division One Day Grade
Jungsher Kaler,Lakmal Madushanka Madawala Maddumage Don,44,4,2025,No,H Division One Day Grade
Vihanga Silva,Lakmal Madushanka Madawala Maddumage Don,44,7,2025,No,H Division One Day Grade
Fred Buttsworth,Geoff Hamel,43,6,1963,No,1st Grade
Graham Butler,Ian Blake,43,7,1992,No,1st Grade
Ian Blake,Dennis Freind,43,7,1993,No,1st Grade
Nathan Whitney,Peter Westgate,43,10,1997,Yes,1st Grade
John Cottier,Ward Bond,43,1,1997,No,3rd Grade
Alex Hall,Paul Richardson,43,2,1997,No,Metropolitan One Day
Darren Holt,Kyle Adams,43,2,1998,No,1st Grade
Robbie Taylor,Anthony Burke,43,9,2001,No,1st Grade
Stephen Clarke,Darren Young,43,4,2001,No,1st Grade
Kyle Adams,John Cottier,43,7,2003,No,1st Grade
Glenn Andersson,Gregory Martin,43,6,2004,No,1st Grade
Daniel Atkinson,Mark Dickson,43,6,2005,No,4th Grade
Kevin Rowland,Sharjeel Ashraf,43,2,2005,No,1st Grade
Bruce Stark,Curtis Stark,43,1,2005,No,4th Grade
John Taylor,Scott Powell,43,5,2007,No,3rd Grade
Ryan Barndon,Ash Eyre,43,6,2008,Yes,2nd Grade
Chris Mok,Simon Wilson,43,3,2008,No,8th Grade
Paul Dickson,Sam Finnigan,43,5,2008,No,5th Grade
Shane Shaw,Steven Freind,43,1,2008,No,8th Grade
Paul Dickson,Alex Vlahos,43,4,2009,No,Metropolitan One Day
Keith Zissis,Paul Peos,43,1,2009,No,Metropolitan One Day
Ross Baker,Anthony Libia,43,3,2009,No,5th Grade
Dov Morris,Ryan Barndon,43,1,2010,No,2nd Grade
Shane Shaw,Paul Massara,43,4,2011,No,4th Grade
Dennis Freind,Dave Dewhurst,43,9,2012,No,3rd Grade
Paul Dickson,Kai Homer,43,4,2013,No,5th Grade
David Van Wees,Paul Dickson,43,2,2013,No,5th Grade
Brett Harrison,Damien Senge,43,3,2013,No,3rd Grade
Mandeep Singh,Onka Singh,43,5,2013,No,Mercantile One Day
Ross Baker,Ian Wilson,43,4,2014,No,2nd Grade
Karamjeet Singh,Timothy Gailbraith,43,10,2014,No,2nd Grade
Devender Kumar,Josh Copping,43,5,2014,No,3rd Grade
Goppi Singh,Ranjit Singh,43,3,2015,No,9th Grade
Paul Ridley,K Sharma,43,5,2016,No,1st Grade
James Day,David Van Wees,43,1,2017,No,7th Grade
Dov Morris,LH Berendsen,43,5,2019,No,3rd Grade
Nilan Chandratilake,Chris Popoff,43,2,2019,No,E Division One Day Grade
Happee Boparai,Gurdeep Singh,43,6,2019,No,5th Grade
Ross Baker,W Abbas,43,6,2019,No,B Division One Day Grade
Curtis Stark,Raghu Sharma,43,3,2020,No,A Division One Day Grade
David Van Wees,Nilan Chandratilake,43,1,2020,No,F Division One Day Grade
Brett Harrison,Tim Galbraith,43,3,2020,No,E Division One Day Grade
Davis Bode,John Taylor,43,2,2021,No,A Division One Day Grade
Gurpreet Brar,Aaron Robson,43,7,2022,Yes,G Division One Day Grade
Ryan Barndon,Darren Johnson,43,2,2022,No,B Division One Day Grade
Gurpreet Brar,Duane Crombie,43,3,2022,No,G Division One Day Grade
Chris Popoff,Adam Duffy,43,5,2023,No,I Division One Day Grade
Cameron Lee,Brett Harrison,43,2,2023,No,C Division One Day Grade
Ross Baker,Tony Bassett,43,2,2023,No,B Division One Day Grade
Adam Duffy,Scott Bretland,43,2,2023,No,I Division One Day Grade
Adam Duffy,Chris Popoff,43,1,2024,No,I Division One Day Grade
Kirk Howes,Daniel Atkinson,43,6,2025,No,A Division One Day Grade
Dave Ralston,Fred Buttsworth,42,3,1963,No,1st Grade
Colin Gotch,Peter McSweeney,42,9,1993,No,1st Grade
Charles Marlam,David Separovic,42,9,1994,Yes,1st Grade
Geoff Colgan,Dennis Freind,42,3,1995,No,1st Grade
Charles Marlam,Christopher Jebb,42,6,1997,No,3rd Grade
Evan Standley,Tim Reid,42,6,1997,No,3rd Grade
Barry Richardson,David Brooks,42,3,1998,No,5th Grade
Adam Bassett,Guy Welton,42,4,1998,No,1st Grade
Brett Harris,Kyle Adams,42,2,1999,No,1st Grade
Ross Baker,Dennis Freind,42,8,1999,No,1st Grade
Matthew Duffy,Geoff Colgan,42,4,1999,No,1st Grade
Geoff Colgan,Darren Young,42,7,2001,No,1st Grade
Robbie Taylor,Anthony Burke,42,9,2001,No,1st Grade
Stephen Clarke,Geoff Colgan,42,1,2002,No,1st Grade
Anthony Burke,Kyle Adams,42,2,2003,No,1st Grade
Geoff Colgan,Darren Young,42,7,2003,No,1st Grade
Mark Dickson,Anthony Burke,42,6,2005,No,1st Grade
Tim Reid,David Van Wees,42,4,2005,No,Metropolitan One Day
Anthony Libia,David Van Wees,42,3,2005,No,4th Grade
Paul Dickson,Russell Gerreyn,42,1,2007,No,6th Grade
Charles Marlam,Brett Harrison,42,4,2007,No,6th Grade
Leon Burrows,Russell Normoyle,42,6,2008,No,2nd Grade
Scott Powell,Scott Barnard,42,7,2009,Yes,5th Grade
David Van Wees,Ross Baker,42,2,2009,No,5th Grade
Dov Morris,Brett Harrison,42,4,2010,No,2nd Grade
Justin Joyce,Brett Harley,42,8,2010,No,Metropolitan One Day
JA Timos,JL Dimond,42,6,2010,No,Metropolitan One Day
Scott Powell,Leon Okely,42,1,2011,No,4th Grade
Ben Price,Bryce Alexander,42,4,2011,No,4th Grade
Matt Wilson,Daniel Allsop,42,7,2011,No,6th Grade
Mark Dickson,Gino Giamboi,42,5,2011,No,Metropolitan One Day
Keith Zissis,Russell Gerreyn,42,1,2012,No,Metropolitan One Day
Mandeep Singh,Harbhinder Sandhu,42,7,2013,No,Metropolitan One Day
Chris Homer,Bryce Alexander,42,3,2013,No,Metropolitan One Day
Clinton Reid,Ross Baker,42,4,2013,No,2nd Grade
Alex Vlahos,Mayank Madan,42,3,2013,No,Metropolitan One Day
Keith Zissis,Karamjeet Singh,42,3,2013,No,Metropolitan One Day
Chris Mok,Garath Van Der Elst,42,2,2013,No,5th Grade
Randeep Brar,Jagdeep Brar,42,5,2014,No,Metropolitan One Day
Russell Normoyle,Brendan Miller,42,2,2015,Yes,4th Grade
Brett Harrison,C Puff,42,8,2015,Yes,4th Grade
Chris Homer,Clinton Reid,42,4,2015,No,6th Grade
Keith Zissis,K Symons,42,1,2015,No,7th Grade
Bryce Alexander,K Bond,42,6,2015,No,7th Grade
Keith Zissis,K Symons,42,1,2015,No,7th Grade
David Van Wees,Gino Giamboi,42,9,2015,No,7th Grade
Garath Van Der Elst,J Moran,42,1,2015,No,9th Grade
Paul Ridley,Ross Baker,42,5,2016,No,1st Grade
Phillip Ross,Minish Diniadan,42,4,2017,No,3rd Grade
Ryan Barndon,Adam Borrett,42,10,2017,No,1st Grade
Jun Singh,Raghu Sharma,42,4,2018,No,4th Grade
G Fawell,Mark Sinclair,42,5,2018,No,Mercantile One Day
Hayden Candy,Dan Leatham,42,4,2019,Yes,C Division One Day Grade
Darren Young,Ash Yadav,42,2,2019,No,B Division One Day Grade
J Kendall,Nilan Chandratilake,42,1,2019,No,E Division One Day Grade
David Van Wees,Bruce Stark,42,4,2020,No,F Division One Day Grade
Davis Bode,J Naidoo,42,1,2020,No,E Division One Day Grade
Adam Duffy,Ziiyad Salle,42,9,2020,No,F Division One Day Grade
Bruce Stark,Duane Crombie,42,4,2021,No,G Division One Day Grade
Chris Popoff,Gavin Doull,42,3,2021,No,G Division One Day Grade
Gurdeep Singh,Ash Yadav,42,2,2022,No,A Division One Day Grade
Clinton Reid,Dan Leatham,42,1,2022,No,D Division One Day Grade
Gurdeep Singh,Ash Yadav,42,2,2022,No,A Division One Day Grade
Nirbhai Sohi,Samuel Freind,42,9,2022,No,A Division One Day Grade
Cameron Lee,Nathan Hearnes,42,2,2022,No,D Division One Day Grade
Cameron Lee,Clinton Reid,42,5,2023,No,C Division One Day Grade
Chris Popoff,Scott Bretland,42,3,2023,No,I Division One Day Grade
Bruce Stark,Tom Condello,42,8,2023,No,I Division One Day Grade
Nathan Hearnes,Scott Barnard,42,6,2023,No,B Division One Day Grade
Ross Baker,Hayden Candy,42,6,2023,No,B Division One Day Grade
Paul Holmes,Judd Diletti,42,7,2024,No,H Division One Day Grade
Lakmal Madushanka Madawala Maddumage Don,Prabud Peduru Hewa,42,7,2025,No,H Division One Day Grade
Prabud Peduru Hewa,Lakmal Madushanka Madawala Maddumage Don,42,5,2025,No,H Division One Day Grade
Ryan Barndon,Scott Barnard,42,6,2025,No,D Division One Day Grade
Jun Singh,Daniel Sims,42,1,2025,No,D Division One Day Grade
Mohamed Zainudeen,Vihanga Silva,42,3,2025,No,H Division One Day Grade
Raymond Scott,M Leeder,41,2,1963,No,1st Grade
Alan Wilkins,Dave Cosson,41,6,1965,No,1st Grade
Keith Randell,Geoff Hamel,41,1,1966,No,1st Grade
Mark Dickson,Dennis Freind,41,6,1997,No,1st Grade
Anthony Sinclair,Danny Toohey,41,10,1997,No,7th Grade
Ward Bond,Charles Marlam,41,3,1997,No,3rd Grade
David Singh,David Brooks,41,5,1997,No,5th Grade
Adam Bassett,Paul Dickson,41,5,1998,No,1st Grade
Bruce Stark,Warren Pearson,41,9,1998,No,3rd Grade
Ron Gillespie,Malcolm Feasey,41,10,1998,No,5th Grade
Evan Standley,Gary Freind,41,7,1998,No,1st Grade
Kyle Adams,Bryce Alexander,41,4,1999,No,1st Grade
Stephen Clarke,Joshua Farmer,41,1,2000,No,1st Grade
Ryan Kershaw,Jay Holland,41,7,2000,No,1st Grade
Kevin Rowland,Stephen Clarke,41,1,2001,No,1st Grade
Darren Holt,Bryce Alexander,41,1,2003,No,1st Grade
Darren Hutchins,Jason Carlyon,41,3,2005,No,8th Grade
Mark Dickson,Darren Young,41,7,2005,No,1st Grade
Alan McGuinness,Dave Dewhurst,41,8,2005,No,Metropolitan One Day
Courtney Swift,Jason Carlyon,41,9,2006,No,8th Grade
Craig Bennett,Darren Hutchins,41,6,2007,No,6th Grade
Curtis Stark,Leon Burrows,41,1,2007,No,3rd Grade
Aaron Robson,Darren Hutchins,41,6,2007,No,6th Grade
Scott Powell,Dennis Freind,41,9,2008,Yes,2nd Grade
Paul Peos,Arthur Vlahos,41,2,2008,No,Metropolitan One Day
Charles Marlam,Darren Hutchins,41,5,2009,No,7th Grade
Ross Baker,Damien Senge,41,3,2009,No,5th Grade
Scott Powell,Paul Peos,41,3,2010,No,5th Grade
Keith Zissis,Mark Dickson,41,4,2011,No,Metropolitan One Day
Ben Price,Shane Shaw,41,3,2011,No,4th Grade
DV Kalphas,Darren Johnson,41,4,2012,No,3rd Grade
Charles Marlam,Paul Dickson,41,1,2012,No,Metropolitan One Day
Curtis Stark,Ash Eyre,41,5,2012,No,6th Grade
J Basher,Kai Homer,41,5,2012,No,Metropolitan One Day
Russell Gerreyn,Chris Homer,41,2,2012,No,Metropolitan One Day
Mandeep Singh,Onka Singh,41,6,2013,Yes,Mercantile One Day
Curtis Stark,Tony Bassett,41,6,2013,No,3rd Grade
Dov Morris,Scott Barnard,41,2,2013,No,2nd Grade
Karamjeet Singh,Brett Noble,41,4,2013,No,Metropolitan One Day
Scott Powell,Josh Copping,41,5,2013,No,3rd Grade
Leon Burrows,Ryan Barndon,41,6,2013,No,2nd Grade
Clinton Reid,Brett Harrison,41,8,2014,Yes,3rd Grade
Sandeep Brar,Yaadwinder Toor,41,1,2014,No,Metropolitan One Day
Garath Van Der Elst,Adam Lankester,41,1,2014,No,5th Grade
Paul Dickson,Gary Freind,41,4,2014,No,8th Grade
N Singh,Scott Barnard,41,3,2015,No,4th Grade
Tony Bassett,Mandeep Singh,41,5,2016,No,5th Grade
Phillip Ross,Courtney Swift,41,5,2016,No,9th Grade
Scott Barnard,Tony Bassett,41,8,2016,No,3rd Grade
David Van Wees,Kai Homer,41,1,2016,No,6th Grade
Brett Harrison,Brad Walker,41,3,2017,No,3rd Grade
A Malik,R Singhal,41,1,2017,No,5th Grade
G Minhas,S Gill,41,1,2017,No,5th Grade
C Vaidya,G Minhas,41,1,2017,No,5th Grade
Ryan Barndon,Scott Barnard,41,2,2017,No,1st Grade
Russell Normoyle,Alex Cox,41,4,2017,No,3rd Grade
Brad Walker,Cameron Lee,41,3,2018,No,4th Grade
David Van Wees,Hayden Candy,41,4,2018,No,Mercantile One Day
Darren Holt,Darren Young,41,7,2019,Yes,B Division One Day Grade
Cameron Lee,Darren Stride,41,5,2019,No,C Division One Day Grade
Raghu Sharma,Brendan Millar,41,2,2019,No,3rd Grade
Dov Morris,Ross Baker,41,1,2021,No,B Division One Day Grade
Nathan Hearnes,D Hay,41,3,2021,No,E Division One Day Grade
John Taylor,Jagdeep Brar,41,6,2021,No,A Division One Day Grade
Nirbhai Sohi,Raghu Sharma,41,2,2022,No,A Division One Day Grade
Gurdeep Singh,John Taylor,41,3,2022,No,A Division One Day Grade
Adam Duffy,Nilan Chandratilake,41,1,2022,No,G Division One Day Grade
Jun Singh,Chris Popoff,41,4,2022,No,G Division One Day Grade
Gurpreet Brar,Darren Franklin,41,8,2022,No,G Division One Day Grade
Mohamed Zainudeen,Saliya Widanagamage,41,3,2025,No,H Division One Day Grade
Manav Patel,Ashan Udeshitha,41,4,2025,No,D Division One Day Grade
Vihanga Silva,Lakmal Madushanka Madawala Maddumage Don,41,6,2025,No,H Division One Day Grade
Saliya Widanagamage,Manoj jayawardena,41,2,2025,No,H Division One Day Grade
Glenn Welton,Curtis Stark,41,2,2025,No,A Division One Day Grade
M Leeder,Fred Buttsworth,40,4,1963,No,1st Grade
Keith Randell,Geoff Hamel,40,5,1965,No,1st Grade
Justin Fisher,Michael Allen,40,3,1993,No,1st Grade
Ian Blake,Damian Thompson,40,5,1993,No,1st Grade
Dennis Freind,Kim Anderson,40,4,1995,No,1st Grade
Charles Marlam,Christopher Jebb,40,5,1997,No,3rd Grade
Christopher Jebb,Shane Innes,40,8,1997,No,3rd Grade
Rodney Taylor,Christopher Jebb,40,6,1997,No,3rd Grade
Ward Bond,Rodney Taylor,40,5,1997,No,3rd Grade
Gary Freind,Kevin Rowland,40,1,1997,No,5th Grade
Craig Sherlock,Jeff Stephenson,40,5,1998,No,5th Grade
Darren Holt,Ward Bond,40,5,1998,No,3rd Grade
Kevin Rowland,Darren Holt,40,2,1998,No,1st Grade
Barry Richardson,Paul Butler,40,2,1998,No,5th Grade
Peter Bibby,Bruce Stark,40,5,1998,No,3rd Grade
Barry Richardson,Ron Gillespie,40,8,1998,No,5th Grade
Jason Cobb,Gino Giamboi,40,7,1999,No,5th Grade
Christopher Barnes,Darren Young,40,8,1999,No,1st Grade
Russell Gerreyn,Kim Anderson,40,4,1999,No,5th Grade
Russell Gerreyn,Daryl Pegrum,40,5,1999,No,5th Grade
Joshua Farmer,Keith Manea,40,3,2000,No,1st Grade
Darren Young,Nathan Whitney,40,2,2000,No,1st Grade
Kyle Adams,Ben OMera,40,4,2001,No,1st Grade
David Lenane,Darren Young,40,7,2003,No,1st Grade
Darren Holt,Geoff Colgan,40,4,2003,No,1st Grade
Geoff Colgan,Darren Holt,40,4,2004,No,1st Grade
Gino Giamboi,Ashley Edwards,40,8,2005,Yes,4th Grade
Brett Harrison,Scott Powell,40,3,2005,No,Metropolitan One Day
Chris Robson,Aaron Robson,40,3,2005,No,Metropolitan One Day
Dennis Freind,Charles Marlam,40,1,2005,No,4th Grade
Aaron Robson,Dennis Freind,40,9,2006,No,2nd Grade
Paul Dickson,Anthony Libia,40,6,2006,No,2nd Grade
Simon Wilson,Courtney Swift,40,6,2007,Yes,9th Grade
Chris Mok,Matthew Sorensen,40,7,2007,No,9th Grade
Paul Dickson,Kevin Rowland,40,2,2007,No,6th Grade
Paul McNamara,Christopher Jebb,40,4,2007,No,9th Grade
Russell Gerreyn,B White,40,5,2008,No,Metropolitan One Day
Kim Anderson,Russell Gerreyn,40,5,2008,No,Metropolitan One Day
Aaron Robson,Craig Bennett,40,7,2009,No,5th Grade
T Dias,Bryce Alexander,40,4,2009,No,7th Grade
Scott Powell,Shane Shaw,40,3,2010,No,5th Grade
Andrew Webley,Michael Peter,40,8,2011,No,4th Grade
Matt Wilson,Robbie Edwards,40,10,2011,No,6th Grade
James Day,Conor Breheny,40,3,2011,No,6th Grade
Lee Maas,Ben Gatter,40,6,2012,No,6th Grade
Jake Finney,Chris Mok,40,8,2012,No,6th Grade
Ash Eyre,J Basher,40,5,2012,No,Metropolitan One Day
Curtis Stark,Jake Finney,40,3,2012,No,6th Grade
Keith Zissis,Brett Noble,40,3,2013,No,Metropolitan One Day
Cory DeJager,Leon Burrows,40,4,2013,No,3rd Grade
Keith Zissis,Kirk Howes,40,6,2013,No,Metropolitan One Day
Curtis Stark,Dov Morris,40,2,2013,No,2nd Grade
Aaron Robson,Dave Dewhurst,40,10,2013,No,3rd Grade
Kai Homer,Ash Eyre,40,7,2014,No,3rd Grade
Adam Lankester,Conor Breheny,40,5,2014,No,5th Grade
Ross Baker,Leon Burrows,40,5,2014,No,2nd Grade
Sandeep Brar,Onka Singh,40,1,2014,No,Metropolitan One Day
Mandeep Singh,S Gill,40,5,2014,No,Metropolitan One Day
N Singh,Curtis Stark,40,1,2015,Yes,4th Grade
Chris Homer,Devender Kumar,40,3,2015,No,4th Grade
Garath Van Der Elst,James Day,40,1,2015,No,9th Grade
Clinton Reid,Russell Normoyle,40,6,2015,No,4th Grade
Timothy Gailbraith,R Singhal,40,1,2015,No,6th Grade
C Vaidya,A Thapa,40,1,2016,No,Metropolitan One Day
Dennis Freind,K Bond,40,4,2016,No,6th Grade
Tyrone Allen,Russell Normoyle,40,4,2016,No,3rd Grade
Darren Johnson,Brett Harrison,40,4,2016,No,3rd Grade
Paul Maindok,Craig Bennett,40,1,2017,No,7th Grade
David Van Wees,Mark Sinclair,40,2,2017,No,7th Grade
Bikram Singh,S Gill,40,8,2018,No,4th Grade
Kai Homer,Garath Van Der Elst,40,1,2018,No,4th Grade
Paul Maindok,Mark Sinclair,40,1,2018,No,Mercantile One Day
Bruce Stark,Brett Harrison,40,3,2019,No,E Division One Day Grade
Darren Young,Dennis Freind,40,4,2019,No,B Division One Day Grade
Nirbhai Sohi,Brett Harrison,40,2,2019,No,5th Grade
Justin Kickett,Chris Popoff,40,3,2020,No,F Division One Day Grade
Paul Holmes,Dan Leatham,40,5,2021,No,E Division One Day Grade
Bikram Singh,Nirbhai Sohi,40,1,2021,No,A Division One Day Grade
Darren Johnson,Ross Baker,40,3,2021,No,B Division One Day Grade
Ross Baker,G Singh,40,4,2021,No,B Division One Day Grade
Thanuja Jayakodi Arachchige,Tony Bassett,40,8,2021,No,B Division One Day Grade
Ross Baker,WI Drummond,40,4,2022,No,B Division One Day Grade
Nirbhai Sohi,Jagdeep Brar,40,7,2022,No,A Division One Day Grade
Brett Harrison,Vishnu Rajendran,40,5,2022,No,D Division One Day Grade
Ross Baker,Russell Normoyle,40,5,2022,No,B Division One Day Grade
Davis Bode,Adam Wreford,40,8,2023,Yes,B Division One Day Grade
Alexio Yiannakis,daniel spencer,40,7,2023,Yes,H Division One Day Grade
Dov Morris,Amos Robinson,40,1,2023,No,H Division One Day Grade
Nirbhai Sohi,Gurdeep Singh,40,8,2023,No,A Division One Day Grade
Glenn Welton,Russell Normoyle,40,2,2024,No,A Division One Day Grade
Mohamed Zainudeen,Lakmal Madushanka Madawala Maddumage Don,40,1,2025,No,H Division One Day Grade
Mandeep Grewal,Darren Franklin,40,8,2025,No,I Division One Day Grade
Vishnu Rajendran,Grant Carslake,40,6,2025,No,D Division One Day Grade
Mohamed Zainudeen,Chamod Dilshan Happawana Vithanage,40,5,2025,No,H Division One Day Grade
Brian Buttsworth,Ray Taylor,39,6,1963,No,1st Grade
Keith Randell,Barry Armstrong,39,4,1964,No,1st Grade
Brian France,Geoff Hamel,39,4,1964,No,1st Grade
Keith Randell,Rob Wheeler,39,8,1965,No,1st Grade
Ian Blake,Justin Fisher,39,2,1993,No,1st Grade
Justin Fisher,Ron Gillespie,39,2,1994,No,1st Grade
Trevor Craib,Paul Calcott,39,8,1997,No,Metropolitan One Day
Alex Hall,Mick OReilly,39,2,1997,No,7th Grade
Geoff Colgan,Brett Harris,39,5,1997,No,1st Grade
Gary Freind,John Lewis,39,1,1997,No,5th Grade
Evan Standley,Richard Sturgess,39,7,1997,No,7th Grade
Bruce Stark,Peter Bibby,39,7,1998,No,3rd Grade
Evan Standley,Chris Whyte,39,9,1999,No,1st Grade
Len Peterson,Ian Blake,39,3,1999,No,5th Grade
Darren Holt,Kyle Adams,39,1,1999,No,1st Grade
Jason Boekleman,Christopher Barnes,39,9,2000,No,1st Grade
Robbie Taylor,Geoff Colgan,39,6,2002,Yes,1st Grade
Kyle Adams,Darren Holt,39,3,2002,No,1st Grade
Geoff Colgan,Malcolm Williams,39,2,2004,No,1st Grade
Russell Gerreyn,Neil Steadman,39,7,2005,No,8th Grade
Gregory Martin,Russell Normoyle,39,7,2005,No,1st Grade
Adam Spencer,Christopher Jebb,39,6,2006,No,5th Grade
Leon Burrows,John Taylor,39,1,2007,Yes,3rd Grade
John Taylor,Scott Powell,39,5,2007,No,3rd Grade
Brett Harrison,Scott Barnard,39,4,2007,No,6th Grade
Matt Bailey,Neil Steadman,39,7,2007,No,9th Grade
Scott Barnard,Paul Dickson,39,6,2008,Yes,5th Grade
Leon Burrows,Ryan Shelton,39,5,2008,No,2nd Grade
Bryce Alexander,Ryan Shelton,39,2,2008,No,2nd Grade
Arthur Vlahos,D Murray,39,5,2008,No,Metropolitan One Day
Ryan Shelton,Craig Bennett,39,4,2008,No,2nd Grade
Keith Zissis,Nicko Zissis,39,2,2008,No,Metropolitan One Day
Bryce Alexander,Dov Morris,39,4,2009,Yes,7th Grade
Dov Morris,Bryce Alexander,39,3,2009,No,7th Grade
Dov Morris,Ross Baker,39,3,2010,No,2nd Grade
Ryan Barndon,Scott Barnard,39,5,2010,No,2nd Grade
Dov Morris,Shane Shaw,39,5,2011,No,2nd Grade
D Winning,Chris Mok,39,4,2011,No,6th Grade
Ryan Barndon,Leon Burrows,39,3,2011,No,2nd Grade
Charles Marlam,Dennis Freind,39,1,2012,No,3rd Grade
Ian Wilson,J Basher,39,4,2012,No,Metropolitan One Day
Dov Morris,Josh Taylor,39,3,2013,No,2nd Grade
Adam Wreford,Matt Wilson,39,8,2014,Yes,2nd Grade
V Bath,Sandeep Brar,39,2,2014,No,Metropolitan One Day
K Symons,Bryce Alexander,39,2,2014,No,8th Grade
Brett Harrison,James Ditchburn,39,8,2014,No,3rd Grade
Randeep Brar,Gurpreet Sidhu,39,5,2014,No,Metropolitan One Day
Keith Zissis,Bryce Alexander,39,2,2014,No,8th Grade
Curtis Stark,Adam Lankester,39,1,2015,No,4th Grade
Chris Homer,Garath Van Der Elst,39,1,2015,No,6th Grade
Michael Peter,Karamdeep Brar,39,7,2015,No,6th Grade
Grant Carslake,K Natraj,39,8,2016,Yes,9th Grade
C Vaidya,R Singhal,39,4,2016,No,Metropolitan One Day
Jake Finney,Paul Ridley,39,3,2016,No,1st Grade
Jun Singh,Phillip Ross,39,4,2016,No,9th Grade
Darren Johnson,Ross Baker,39,4,2016,No,1st Grade
Adam Lankester,Scott Barnard,39,4,2016,No,3rd Grade
Curtis Stark,Clinton Reid,39,1,2017,No,3rd Grade
Ross Baker,Brendan Millar,39,7,2017,No,1st Grade
James Day,Brendan Millar,39,2,2017,No,7th Grade
C Vaidya,Bikram Singh,39,5,2018,No,4th Grade
Happee Boparai,Garath Van Der Elst,39,1,2018,No,4th Grade
Curtis Stark,Dov Morris,39,2,2018,No,2nd Grade
David Van Wees,Hayden Candy,39,6,2018,No,Mercantile One Day
Dan Leatham,Hayden Candy,39,2,2019,No,C Division One Day Grade
J Trichilo,Duane Crombie,39,5,2019,No,E Division One Day Grade
Brett Harrison,Justin Kickett,39,2,2020,No,F Division One Day Grade
John Taylor,H Beasy,39,6,2020,No,E Division One Day Grade
Ash Yadav,Daniel Atkinson,39,2,2020,No,A Division One Day Grade
Ash Yadav,Happee Boparai,39,4,2020,No,A Division One Day Grade
Dov Morris,Cameron Lee,39,2,2020,No,B Division One Day Grade
Nilan Chandratilake,Scott Barnard,39,1,2020,No,F Division One Day Grade
Nirbhai Sohi,Jagdeep Brar,39,9,2020,No,A Division One Day Grade
Hayden Candy,G Singh,39,3,2021,Yes,B Division One Day Grade
Mandeep Singh,Jagdeep Brar,39,7,2021,Yes,A Division One Day Grade
Raghu Sharma,Ryan Barndon,39,5,2021,No,B Division One Day Grade
Happee Boparai,Mandeep Singh,39,5,2021,No,A Division One Day Grade
Cameron Lee,Hayden Candy,39,3,2022,No,D Division One Day Grade
Thanuja Jayakodi Arachchige,Navjot Toor,39,9,2022,No,A Division One Day Grade
Nilan Chandratilake,Adam Duffy,39,1,2022,No,G Division One Day Grade
Adam Duffy,Gurpreet Brar,39,4,2023,No,I Division One Day Grade
Ross Baker,Scott Barnard,39,1,2023,No,B Division One Day Grade
Happee Boparai,Gurdeep Singh,39,1,2023,No,A Division One Day Grade
Adam Duffy,Nilan Chandratilake,39,2,2024,No,I Division One Day Grade
Ross Baker,Josh Taylor,39,4,2024,No,A Division One Day Grade
Glenn Welton,Kirk Howes,39,2,2025,Yes,A Division One Day Grade
Prabud Peduru Hewa,Lakmal Madushanka Madawala Maddumage Don,39,4,2025,No,D Division One Day Grade
Geoff Hamel,Harry Varis,38,7,1963,No,1st Grade
Brian France,M Leeder,38,2,1964,No,1st Grade
Brian Henville,Geoff Hamel,38,4,1965,No,1st Grade
Gary Chivers,Dennis Freind,38,2,1992,No,1st Grade
Gregory Smith,Dennis Freind,38,3,1995,No,1st Grade
Paul Dickson,Dennis Freind,38,1,1995,No,1st Grade
Dennis Freind,Anthony Wallwork,38,8,1997,No,1st Grade
Christopher Gerreyn,Peter Bibby,38,7,1997,No,1st Grade
David Gulberti,Anthony Sinclair,38,9,1997,No,7th Grade
Evan Standley,Christopher Jebb,38,5,1997,No,3rd Grade
J Young,Brett Tester,38,3,1997,No,4th Grade
Kevin Rowland,Bruce Stark,38,3,1998,No,3rd Grade
Adam Bassett,Mark Butler,38,8,1998,No,1st Grade
Gary Burton,Mark DMello,38,6,1999,No,5th Grade
Gary Burton,Glenn Sadler,38,7,1999,No,5th Grade
Anthony Burke,Nathan Whitney,38,9,1999,No,1st Grade
Christopher Barnes,Anthony Burke,38,9,1999,No,1st Grade
Stephen Clarke,Nathan Whitney,38,5,2000,No,1st Grade
Darren Young,Gregory Martin,38,2,2000,No,1st Grade
Geoff Colgan,Darren Holt,38,2,2001,No,1st Grade
Darren Holt,Nathan Whitney,38,4,2002,No,1st Grade
David Lenane,Anthony Burke,38,7,2002,No,1st Grade
David Lenane,Darren Young,38,8,2002,No,1st Grade
Kyle Adams,Darren Young,38,7,2003,No,1st Grade
Geoff Colgan,Bryce Alexander,38,1,2004,No,1st Grade
Geoff Colgan,Darren Young,38,2,2004,No,1st Grade
Darren Young,Glenn Andersson,38,6,2004,No,1st Grade
Kyle Adams,Darren Holt,38,3,2004,No,1st Grade
Ward Bond,Andre Gabriel,38,5,2005,No,4th Grade
Bruce West,Justin Davis,38,5,2005,No,4th Grade
Paul Dickson,Kevin Rowland,38,5,2006,No,2nd Grade
Jeremy Davis,Aaron Robson,38,8,2006,No,2nd Grade
Brett Harley,Cassis Van Wees,38,6,2007,No,Metropolitan One Day
Curtis Stark,Leon Burrows,38,1,2007,No,3rd Grade
Ben Loader,John Taylor,38,5,2007,No,Metropolitan One Day
Charles Marlam,Ben Stephenson,38,4,2008,No,5th Grade
John Lewis,Arthur Vlahos,38,7,2008,No,Metropolitan One Day
Keith Zissis,Russell Gerreyn,38,1,2008,No,Metropolitan One Day
Russell Gerreyn,Kevin Rowland,38,2,2008,No,Metropolitan One Day
Anthony Libia,JD Paternostro,38,7,2008,No,8th Grade
Ben Stephenson,Anthony Libia,38,4,2008,No,8th Grade
Ryan Shelton,Ryan Barndon,38,1,2009,No,2nd Grade
Adam Wreford,Ryan Barndon,38,6,2009,No,2nd Grade
Scott Barnard,Shane Shaw,38,4,2010,No,5th Grade
Leon Burrows,Damien Senge,38,5,2010,No,2nd Grade
Curtis Stark,Scott Powell,38,2,2010,No,5th Grade
J MacRae,Charles Marlam,38,4,2010,No,7th Grade
Ben Price,Brett Harrison,38,6,2011,No,4th Grade
Damien Senge,Ash Eyre,38,3,2011,No,Metropolitan One Day
Ben Price,Paul Massara,38,4,2011,No,4th Grade
Dov Morris,Leon Burrows,38,1,2012,No,2nd Grade
DV Kalphas,Leon Okely,38,3,2012,No,3rd Grade
Leon Burrows,Keith Zissis,38,1,2012,No,2nd Grade
Chris Homer,Damien Senge,38,3,2012,No,Metropolitan One Day
Bryce Alexander,Aaron Robson,38,8,2012,No,3rd Grade
Sam Finnigan,Brett Harrison,38,2,2013,No,3rd Grade
David Van Wees,Bryce Alexander,38,4,2014,No,3rd Grade
Garath Van Der Elst,Chris Homer,38,2,2014,No,5th Grade
Chris Mok,Michael Peter,38,6,2014,No,5th Grade
Bryce Alexander,AB Goodchild,38,3,2014,No,8th Grade
Randeep Brar,Harbhinder Sandhu,38,8,2014,No,Metropolitan One Day
Mark Sinclair,Anthony Sinclair,38,5,2015,No,7th Grade
James Day,Jun Singh,38,2,2015,No,9th Grade
Kai Homer,Chris Mok,38,1,2015,No,6th Grade
K Francis,Russell Normoyle,38,7,2015,No,4th Grade
David Van Wees,Keith Zissis,38,3,2016,No,6th Grade
Brett Harrison,Goppi Singh,38,7,2016,No,3rd Grade
Phillip Ross,Grant Carslake,38,7,2016,No,9th Grade
Michael Mani,M Munish,38,8,2016,No,1st Grade
Bruce Stark,Tim Galbraith,38,9,2016,No,3rd Grade
Adam Lankester,Darren Johnson,38,2,2016,No,3rd Grade
Brett Harrison,A Malik,38,2,2016,No,5th Grade
Bikram Singh,S Young,38,4,2017,No,5th Grade
Scott Barnard,Dov Morris,38,4,2017,No,1st Grade
Dov Morris,Ryan Barndon,38,3,2018,No,2nd Grade
Curtis Stark,Sandeep Brar,38,3,2019,No,3rd Grade
Darren Johnson,Sandeep Brar,38,4,2019,No,3rd Grade
David Van Wees,Paul Maindok,38,1,2019,No,C Division One Day Grade
Clinton Reid,Hayden Candy,38,2,2019,No,C Division One Day Grade
Brett Harrison,Nilan Chandratilake,38,1,2020,No,F Division One Day Grade
Ross Baker,Happee Boparai,38,5,2020,No,A Division One Day Grade
Grant Carslake,Darren Franklin,38,8,2020,No,F Division One Day Grade
Dov Morris,Thomas Cross,38,1,2021,No,E Division One Day Grade
Glenn Welton,Ross Baker,38,3,2022,No,B Division One Day Grade
Ross Baker,Ryker Newman,38,4,2025,No,A Division One Day Grade
Fred Buttsworth,Harry Varis,37,4,1963,No,1st Grade
Geoff Hamel,Harry Varis,37,6,1966,No,1st Grade
Ward Bond,Ian Blake,37,5,1993,No,1st Grade
David Singh,Trevor Craib,37,5,1997,No,Metropolitan One Day
Russell Gerreyn,Gino Giamboi,37,6,1997,No,5th Grade
Evan Standley,Craig Sherlock,37,4,1997,No,7th Grade
Brett Harris,Warren Pearson,37,6,1998,No,3rd Grade
Paul Dickson,Mark Dickson,37,1,1998,No,3rd Grade
Darren Holt,Adam Bassett,37,2,1998,No,1st Grade
Anthony Libia,Kim Anderson,37,5,1999,No,5th Grade
Robbie Taylor,Gregory Martin,37,7,2001,No,1st Grade
Kyle Adams,Geoff Colgan,37,1,2001,No,1st Grade
Geoff Colgan,Robbie Taylor,37,4,2001,No,1st Grade
Darren Young,Stephen Clarke,37,1,2002,No,1st Grade
Robbie Taylor,Nathan Whitney,37,7,2002,No,1st Grade
Bryce Alexander,Kyle Adams,37,2,2003,No,1st Grade
Dave Wilcox,David Van Wees,37,1,2005,No,Metropolitan One Day
Jason Moore,Lee Travis,37,5,2005,No,Metropolitan One Day
Kevin Rowland,Geoff Colgan,37,3,2005,No,1st Grade
Simon Wilson,Jeff Stephenson,37,6,2007,No,Metropolitan One Day
Timothy Gailbraith,Paul Bunn,37,5,2007,No,Metropolitan One Day
Scott Powell,Anthony Libia,37,6,2007,No,3rd Grade
Anthony Libia,Craig Bennett,37,9,2007,No,3rd Grade
Anthony Libia,John Taylor,37,3,2007,No,3rd Grade
Anthony Libia,Bryce Alexander,37,4,2007,No,3rd Grade
Scott Powell,Dave Dewhurst,37,10,2007,No,3rd Grade
Michael Peter,Chris Mok,37,7,2008,No,8th Grade
Anthony Libia,Matthew Hilleard,37,6,2008,No,8th Grade
Scott Powell,Scott Barnard,37,8,2009,No,5th Grade
Lee Maas,C Woods,37,1,2010,Yes,Metropolitan One Day
Michael Mani,Ben Stephenson,37,9,2010,No,2nd Grade
Shane Shaw,Brett Harrison,37,4,2010,No,5th Grade
Brett Harrison,Matthew Hilleard,37,5,2010,No,5th Grade
Scott Powell,Curtis Stark,37,1,2010,No,5th Grade
Michael Mani,Ben Stephenson,37,9,2011,No,2nd Grade
Adam Wreford,Tony Bassett,37,9,2011,No,2nd Grade
JD Krasenstein,Chris Mok,37,1,2012,No,6th Grade
Dov Morris,Clinton Reid,37,1,2012,No,2nd Grade
N Gordon,Ben Gatter,37,10,2012,No,6th Grade
Jake Finney,JL Dimond,37,5,2012,No,6th Grade
Keith Zissis,Russell Gerreyn,37,1,2012,No,Metropolitan One Day
Jake Finney,Josh Copping,37,4,2013,No,3rd Grade
Gino Giamboi,Lee Maas,37,9,2013,No,Metropolitan One Day
Happee Boparai,Onka Singh,37,1,2013,No,Mercantile One Day
Alex Vlahos,Chris Homer,37,1,2013,No,Metropolitan One Day
Leon Burrows,Adam Wreford,37,8,2013,No,2nd Grade
Sandeep Brar,Mandeep Singh,37,2,2014,No,Metropolitan One Day
Scott Powell,Brendan Miller,37,2,2014,No,3rd Grade
Ben Gatter,M Munish,37,7,2015,No,6th Grade
Brett Harrison,Ian Wilson,37,2,2015,No,4th Grade
Brett Harrison,Timothy Gailbraith,37,8,2015,No,4th Grade
Keith Zissis,Bryce Alexander,37,2,2015,No,7th Grade
Tyrone Allen,James Ditchburn,37,7,2016,No,3rd Grade
Brett Harrison,K Murthy Dhansing,37,3,2016,No,5th Grade
David Van Wees,Garath Van Der Elst,37,1,2016,No,6th Grade
JD Krasenstein,G Swift,37,5,2016,No,9th Grade
Keith Zissis,J Walsh,37,4,2017,No,7th Grade
Cameron Lee,Russell Normoyle,37,5,2017,No,3rd Grade
Brendan Millar,Ashley Edwards,37,8,2017,No,3rd Grade
Dov Morris,Ryan Barndon,37,1,2017,No,1st Grade
Darren Johnson,Scott Barnard,37,4,2017,No,1st Grade
Ryan Barndon,Sam Finnigan,37,9,2017,No,1st Grade
A Malik,Ryan Barndon,37,4,2018,No,2nd Grade
Clinton Reid,Mark Sinclair,37,4,2018,No,Mercantile One Day
S Gill,K Symons,37,7,2018,No,4th Grade
Hayden Candy,Darren Stride,37,5,2019,Yes,C Division One Day Grade
J Trichilo,Duane Crombie,37,6,2019,No,E Division One Day Grade
Darren Young,Ash Yadav,37,2,2019,No,B Division One Day Grade
Daniel Sims,Keith Zissis,37,4,2019,No,C Division One Day Grade
Ash Yadav,Nirbhai Sohi,37,3,2019,No,5th Grade
Ash Yadav,Happee Boparai,37,4,2019,No,5th Grade
Bruce Stark,Chris Popoff,37,5,2019,No,E Division One Day Grade
Curtis Stark,Bikram Singh,37,7,2019,No,3rd Grade
Grant Carslake,AJ Aslam,37,2,2019,No,B Division One Day Grade
A Singh,Sam Finnigan,37,8,2019,No,3rd Grade
C Breheny,Chris Mok,37,7,2020,Yes,E Division One Day Grade
Sam Finnigan,Darren Stride,37,9,2020,No,E Division One Day Grade
Justin Kickett,Grant Carslake,37,7,2020,No,F Division One Day Grade
Ryan Barndon,Michael Peter,37,4,2020,No,E Division One Day Grade
Thomas Cross,Rylan Candy,37,1,2021,No,E Division One Day Grade
Gavin Doull,Tom Condello,37,9,2021,No,G Division One Day Grade
Hayden Candy,Daniel Sims,37,6,2022,No,D Division One Day Grade
Daniel Sims,Nathan Hearnes,37,3,2022,No,D Division One Day Grade
Davis Bode,Ryan Barndon,37,1,2023,No,B Division One Day Grade
Cameron Lee,Daniel Sims,37,2,2023,No,C Division One Day Grade
Adam Duffy,Keith Zissis,37,4,2024,Yes,I Division One Day Grade
Darren Johnson,Moran Robert Dedman Nielsen,37,10,2024,No,A Division One Day Grade
Nilan Chandratilake,Chris Popoff,37,1,2024,No,I Division One Day Grade
Darren Johnson,Ross Baker,37,2,2025,No,A Division One Day Grade
Geoff Hamel,Dave Ralston,36,5,1964,No,1st Grade
Adrian Scott,Ray Sheridan,36,3,1979,No,1st Grade
Damian Thompson,Shane Lee,36,5,1992,No,1st Grade
Ron Gillespie,Stephen Clarke,36,3,1993,No,1st Grade
Ron Gillespie,Justin Fisher,36,3,1994,No,1st Grade
Geoff Colgan,Gregory Smith,36,4,1995,No,1st Grade
David Singh,Len Peterson,36,8,1997,No,Metropolitan One Day
Adam Bassett,Geoff Colgan,36,2,1997,No,1st Grade
Mark Dickson,Tim Reid,36,8,1997,No,3rd Grade
Kevin Rowland,Shane Innes,36,2,1997,No,5th Grade
Tim Reid,Charles Marlam,36,5,1997,No,3rd Grade
Christopher Jebb,Evan Standley,36,5,1997,No,3rd Grade
Evan Standley,Ward Bond,36,6,1998,No,3rd Grade
Guy Welton,David Jones,36,9,1998,No,1st Grade
Adam Bassett,Bryce Alexander,36,6,1998,No,1st Grade
Tim Reid,Peter Bibby,36,3,1998,No,3rd Grade
Adam Bassett,Marcus Nolan,36,4,1998,No,1st Grade
Kyle Adams,Bryce Alexander,36,2,1999,No,1st Grade
Gary Burton,John Lewis,36,2,1999,No,5th Grade
David Lenane,Darren Young,36,8,2001,No,1st Grade
Darren Holt,Nathan Whitney,36,3,2002,No,1st Grade
Kyle Adams,Darren Holt,36,3,2002,No,1st Grade
Darren Young,Graeme Angwin,36,9,2002,No,1st Grade
David Lenane,Ron Gillespie,36,5,2003,No,1st Grade
Kyle Adams,David Lenane,36,6,2003,No,1st Grade
Kyle Adams,David Lenane,36,5,2004,No,1st Grade
Darren Young,Malcolm Williams,36,5,2004,No,1st Grade
Bryce Alexander,Kyle Adams,36,4,2004,No,1st Grade
Darren Holt,Bryce Alexander,36,3,2004,No,1st Grade
Bryce Alexander,Charles Marlam,36,3,2005,No,1st Grade
Bryce Alexander,Darren Young,36,7,2005,No,1st Grade
Taylor Heath,Kenneth Kelly,36,3,2007,No,9th Grade
Russell Gerreyn,Cassis Van Wees,36,2,2007,No,9th Grade
Curtis Stark,Aaron Robson,36,7,2008,No,2nd Grade
Aaron Robson,Ben Loader,36,5,2008,No,2nd Grade
Aaron Robson,Dennis Freind,36,8,2009,Yes,5th Grade
Aaron Robson,Timothy Gailbraith,36,8,2009,No,5th Grade
Ross Baker,John Taylor,36,3,2009,No,2nd Grade
Adam Wreford,T Dias,36,5,2010,No,5th Grade
Sam Finnigan,Leon Okely,36,8,2010,No,5th Grade
Dov Morris,Matt Behn,36,1,2010,No,2nd Grade
JA Timos,Gino Giamboi,36,6,2011,Yes,Metropolitan One Day
Damien Senge,Ross Baker,36,5,2011,No,2nd Grade
Leon Burrows,Damien Senge,36,3,2011,No,2nd Grade
David Van Wees,James Day,36,1,2011,No,6th Grade
Dov Morris,Bryce Alexander,36,2,2011,No,2nd Grade
Scott Powell,Leon Okely,36,1,2011,No,4th Grade
Matt Wilson,Michael Mani,36,6,2012,Yes,2nd Grade
Charles Marlam,Ash Eyre,36,4,2012,No,Metropolitan One Day
Keith Zissis,Paul Dickson,36,1,2012,No,Metropolitan One Day
Scott Barnard,Russell Normoyle,36,6,2012,No,2nd Grade
Kai Homer,Dennis Freind,36,9,2012,No,Metropolitan One Day
Ash Eyre,JL Dimond,36,6,2012,No,Metropolitan One Day
Bruce Stark,Curtis Stark,36,1,2012,No,6th Grade
Bryce Alexander,Scott Powell,36,8,2013,Yes,3rd Grade
Mayank Madan,Sam Finnigan,36,6,2013,No,5th Grade
Dov Morris,Clinton Reid,36,1,2013,No,2nd Grade
Leon Burrows,Cory DeJager,36,4,2013,No,3rd Grade
Randeep Brar,Yaadwinder Toor,36,4,2013,No,Mercantile One Day
David Van Wees,Paul Dickson,36,2,2013,No,5th Grade
Josh Taylor,Daniel Atkinson,36,7,2013,No,2nd Grade
Bryce Alexander,K Symons,36,3,2014,No,8th Grade
Aaron Robson,Bruce Stark,36,5,2014,No,3rd Grade
Garath Van Der Elst,T Tripp,36,2,2014,No,5th Grade
Garath Van Der Elst,Sam Finnigan,36,4,2014,No,5th Grade
Garath Van Der Elst,JD Krasenstein,36,2,2014,No,5th Grade
Adam Lankester,Kai Homer,36,2,2014,No,5th Grade
Sandeep Brar,Happee Boparai,36,1,2014,No,Metropolitan One Day
Happee Boparai,Yaadwinder Toor,36,1,2014,No,Metropolitan One Day
K Natraj,Darren Stride,36,8,2015,Yes,9th Grade
Keith Zissis,David Van Wees,36,1,2015,No,7th Grade
Scott Barnard,Tyrone Allen,36,7,2016,No,3rd Grade
Curtis Stark,Darren Johnson,36,3,2016,No,3rd Grade
Jun Singh,Keith Zissis,36,4,2017,No,7th Grade
Bikram Singh,Michael Peter,36,4,2017,No,5th Grade
Jun Singh,Brett Harrison,36,1,2017,No,5th Grade
Curtis Stark,Adam Lankester,36,1,2017,No,3rd Grade
Paul Maindok,David Van Wees,36,1,2018,No,Mercantile One Day
Daniel Sims,Cameron Lee,36,4,2019,Yes,C Division One Day Grade
Ash Yadav,Dov Morris,36,1,2019,No,5th Grade
Dov Morris,Clinton Reid,36,2,2020,No,B Division One Day Grade
Ash Yadav,Curtis Stark,36,1,2020,No,A Division One Day Grade
Cameron Lee,Mandeep Singh,36,3,2020,No,B Division One Day Grade
Dov Morris,Nilan Chandratilake,36,1,2021,No,B Division One Day Grade
Dov Morris,Nathan Hearnes,36,2,2021,No,E Division One Day Grade
Happee Boparai,Bikram Singh,36,8,2022,No,A Division One Day Grade
Curtis Stark,Ross Baker,36,4,2022,No,B Division One Day Grade
Glenn Welton,Dan Leatham,36,3,2022,No,B Division One Day Grade
Darren Johnson,Brett Harrison,36,6,2022,No,B Division One Day Grade
Sagar Lather,Vinit Kumar,36,3,2023,Yes,A Division One Day Grade
Mandeep khokhar,Gurdeep Singh,36,6,2023,No,A Division One Day Grade
Ross Baker,Davis Bode,36,3,2023,No,B Division One Day Grade
Scott Barnard,Russell Normoyle,36,1,2023,No,B Division One Day Grade
James Beardmore,Alexio Yiannakis,36,6,2023,No,H Division One Day Grade
Happee Boparai,Raghu Sharma,36,2,2023,No,A Division One Day Grade
Judd Diletti,daniel spencer,36,7,2023,No,H Division One Day Grade
Josh Taylor,R Howell,36,6,2024,Yes,A Division One Day Grade
Scott Bretland,Tom Condello,36,3,2024,No,I Division One Day Grade
Clinton Reid,Daniel Sims,36,4,2024,No,C Division One Day Grade
Kirk Howes,Daniel Sims,36,8,2024,No,A Division One Day Grade
Jordan Egan,Dov Morris,36,4,2025,No,A Division One Day Grade
Saliya Widanagamage,Lakmal Madushanka Madawala Maddumage Don,36,5,2025,No,H Division One Day Grade
Mohamed Zainudeen,Lakmal Madushanka Madawala Maddumage Don,36,5,2025,No,H Division One Day Grade
Jordan Egan,Kirk Howes,36,4,2025,No,A Division One Day Grade
Raymond Scott,Brian Buttsworth,35,1,1963,No,1st Grade
Brian Buttsworth,Raymond Scott,35,1,1963,No,1st Grade
Geoff Hamel,Barry Armstrong,35,8,1964,No,1st Grade
Keith Randell,Alan Wilkins,35,3,1966,No,1st Grade
Ian Blake,Graham Butler,35,2,1992,No,1st Grade
Ian Blake,Shane Lee,35,6,1992,No,1st Grade
Shane Ferdinadus,Ian Price,35,9,1993,No,1st Grade
Ron Gillespie,Justin Fisher,35,6,1994,No,1st Grade
Paul Dickson,Gregory Smith,35,2,1995,No,1st Grade
Keith DeSilva,Craig Sherlock,35,2,1997,No,Metropolitan One Day
David Singh,Barry Richardson,35,6,1997,No,5th Grade
Russell Gerreyn,John Eyres,35,3,1997,No,7th Grade
Paul Dickson,Bruce Stark,35,2,1997,No,3rd Grade
Warren Pearson,Tim Reid,35,9,1998,No,3rd Grade
Guy Welton,Bryce Alexander,35,2,1998,No,1st Grade
Mark Dickson,Keith DeSilva,35,6,1998,No,3rd Grade
John Lewis,Anthony Sinclair,35,6,1998,No,5th Grade
Gary Burton,Barry Richardson,35,5,1998,No,5th Grade
Ian Blake,Alex Hall,35,7,1999,No,5th Grade
Russell Gerreyn,Daryl Pegrum,35,5,1999,No,5th Grade
Mark Dickson,Phil Brewer,35,9,1999,No,1st Grade
Charles Marlam,Gregory Martin,35,5,2000,No,1st Grade
Darren Holt,Bryce Alexander,35,4,2001,No,1st Grade
Darren Young,Kyle Adams,35,3,2004,No,1st Grade
Russell Normoyle,Jason Alexander,35,2,2005,No,4th Grade
David Van Wees,Chris Robson,35,2,2005,No,Metropolitan One Day
Scott Powell,Raebern DSylva,35,3,2005,No,8th Grade
Russell Normoyle,Gino Giamboi,35,9,2005,No,4th Grade
Scott Barnard,Jay Hindmarsh,35,5,2005,No,4th Grade
Scott Barnard,Robbie Edwards,35,5,2006,Yes,5th Grade
Leon Burrows,Anthony Libia,35,6,2006,No,2nd Grade
Paul Dickson,Craig Bennett,35,4,2007,No,6th Grade
Chris Mok,Conor Breheny,35,6,2007,No,Metropolitan One Day
Anthony Libia,Nathan Freind,35,8,2008,Yes,8th Grade
Bryce Alexander,Curtis Stark,35,1,2008,Yes,2nd Grade
Ben Loader,Brett Harrison,35,4,2008,No,5th Grade
Paul Peos,Ross Baker,35,2,2008,No,Metropolitan One Day
Kenneth Kelly,Alex Hall,35,8,2009,No,Metropolitan One Day
Dave Dewhurst,Michael Peter,35,10,2009,No,5th Grade
David Van Wees,Aaron Robson,35,6,2009,No,5th Grade
Ross Baker,Charles Marlam,35,5,2009,No,5th Grade
Ross Baker,Scott Barnard,35,7,2009,No,5th Grade
Steve Moore,Jeff Stephenson,35,9,2009,No,Metropolitan One Day
Dov Morris,Ross Baker,35,2,2010,No,2nd Grade
David Van Wees,Paul Dickson,35,1,2010,No,7th Grade
Scott Barnard,Matt Behn,35,6,2010,No,2nd Grade
Ross Baker,Damien Senge,35,4,2010,No,2nd Grade
Paul Massara,Scott Barnard,35,4,2010,No,5th Grade
Dov Morris,Leon Burrows,35,1,2011,No,2nd Grade
Nathan Marrocco,Aaron Robson,35,6,2011,No,4th Grade
Paul Dickson,Charles Marlam,35,1,2011,No,Metropolitan One Day
Ryan Barndon,Scott Barnard,35,2,2011,No,2nd Grade
Kim Anderson,Sean Okley,35,7,2012,No,Metropolitan One Day
Paul Dickson,JL Dimond,35,2,2012,No,Metropolitan One Day
Russell Normoyle,Aaron Robson,35,8,2012,No,2nd Grade
Tony Bassett,Andrew Webley,35,7,2012,No,3rd Grade
Timothy Gailbraith,Robbie Edwards,35,8,2012,No,6th Grade
David Van Wees,Conor Breheny,35,2,2013,No,5th Grade
Josh Taylor,Dov Morris,35,1,2013,No,2nd Grade
Curtis Stark,Brett Harrison,35,2,2013,No,3rd Grade
Bryce Alexander,Gary Freind,35,4,2014,No,8th Grade
R Amlani,Dennis Freind,35,9,2014,No,8th Grade
Aaron Robson,Curtis Stark,35,1,2014,No,3rd Grade
Karamjeet Singh,Adam Wreford,35,8,2014,No,2nd Grade
Damien Senge,Brett Harrison,35,7,2014,No,3rd Grade
Sandeep Brar,N Singh,35,4,2015,No,2nd Grade
Chris Mok,Timothy Gailbraith,35,1,2015,No,6th Grade
Phillip Ross,JD Krasenstein,35,4,2016,Yes,9th Grade
Kai Homer,Tony Bassett,35,8,2016,No,5th Grade
Ross Baker,Karamjeet Singh,35,6,2016,No,1st Grade
GA Carslake,Goppi Singh,35,1,2016,No,9th Grade
K Bond,AB Goodchild,35,5,2016,No,6th Grade
Chris Homer,R Singhal,35,7,2016,No,5th Grade
JD Krasenstein,Phillip Ross,35,2,2016,No,9th Grade
R Singhal,S Gill,35,5,2017,No,5th Grade
Brett Harrison,James Day,35,1,2017,No,3rd Grade
Ross Baker,Phillip Ross,35,7,2017,No,1st Grade
Curtis Stark,Adam Lankester,35,3,2017,No,3rd Grade
Mandeep Singh,Karamdeep Brar,35,7,2017,No,5th Grade
Paul Maindok,David Van Wees,35,1,2018,No,Mercantile One Day
C Vaidya,Jun Singh,35,9,2018,No,4th Grade
Brett Harrison,Keith Zissis,35,2,2018,No,Mercantile One Day
Mark Sinclair,Paul McNamara,35,3,2018,No,Mercantile One Day
Curtis Stark,Brendan Millar,35,2,2018,No,2nd Grade
Geoff Colgan,Ross Baker,35,5,2019,Yes,B Division One Day Grade
Bikram Singh,Jun Singh,35,6,2019,Yes,5th Grade
Dan Leatham,Cameron Lee,35,3,2019,No,C Division One Day Grade
Keith Zissis,Duane Crombie,35,1,2019,No,C Division One Day Grade
Dan Leatham,Keith Zissis,35,6,2019,No,C Division One Day Grade
Jun Singh,John Taylor,35,6,2019,No,B Division One Day Grade
Ash Yadav,Grant Carslake,35,1,2019,No,B Division One Day Grade
Brett Harrison,Ryan Barndon,35,3,2020,No,E Division One Day Grade
Parminder Sandhu,David Van Wees,35,2,2020,No,F Division One Day Grade
Curtis Stark,Ross Baker,35,3,2022,No,B Division One Day Grade
Nathan Hearnes,Paul Holmes,35,3,2022,No,D Division One Day Grade
Daniel Lambrinidis,Vishnu Rajendran,35,5,2022,No,D Division One Day Grade
Nirbhai Sohi,Happee Boparai,35,4,2022,No,A Division One Day Grade
Darren Johnson,Nathan Hearnes,35,4,2023,No,B Division One Day Grade
Leon Burrows,Glenn Welton,35,1,2023,No,B Division One Day Grade
Vinit Kumar,Ryan Barndon,35,6,2023,No,A Division One Day Grade
Bruce Stark,Gurpreet Brar,35,6,2023,No,I Division One Day Grade
Dov Morris,Hayden Candy,35,5,2024,No,H Division One Day Grade
Clinton Reid,Vishnu Rajendran,35,5,2025,No,D Division One Day Grade
Nilan Chandratilake,Adam Duffy,35,1,2025,No,I Division One Day Grade
Raguvaran Sukumar,Shishpal Rana,35,6,2025,No,I Division One Day Grade
Raymond Scott,Brian Buttsworth,34,2,1963,Yes,1st Grade
Ray Taylor,Barry Armstrong,34,4,1964,No,1st Grade
Keith Randell,Brian Buttsworth,34,2,1965,No,1st Grade
Gary Chivers,Shane Lee,34,1,1992,No,1st Grade
Ron Gillespie,Graham Butler,34,3,1993,No,1st Grade
Gregory Smith,Ian Price,34,9,1995,No,1st Grade
Evan Standley,Mark Pearson,34,7,1997,Yes,3rd Grade
Matthew Arthurson,Gregory Martin,34,1,1997,No,1st Grade
Mick OReilly,David Gulberti,34,3,1997,No,7th Grade
Paul McNamara,Graham Bowman,34,7,1997,No,5th Grade
Craig Sherlock,David Gulberti,34,8,1997,No,7th Grade
Darren Young,Nathan Whitney,34,8,1997,No,1st Grade
N Culbert,Jason Boekleman,34,9,1997,No,4th Grade
Darren Young,Jason Boekleman,34,9,1997,No,1st Grade
Daryl Pegrum,Gino Giamboi,34,7,1998,Yes,5th Grade
Warren Pearson,Shane Innes,34,9,1998,No,5th Grade
Michael Petrie,Rodney Taylor,34,4,1998,No,3rd Grade
David Jones,Wade Carruthers,34,8,1998,No,3rd Grade
Chris Whyte,Ron Gillespie,34,5,1998,No,5th Grade
Ian Blake,Gino Giamboi,34,5,1999,No,5th Grade
Mark DMello,Ian Blake,34,3,1999,No,5th Grade
Mark Dickson,Ross Baker,34,7,1999,No,1st Grade
Darren Young,Nathan Whitney,34,5,2000,No,1st Grade
Darren Young,Ryan Davis,34,6,2000,No,1st Grade
Kyle Adams,Robbie Taylor,34,4,2001,No,1st Grade
Geoff Colgan,Anthony Burke,34,1,2002,No,1st Grade
Darren Holt,Geoff Colgan,34,5,2003,No,1st Grade
Darren Young,Glenn Andersson,34,7,2004,No,1st Grade
Jeremy Davis,Russell Normoyle,34,9,2005,No,1st Grade
Scott Barnard,Gino Giamboi,34,5,2005,No,4th Grade
Dave Dewhurst,Aaron Robson,34,7,2005,No,Metropolitan One Day
Gino Giamboi,Robbie Edwards,34,10,2007,Yes,6th Grade
Scott Powell,Kenneth Kelly,34,9,2007,No,6th Grade
Ben Loader,Scott Barnard,34,3,2008,No,5th Grade
Michael Peter,Steven Freind,34,10,2008,No,8th Grade
Aaron Robson,Craig Bennett,34,6,2008,No,2nd Grade
Russell Gerreyn,Keith Zissis,34,2,2008,No,Metropolitan One Day
Kevin Rowland,Russell Gerreyn,34,3,2008,No,Metropolitan One Day
Russell Gerreyn,L Hawkins,34,7,2008,No,Metropolitan One Day
Steven Freind,Charles Marlam,34,2,2008,No,5th Grade
Ryan Shelton,Ryan Barndon,34,1,2009,Yes,2nd Grade
Ryan Shelton,Russell Normoyle,34,4,2009,No,Metropolitan One Day
Keith Zissis,Russell Gerreyn,34,2,2009,No,Metropolitan One Day
Scott Barnard,Matthew Hilleard,34,1,2009,No,5th Grade
Scott Powell,Dennis Freind,34,6,2009,No,5th Grade
Darren Hutchins,Timothy Gailbraith,34,9,2009,No,7th Grade
Steven Freind,Darren Hutchins,34,5,2009,No,7th Grade
Russell Normoyle,T Dias,34,6,2009,No,7th Grade
Bryce Alexander,T Dias,34,7,2009,No,7th Grade
Ryan Barndon,Ross Baker,34,3,2010,No,2nd Grade
Sam Finnigan,Michael Mani,34,9,2010,No,2nd Grade
Scott Barnard,Ryan Barndon,34,4,2011,No,2nd Grade
Bryce Alexander,Nathan Marrocco,34,5,2011,No,4th Grade
Matt Wilson,Brett Harrison,34,5,2012,Yes,3rd Grade
JD Krasenstein,A Bloor,34,6,2012,No,6th Grade
Brett Harrison,Robbie Edwards,34,6,2012,No,3rd Grade
Michael Mani,Ben Stephenson,34,10,2012,No,2nd Grade
Happee Boparai,Ranjit Singh,34,4,2013,Yes,Mercantile One Day
David Van Wees,Kirk Howes,34,8,2013,No,5th Grade
Clinton Reid,Ryan Barndon,34,4,2013,No,3rd Grade
Devender Kumar,Harbhinder Sandhu,34,9,2013,No,Mercantile One Day
Happee Boparai,Randeep Brar,34,2,2013,No,Mercantile One Day
Josh Copping,Russell Normoyle,34,5,2013,No,2nd Grade
Clinton Reid,Paul Dickson,34,2,2013,No,3rd Grade
David Van Wees,Keith Zissis,34,1,2014,No,8th Grade
Conor Breheny,Michael Peter,34,6,2014,No,5th Grade
Martin Burrow,Chris Mok,34,8,2014,No,5th Grade
Leon Burrows,R Singhal,34,8,2015,No,2nd Grade
Keith Zissis,K Symons,34,1,2015,No,7th Grade
K Symons,Mark Sinclair,34,2,2015,No,7th Grade
R Singhal,Chris Mok,34,2,2015,No,6th Grade
Brett Harrison,Dov Morris,34,4,2015,No,2nd Grade
Ryan Barndon,Karamjeet Singh,34,6,2015,No,2nd Grade
Martin Burrow,Grant Carslake,34,6,2015,No,9th Grade
Jake Finney,Adam Lankester,34,1,2015,No,2nd Grade
Scott Barnard,Happee Boparai,34,3,2015,No,4th Grade
Brad Walker,Russell Normoyle,34,6,2015,No,4th Grade
Sandeep Brar,Ian Wilson,34,3,2015,No,2nd Grade
GC Siddalingappa,B Le Cras,34,7,2015,No,9th Grade
Aaron Robson,Dennis Freind,34,7,2015,No,7th Grade
Jake Finney,M Munish,34,3,2016,Yes,1st Grade
C Vaidya,Brett Harrison,34,1,2016,No,5th Grade
Dov Morris,Curtis Stark,34,1,2016,No,3rd Grade
Mark Sinclair,Keith Zissis,34,3,2017,No,7th Grade
Hayden Candy,Brett Harrison,34,3,2018,No,Mercantile One Day
J Kendall,Chris Popoff,34,1,2019,No,E Division One Day Grade
LH Berendsen,A Corrie,34,7,2019,No,3rd Grade
John Taylor,Ash Eyre,34,8,2019,No,B Division One Day Grade
Paul Maindok,Clinton Reid,34,1,2019,No,C Division One Day Grade
Ben Gatter,Darren Stride,34,7,2020,Yes,E Division One Day Grade
Dov Morris,Ryan Barndon,34,5,2020,No,B Division One Day Grade
Clinton Reid,Phillip Ross,34,8,2021,No,B Division One Day Grade
Scott Bretland,Tom Condello,34,7,2022,No,G Division One Day Grade
Happee Boparai,Nirbhai Sohi,34,4,2022,No,A Division One Day Grade
Dov Morris,Sagar Lather,34,1,2023,No,A Division One Day Grade
Tom Condello,Mandeep Singh,34,9,2023,No,I Division One Day Grade
Glenn Welton,Ross Baker,34,2,2023,No,B Division One Day Grade
Nilan Chandratilake,Adam Duffy,34,1,2023,No,I Division One Day Grade
Ross Baker,Darren Johnson,34,3,2023,No,B Division One Day Grade
Bailey Hampson,Oliver Diaz,34,7,2023,No,H Division One Day Grade
Adam Wreford,Ross Baker,34,2,2023,No,B Division One Day Grade
David Cameron,Bradley Younger,34,8,2024,No,A Division One Day Grade
Russell Normoyle,Darren Johnson,34,3,2024,No,A Division One Day Grade
Clinton Reid,Vishnu Rajendran,34,4,2024,No,C Division One Day Grade
Chris Popoff,Aaron Robson,34,8,2024,No,I Division One Day Grade
Mohamed Zainudeen,Chamod Dilshan Happawana Vithanage,34,2,2025,No,H Division One Day Grade
Brett Harrison,Vishnu Rajendran,34,4,2025,No,D Division One Day Grade
Jordan Egan,Sam Finnigan,34,6,2025,No,A Division One Day Grade
Adam Duffy,Raguvaran Sukumar,34,1,2025,No,I Division One Day Grade
Missaka Wickramasinghe,Mohamed Zainudeen,34,1,2025,No,H Division One Day Grade
Vihanga Silva,Chamod Dilshan Happawana Vithanage,34,6,2025,No,H Division One Day Grade
Ray Taylor,Harry Varis,33,6,1963,Yes,1st Grade
Brian Buttsworth,M Leeder,33,2,1963,No,1st Grade
Alan Wilkins,Harry Varis,33,5,1965,Yes,1st Grade
Brian Buttsworth,Brian Henville,33,3,1965,No,1st Grade
Brian Buttsworth,Geoff Hamel,33,2,1966,No,1st Grade
Damian Thompson,Colin Gotch,33,5,1992,No,1st Grade
Graham Butler,Ron Gillespie,33,4,1993,No,1st Grade
Ian Blake,Ron Gillespie,33,3,1993,No,1st Grade
John Lewis,Alex Hall,33,1,1997,No,7th Grade
Mark Pearson,Darren Green,33,9,1997,No,3rd Grade
Russell Gerreyn,Richard Sturgess,33,3,1997,No,7th Grade
Evan Standley,Tim Reid,33,7,1998,No,3rd Grade
Kyle Adams,Peter Bibby,33,7,1998,No,1st Grade
David Brooks,Peter Bibby,33,1,1998,No,3rd Grade
Kyle Adams,Evan Standley,33,5,1998,No,1st Grade
Craig Sherlock,Gary Burton,33,4,1998,No,5th Grade
Gary Burton,Lee Blake,33,5,1999,No,5th Grade
Christopher Barnes,Ryan Kershaw,33,6,1999,No,1st Grade
Gary Burton,Ian Blake,33,1,1999,No,5th Grade
Stephen Clarke,Joshua Farmer,33,1,2000,No,1st Grade
Darren Holt,Nathan Whitney,33,4,2001,Yes,1st Grade
Robbie Taylor,Darren Young,33,7,2001,No,1st Grade
Anthony Burke,Geoff Colgan,33,5,2003,No,1st Grade
Gregory Martin,Jeremy Davis,33,9,2004,No,1st Grade
Len Peterson,Danny Wildman,33,1,2006,No,8th Grade
Bryce Alexander,Dennis Freind,33,10,2006,No,2nd Grade
John Taylor,John Lewis,33,5,2006,No,8th Grade
John Taylor,Scott Barnard,33,4,2007,No,3rd Grade
Curtis Stark,Leon Burrows,33,1,2007,No,3rd Grade
Scott Powell,Anthony Libia,33,6,2007,No,3rd Grade
A Spencer,Matthew Hilleard,33,6,2008,No,8th Grade
Keith Zissis,Jack Vlahos,33,3,2009,No,Metropolitan One Day
Bryce Alexander,Gino Giamboi,33,7,2009,No,7th Grade
Keith Zissis,S Kaul,33,3,2009,No,Metropolitan One Day
Keith Zissis,Paul Peos,33,1,2009,No,Metropolitan One Day
D Harris,L English,33,6,2010,No,7th Grade
Damien Senge,Michael Mani,33,8,2010,No,2nd Grade
Paul Dickson,Charles Marlam,33,2,2010,No,7th Grade
David Van Wees,Bryce Alexander,33,4,2010,No,7th Grade
Dennis Freind,Charles Marlam,33,5,2010,No,7th Grade
Aaron Robson,Andrew Webley,33,7,2010,No,5th Grade
Adam Wreford,Aaron Robson,33,7,2010,No,5th Grade
Ben Price,Andrew Webley,33,7,2011,No,4th Grade
Ryan Barndon,Scott Barnard,33,2,2011,No,2nd Grade
Ben Price,Dennis Freind,33,7,2011,No,4th Grade
JD Krasenstein,JA Winter,33,6,2012,No,6th Grade
Matt Wilson,Tony Bassett,33,10,2012,No,2nd Grade
Scott Barnard,Matt Wilson,33,8,2012,No,2nd Grade
Chris Homer,Keith Zissis,33,3,2012,No,Metropolitan One Day
Josh Copping,Leon Burrows,33,5,2013,Yes,3rd Grade
Scott Barnard,Ryan Barndon,33,5,2013,No,2nd Grade
D Diletti,Conor Breheny,33,3,2013,No,5th Grade
Curtis Stark,Scott Powell,33,3,2013,No,3rd Grade
Yaadwinder Toor,Sandeep Brar,33,1,2013,No,Mercantile One Day
Scott Barnard,Jake Finney,33,1,2013,No,2nd Grade
Mandeep Singh,R Gill,33,5,2014,No,Metropolitan One Day
Happee Boparai,Mandeep Singh,33,5,2014,No,Metropolitan One Day
Garath Van Der Elst,Kai Homer,33,1,2014,No,5th Grade
Onka Singh,Sandeep Brar,33,1,2014,No,Metropolitan One Day
Martin Burrow,Chris Mok,33,5,2014,No,5th Grade
Gurpreet Sidhu,Harbhinder Sandhu,33,7,2014,No,Metropolitan One Day
Brendan Miller,Scott Barnard,33,2,2015,No,4th Grade
Conor Breheny,Grant Carslake,33,5,2015,No,9th Grade
Aaron Robson,Clinton Reid,33,9,2015,No,4th Grade
Mark Sinclair,Grant Carslake,33,5,2016,No,6th Grade
Balram Chahal,Keith Zissis,33,3,2016,No,6th Grade
Clinton Reid,Brad Walker,33,1,2016,No,5th Grade
Ross Baker,Michael Mani,33,5,2016,No,1st Grade
Ross Baker,C Vaidya,33,4,2017,No,3rd Grade
Jun Singh,Brendan Millar,33,2,2017,No,7th Grade
Mandeep Singh,Karamdeep Brar,33,6,2017,No,5th Grade
Darren Johnson,Ryan Barndon,33,4,2017,No,1st Grade
Dov Morris,Ryan Barndon,33,3,2018,No,2nd Grade
Bikram Singh,Robbie Edwards,33,10,2018,No,4th Grade
Cameron Lee,Jun Singh,33,2,2018,No,4th Grade
Russell Normoyle,Phillip Ross,33,7,2018,No,2nd Grade
Phillip Ross,Adam Wreford,33,8,2018,No,2nd Grade
Dov Morris,Ryan Barndon,33,4,2018,No,2nd Grade
J Kendall,J Trichilo,33,2,2019,No,E Division One Day Grade
Daniel Sims,R Singhal,33,3,2019,No,C Division One Day Grade
Russell Normoyle,Phillip Ross,33,7,2019,No,3rd Grade
Cameron Lee,Brett Harrison,33,5,2019,No,B Division One Day Grade
R Singhal,Hayden Candy,33,3,2019,No,C Division One Day Grade
J Kendall,J Trichilo,33,3,2019,No,E Division One Day Grade
Curtis Stark,Raghu Sharma,33,4,2020,No,A Division One Day Grade
Happee Boparai,Mandeep Singh,33,6,2020,No,A Division One Day Grade
Chris Popoff,Karamdeep Brar,33,6,2020,No,F Division One Day Grade
Dov Morris,Mandeep Singh,33,4,2020,No,B Division One Day Grade
Nirbhai Sohi,Bikram Singh,33,5,2021,Yes,A Division One Day Grade
Mandeep Singh,Happee Boparai,33,4,2021,No,A Division One Day Grade
Pankaj Dhall,Samuel Freind,33,10,2022,No,A Division One Day Grade
Glenn Welton,Trent George Kennedy,33,1,2022,No,B Division One Day Grade
Vinit Kumar,Bikram Singh,33,7,2023,No,A Division One Day Grade
Vinit Kumar,Jagdeep Brar,33,9,2023,No,A Division One Day Grade
Hayden Candy,Brett Harrison,33,7,2023,No,C Division One Day Grade
Gurdeep Singh,Pankaj Dhall,33,9,2023,No,A Division One Day Grade
Adam Duffy,Chris Popoff,33,1,2024,No,I Division One Day Grade
Ross Baker,Josh Taylor,33,5,2024,No,A Division One Day Grade
Dov Morris,Daniel Leatham,33,2,2024,No,H Division One Day Grade
Mohamed Zainudeen,Chamod Dilshan Happawana Vithanage,33,2,2025,No,H Division One Day Grade
Harry Varis,Alby Braun,32,8,1963,No,1st Grade
Fred Buttsworth,Ray Taylor,32,5,1963,No,1st Grade
Bert Smith,Geoff Hamel,32,5,1966,No,1st Grade
Dennis Freind,Damien Sheridan,32,9,1992,No,1st Grade
Ron Gillespie,Damian Thompson,32,4,1993,No,1st Grade
Ian Blake,Peter McSweeney,32,7,1993,No,1st Grade
Graham Butler,Paul Dickson,32,5,1994,No,1st Grade
Gary Freind,Justin Fisher,32,3,1994,No,1st Grade
Kevin Rowland,Ron Gillespie,32,2,1995,No,1st Grade
David Gulberti,Robert McKrill,32,7,1997,Yes,7th Grade
Shaun Woods,Nathan Whitney,32,10,1997,No,4th Grade
Anthony Burke,Darren Young,32,7,1997,No,1st Grade
Christopher Jebb,Mark Pearson,32,6,1997,No,3rd Grade
David Gulberti,Terry Holbrook,32,4,1997,No,Metropolitan One Day
Ward Bond,David Brooks,32,2,1997,No,3rd Grade
Keith DeSilva,Doug Osborne,32,6,1997,No,7th Grade
Tony Carrier,Graeme Dennis,32,10,1997,No,3rd Grade
Bruce Stark,Mark Pearson,32,9,1997,No,3rd Grade
Michael Petrie,Geoff Colgan,32,3,1998,No,3rd Grade
Bruce Stark,Christopher Jebb,32,8,1998,No,3rd Grade
Peter Bibby,Wade Carruthers,32,8,1998,No,3rd Grade
Chris Whyte,Mark Butler,32,10,1999,No,1st Grade
Mark DMello,Ian Blake,32,3,1999,No,5th Grade
Gary Burton,Gino Giamboi,32,1,1999,No,5th Grade
Robbie Taylor,Darren Young,32,8,2001,No,1st Grade
Anthony Burke,Kyle Adams,32,1,2003,No,1st Grade
Kyle Adams,Bruce Stark,32,3,2003,No,1st Grade
David Lenane,Kyle Adams,32,2,2004,No,1st Grade
Aaron Robson,Matthew Sorensen,32,7,2005,No,Metropolitan One Day
Ryan Barndon,Daryl Pegrum,32,5,2006,No,5th Grade
Mark Stevens,Danny Bidgood,32,4,2006,No,8th Grade
Dennis Freind,Kevin Rowland,32,2,2006,No,2nd Grade
David Van Wees,Cameron Gerreyn,32,2,2007,No,6th Grade
Christopher Jebb,Neil Steadman,32,4,2007,No,9th Grade
Ben Loader,Aaron Robson,32,4,2007,No,6th Grade
John Taylor,Ryan Barndon,32,4,2007,No,3rd Grade
Cassis Van Wees,Steven Freind,32,1,2007,No,Metropolitan One Day
David Van Wees,Kevin Rowland,32,2,2007,No,6th Grade
Craig Bennett,Dave Dewhurst,32,10,2007,No,3rd Grade
Brett Harrison,David Van Wees,32,5,2008,No,5th Grade
Bryce Alexander,Ben Loader,32,1,2008,No,2nd Grade
Steven Freind,John Taylor,32,3,2008,No,8th Grade
Ryan Barndon,Scott Powell,32,5,2008,No,2nd Grade
Paul Peos,Kim Anderson,32,3,2008,No,Metropolitan One Day
T Dias,L Boss,32,6,2009,Yes,7th Grade
Paul Peos,Keith Zissis,32,1,2009,No,Metropolitan One Day
Ross Baker,Gino Giamboi,32,7,2009,No,Metropolitan One Day
Charles Marlam,Bryce Alexander,32,3,2009,No,7th Grade
Ross Baker,John Taylor,32,3,2009,No,2nd Grade
Steven Freind,Bryce Alexander,32,4,2010,No,7th Grade
Ross Baker,Scott Barnard,32,4,2010,No,2nd Grade
Ryan Barndon,Ross Baker,32,3,2010,No,2nd Grade
Matt Behn,Tony Bassett,32,8,2010,No,2nd Grade
Scott Barnard,Shane Shaw,32,3,2010,No,5th Grade
Aaron Robson,Michael Peter,32,7,2011,No,4th Grade
Leon Burrows,Ross Baker,32,3,2011,No,2nd Grade
Adam Wreford,Ben Stephenson,32,10,2011,No,2nd Grade
James Day,D Winning,32,3,2011,No,6th Grade
Paul Dickson,Russell Gerreyn,32,1,2011,No,Metropolitan One Day
Keith Zissis,Peter Vlahos,32,3,2011,No,Metropolitan One Day
Shane Shaw,Scott Powell,32,1,2011,No,4th Grade
Ash Eyre,Mark Dickson,32,4,2011,No,Metropolitan One Day
Ryan Barndon,Ben Stephenson,32,7,2012,No,2nd Grade
Chris Homer,Keith Zissis,32,3,2012,No,Metropolitan One Day
Bryce Alexander,DV Kalphas,32,6,2012,No,3rd Grade
Keith Zissis,Chris Homer,32,2,2013,No,Metropolitan One Day
Paul Peos,Sandeep Brar,32,4,2013,No,Metropolitan One Day
Ross Baker,Russell Normoyle,32,7,2013,No,2nd Grade
Aaron Robson,Josh Copping,32,7,2013,No,3rd Grade
Keith Zissis,Jack Vlahos,32,5,2013,No,Metropolitan One Day
Clinton Reid,Scott Powell,32,3,2013,No,3rd Grade
Clinton Reid,Dov Morris,32,2,2014,No,2nd Grade
Conor Breheny,Chris Mok,32,9,2014,No,5th Grade
Josh Copping,Martin Burrow,32,5,2014,No,3rd Grade
Conor Breheny,C Puff,32,5,2014,No,5th Grade
David Van Wees,Dennis Freind,32,8,2014,No,8th Grade
Clinton Reid,James Ditchburn,32,3,2014,No,3rd Grade
Happee Boparai,Mandeep Singh,32,3,2014,No,Metropolitan One Day
Chris Homer,K Natraj,32,5,2015,No,6th Grade
N Singh,Devender Kumar,32,6,2015,No,4th Grade
Happee Boparai,John Taylor,32,3,2015,No,6th Grade
R Singhal,S Young,32,6,2016,No,5th Grade
Garath Van Der Elst,Happee Boparai,32,4,2016,No,5th Grade
Ian Wilson,Scott Barnard,32,2,2016,No,1st Grade
Phillip Ross,JD Krasenstein,32,3,2016,No,9th Grade
Scott Barnard,Ross Baker,32,6,2017,No,1st Grade
Dennis Freind,James Day,32,3,2017,No,7th Grade
Darren Johnson,A Malik,32,5,2017,No,1st Grade
Russell Normoyle,Brad Walker,32,3,2017,No,3rd Grade
Ross Baker,Bruce Stark,32,5,2017,No,3rd Grade
S Gill,R Sandhu,32,5,2017,No,5th Grade
Dov Morris,Adam Lankester,32,1,2018,No,2nd Grade
Adam Lankester,Dov Morris,32,1,2018,No,2nd Grade
Bikram Singh,Mandeep Singh,32,6,2018,No,4th Grade
Keith Zissis,C Vaidya,32,2,2018,No,Mercantile One Day
Bikram Singh,S Gill,32,4,2018,No,4th Grade
Keith Zissis,D Bowman,32,6,2018,No,Mercantile One Day
J Trichilo,Garath Van Der Elst,32,9,2019,No,E Division One Day Grade
Hayden Candy,Keith Zissis,32,4,2019,No,C Division One Day Grade
Geoff Colgan,Tony Bassett,32,7,2019,No,B Division One Day Grade
Paul Maindok,Hayden Candy,32,2,2019,No,C Division One Day Grade
Darren Young,Cameron Lee,32,4,2019,No,B Division One Day Grade
Dov Morris,Randeep Brar,32,2,2019,No,5th Grade
Dennis Freind,Hayden Candy,32,3,2019,No,C Division One Day Grade
Sandeep Brar,Bikram Singh,32,6,2019,No,5th Grade
Ash Eyre,Ross Baker,32,4,2019,No,B Division One Day Grade
Bruce Stark,J Trichilo,32,3,2019,No,E Division One Day Grade
AJ Aslam,Geoff Colgan,32,1,2019,No,B Division One Day Grade
Curtis Stark,Happee Boparai,32,5,2020,No,A Division One Day Grade
John Taylor,Michael Peter,32,4,2020,No,E Division One Day Grade
Davis Bode,J Naidoo,32,1,2020,No,E Division One Day Grade
Nilan Chandratilake,Parminder Sandhu,32,1,2021,No,G Division One Day Grade
Thanuja Jayakodi Arachchige,David Hallows,32,10,2021,No,B Division One Day Grade
Nirbhai Sohi,G Singh,32,2,2021,No,A Division One Day Grade
Dov Morris,Curtis Stark,32,1,2021,No,B Division One Day Grade
Nirbhai Sohi,John Taylor,32,2,2021,No,A Division One Day Grade
Chris Popoff,Adam Duffy,32,3,2022,No,G Division One Day Grade
Darren Johnson,Daniel Sims,32,6,2022,No,B Division One Day Grade
Nirbhai Sohi,Pankaj Dhall,32,8,2022,No,A Division One Day Grade
Curtis Stark,Scott Barnard,32,2,2022,No,B Division One Day Grade
Davis Bode,Gurdeep Singh,32,1,2022,No,A Division One Day Grade
Raghu Sharma,Rehman Virk,32,3,2023,No,A Division One Day Grade
Gurdeep Singh,Jagdeep Brar,32,7,2023,No,A Division One Day Grade
Duane Crombie,Adam Duffy,32,1,2023,No,I Division One Day Grade
Dov Morris,David Van Wees,32,10,2024,Yes,H Division One Day Grade
Tom Condello,Alex Hall,32,5,2024,No,I Division One Day Grade
Darren Johnson,Phillip Ross,32,8,2024,No,A Division One Day Grade
Adam Duffy,Shishpal Rana,32,10,2025,Yes,I Division One Day Grade
Nilan Chandratilake,Scott Bretland,32,3,2025,No,I Division One Day Grade
Lakmal Madushanka Madawala Maddumage Don,Vihanga Silva,32,7,2025,No,H Division One Day Grade
Saliya Widanagamage,Manoj jayawardena,32,5,2025,No,H Division One Day Grade
Glenn Welton,Dov Morris,32,2,2025,No,A Division One Day Grade
Chris Popoff,Dane Peake,32,2,2025,No,I Division One Day Grade
Chamod Dilshan Happawana Vithanage,Vihanga Silva,32,5,2025,No,H Division One Day Grade
Curtis Stark,Hayden Candy,32,4,2025,No,D Division One Day Grade
Raymond Scott,C Hayes,31,1,1963,No,1st Grade
Harry Varis,Alby Braun,31,9,1963,No,1st Grade
Fred Buttsworth,Brian Buttsworth,31,5,1963,No,1st Grade
Geoff Hamel,Barry Armstrong,31,5,1964,No,1st Grade
Keith Randell,Brian Buttsworth,31,3,1964,No,1st Grade
Brian Buttsworth,Geoff Hamel,31,1,1965,No,1st Grade
Keith Randell,Geoff Hamel,31,2,1965,No,1st Grade
Keith Randell,Dave Cosson,31,6,1966,Yes,1st Grade
Keith Randell,Brian Buttsworth,31,5,1966,No,1st Grade
Justin Fisher,Paul McNamara,31,9,1994,No,1st Grade
Ian Price,Gary Freind,31,10,1995,No,1st Grade
Ron Gillespie,Chris Whyte,31,7,1995,No,1st Grade
Anthony Burke,Gregory Martin,31,6,1997,No,1st Grade
Lee Blake,Ron Gillespie,31,4,1997,No,Metropolitan One Day
Terry Holbrook,Bruce West,31,5,1997,No,5th Grade
Terry Holbrook,David Singh,31,6,1997,No,5th Grade
Peter Bibby,David Jones,31,10,1998,Yes,1st Grade
Michael Petrie,Marcus Nolan,31,5,1998,Yes,3rd Grade
Marcus Nolan,Dennis Freind,31,8,1998,No,1st Grade
Tim Reid,Mark Dickson,31,5,1998,No,3rd Grade
John Cottier,Barry Richardson,31,4,1998,No,5th Grade
Gary Burton,Nahan Phelpes,31,4,1999,No,5th Grade
Marcus Nolan,Mark Dickson,31,6,1999,No,1st Grade
Kyle Adams,Dennis Freind,31,3,1999,No,1st Grade
Geoff Colgan,Evan Standley,31,5,1999,No,1st Grade
Bryce Alexander,Evan Standley,31,5,1999,No,1st Grade
Jeremy Davis,Kim Anderson,31,5,1999,No,5th Grade
Nathan Whitney,Jason Boekleman,31,5,2000,No,1st Grade
Geoff Colgan,Darren Holt,31,2,2001,No,1st Grade
Ron Gillespie,Jason Alexander,31,6,2003,No,1st Grade
Bruce Stark,Gregory Martin,31,8,2004,No,1st Grade
Bruce Stark,Graeme Dennis,31,7,2004,No,1st Grade
Mark Dennis,Brad Kimber,31,6,2005,No,Metropolitan One Day
Lee Travis,David Van Wees,31,6,2005,No,Metropolitan One Day
Justin Davis,Scott Barnard,31,6,2005,No,4th Grade
Dennis Freind,Charles Marlam,31,2,2006,No,2nd Grade
Scott Barnard,Ryan Barndon,31,3,2006,No,2nd Grade
Leon Burrows,Craig Bennett,31,5,2006,No,5th Grade
Adam Spencer,Craig Bennett,31,5,2006,No,5th Grade
Russell Gerreyn,Steven Freind,31,1,2007,No,9th Grade
Anthony Libia,Dave Dewhurst,31,7,2007,No,3rd Grade
Ryan Barndon,Leon Burrows,31,1,2007,No,3rd Grade
Dennis Freind,Craig Bennett,31,9,2008,No,2nd Grade
Russell Normoyle,Curtis Stark,31,4,2008,No,2nd Grade
Anthony Libia,Nathan Freind,31,7,2008,No,5th Grade
Scott Barnard,Ryan Barndon,31,3,2008,No,2nd Grade
Paul McNamara,Peter Vlahos,31,7,2008,No,Metropolitan One Day
Leon Burrows,Bryce Alexander,31,5,2008,No,2nd Grade
Bryce Alexander,AE Earle,31,5,2009,No,7th Grade
Brett Harrison,Adam Wreford,31,6,2009,No,2nd Grade
Keith Zissis,S Kaul,31,1,2009,No,Metropolitan One Day
Keith Zissis,Russell Gerreyn,31,2,2009,No,Metropolitan One Day
TC Williams,Ash Eyre,31,3,2010,No,Metropolitan One Day
Ross Baker,Ben Stephenson,31,8,2010,No,2nd Grade
Leon Okely,Dave Dewhurst,31,9,2010,No,5th Grade
Paul Dickson,Bryce Alexander,31,3,2010,No,7th Grade
Leon Burrows,Scott Barnard,31,5,2010,No,2nd Grade
Paul Dickson,J MacRae,31,1,2010,No,7th Grade
Leon Burrows,Shane Shaw,31,3,2011,No,2nd Grade
Leon Burrows,Damien Senge,31,2,2011,No,2nd Grade
Ross Baker,Ben Price,31,6,2011,No,2nd Grade
Ben Price,Shane Shaw,31,3,2011,No,4th Grade
Paul Dickson,Damien Senge,31,1,2011,No,Metropolitan One Day
Clinton Reid,JL Dimond,31,2,2012,Yes,Metropolitan One Day
Ben Gatter,Robbie Edwards,31,10,2012,No,6th Grade
Leon Okely,Brett Harrison,31,4,2012,No,3rd Grade
D Diletti,Paul Dickson,31,1,2012,No,6th Grade
Ross Baker,Leon Burrows,31,5,2013,Yes,2nd Grade
Ross Baker,Jake Finney,31,5,2013,No,2nd Grade
Leon Burrows,Josh Copping,31,5,2013,No,3rd Grade
Mick Andrews,Ben Gatter,31,10,2013,No,5th Grade
Cory DeJager,Andrew Webley,31,8,2013,No,3rd Grade
Scott Powell,Alex Dowson,31,2,2013,No,3rd Grade
David Van Wees,James Day,31,2,2013,No,5th Grade
Aaron Robson,Damien Stefanoff,31,10,2013,No,3rd Grade
Scott Barnard,Ryan Barndon,31,3,2013,No,2nd Grade
Sandeep Brar,Devender Kumar,31,2,2014,No,Metropolitan One Day
Scott Barnard,Karamjeet Singh,31,4,2015,No,2nd Grade
Ryan Barndon,Dave Dewhurst,31,9,2015,No,2nd Grade
Jake Finney,Leon Burrows,31,5,2015,No,2nd Grade
Chris Mok,Happee Boparai,31,2,2015,No,6th Grade
Kai Homer,Dennis Freind,31,7,2015,No,7th Grade
Ian Wilson,Karamjeet Singh,31,5,2015,No,2nd Grade
Curtis Stark,Darren Johnson,31,4,2016,No,3rd Grade
A Corrie,C Puff,31,8,2017,No,3rd Grade
Ross Baker,Ryan Barndon,31,7,2017,No,1st Grade
Phillip Ross,Adam Borrett,31,10,2017,No,1st Grade
Matt Wilson,Ben Gatter,31,9,2017,No,3rd Grade
Dov Morris,Daniel Atkinson,31,5,2018,No,2nd Grade
Paul Maindok,David Van Wees,31,1,2018,No,Mercantile One Day
Sandeep Brar,Happee Boparai,31,2,2019,No,5th Grade
Brett Harrison,David Lenane,31,7,2019,No,B Division One Day Grade
Clinton Reid,Keith Zissis,31,5,2019,No,C Division One Day Grade
Bikram Singh,Adam Wreford,31,10,2020,Yes,A Division One Day Grade
A Singh,Ross Baker,31,3,2020,No,A Division One Day Grade
Brett Harrison,Paul Holmes,31,3,2021,No,E Division One Day Grade
Nathan Hearnes,Paul Holmes,31,4,2021,No,E Division One Day Grade
Mandeep Singh,Bikram Singh,31,7,2021,No,A Division One Day Grade
Curtis Stark,Scott Barnard,31,2,2021,No,B Division One Day Grade
Brett Harrison,Jun Singh,31,3,2021,No,B Division One Day Grade
Tom Condello,Danny Toohey,31,8,2022,Yes,G Division One Day Grade
Duane Crombie,Brayden Barnes,31,9,2022,No,G Division One Day Grade
Vishnu Rajendran,Hayden Candy,31,5,2022,No,D Division One Day Grade
Paul Holmes,Daniel Lambrinidis,31,6,2022,No,D Division One Day Grade
Vishnu Rajendran,Dan Leatham,31,6,2022,No,D Division One Day Grade
Clinton Reid,Hayden Candy,31,2,2022,No,D Division One Day Grade
Gurpreet Brar,Joe Morgan,31,10,2022,No,G Division One Day Grade
Gurdeep Singh,Raghu Sharma,31,1,2023,No,A Division One Day Grade
Jun Singh,Vishnu Rajendran,31,5,2023,No,C Division One Day Grade
Judd Diletti,Will Hudson,31,8,2023,No,H Division One Day Grade
Darren Johnson,Bradley Younger,31,1,2024,No,A Division One Day Grade
Scott Bretland,Aaron Robson,31,4,2024,No,I Division One Day Grade
Trent George Kennedy,Curtis Stark,31,8,2024,No,C Division One Day Grade
Glenn Welton,Darren Johnson,31,1,2024,No,A Division One Day Grade
Vishnu Rajendran,Ashan Udeshitha,31,9,2024,No,C Division One Day Grade
Ross Baker,Leon Burrows,31,9,2024,No,A Division One Day Grade
Nilan Chandratilake,Mandeep Grewal,31,3,2025,Yes,I Division One Day Grade
Manav Patel,Vishnu Rajendran,31,5,2025,No,D Division One Day Grade
Curtis Stark,Manav Patel,31,3,2025,No,D Division One Day Grade
Prabud Peduru Hewa,Kusal Walliwala Gamage,31,10,2025,No,H Division One Day Grade
Lakmal Madushanka Madawala Maddumage Don,Prabud Peduru Hewa,31,7,2025,No,H Division One Day Grade
Mohamed Zainudeen,Vihanga Silva,31,5,2025,No,H Division One Day Grade
Fred Buttsworth,Geoff Hamel,30,5,1963,No,1st Grade
Ralph Brockman,G Ashworth,30,4,1966,No,1st Grade
Dennis Freind,Graham Butler,30,3,1992,No,1st Grade
Graham Butler,Colin Gotch,30,6,1992,No,1st Grade
Dennis Freind,Ian Price,30,9,1993,Yes,1st Grade
Dennis Freind,Cameron Briscoe,30,9,1993,Yes,1st Grade
Dennis Freind,David Separovic,30,10,1993,No,1st Grade
Justin Fisher,Ian Blake,30,2,1993,No,1st Grade
Graham Butler,Paul McNamara,30,6,1994,Yes,1st Grade
Gino Giamboi,Ron Gillespie,30,2,1994,No,1st Grade
Justin Fisher,Ken Hart,30,5,1994,No,1st Grade
Gary Freind,Gregory Smith,30,5,1995,No,1st Grade
Ron Gillespie,Jeff Healy,30,7,1995,No,1st Grade
Paul Dickson,Geoff Colgan,30,3,1995,No,1st Grade
John Cottier,Christopher Jebb,30,4,1997,No,3rd Grade
Shane Innes,David Brooks,30,5,1997,No,5th Grade
Adam Bassett,Darren Holt,30,2,1997,No,1st Grade
Anthony Sinclair,Len Peterson,30,5,1997,No,Metropolitan One Day
Gary Freind,John Lewis,30,1,1997,No,5th Grade
Barry Richardson,Mick OReilly,30,7,1997,No,5th Grade
John Eyres,David Gulberti,30,5,1997,No,7th Grade
Robert McKrill,Richard Sturgess,30,8,1997,No,7th Grade
Warren Pearson,Wade Carruthers,30,7,1998,No,5th Grade
Dennis Freind,Guy Welton,30,1,1998,No,1st Grade
Mark Dickson,Gary Freind,30,4,1998,No,5th Grade
David Brooks,Paul Dickson,30,1,1998,No,3rd Grade
Ross Baker,Graeme Dennis,30,10,1998,No,3rd Grade
G Bourner,Keith Manea,30,4,1999,No,3rd Grade
Darren Holt,Bryce Alexander,30,5,1999,No,1st Grade
Marcus Nolan,Phil Brewer,30,8,1999,No,1st Grade
Mark Dickson,Mark Butler,30,10,1999,No,1st Grade
Daryl Pegrum,Glenn Sadler,30,6,1999,No,5th Grade
Stephen Clarke,Nathan Whitney,30,4,2000,No,1st Grade
Robbie Taylor,Darren Young,30,8,2001,No,1st Grade
Geoff Colgan,Kyle Adams,30,2,2001,No,1st Grade
Kyle Adams,Robbie Taylor,30,1,2001,No,1st Grade
Nathan Whitney,Geoff Colgan,30,1,2002,Yes,1st Grade
Nathan Whitney,Geoff Colgan,30,5,2002,No,1st Grade
Kyle Adams,Ron Gillespie,30,3,2003,No,1st Grade
Geoff Colgan,Bryce Alexander,30,1,2005,No,1st Grade
Charles Marlam,Scott Barnard,30,3,2005,No,4th Grade
Brett Harrison,Chris Robson,30,3,2005,No,Metropolitan One Day
Jason Carlyon,Mark Stevens,30,10,2006,No,8th Grade
Kevin Rowland,Bryce Alexander,30,2,2006,No,2nd Grade
Christopher Jebb,Darren Hutchins,30,8,2006,No,5th Grade
Russell Gerreyn,Aaron Robson,30,3,2007,Yes,6th Grade
Bryce Alexander,Robbie Edwards,30,9,2007,No,3rd Grade
Ben Loader,Daryl Pegrum,30,3,2007,No,Metropolitan One Day
Darren Hutchins,Steve Moore,30,8,2007,No,6th Grade
Russell Normoyle,Steve Moore,30,8,2007,No,6th Grade
Keith Zissis,Kevin Rowland,30,1,2008,No,Metropolitan One Day
David Van Wees,Sam Finnigan,30,6,2008,No,5th Grade
John Taylor,Brett Harrison,30,4,2009,No,2nd Grade
Kenneth Kelly,Courtney Swift,30,8,2009,No,Metropolitan One Day
Daniel Allsop,Leon Okely,30,5,2009,No,7th Grade
Paul Peos,Lee Maas,30,5,2009,No,Metropolitan One Day
Ben Stephenson,Michael Mani,30,8,2009,No,2nd Grade
Keith Zissis,Russell Gerreyn,30,7,2010,Yes,Metropolitan One Day
JA Timos,G Lazaridis,30,8,2010,No,Metropolitan One Day
Dov Morris,Shane Shaw,30,2,2010,No,2nd Grade
Paul Dickson,David Van Wees,30,1,2010,No,7th Grade
Lee Maas,Mark Dickson,30,7,2010,No,Metropolitan One Day
Keith Zissis,Clinton Reid,30,1,2011,No,Metropolitan One Day
Mark Dickson,J Von Benecke,30,5,2011,No,Metropolitan One Day
Dov Morris,Scott Powell,30,1,2011,No,2nd Grade
Timothy Gailbraith,Matt Wilson,30,7,2011,No,6th Grade
Russell Normoyle,Adam Wreford,30,7,2011,No,2nd Grade
Nathan Marrocco,Brett Harrison,30,3,2012,Yes,3rd Grade
Scott Barnard,Ryan Barndon,30,3,2012,No,2nd Grade
Chris Homer,Jeff Stephenson,30,4,2012,No,Metropolitan One Day
Ian Wilson,J Wilson,30,6,2012,No,Metropolitan One Day
Ash Eyre,Karamjeet Singh,30,5,2013,Yes,Metropolitan One Day
Curtis Stark,JD Krasenstein,30,1,2013,No,3rd Grade
Bryce Alexander,Daniel Atkinson,30,7,2013,No,3rd Grade
Josh Taylor,Ross Baker,30,4,2013,No,2nd Grade
Clinton Reid,Bryce Alexander,30,3,2013,No,2nd Grade
Ross Baker,Tony Bassett,30,6,2013,No,2nd Grade
Scott Barnard,Russell Normoyle,30,1,2013,No,2nd Grade
Ross Baker,Leon Burrows,30,5,2013,No,2nd Grade
Leon Burrows,Ryan Barndon,30,6,2013,No,2nd Grade
Sandeep Brar,Devender Kumar,30,4,2014,Yes,Metropolitan One Day
Clinton Reid,Dov Morris,30,2,2014,No,2nd Grade
Clinton Reid,Curtis Stark,30,1,2014,No,3rd Grade
Karamdeep Brar,AB Goodchild,30,4,2015,No,7th Grade
P Rados,P Singh,30,4,2015,No,9th Grade
K Symons,Karamdeep Brar,30,3,2015,No,7th Grade
Dov Morris,Brett Harrison,30,5,2015,No,2nd Grade
Michael Mani,Adam Wreford,30,8,2015,No,2nd Grade
R Singhal,C Vaidya,30,3,2016,No,9th Grade
Darren Johnson,Adam Borrett,30,4,2016,No,3rd Grade
JD Krasenstein,Garath Van Der Elst,30,3,2016,No,9th Grade
Chris Homer,Brad Walker,30,2,2016,No,5th Grade
Dennis Freind,K Natraj,30,6,2016,No,6th Grade
Ross Baker,Karamjeet Singh,30,8,2016,No,1st Grade
Jun Singh,B Le Cras,30,5,2017,Yes,7th Grade
S Young,Bikram Singh,30,7,2017,No,5th Grade
David Van Wees,D Bowman,30,5,2017,No,7th Grade
Mark Sinclair,B Le Cras,30,4,2017,No,7th Grade
Adam Lankester,Adam Wreford,30,1,2017,No,1st Grade
Dov Morris,Darren Johnson,30,1,2017,No,1st Grade
Raghu Sharma,R Singhal,30,5,2018,No,4th Grade
Happee Boparai,Randeep Brar,30,3,2019,Yes,5th Grade
Keith Zissis,Cameron Lee,30,4,2019,No,C Division One Day Grade
Graeme Angwin,Chris Mok,30,9,2019,No,B Division One Day Grade
Bikram Singh,A Corrie,30,7,2019,No,5th Grade
Brendan Millar,Ryan Barndon,30,4,2019,No,3rd Grade
Ross Baker,Gurdeep Singh,30,7,2019,No,B Division One Day Grade
Mandeep Singh,Bikram Singh,30,7,2019,No,5th Grade
Mandeep Singh,Tony Bassett,30,10,2019,No,B Division One Day Grade
Darren Franklin,Grant Carslake,30,6,2020,Yes,F Division One Day Grade
Tim Galbraith,Justin Kickett,30,4,2020,No,E Division One Day Grade
Nathan Hearnes,Paul Holmes,30,3,2021,Yes,E Division One Day Grade
Brayden Barnes,Tom Condello,30,10,2021,No,G Division One Day Grade
Happee Boparai,Nirbhai Sohi,30,4,2021,No,A Division One Day Grade
Dov Morris,Clinton Reid,30,2,2021,No,B Division One Day Grade
Darren Franklin,Tom Condello,30,7,2021,No,G Division One Day Grade
Ryan Barndon,Scott Barnard,30,6,2021,No,B Division One Day Grade
Grant Carslake,Mandeep Singh,30,10,2021,No,G Division One Day Grade
Nilan Chandratilake,Gurpreet Brar,30,3,2022,No,G Division One Day Grade
Daniel Lambrinidis,Clinton Reid,30,2,2022,No,D Division One Day Grade
Curtis Stark,Ross Baker,30,3,2022,No,B Division One Day Grade
Dov Morris,Nirbhai Sohi,30,1,2022,No,A Division One Day Grade
Aaron Robson,Gurpreet Brar,30,6,2022,No,G Division One Day Grade
Raghu Sharma,Happee Boparai,30,4,2023,No,A Division One Day Grade
Nirbhai Sohi,Ryan Barndon,30,5,2023,No,A Division One Day Grade
Will Hudson,Oliver Diaz,30,10,2023,No,H Division One Day Grade
Glenn Welton,Kai Homer,30,3,2023,No,B Division One Day Grade
Glenn Welton,Darren Johnson,30,3,2024,No,A Division One Day Grade
Vishnu Rajendran,Trent George Kennedy,30,6,2024,No,C Division One Day Grade
Brett Harrison,Ryker Newman,30,5,2024,No,C Division One Day Grade
Amos Robinson,Keith Zissis,30,2,2024,No,H Division One Day Grade
Glenn Welton,Ryan Barndon,30,1,2024,No,A Division One Day Grade
Ross Baker,Jordan Egan,30,3,2025,No,A Division One Day Grade
Keith Randell,Brian Buttsworth,29,6,1965,No,1st Grade
Keith Randell,Brian Henville,29,3,1966,No,1st Grade
Dennis Freind,Justin Fisher,29,2,1993,No,1st Grade
Gary Freind,Graham Butler,29,4,1994,No,1st Grade
Ron Gillespie,Justin Fisher,29,4,1994,No,1st Grade
Paul Dickson,Ian Blake,29,1,1995,No,1st Grade
Tim Reid,Terry Holbrook,29,2,1997,No,5th Grade
Chris Henderson,Mark ONeill,29,8,1997,No,7th Grade
Ken Hart,Craig Sherlock,29,5,1997,No,7th Grade
Tim Reid,Craig Sherlock,29,1,1998,No,3rd Grade
Gary Burton,Russell Gerreyn,29,1,1999,No,5th Grade
Marcus Nolan,Evan Standley,29,6,1999,No,1st Grade
Dennis Freind,Kyle Adams,29,1,1999,No,1st Grade
Kyle Adams,Bryce Alexander,29,2,1999,No,1st Grade
Gary Burton,Russell Gerreyn,29,2,1999,No,5th Grade
Kyle Adams,Ross Baker,29,5,2001,No,1st Grade
Chris Whyte,Ian Blake,29,8,2001,No,1st Grade
Robbie Taylor,Warren Zeplin,29,5,2001,No,1st Grade
Darren Holt,Geoff Colgan,29,5,2002,No,1st Grade
Stephen Clarke,Anthony Libia,29,1,2002,No,1st Grade
David Lenane,Warren Pearson,29,6,2002,No,1st Grade
Dennis Freind,David Lenane,29,3,2003,No,1st Grade
Raebern DSylva,Felix Machado,29,4,2005,No,8th Grade
Anthony Libia,Michael Gartell,29,1,2005,No,Metropolitan One Day
Jason Alexander,Ward Bond,29,4,2005,No,4th Grade
Mark Dickson,Anthony Burke,29,8,2005,No,1st Grade
Kevin Rowland,Bryce Alexander,29,3,2006,No,2nd Grade
Curtis Stark,Charles Marlam,29,1,2006,No,2nd Grade
Alfred Burrows,Ashley Freind,29,1,2006,No,8th Grade
Curtis Stark,Simon Borrett,29,2,2006,No,5th Grade
Anthony Libia,Bryce Alexander,29,8,2007,No,3rd Grade
Ben Stephenson,Neil Steadman,29,6,2007,No,9th Grade
Paul Peos,Russell Gerreyn,29,3,2008,No,Metropolitan One Day
Paul Peos,Brett Noble,29,2,2008,No,Metropolitan One Day
Leon Burrows,Scott Barnard,29,2,2008,No,2nd Grade
Ryan Barndon,Scott Powell,29,5,2008,No,2nd Grade
David Van Wees,Justin Dimond,29,10,2008,No,5th Grade
Jeff Stephenson,Michael Mani,29,9,2009,Yes,7th Grade
Shane Shaw,Leon Burrows,29,2,2009,No,2nd Grade
Ryan Shelton,Leon Burrows,29,2,2009,No,2nd Grade
Ryan Shelton,John Taylor,29,3,2009,No,2nd Grade
David Van Wees,R Gipson,29,3,2009,No,5th Grade
Russell Normoyle,Dov Morris,29,3,2009,No,7th Grade
Brett Harrison,Sam Finnigan,29,8,2009,No,2nd Grade
Adam Wreford,Ryan Barndon,29,6,2009,No,2nd Grade
Paul Peos,Leon Okely,29,5,2009,No,Metropolitan One Day
Damien Senge,David Van Wees,29,4,2009,No,5th Grade
Bruce Stark,Curtis Stark,29,1,2010,No,5th Grade
Russell Gerreyn,Darcy Boyle,29,3,2010,No,Metropolitan One Day
Darcy Boyle,R Morgan,29,5,2010,No,Metropolitan One Day
Dov Morris,Leon Burrows,29,1,2010,No,2nd Grade
Leon Burrows,Ryan Barndon,29,2,2011,No,2nd Grade
Clinton Reid,Zack Van Wees,29,8,2011,No,Metropolitan One Day
David Van Wees,Matt Wilson,29,5,2011,No,6th Grade
Kai Homer,Darren Johnson,29,6,2012,Yes,Metropolitan One Day
Chris Mok,JD Krasenstein,29,1,2012,No,6th Grade
Clinton Reid,Aaron Robson,29,1,2012,No,3rd Grade
Darren Hutchins,N Gordon,29,7,2012,No,6th Grade
Jake Finney,Timothy Gailbraith,29,4,2012,No,6th Grade
Ian Wilson,Robbie Edwards,29,7,2013,Yes,Metropolitan One Day
Paul Peos,Keith Zissis,29,1,2013,No,Metropolitan One Day
Jake Finney,Josh Copping,29,4,2013,No,3rd Grade
Happee Boparai,Sandeep Brar,29,1,2013,No,Mercantile One Day
Cory DeJager,Josh Copping,29,5,2013,No,3rd Grade
Tony Bassett,Timothy Gailbraith,29,10,2013,No,2nd Grade
Harbhinder Sandhu,Mandeep Sidhu,29,8,2013,No,Mercantile One Day
Damien Senge,Ash Eyre,29,4,2013,No,Metropolitan One Day
Cory DeJager,Josh Copping,29,7,2013,No,3rd Grade
Karamjeet Singh,Kirk Howes,29,7,2014,Yes,2nd Grade
Chris Homer,Chris Mok,29,5,2014,No,5th Grade
Happee Boparai,Harbhinder Sandhu,29,7,2014,No,Metropolitan One Day
Josh Copping,Russell Normoyle,29,7,2014,No,3rd Grade
Sandeep Brar,Karamdeep Brar,29,2,2014,No,Metropolitan One Day
Jake Finney,Ryan Barndon,29,7,2015,Yes,2nd Grade
P Rados,Goppi Singh,29,1,2015,No,9th Grade
Chris Mok,Paul Dickson,29,5,2015,No,6th Grade
Jake Finney,Ian Wilson,29,3,2015,No,2nd Grade
Aaron Robson,MG Armstrong,29,7,2015,No,7th Grade
Jake Finney,N Singh,29,3,2015,No,2nd Grade
Gurpreet Sidhu,John Taylor,29,4,2015,No,6th Grade
Goppi Singh,Martin Burrow,29,4,2015,No,9th Grade
Dov Morris,Ross Baker,29,4,2015,No,2nd Grade
J Moran,Martin Burrow,29,4,2015,No,9th Grade
James Ditchburn,Ashley Edwards,29,10,2015,No,4th Grade
R Singhal,K Natraj,29,5,2016,No,9th Grade
Scott Barnard,James Ditchburn,29,9,2016,No,3rd Grade
Clinton Reid,Chris Homer,29,3,2016,No,5th Grade
Chris Mok,Mandeep Singh,29,3,2016,No,5th Grade
Darren Stride,D Roshun Ali,29,6,2016,No,9th Grade
N Singh,Brendan Millar,29,3,2016,No,3rd Grade
Garath Van Der Elst,Chris Homer,29,1,2016,No,5th Grade
Leon Burrows,M Munish,29,8,2016,No,1st Grade
Curtis Stark,Brad Walker,29,1,2016,No,3rd Grade
R Singhal,Chris Homer,29,5,2016,No,5th Grade
Chris Mok,Balram Chahal,29,2,2016,No,5th Grade
Ian Wilson,Mark Sinclair,29,1,2016,No,6th Grade
Josh Demarte,Jake Finney,29,1,2016,No,1st Grade
Jun Singh,Garath Van Der Elst,29,1,2016,No,6th Grade
Courtney Swift,JD Krasenstein,29,2,2016,No,9th Grade
A Malik,Chris Homer,29,4,2016,No,5th Grade
Tony Bassett,Karamdeep Brar,29,9,2016,No,5th Grade
Cameron Lee,Sam Finnigan,29,5,2017,No,7th Grade
David Van Wees,Cameron Lee,29,2,2017,No,7th Grade
Paul Maindok,James Day,29,1,2017,No,7th Grade
Darren Johnson,Karamjeet Singh,29,4,2017,No,1st Grade
Dov Morris,Paul Maindok,29,3,2017,No,3rd Grade
Cameron Lee,W Roberts Wiseman,29,3,2017,No,3rd Grade
Adam Lankester,James Ditchburn,29,4,2017,No,3rd Grade
Mark Sinclair,Keith Zissis,29,4,2017,No,7th Grade
Paul Maindok,Hayden Candy,29,2,2018,No,Mercantile One Day
Garath Van Der Elst,Cameron Lee,29,2,2018,No,4th Grade
Dov Morris,Ryan Barndon,29,4,2018,No,2nd Grade
Cameron Lee,R Singhal,29,10,2019,Yes,C Division One Day Grade
Garath Van Der Elst,Brett Harrison,29,3,2019,No,B Division One Day Grade
Paul Maindok,Dan Leatham,29,1,2019,No,C Division One Day Grade
Ryan Barndon,LH Berendsen,29,6,2019,No,3rd Grade
Curtis Stark,Nirbhai Sohi,29,2,2020,No,A Division One Day Grade
Nilan Chandratilake,Sajan Hanjra,29,2,2020,No,F Division One Day Grade
Russell Normoyle,David Van Wees,29,7,2020,No,F Division One Day Grade
Thomas Cross,Keith Zissis,29,2,2021,No,E Division One Day Grade
Paul Holmes,Ben McInnes,29,7,2021,No,E Division One Day Grade
Curtis Stark,Darren Johnson,29,2,2021,No,B Division One Day Grade
Thanuja Jayakodi Arachchige,Phillip Ross,29,7,2021,No,B Division One Day Grade
Nilan Chandratilake,Chris Popoff,29,2,2022,No,G Division One Day Grade
Raghu Sharma,Ash Yadav,29,3,2022,No,A Division One Day Grade
Vishnu Rajendran,Rylan Candy,29,5,2022,No,D Division One Day Grade
Adam Duffy,Scott Bretland,29,3,2023,No,I Division One Day Grade
Dev Baswan,Phillip Ross,29,9,2023,No,B Division One Day Grade
Nilan Chandratilake,Scott Bretland,29,4,2024,Yes,I Division One Day Grade
Darren Johnson,Ryker Newman,29,2,2024,No,A Division One Day Grade
Keith Zissis,Alexio Yiannakis,29,2,2024,No,H Division One Day Grade
Clinton Reid,Bradley Younger,29,2,2024,No,C Division One Day Grade
Darren Johnson,Ross Baker,29,4,2024,No,A Division One Day Grade
Vihanga Silva,Prabud Peduru Hewa,29,7,2025,No,H Division One Day Grade
Vihanga Silva,Nuwan Jayathma Liyanaarachchi Liyana Arachchige,29,8,2025,No,H Division One Day Grade
Adam Duffy,Raguvaran Sukumar,29,1,2025,No,I Division One Day Grade
Adam Duffy,David Van Wees,29,2,2025,No,I Division One Day Grade
Dane Peake,Darren Franklin,29,5,2025,No,I Division One Day Grade
Hayden Candy,Vishnu Rajendran,29,5,2025,No,D Division One Day Grade
Harry Varis,Barry Armstrong,28,10,1963,No,1st Grade
C Hayes,Raymond Scott,28,1,1963,No,1st Grade
Keith Randell,N McDiarmid,28,7,1965,No,1st Grade
Harry Varis,Kevin Lock,28,8,1965,No,1st Grade
Geoff Hamel,A Green,28,6,1965,No,1st Grade
Brian Buttsworth,Geoff Hamel,28,6,1966,No,1st Grade
Graham Butler,Ian Blake,28,4,1992,No,1st Grade
Peter McSweeney,Dennis Freind,28,6,1993,No,1st Grade
Graham Butler,Ron Gillespie,28,4,1993,No,1st Grade
Ian Price,Lance Ferguson,28,8,1993,No,1st Grade
Ian Blake,Martin Senior,28,7,1993,No,1st Grade
Justin Fisher,David Separovic,28,10,1994,No,1st Grade
Ward Bond,Shane Ferdinadus,28,1,1994,No,1st Grade
Ian Blake,Gary Freind,28,7,1995,No,1st Grade
Robert Fay,Dennis Freind,28,5,1995,No,1st Grade
Paul Dickson,Ron Gillespie,28,3,1995,No,1st Grade
David Brooks,Bruce West,28,7,1997,Yes,5th Grade
Anthony Wallwork,Christopher Gerreyn,28,9,1997,No,1st Grade
Bryce Alexander,Doug Osborne,28,8,1997,No,7th Grade
Christopher Jebb,Tim Reid,28,7,1997,No,3rd Grade
Paul Dickson,Bruce Stark,28,2,1997,No,3rd Grade
Gary Freind,Bruce West,28,3,1997,No,5th Grade
Gary Freind,David Brooks,28,2,1997,No,5th Grade
Gino Giamboi,Glenn Sadler,28,6,1998,No,5th Grade
Brett Harris,Paul Dickson,28,5,1998,No,1st Grade
Ross Baker,Evan Standley,28,6,1999,No,1st Grade
Charles Marlam,Anthony Burke,28,4,2000,No,1st Grade
Darren Young,Darren Holt,28,3,2002,No,1st Grade
Nathan Whitney,Geoff Colgan,28,5,2002,No,1st Grade
Darren Young,Chris Whyte,28,7,2002,No,1st Grade
Kyle Adams,Gregory Martin,28,5,2003,No,1st Grade
Darren Young,Gregory Martin,28,8,2003,No,1st Grade
Darren Holt,Bruce Stark,28,4,2004,No,1st Grade
Sarfaraz Samnakay,Bruce Stark,28,4,2005,No,1st Grade
Raebern DSylva,Darren Hutchins,28,4,2005,No,8th Grade
Kevin Rowland,Tariq Haroon,28,3,2005,No,1st Grade
Paul Dickson,Brett Harrison,28,5,2006,No,2nd Grade
John Lewis,Jeff Stephenson,28,2,2006,No,8th Grade
Bryce Alexander,Scott Powell,28,7,2006,No,2nd Grade
Dennis Freind,Ashley Edwards,28,10,2007,Yes,3rd Grade
Taylor Heath,Cassis Van Wees,28,2,2007,No,9th Grade
Charles Marlam,Craig Bennett,28,4,2007,No,6th Grade
Adam Spencer,Bruce Stark,28,3,2007,No,9th Grade
Cassis Van Wees,Ben Loader,28,2,2007,No,Metropolitan One Day
David Van Wees,Scott Barnard,28,5,2007,No,6th Grade
Ben Loader,Matt Bailey,28,7,2007,No,Metropolitan One Day
Ryan Shelton,Chris Mok,28,1,2007,No,Metropolitan One Day
Matthew Hilleard,Anthony Libia,28,3,2008,No,8th Grade
Ben Loader,Paul Dickson,28,3,2008,No,5th Grade
Kevin Rowland,Arthur Vlahos,28,2,2008,No,Metropolitan One Day
Charles Marlam,David Van Wees,28,3,2008,No,5th Grade
Leon Burrows,Scott Powell,28,5,2008,No,2nd Grade
Bryce Alexander,Ryan Shelton,28,1,2008,No,2nd Grade
Arthur Vlahos,Russell Gerreyn,28,4,2008,No,Metropolitan One Day
Bryce Alexander,T Dias,28,3,2009,No,7th Grade
Scott Powell,Sam Finnigan,28,4,2010,No,5th Grade
Keith Zissis,David Van Wees,28,3,2010,No,7th Grade
Dennis Freind,Keith Zissis,28,2,2010,No,7th Grade
Shane Shaw,Brett Harrison,28,4,2010,No,5th Grade
Tony Bassett,Adam Wreford,28,8,2010,No,2nd Grade
Ryan Barndon,Damien Senge,28,6,2011,Yes,2nd Grade
Andrew Webley,Dave Dewhurst,28,9,2011,No,4th Grade
JD Krasenstein,Darren Johnson,28,3,2012,No,6th Grade
Graeme Pryce,Brett Harrison,28,1,2012,No,3rd Grade
Damien Senge,Ian Wilson,28,4,2012,No,Metropolitan One Day
Kirk Howes,Gino Giamboi,28,8,2013,No,Metropolitan One Day
Alex Vlahos,Brett Noble,28,3,2013,No,Metropolitan One Day
Ross Baker,Russell Normoyle,28,6,2013,No,2nd Grade
Happee Boparai,Sandeep Brar,28,2,2013,No,Mercantile One Day
Ash Eyre,Keith Zissis,28,4,2013,No,Metropolitan One Day
Ross Baker,Ryan Barndon,28,4,2013,No,2nd Grade
Alex Dowson,Daniel Atkinson,28,8,2013,No,3rd Grade
Curtis Stark,Scott Powell,28,3,2013,No,3rd Grade
Ryan Barndon,Daniel Atkinson,28,6,2013,No,2nd Grade
Randeep Brar,Devender Kumar,28,4,2014,No,Metropolitan One Day
Brendan Miller,Curtis Stark,28,6,2014,No,3rd Grade
Brett Harrison,Aaron Robson,28,7,2014,No,3rd Grade
Sandeep Brar,Onka Singh,28,1,2014,No,Metropolitan One Day
Dennis Freind,Gino Giamboi,28,9,2014,No,8th Grade
Happee Boparai,Randeep Brar,28,3,2014,No,Metropolitan One Day
Josh Copping,Ryan Barndon,28,5,2015,Yes,2nd Grade
Ben Gatter,Michael Peter,28,8,2015,No,6th Grade
Curtis Stark,Happee Boparai,28,2,2015,No,4th Grade
Dov Morris,Ryan Barndon,28,5,2015,No,2nd Grade
Leon Burrows,Michael Mani,28,7,2015,No,2nd Grade
K Francis,Aaron Robson,28,8,2015,No,4th Grade
Scott Barnard,Brett Harrison,28,4,2015,No,4th Grade
Adam Lankester,Brendan Miller,28,2,2015,No,4th Grade
Keith Zissis,Kai Homer,28,3,2015,No,7th Grade
C Vaidya,K Murthy Dhansing,28,2,2016,No,Metropolitan One Day
K Murthy Dhansing,R Singhal,28,4,2016,No,5th Grade
Clinton Reid,Darren Johnson,28,2,2016,No,3rd Grade
C Vaidya,Chris Mok,28,1,2016,No,5th Grade
Dennis Freind,Mark Sinclair,28,5,2016,No,6th Grade
R Singhal,C Vaidya,28,4,2016,No,5th Grade
David Van Wees,Tom Condello,28,7,2016,No,6th Grade
Ross Baker,Chris Homer,28,3,2017,No,3rd Grade
James Day,David Van Wees,28,1,2017,No,7th Grade
C Vaidya,S Young,28,5,2017,No,5th Grade
G Minhas,Brett Harrison,28,1,2017,No,5th Grade
Keith Zissis,Sam Finnigan,28,4,2017,No,7th Grade
Jun Singh,Ziiyad Salle,28,9,2018,Yes,Mercantile One Day
DA Allsop,Robbie Edwards,28,9,2018,Yes,2nd Grade
S Gill,Cameron Lee,28,5,2018,No,4th Grade
Curtis Stark,Kai Homer,28,1,2018,No,2nd Grade
Ryan Barndon,Phillip Ross,28,6,2018,No,2nd Grade
David Van Wees,Hayden Candy,28,4,2018,No,Mercantile One Day
Raghu Sharma,Darren Johnson,28,2,2019,No,3rd Grade
Ryan Barndon,LH Berendsen,28,6,2019,No,3rd Grade
J Trichilo,Geoff Colgan,28,4,2019,No,E Division One Day Grade
A Corrie,Dennis Freind,28,5,2019,No,E Division One Day Grade
Daniel Sims,Hayden Candy,28,2,2019,No,C Division One Day Grade
Brett Harrison,Grant Carslake,28,10,2019,No,5th Grade
Ls Buttar,Happee Boparai,28,2,2019,No,5th Grade
LH Berendsen,Phillip Ross,28,9,2019,No,3rd Grade
Brendan Millar,A Singh,28,5,2019,No,3rd Grade
Dov Morris,Ryan Barndon,28,5,2019,No,3rd Grade
Tom Condello,David Hallows,28,8,2019,No,C Division One Day Grade
Cameron Lee,Tom Condello,28,6,2019,No,C Division One Day Grade
Curtis Stark,Ross Baker,28,3,2020,No,A Division One Day Grade
Vishnu Rajendran,Garath Van Der Elst,28,10,2022,No,D Division One Day Grade
John Taylor,Davis Bode,28,5,2022,No,A Division One Day Grade
Nirbhai Sohi,Dov Morris,28,1,2022,No,A Division One Day Grade
Mandeep Singh,Ash Yadav,28,5,2022,No,A Division One Day Grade
Bruce Stark,Alex Hall,28,5,2022,No,G Division One Day Grade
Davis Bode,Ash Yadav,28,1,2022,No,A Division One Day Grade
Nathan Hearnes,Vishnu Rajendran,28,5,2022,No,D Division One Day Grade
Daniel Sims,Brett Harrison,28,2,2022,No,D Division One Day Grade
Jagdeep Brar,Raghu Sharma,28,6,2023,No,A Division One Day Grade
Ross Baker,Dov Morris,28,4,2023,No,B Division One Day Grade
Ross Baker,Davis Bode,28,6,2023,No,B Division One Day Grade
Dov Morris,Oliver Diaz,28,5,2024,No,H Division One Day Grade
Chris Popoff,Scott Bretland,28,2,2024,No,I Division One Day Grade
Bradley Younger,Curtis Stark,28,1,2024,No,C Division One Day Grade
Oliver Diaz,Oscar Benger,28,7,2024,No,H Division One Day Grade
David Cameron,Ryker Newman,28,7,2025,No,A Division One Day Grade
Mohamed Zainudeen,Chamod Dilshan Happawana Vithanage,28,2,2025,No,H Division One Day Grade
Bert Smith,Dave Cosson,27,10,1966,No,1st Grade
Graham Butler,Dennis Freind,27,4,1992,No,1st Grade
Dennis Freind,Peter McSweeney,27,3,1993,No,1st Grade
David Sheppard,David Separovic,27,10,1994,No,1st Grade
Anthony Wallwork,Mark Butler,27,10,1997,Yes,1st Grade
Michael Petrie,Charles Marlam,27,4,1997,No,3rd Grade
Chris Henderson,Jeff West,27,9,1997,No,7th Grade
John Cottier,Ward Bond,27,1,1997,No,3rd Grade
Paul McNamara,Russell Gerreyn,27,4,1997,No,5th Grade
Keith DeSilva,Lee Blake,27,2,1997,No,Metropolitan One Day
Gino Giamboi,Kevin Rowland,27,6,1997,No,5th Grade
Michael Petrie,Ron Gillespie,27,3,1998,No,3rd Grade
Paul Dickson,Evan Standley,27,6,1998,No,1st Grade
Mark Dickson,Barry Richardson,27,5,1998,No,5th Grade
Peter Bibby,Darren Green,27,10,1998,No,3rd Grade
Mark Dickson,Christopher Jebb,27,8,1998,No,3rd Grade
Ross Baker,Geoff Colgan,27,5,1999,Yes,1st Grade
Dennis Freind,Bryce Alexander,27,2,1999,No,1st Grade
Anthony Libia,Kim Anderson,27,8,1999,No,5th Grade
Gary Burton,Ian Blake,27,2,1999,No,5th Grade
Joshua Farmer,Nathan Whitney,27,5,1999,No,1st Grade
Gary Burton,Russell Gerreyn,27,1,1999,No,5th Grade
Kyle Adams,Ben OMera,27,4,2001,No,1st Grade
Darren Young,Nathan Whitney,27,6,2001,No,1st Grade
Robbie Taylor,Geoff Colgan,27,6,2002,No,1st Grade
Chris Whyte,Darren Young,27,9,2002,No,1st Grade
Ron Gillespie,Nathan Whitney,27,5,2003,No,1st Grade
Ron Gillespie,Mark Dickson,27,5,2003,No,1st Grade
Darren Young,Glenn Andersson,27,9,2003,No,1st Grade
Malcolm Williams,Anthony Burke,27,4,2004,No,1st Grade
Bruce Stark,Anthony Burke,27,6,2004,No,1st Grade
Peter Bibby,David Van Wees,27,1,2005,No,Metropolitan One Day
Michael Gartell,Brett Harrison,27,3,2005,No,Metropolitan One Day
Ryan Barndon,Jeff Barndon,27,4,2005,No,4th Grade
Aaron Robson,Dave Dewhurst,27,6,2005,No,Metropolitan One Day
Robbie Edwards,Gino Giamboi,27,9,2005,No,4th Grade
Dennis Freind,Jason Alexander,27,3,2005,No,4th Grade
Robert McKrill,James Vellios,27,9,2005,No,Metropolitan One Day
Anthony Libia,Kevin Rowland,27,1,2005,No,1st Grade
Robbie Edwards,Jason Alexander,27,2,2005,No,4th Grade
Paul Dickson,Scott Powell,27,6,2006,No,2nd Grade
Scott Powell,Gino Giamboi,27,5,2007,No,6th Grade
Russell Normoyle,Matt Bailey,27,6,2007,No,Metropolitan One Day
Curtis Stark,Scott Powell,27,5,2007,No,3rd Grade
Timothy Gailbraith,Robbie Edwards,27,10,2007,No,Metropolitan One Day
Russell Gerreyn,Chris Mok,27,1,2007,No,9th Grade
Timothy Gailbraith,Chris Mok,27,2,2007,No,Metropolitan One Day
Christopher Jebb,Ben Stephenson,27,5,2007,No,9th Grade
Darren Hutchins,Steve Moore,27,8,2007,No,6th Grade
Ryan Shelton,Timothy Gailbraith,27,4,2007,No,Metropolitan One Day
Leon Burrows,Bryce Alexander,27,5,2007,No,3rd Grade
Ben Loader,Ryan Barndon,27,1,2008,No,5th Grade
Paul Dickson,Brett Harrison,27,4,2008,No,5th Grade
Keith Zissis,Russell Gerreyn,27,1,2009,No,Metropolitan One Day
Dennis Freind,Dave Dewhurst,27,9,2009,No,5th Grade
Leon Burrows,Ross Baker,27,3,2009,No,2nd Grade
Brett Harrison,Ash Eyre,27,6,2009,No,2nd Grade
Keith Zissis,Paul Peos,27,1,2009,No,Metropolitan One Day
Dov Morris,Ross Baker,27,3,2010,No,2nd Grade
Dov Morris,Ryan Barndon,27,1,2010,No,2nd Grade
Damien Senge,Ross Baker,27,3,2010,No,2nd Grade
Leon Burrows,Ryan James,27,8,2010,No,2nd Grade
J Eyre,JA Timos,27,6,2010,No,Metropolitan One Day
Leon Burrows,Ross Baker,27,5,2011,No,2nd Grade
Michael Peter,Jeff Stephenson,27,9,2011,No,4th Grade
Dov Morris,Scott Powell,27,1,2011,No,2nd Grade
Brett Harrison,Michael Peter,27,8,2011,No,4th Grade
Bryce Alexander,Scott Barnard,27,4,2011,No,2nd Grade
Russell Normoyle,Ryan Barndon,27,1,2011,No,2nd Grade
Leon Okely,Brett Harrison,27,6,2011,No,4th Grade
Lee Maas,A Bloor,27,5,2012,No,6th Grade
L Pollard,Gino Giamboi,27,6,2012,No,Metropolitan One Day
Matt Wilson,Ben Stephenson,27,10,2012,No,2nd Grade
Brett Harrison,Aaron Robson,27,7,2012,No,3rd Grade
Ian Wilson,Lee Maas,27,6,2012,No,Metropolitan One Day
Robbie Edwards,Lee Maas,27,6,2012,No,6th Grade
Ben Price,Damien Senge,27,3,2012,No,3rd Grade
Bruce Stark,Timothy Gailbraith,27,2,2012,No,6th Grade
Clinton Reid,Leon Burrows,27,2,2012,No,2nd Grade
Scott Powell,Kai Homer,27,5,2013,Yes,3rd Grade
Yaadwinder Toor,Mandeep Singh,27,6,2013,No,Mercantile One Day
Clinton Reid,Ryan Barndon,27,5,2013,No,2nd Grade
Kai Homer,Garath Van Der Elst,27,1,2014,No,5th Grade
R Amlani,Tom Condello,27,6,2014,No,8th Grade
Brendan Miller,Brett Harrison,27,6,2014,No,3rd Grade
Bryce Alexander,A Anand,27,6,2014,No,8th Grade
Ross Baker,Bryce Alexander,27,4,2014,No,2nd Grade
Brett Harrison,Lee Maas,27,9,2014,No,3rd Grade
Sandeep Brar,Happee Boparai,27,1,2014,No,Metropolitan One Day
David Van Wees,AB Goodchild,27,7,2014,No,8th Grade
H Batth,Mandeep Sidhu,27,10,2014,No,Metropolitan One Day
Sandeep Brar,Randeep Brar,27,4,2014,No,Metropolitan One Day
Keith Zissis,Dennis Freind,27,2,2015,No,7th Grade
K Symons,P Rados,27,4,2015,No,7th Grade
Paul Dickson,John Taylor,27,5,2015,No,6th Grade
Dennis Freind,David Van Wees,27,8,2015,No,7th Grade
Karamjeet Singh,Sandeep Brar,27,6,2015,No,2nd Grade
Aaron Robson,Russell Normoyle,27,1,2015,No,4th Grade
Dov Morris,Sandeep Brar,27,2,2015,No,2nd Grade
Tom Condello,Robbie Edwards,27,10,2015,No,7th Grade
Brett Harrison,Brendan Miller,27,6,2015,No,4th Grade
Gurpreet Sidhu,John Taylor,27,4,2015,No,6th Grade
R Singhal,K Murthy Dhansing,27,2,2016,No,9th Grade
Clinton Reid,Mandeep Singh,27,4,2016,No,5th Grade
S Wagh,I Morawiec,27,6,2016,No,Metropolitan One Day
Scott Barnard,N Singh,27,2,2016,No,3rd Grade
Tyrone Allen,James Ditchburn,27,10,2016,No,3rd Grade
Mandeep Singh,Darren Stride,27,3,2016,No,5th Grade
James Ditchburn,Courtney Swift,27,8,2016,No,9th Grade
Ryan Barndon,Tony Bassett,27,7,2016,No,3rd Grade
Jake Finney,Darren Johnson,27,2,2016,No,1st Grade
Brett Harrison,R Edmonds,27,6,2016,No,3rd Grade
JD Krasenstein,Courtney Swift,27,4,2016,No,9th Grade
Dov Morris,Ryan Barndon,27,3,2016,No,1st Grade
Clinton Reid,Brett Harrison,27,2,2017,No,3rd Grade
Darren Johnson,Scott Barnard,27,3,2017,No,1st Grade
Jun Singh,Brad Walker,27,3,2017,No,3rd Grade
S Gill,Jun Singh,27,4,2017,No,5th Grade
Bruce Stark,C Tilley,27,6,2017,No,3rd Grade
Brendan Millar,Craig Bennett,27,6,2017,No,7th Grade
Paul McNamara,David Van Wees,27,4,2018,No,Mercantile One Day
Mark Sinclair,G Fawell,27,5,2018,No,Mercantile One Day
Garath Van Der Elst,Happee Boparai,27,1,2018,No,4th Grade
Keith Zissis,Darren Stride,27,6,2018,No,Mercantile One Day
Curtis Stark,Ryan Barndon,27,3,2018,No,2nd Grade
Paul Maindok,Clinton Reid,27,2,2019,No,C Division One Day Grade
Jun Singh,Bikram Singh,27,3,2019,No,5th Grade
Raghu Sharma,Curtis Stark,27,1,2019,No,3rd Grade
Darren Young,John Taylor,27,6,2019,No,B Division One Day Grade
Jun Singh,Geoff Colgan,27,7,2019,No,B Division One Day Grade
Justin Kickett,Tom Condello,27,8,2020,Yes,F Division One Day Grade
Justin Kickett,Chris Popoff,27,3,2020,No,F Division One Day Grade
Ash Yadav,Curtis Stark,27,1,2020,No,A Division One Day Grade
Mandeep Singh,G Singh,27,7,2020,No,A Division One Day Grade
Adam Duffy,Tom Condello,27,9,2020,No,F Division One Day Grade
Jun Singh,Brett Harrison,27,4,2021,No,B Division One Day Grade
Parminder Sandhu,Chris Popoff,27,2,2021,No,G Division One Day Grade
Dov Morris,Ross Baker,27,2,2021,No,B Division One Day Grade
Curtis Stark,Parminder Sandhu,27,1,2021,No,G Division One Day Grade
Jun Singh,Tony Bassett,27,8,2022,No,B Division One Day Grade
Bikram Singh,Pankaj Dhall,27,9,2022,No,A Division One Day Grade
Trent George Kennedy,Curtis Stark,27,1,2022,No,B Division One Day Grade
Daniel Sims,Curtis Stark,27,1,2023,No,C Division One Day Grade
Nilan Chandratilake,Aaron Robson,27,3,2023,No,I Division One Day Grade
Bikram Singh,Vinit Kumar,27,7,2023,No,A Division One Day Grade
Dov Morris,Davis Bode,27,7,2023,No,B Division One Day Grade
Daniel Atkinson,Dov Morris,27,4,2023,No,B Division One Day Grade
Dov Morris,Ryan Herbert,27,1,2024,No,H Division One Day Grade
Aaron Robson,Adam Duffy,27,3,2024,No,I Division One Day Grade
Luca Crombie,Scott Bretland,27,2,2024,No,I Division One Day Grade
Alexio Yiannakis,Bailey Hampson,27,3,2024,No,H Division One Day Grade
Clinton Reid,Ryker Newman,27,3,2024,No,C Division One Day Grade
Brett Harrison,Bradley Younger,27,5,2025,No,D Division One Day Grade
Manoj jayawardena,Chamod Dilshan Happawana Vithanage,27,4,2025,No,H Division One Day Grade
Clinton Reid,Bradley Younger,27,1,2025,No,D Division One Day Grade
Tom Condello,Kevin Bishop,27,10,2025,No,I Division One Day Grade
Brett Harrison,Hayden Candy,27,4,2025,No,D Division One Day Grade
Vihanga Silva,Buddika Buthpitilekamalage,27,7,2025,No,H Division One Day Grade
Dave Cosson,Barry Armstrong,26,10,1963,No,1st Grade
Alby Braun,Dave Cosson,26,9,1963,No,1st Grade
Damian Thompson,Cameron Briscoe,26,4,1992,No,1st Grade
Justin Fisher,Damian Thompson,26,6,1992,No,1st Grade
Mark Dickson,Dennis Freind,26,3,1993,No,1st Grade
Ron Gillespie,Graham Butler,26,3,1994,No,1st Grade
Paul McNamara,Gary Freind,26,7,1994,No,1st Grade
Ken Hart,Paul McNamara,26,6,1994,No,1st Grade
Kevin Rowland,Paul Dickson,26,1,1995,No,1st Grade
Paul Dickson,Gregory Smith,26,2,1995,No,1st Grade
Tim Reid,Darren Holt,26,4,1997,No,5th Grade
Darren Holt,Geoff Colgan,26,2,1997,No,1st Grade
Gino Giamboi,Tony Carrier,26,9,1997,No,5th Grade
David Singh,Barry Richardson,26,6,1997,No,5th Grade
Lee Blake,Richard Sturgess,26,7,1997,No,7th Grade
Jason Alexander,Keith DeSilva,26,1,1997,No,7th Grade
Glenn Sadler,Wade Carruthers,26,7,1998,No,5th Grade
John Cottier,Michael Petrie,26,3,1998,No,3rd Grade
Kevin Rowland,Kyle Adams,26,6,1998,No,1st Grade
John Lewis,Barry Richardson,26,4,1998,No,5th Grade
Wade Carruthers,Darren Green,26,10,1998,No,3rd Grade
David Brooks,Paul Dickson,26,1,1998,No,3rd Grade
Wade Carruthers,Marcus Nolan,26,8,1999,No,1st Grade
Ian Blake,Lee Blake,26,4,1999,No,5th Grade
Marcus Nolan,Darren Holt,26,3,1999,No,1st Grade
Gary Burton,Ian Blake,26,4,1999,No,5th Grade
Bryce Alexander,Courtney Swift,26,5,1999,No,1st Grade
Darren Holt,Dennis Freind,26,3,1999,No,1st Grade
Nathan Whitney,Darren Young,26,4,2000,Yes,1st Grade
Nathan Whitney,Jay Holland,26,6,2000,No,1st Grade
Stephen Clarke,Darren Young,26,1,2000,No,1st Grade
Robbie Taylor,David Lenane,26,5,2001,No,1st Grade
David Lenane,Robbie Taylor,26,7,2001,No,1st Grade
Kyle Adams,Nathan Whitney,26,3,2002,No,1st Grade
Darren Holt,Graeme Angwin,26,5,2002,No,1st Grade
David Lenane,Ron Gillespie,26,4,2003,No,1st Grade
Malcolm Williams,Glenn Andersson,26,5,2004,No,1st Grade
Luke Capper,Glenn Andersson,26,6,2004,No,1st Grade
Geoff Colgan,David Lenane,26,1,2004,No,1st Grade
Jeff West,Daniel Atkinson,26,2,2005,No,4th Grade
Anthony Burke,Gregory Martin,26,7,2005,No,1st Grade
Jason Alexander,Russell Normoyle,26,3,2005,No,4th Grade
David Van Wees,Scott Powell,26,3,2005,No,Metropolitan One Day
Robert McKrill,Scott Kimber,26,10,2005,No,Metropolitan One Day
Charles Marlam,Dennis Freind,26,1,2005,No,4th Grade
Sharjeel Ashraf,Mark Dickson,26,5,2005,No,1st Grade
John Lewis,Russell Gerreyn,26,4,2005,No,8th Grade
Courtney Swift,Danny Bidgood,26,5,2006,No,8th Grade
Bryce Alexander,Paul Dickson,26,4,2006,No,2nd Grade
Damian Bourke,Courtney Swift,26,5,2006,No,8th Grade
Ryan Barndon,David Van Wees,26,3,2006,No,5th Grade
Anthony Libia,Gino Giamboi,26,10,2006,No,2nd Grade
Bryce Alexander,Aaron Robson,26,8,2006,No,2nd Grade
Paul Dickson,Bryce Alexander,26,5,2006,No,2nd Grade
Russell Gerreyn,Leon Burrows,26,2,2006,No,5th Grade
Leon Burrows,Craig Bennett,26,6,2007,Yes,3rd Grade
Leigh Spencer,Aaron Robson,26,6,2007,No,6th Grade
Steven Freind,Ryan Shelton,26,1,2007,No,Metropolitan One Day
Bruce Stark,Daryl Pegrum,26,4,2007,No,9th Grade
Ryan Barndon,Scott Powell,26,5,2007,No,3rd Grade
Timothy Gailbraith,Craig Fernie,26,6,2007,No,Metropolitan One Day
Ryan Shelton,Steven Freind,26,4,2007,No,Metropolitan One Day
Ryan Barndon,Leon Burrows,26,1,2007,No,3rd Grade
Darren Hutchins,Matthew Hilleard,26,1,2008,No,8th Grade
Curtis Stark,Scott Powell,26,5,2008,No,2nd Grade
Arthur Vlahos,Zack Van Wees,26,8,2008,No,Metropolitan One Day
Steven Freind,Ian Gamble,26,5,2008,No,8th Grade
John Taylor,Ryan Barndon,26,4,2008,No,2nd Grade
Ben Stephenson,Darren Hutchins,26,1,2008,No,8th Grade
Russell Normoyle,Ryan James,26,1,2009,No,7th Grade
Ross Baker,Adam Wreford,26,7,2009,No,2nd Grade
Keith Zissis,Darren Hutchins,26,2,2010,No,Metropolitan One Day
Dov Morris,Ryan Barndon,26,1,2010,No,2nd Grade
Brett Harrison,Adam Wreford,26,6,2010,No,5th Grade
Dennis Freind,Paul Dickson,26,1,2010,No,7th Grade
Scott Powell,Bruce Stark,26,2,2010,No,5th Grade
Paul Dickson,Russell Gerreyn,26,1,2011,No,Metropolitan One Day
Daniel Allsop,Ben Gatter,26,6,2011,No,6th Grade
Dov Morris,Ryan Barndon,26,2,2011,No,2nd Grade
Clinton Reid,Paul Dickson,26,6,2012,No,3rd Grade
Graeme Pryce,Darren Johnson,26,1,2012,No,3rd Grade
Keith Zissis,Russell Gerreyn,26,1,2012,No,Metropolitan One Day
Ian Wilson,Gino Giamboi,26,7,2012,No,Metropolitan One Day
Curtis Stark,Timothy Gailbraith,26,7,2012,No,6th Grade
Dov Morris,Daniel Atkinson,26,3,2012,No,2nd Grade
Ross Baker,Ryan Barndon,26,6,2012,No,2nd Grade
Ben Price,Tony Bassett,26,4,2012,No,3rd Grade
Conor Breheny,RA Kobryn Coletti,26,4,2013,No,5th Grade
Karamjeet Singh,Randeep Brar,26,4,2013,No,Mercantile One Day
Josh Copping,Aaron Robson,26,7,2013,No,3rd Grade
Mayank Madan,Mick Andrews,26,7,2013,No,5th Grade
Dov Morris,Scott Barnard,26,2,2013,No,2nd Grade
Adam Wreford,Tony Bassett,26,8,2013,No,2nd Grade
James Day,David Van Wees,26,2,2013,No,5th Grade
James Day,David Van Wees,26,2,2013,No,5th Grade
Daniel Atkinson,Josh Copping,26,5,2013,No,3rd Grade
Curtis Stark,Leon Burrows,26,1,2013,No,2nd Grade
Onka Singh,Mandeep Singh,26,2,2013,No,Mercantile One Day
Bryce Alexander,AB Goodchild,26,6,2014,Yes,8th Grade
Scott Barnard,Karamjeet Singh,26,6,2014,No,2nd Grade
Leon Burrows,Adam Wreford,26,9,2014,No,2nd Grade
Adam Lankester,Michael Peter,26,3,2014,No,5th Grade
Aaron Robson,Brett Harrison,26,8,2014,No,3rd Grade
Karamjeet Singh,Matt Wilson,26,7,2014,No,2nd Grade
Adam Lankester,Garath Van Der Elst,26,1,2014,No,5th Grade
David Van Wees,Martin Burrow,26,3,2014,No,5th Grade
Randeep Brar,Mandeep Singh,26,5,2014,No,Metropolitan One Day
Randeep Brar,Mandeep Singh,26,5,2014,No,Metropolitan One Day
R Singhal,Gurpreet Sidhu,26,4,2015,No,6th Grade
Karamjeet Singh,James Ditchburn,26,9,2015,No,2nd Grade
Michael Peter,M Munish,26,5,2015,No,6th Grade
Gurpreet Sidhu,Scott Powell,26,4,2015,No,7th Grade
John Taylor,Brendan Miller,26,5,2015,No,6th Grade
Brendan Miller,Brett Harrison,26,6,2015,No,4th Grade
Bryce Alexander,Craig Bennett,26,3,2015,No,7th Grade
Dov Morris,Scott Barnard,26,3,2016,No,1st Grade
Clinton Reid,Curtis Stark,26,1,2016,No,3rd Grade
Curtis Stark,Darren Johnson,26,2,2016,No,3rd Grade
Jun Singh,Mandeep Singh,26,6,2017,No,5th Grade
Garath Van Der Elst,B LeCras,26,7,2017,No,7th Grade
Daniel Atkinson,Chris Mok,26,8,2018,Yes,2nd Grade
C Vaidya,Karamdeep Brar,26,10,2018,No,4th Grade
C Vaidya,S Gill,26,7,2018,No,4th Grade
Bikram Singh,Garath Van Der Elst,26,6,2018,No,4th Grade
K Symons,Karamdeep Brar,26,9,2018,No,4th Grade
Jagdeep Brar,Bikram Singh,26,6,2019,No,5th Grade
Darren Young,A Malik,26,1,2019,No,B Division One Day Grade
Paul Maindok,Hayden Candy,26,1,2019,No,C Division One Day Grade
Geoff Colgan,Darren Young,26,2,2019,No,B Division One Day Grade
Curtis Stark,Raghu Sharma,26,1,2019,No,3rd Grade
O Cranny,Bruce Stark,26,6,2019,No,E Division One Day Grade
Danny Toohey,J Trichilo,26,2,2019,No,E Division One Day Grade
Ryan Barndon,LH Berendsen,26,6,2019,No,3rd Grade
Duane Crombie,Bruce Stark,26,5,2020,Yes,F Division One Day Grade
Brett Harrison,Michael Peter,26,6,2020,Yes,E Division One Day Grade
John Taylor,Michael Peter,26,5,2020,No,E Division One Day Grade
Ross Baker,Jun Singh,26,4,2021,Yes,B Division One Day Grade
Dan Leatham,Keith Zissis,26,7,2021,No,E Division One Day Grade
Dov Morris,Darren Johnson,26,2,2021,No,B Division One Day Grade
Thanuja Jayakodi Arachchige,Garath Van Der Elst,26,10,2021,No,B Division One Day Grade
Vishnu Rajendran,David Chignell,26,8,2022,Yes,D Division One Day Grade
Aaron Robson,Bruce Stark,26,1,2022,No,G Division One Day Grade
Ash Yadav,Dov Morris,26,3,2022,No,A Division One Day Grade
Duane Crombie,Gurpreet Brar,26,2,2022,No,G Division One Day Grade
Curtis Stark,Phillip Ross,26,7,2022,No,B Division One Day Grade
Adam Duffy,Jun Singh,26,2,2022,No,G Division One Day Grade
Scott Bretland,Ajay Malik,26,5,2023,Yes,I Division One Day Grade
Kai Homer,Clinton Reid,26,1,2023,No,C Division One Day Grade
Jagdeep Brar,Bikram Singh,26,6,2023,No,A Division One Day Grade
Clinton Reid,Dan Leatham,26,1,2024,No,C Division One Day Grade
Vihanga Silva,Prashan Herath,26,8,2025,Yes,H Division One Day Grade
Aaron Robson,Kevin Bishop,26,6,2025,No,I Division One Day Grade
Campbell Robson,Kevin Bishop,26,9,2025,No,I Division One Day Grade
Darren Franklin,Dennis Freind,26,7,2025,No,I Division One Day Grade
Bradley Younger,Brett Harrison,26,3,2025,No,D Division One Day Grade
Vishnu Rajendran,Alex Cox,26,4,2025,No,D Division One Day Grade
Leon Burrows,Curtis Stark,26,2,2025,No,A Division One Day Grade
Alby Braun,Dave Cosson,25,10,1963,No,1st Grade
Brian Buttsworth,Rob Wheeler,25,2,1965,No,1st Grade
Alan Jones,Grant Meredith,25,9,1979,No,1st Grade
Dennis Freind,Justin Fisher,25,1,1992,No,1st Grade
Dennis Freind,Graham Butler,25,3,1992,No,1st Grade
Dennis Freind,Ian Price,25,1,1994,No,1st Grade
Gregory Smith,Ron Gillespie,25,5,1995,No,1st Grade
John Eyres,David Brooks,25,1,1997,No,7th Grade
Gino Giamboi,Michael Petrie,25,4,1997,No,5th Grade
Keith DeSilva,Mick OReilly,25,1,1997,No,Metropolitan One Day
Gary Freind,Bruce West,25,1,1997,No,5th Grade
Christopher Jebb,Robert McKrill,25,7,1997,No,3rd Grade
Tim Reid,Russell Gerreyn,25,7,1997,No,5th Grade
Kevin Rowland,Shane Innes,25,2,1997,No,5th Grade
Bruce Stark,Ken Hart,25,7,1997,No,3rd Grade
Evan Standley,Christopher Jebb,25,6,1998,No,3rd Grade
Ward Bond,Christopher Jebb,25,6,1998,No,3rd Grade
Adam Bassett,Peter Bibby,25,7,1998,No,1st Grade
Darren Holt,Adam Bassett,25,3,1998,No,1st Grade
Ian Blake,Craig Phillip,25,10,1999,Yes,5th Grade
Christopher Barnes,Jay Holland,25,8,2000,No,1st Grade
Anthony Burke,Dennis Freind,25,10,2001,Yes,1st Grade
Geoff Colgan,Kevin Rowland,25,1,2001,No,1st Grade
Nathan Whitney,Kevin Rowland,25,8,2002,No,1st Grade
Bryce Alexander,Kyle Adams,25,2,2003,No,1st Grade
Gregory Martin,Anthony Burke,25,7,2005,No,1st Grade
Jeff West,Raebern DSylva,25,1,2005,No,8th Grade
Dave Dewhurst,Aaron Robson,25,6,2005,No,Metropolitan One Day
Bruce Stark,Kevin Rowland,25,1,2005,No,1st Grade
Christopher Jebb,Scott Powell,25,5,2006,No,2nd Grade
Mark Stevens,Danny Bidgood,25,2,2006,No,8th Grade
Simon Borrett,Danny Wildman,25,6,2006,No,5th Grade
John Taylor,Simon Wilson,25,3,2006,No,8th Grade
Gino Giamboi,Darren Hutchins,25,8,2007,No,6th Grade
John Taylor,Charles Marlam,25,4,2007,No,3rd Grade
Darren Hutchins,Robbie Edwards,25,10,2007,No,6th Grade
Leon Burrows,Craig Bennett,25,2,2007,No,3rd Grade
Neil Steadman,Ashley Edwards,25,9,2007,No,9th Grade
Leon Burrows,Bryce Alexander,25,3,2007,No,3rd Grade
Scott Powell,Tony Bassett,25,9,2007,No,3rd Grade
David Van Wees,Adam Wreford,25,6,2008,No,5th Grade
Matthew Hilleard,Timothy Gailbraith,25,8,2008,No,8th Grade
Charles Marlam,Brett Harrison,25,5,2008,No,5th Grade
Kevin Rowland,Anthony Libia,25,3,2008,No,8th Grade
Sam Finnigan,Darren Hutchins,25,6,2008,No,8th Grade
Gino Giamboi,JD Paternostro,25,9,2008,No,8th Grade
Ben Stephenson,Matthew Hilleard,25,3,2008,No,8th Grade
Ross Baker,Dennis Freind,25,8,2009,Yes,5th Grade
Leon Burrows,Scott Barnard,25,2,2009,No,2nd Grade
Kenneth Kelly,Alex Vlahos,25,6,2009,No,Metropolitan One Day
Brett Harrison,Adam Wreford,25,5,2009,No,2nd Grade
Charles Marlam,Robbie Edwards,25,9,2009,No,7th Grade
Timothy Gailbraith,Gino Giamboi,25,9,2009,No,7th Grade
Keith Zissis,Paul Peos,25,1,2010,No,Metropolitan One Day
Matt Behn,Sam Finnigan,25,7,2010,No,2nd Grade
Scott Powell,Curtis Stark,25,1,2010,No,5th Grade
Paul Massara,D Harris,25,5,2010,No,5th Grade
Dov Morris,Ryan Barndon,25,2,2010,No,2nd Grade
Shane Shaw,Brett Harrison,25,5,2010,No,5th Grade
Bruce Stark,Matt Wilson,25,7,2011,No,6th Grade
Ryan Barndon,Scott Barnard,25,2,2011,No,2nd Grade
Aaron Robson,Leon Okely,25,3,2011,No,4th Grade
Dov Morris,Ryan Barndon,25,1,2011,No,2nd Grade
Tony Bassett,R Morgan,25,6,2012,No,3rd Grade
Charles Marlam,Aaron Robson,25,1,2012,No,3rd Grade
Curtis Stark,Andrew Webley,25,3,2012,No,6th Grade
Mandeep Sidhu,Jagdeep Brar,25,9,2013,Yes,Mercantile One Day
Clinton Reid,Brett Harrison,25,3,2013,Yes,3rd Grade
Randeep Brar,Yaadwinder Toor,25,1,2013,No,Metropolitan One Day
Scott Barnard,Ross Baker,25,3,2013,No,2nd Grade
Josh Taylor,Robbie Edwards,25,10,2013,No,5th Grade
Dov Morris,Josh Taylor,25,3,2013,No,2nd Grade
Dov Morris,Ryan Barndon,25,1,2013,No,2nd Grade
Mandeep Singh,Gurpreet Sidhu,25,7,2013,No,Mercantile One Day
Happee Boparai,Karamjeet Singh,25,3,2013,No,Mercantile One Day
Scott Powell,Curtis Stark,25,1,2014,No,3rd Grade
Scott Barnard,Leon Burrows,25,5,2014,No,2nd Grade
Onka Singh,Randeep Brar,25,5,2014,No,Metropolitan One Day
Ben Gatter,Chris Mok,25,9,2014,No,5th Grade
Garath Van Der Elst,Adam Lankester,25,1,2014,No,5th Grade
Mandeep Singh,Mandeep Sidhu,25,6,2014,No,Metropolitan One Day
Sandeep Brar,Gurpreet Sidhu,25,2,2014,No,Metropolitan One Day
Sandeep Brar,Randeep Brar,25,3,2014,No,Metropolitan One Day
Scott Barnard,Jake Finney,25,1,2014,No,2nd Grade
Bryce Alexander,AB Goodchild,25,4,2014,No,8th Grade
Randeep Brar,N Thiranrajan,25,4,2014,No,Metropolitan One Day
Goppi Singh,P Singh,25,2,2015,No,9th Grade
Chris Mok,Gurpreet Sidhu,25,3,2015,No,6th Grade
K Sharma,Ross Baker,25,5,2016,No,1st Grade
Jun Singh,Ash Eyre,25,2,2016,No,6th Grade
Garath Van Der Elst,Phillip Ross,25,4,2016,No,9th Grade
JD Krasenstein,Grant Carslake,25,5,2016,No,9th Grade
R Clifton James,K Natraj,25,7,2016,No,9th Grade
K Murthy Dhansing,S Young,25,8,2016,No,5th Grade
A Corrie,Tom Condello,25,10,2017,Yes,3rd Grade
Karamjeet Singh,Scott Barnard,25,5,2017,No,1st Grade
Ross Baker,Tom Condello,25,7,2017,No,3rd Grade
Adam Lankester,Curtis Stark,25,1,2017,No,1st Grade
Dov Morris,A Malik,25,5,2017,No,1st Grade
Adam Lankester,Curtis Stark,25,1,2017,No,1st Grade
R Singhal,Bikram Singh,25,2,2017,No,5th Grade
David Van Wees,Dennis Freind,25,1,2017,No,7th Grade
Brendan Millar,James Ditchburn,25,7,2017,No,3rd Grade
Keith Zissis,Garath Van Der Elst,25,5,2017,No,7th Grade
Bikram Singh,Chris Homer,25,3,2017,No,5th Grade
Ross Baker,Darren Stride,25,8,2017,No,3rd Grade
Dennis Freind,Robbie Edwards,25,9,2017,No,3rd Grade
David Van Wees,Garath Van Der Elst,25,8,2017,No,7th Grade
Brad Walker,Curtis Stark,25,5,2018,No,4th Grade
Paul Maindok,Hayden Candy,25,2,2018,No,Mercantile One Day
Scott Barnard,Ryan Barndon,25,5,2018,No,2nd Grade
Mandeep Singh,Bikram Singh,25,6,2018,No,4th Grade
S Gill,Jun Singh,25,8,2018,No,4th Grade
Happee Boparai,Ross Baker,25,2,2018,No,4th Grade
Keith Zissis,Hayden Candy,25,4,2018,No,Mercantile One Day
Happee Boparai,Jagdeep Brar,25,6,2019,Yes,5th Grade
Sandeep Brar,Randeep Brar,25,3,2019,No,5th Grade
Dov Morris,T Allen,25,1,2019,No,5th Grade
Bikram Singh,Randeep Brar,25,4,2019,No,5th Grade
Sandeep Brar,Ryan Barndon,25,6,2019,No,3rd Grade
J Trichilo,B Adams,25,4,2019,No,E Division One Day Grade
Raghu Sharma,LH Berendsen,25,5,2019,No,3rd Grade
Nilan Chandratilake,Duane Crombie,25,2,2019,No,E Division One Day Grade
Ash Eyre,Darren Young,25,3,2019,No,B Division One Day Grade
John Taylor,Adam Wreford,25,5,2020,No,E Division One Day Grade
Curtis Stark,A Singh,25,3,2020,No,A Division One Day Grade
Nirbhai Sohi,Curtis Stark,25,9,2020,No,A Division One Day Grade
BE Cranny,Adam Duffy,25,3,2020,No,F Division One Day Grade
Happee Boparai,Jagdeep Brar,25,5,2021,No,A Division One Day Grade
Thomas Cross,Keith Zissis,25,1,2021,No,E Division One Day Grade
Curtis Stark,G Singh,25,5,2021,No,B Division One Day Grade
Aaron Robson,R Singhal,25,6,2021,No,G Division One Day Grade
Aaron Robson,R Singhal,25,6,2021,No,G Division One Day Grade
Mandeep Singh,Jagdeep Brar,25,6,2022,Yes,A Division One Day Grade
Hayden Candy,David Chignell,25,7,2022,Yes,D Division One Day Grade
Darren Johnson,Glenn Welton,25,1,2022,No,B Division One Day Grade
Vishnu Rajendran,David Chignell,25,9,2022,No,D Division One Day Grade
Hayden Candy,Dan Leatham,25,5,2022,No,D Division One Day Grade
Gurpreet Brar,Aaron Robson,25,5,2022,No,G Division One Day Grade
Adam Duffy,Nilan Chandratilake,25,1,2022,No,G Division One Day Grade
Dov Morris,Mandeep Singh,25,3,2022,No,A Division One Day Grade
Ross Baker,Russell Normoyle,25,6,2022,No,B Division One Day Grade
Darren Johnson,Clinton Reid,25,6,2023,Yes,B Division One Day Grade
Cameron Lee,Ryker Newman,25,8,2023,No,C Division One Day Grade
Nirbhai Sohi,Raghu Sharma,25,4,2023,No,A Division One Day Grade
Bruce Stark,Darren Franklin,25,7,2023,No,I Division One Day Grade
Cameron Lee,Hayden Candy,25,5,2023,No,C Division One Day Grade
Nilan Chandratilake,Scott Bretland,25,3,2024,No,I Division One Day Grade
Dov Morris,Cooper Ilich King,25,5,2024,No,H Division One Day Grade
Nilan Chandratilake,Keith Zissis,25,3,2024,No,I Division One Day Grade
Moran Robert Dedman Nielsen,Dev Baswan,25,9,2024,No,C Division One Day Grade
Ryker Newman,Moran Robert Dedman Nielsen,25,2,2024,No,C Division One Day Grade
Kirk Howes,Leon Burrows,25,10,2025,Yes,A Division One Day Grade
Jun Singh,Curtis Stark,25,1,2025,No,D Division One Day Grade
Lakmal Madushanka Madawala Maddumage Don,Saliya Widanagamage,25,2,2025,No,H Division One Day Grade
Missaka Wickramasinghe,Saliya Widanagamage,25,2,2025,No,H Division One Day Grade
Curtis Stark,Jun Singh,25,6,2025,No,D Division One Day Grade
Prabud Peduru Hewa,Mohamed Zainudeen,25,1,2025,No,H Division One Day Grade
Brian France,Barry Armstrong,24,5,1964,No,1st Grade
Bert Smith,Keith Randell,24,9,1965,No,1st Grade
Brian Buttsworth,Keith Randell,24,1,1965,No,1st Grade
Ian Blake,Justin Fisher,24,2,1993,No,1st Grade
Graham Butler,Ian Blake,24,1,1994,No,1st Grade
Justin Fisher,Dennis Freind,24,5,1994,No,1st Grade
Paul Dickson,Chris Whyte,24,1,1995,No,1st Grade
Peter McSweeney,David Separovic,24,9,1995,No,1st Grade
Brett Tester,Mark Rush,24,7,1997,No,4th Grade
Barry Richardson,Alan Edwards,24,1,1997,No,Metropolitan One Day
Gary Freind,Bruce West,24,2,1997,No,5th Grade
Brett Harris,Dennis Freind,24,6,1997,No,1st Grade
Mick OReilly,Richard Sturgess,24,10,1997,No,5th Grade
Guy Welton,Mark Butler,24,8,1998,No,1st Grade
Guy Welton,Brett Harris,24,4,1998,No,1st Grade
John Cottier,Tim Reid,24,3,1998,No,3rd Grade
Kyle Adams,Brett Harris,24,4,1998,No,1st Grade
John Lewis,Daryl Pegrum,24,5,1998,No,5th Grade
Paul Dickson,David Brooks,24,1,1998,No,3rd Grade
Christopher Barnes,Darren Young,24,6,1999,Yes,1st Grade
Kyle Adams,Mark Grima,24,9,1999,No,1st Grade
Darren Holt,Kyle Adams,24,1,1999,No,1st Grade
Wade Carruthers,Dennis Freind,24,10,1999,No,1st Grade
Marcus Nolan,Mark Dickson,24,7,1999,No,1st Grade
Kim Anderson,Jeremy Davis,24,5,1999,No,5th Grade
Gary Burton,Anthony Libia,24,1,1999,No,5th Grade
Geoff Colgan,Marcus Nolan,24,6,1999,No,1st Grade
Ryan Davis,Ryan Kershaw,24,1,2000,No,1st Grade
Robbie Taylor,Bryce Alexander,24,5,2001,No,1st Grade
Anthony Burke,Bryce Alexander,24,1,2003,No,1st Grade
Anthony Burke,Gregory Martin,24,8,2004,No,1st Grade
Anthony Burke,Gregory Martin,24,7,2004,No,1st Grade
Raebern DSylva,Len Peterson,24,9,2005,No,8th Grade
Scott Powell,Anthony Morgan,24,5,2005,No,Metropolitan One Day
Chris Robson,Aaron Robson,24,7,2005,No,Metropolitan One Day
David Van Wees,Lee Travis,24,1,2005,No,Metropolitan One Day
Jeff Barndon,Mark Dickson,24,5,2005,No,4th Grade
Michael Gartell,Jeff West,24,1,2005,No,Metropolitan One Day
Darren Young,Bruce Stark,24,4,2005,No,1st Grade
Chris Robson,Scott Powell,24,2,2005,No,Metropolitan One Day
Brett Harrison,Tim Reid,24,2,2005,No,Metropolitan One Day
Courtney Swift,Darren Hutchins,24,7,2005,No,8th Grade
Charles Marlam,Scott Powell,24,3,2006,Yes,2nd Grade
Curtis Stark,Scott Barnard,24,1,2006,No,5th Grade
Russell Gerreyn,Darren Hutchins,24,1,2006,No,5th Grade
John Taylor,Timothy Bailey,24,2,2006,No,8th Grade
Simon Wilson,Chris Mok,24,6,2007,Yes,Metropolitan One Day
Leon Burrows,Curtis Stark,24,3,2007,Yes,3rd Grade
Curtis Stark,Leon Burrows,24,1,2007,No,3rd Grade
Steven Freind,Matt Bailey,24,5,2007,No,Metropolitan One Day
Ben Stephenson,Cassis Van Wees,24,2,2007,No,9th Grade
David Van Wees,Christopher Jebb,24,3,2007,No,6th Grade
Timothy Gailbraith,Tyrone Kennedy,24,4,2007,No,Metropolitan One Day
Brett Harrison,Christopher Jebb,24,3,2007,No,9th Grade
Keith Zissis,Paul Peos,24,1,2008,No,Metropolitan One Day
Sam Finnigan,Nathan Freind,24,9,2008,No,8th Grade
Arthur Vlahos,JD Paternostro,24,3,2008,No,Metropolitan One Day
Leon Burrows,Curtis Stark,24,3,2008,No,2nd Grade
Bryce Alexander,Scott Barnard,24,2,2008,No,2nd Grade
Ben Loader,Paul Dickson,24,3,2008,No,5th Grade
Keith Zissis,Scott Barnard,24,1,2008,No,Metropolitan One Day
Timothy Gailbraith,Dennis Freind,24,9,2008,No,5th Grade
Dov Morris,Charles Marlam,24,5,2009,Yes,7th Grade
Darren Hutchins,Ryan James,24,1,2009,No,7th Grade
Adam Wreford,Tony Bassett,24,8,2009,No,2nd Grade
Curtis Stark,Andrew Webley,24,8,2009,No,5th Grade
Keith Zissis,Paul Peos,24,1,2009,No,Metropolitan One Day
Russell Gerreyn,Ross Baker,24,4,2009,No,Metropolitan One Day
Shane Shaw,Aaron Robson,24,6,2009,No,5th Grade
Ross Baker,R Gipson,24,6,2009,No,2nd Grade
Paul Peos,N Lombardini,24,7,2009,No,Metropolitan One Day
Ryan Shelton,Leon Burrows,24,1,2009,No,2nd Grade
Tony Bassett,Ryan Barndon,24,9,2009,No,2nd Grade
Gino Giamboi,Robbie Edwards,24,10,2009,No,7th Grade
David Van Wees,Scott Powell,24,6,2009,No,5th Grade
Timothy Gailbraith,Andrew Webley,24,9,2010,No,5th Grade
Ben Stephenson,Michael Mani,24,9,2010,No,2nd Grade
Leon Burrows,Damien Senge,24,2,2010,No,2nd Grade
Keith Zissis,Darcy Boyle,24,3,2010,No,Metropolitan One Day
Damien Senge,Brett Harrison,24,5,2010,No,2nd Grade
J MacRae,Timothy Gailbraith,24,6,2010,No,7th Grade
Paul Peos,J Eyre,24,3,2010,No,Metropolitan One Day
J Eyre,Darcy Boyle,24,4,2010,No,Metropolitan One Day
Michael Peter,Damien Stefanoff,24,9,2011,No,4th Grade
Keith Zissis,A Smith,24,3,2011,No,Metropolitan One Day
Mark Dickson,Ash Eyre,24,4,2011,No,Metropolitan One Day
Brett Harrison,Dave Dewhurst,24,9,2011,No,4th Grade
Paul Peos,Alex Vlahos,24,2,2011,No,Metropolitan One Day
Ben Price,Damien Senge,24,3,2012,No,3rd Grade
Kim Anderson,JA Winter,24,5,2012,No,Metropolitan One Day
Graeme Pryce,Brett Harrison,24,1,2012,No,3rd Grade
Clinton Reid,Daniel Atkinson,24,2,2012,No,2nd Grade
Ross Baker,Russell Normoyle,24,6,2012,No,2nd Grade
Russell Normoyle,Ash Eyre,24,7,2012,No,2nd Grade
Leon Burrows,Daniel Atkinson,24,2,2012,No,2nd Grade
Ian Wilson,D Rosario,24,7,2012,No,Metropolitan One Day
Charles Marlam,Darren Johnson,24,2,2012,No,Metropolitan One Day
Darren Johnson,Ian Wilson,24,4,2012,No,Metropolitan One Day
JD Krasenstein,James Day,24,1,2012,No,6th Grade
James Day,Curtis Stark,24,2,2012,No,6th Grade
Curtis Stark,Jake Finney,24,2,2012,No,6th Grade
Ben Price,Aaron Robson,24,6,2012,No,3rd Grade
Curtis Stark,Clinton Reid,24,1,2013,No,3rd Grade
David Van Wees,Matt Wilson,24,3,2013,No,5th Grade
Keith Zissis,Ash Eyre,24,2,2013,No,Metropolitan One Day
Josh Taylor,Jake Finney,24,5,2013,No,2nd Grade
Scott Powell,Daniel Atkinson,24,4,2013,No,3rd Grade
Robbie Edwards,Anthony Sinclair,24,10,2013,No,Metropolitan One Day
Jun Singh,Kirk Howes,24,5,2013,No,Metropolitan One Day
Clinton Reid,Brett Harrison,24,1,2013,No,3rd Grade
Scott Powell,David Van Wees,24,5,2013,No,3rd Grade
Kirk Howes,Ben Stephenson,24,9,2013,No,3rd Grade
Aaron Robson,Russell Normoyle,24,9,2013,No,3rd Grade
S Gill,Karamdeep Brar,24,8,2014,Yes,Metropolitan One Day
Paul Dickson,Brett Harrison,24,2,2014,No,3rd Grade
Paul Dickson,AB Goodchild,24,4,2014,No,3rd Grade
Kai Homer,Chris Homer,24,2,2014,No,5th Grade
Garath Van Der Elst,Dennis Freind,24,1,2014,No,5th Grade
Harbhinder Sandhu,Mandeep Singh,24,8,2014,No,Metropolitan One Day
Onka Singh,Happee Boparai,24,2,2014,No,Metropolitan One Day
C Puff,Garath Van Der Elst,24,7,2014,No,5th Grade
Scott Barnard,Ryan Barndon,24,1,2014,No,2nd Grade
Ryan Barndon,Matt Wilson,24,7,2014,No,2nd Grade
Mandeep Singh,Randeep Brar,24,3,2014,No,Metropolitan One Day
Leon Burrows,Ross Baker,24,3,2014,No,2nd Grade
Sandeep Brar,Happee Boparai,24,1,2014,No,Metropolitan One Day
Happee Boparai,Mandeep Singh,24,6,2014,No,Metropolitan One Day
Mark Sinclair,Aaron Robson,24,6,2015,No,7th Grade
P Singh,Clinton Reid,24,3,2015,No,9th Grade
Goppi Singh,J Moran,24,9,2015,No,9th Grade
Devender Kumar,Aaron Robson,24,7,2015,No,4th Grade
N Singh,Dov Morris,24,4,2015,No,2nd Grade
Aaron Robson,Tom Condello,24,8,2015,No,4th Grade
Dov Morris,Leon Burrows,24,3,2015,No,2nd Grade
Curtis Stark,Ryan Barndon,24,1,2015,No,4th Grade
Keith Zissis,Dennis Freind,24,1,2015,No,7th Grade
David Van Wees,Dennis Freind,24,7,2015,No,7th Grade
Goppi Singh,Grant Carslake,24,2,2016,No,9th Grade
Garath Van Der Elst,Jun Singh,24,2,2016,No,9th Grade
R Singhal,Balram Chahal,24,7,2016,No,5th Grade
R Singhal,Mandeep Singh,24,8,2016,No,5th Grade
Adam Wreford,Tyrone Allen,24,10,2016,No,1st Grade
Darren Johnson,Adam Lankester,24,3,2017,No,1st Grade
S Young,C Singh,24,10,2017,No,5th Grade
C Vaidya,A Malik,24,2,2017,No,5th Grade
Grant Carslake,Ashley Edwards,24,8,2017,No,3rd Grade
Cameron Lee,Chris Homer,24,6,2017,No,3rd Grade
Cameron Lee,Brendan Millar,24,3,2017,No,3rd Grade
Tony Bassett,Adam Borrett,24,8,2018,No,2nd Grade
Dov Morris,Phillip Ross,24,5,2018,No,2nd Grade
O Cranny,TW DeRozario,24,7,2019,Yes,E Division One Day Grade
Jagdeep Brar,A Singh,24,5,2019,No,5th Grade
Darren Holt,Graeme Angwin,24,5,2019,No,B Division One Day Grade
Raghu Sharma,A Singh,24,9,2019,No,3rd Grade
Raghu Sharma,Scott Barnard,24,3,2019,No,3rd Grade
Darren Stride,D Bowman,24,6,2019,No,C Division One Day Grade
R Singhal,Keith Zissis,24,4,2019,No,C Division One Day Grade
Dov Morris,Garath Van Der Elst,24,1,2019,No,5th Grade
Darren Johnson,Ryan Barndon,24,5,2019,No,3rd Grade
Ash Yadav,Brett Harrison,24,2,2019,No,5th Grade
AJ Aslam,Darren Young,24,3,2019,No,B Division One Day Grade
Clinton Reid,Keith Zissis,24,1,2019,No,C Division One Day Grade
LH Berendsen,A Singh,24,7,2019,No,3rd Grade
Tom Condello,Darren Franklin,24,7,2020,Yes,F Division One Day Grade
Justin Kickett,Chris Popoff,24,3,2020,No,F Division One Day Grade
Justin Kickett,Parminder Sandhu,24,6,2020,No,F Division One Day Grade
Curtis Stark,Gurpreet Brar,24,2,2021,No,G Division One Day Grade
Vishnu Rajendran,Grant Carslake,24,7,2022,Yes,D Division One Day Grade
Chris Popoff,Scott Bretland,24,3,2022,No,G Division One Day Grade
Clinton Reid,Cameron Lee,24,2,2022,No,D Division One Day Grade
Tony Bassett,Ben McInnes,24,8,2022,No,B Division One Day Grade
Duane Crombie,Bruce Stark,24,5,2022,No,G Division One Day Grade
Gurpreet Brar,Darren Franklin,24,7,2022,No,G Division One Day Grade
Cameron Lee,Nathan Hearnes,24,4,2022,No,D Division One Day Grade
Duane Crombie,Chris Popoff,24,4,2022,No,G Division One Day Grade
Chris Popoff,Duane Crombie,24,2,2023,Yes,I Division One Day Grade
Curtis Stark,Paul Holmes,24,6,2023,No,C Division One Day Grade
Glenn Welton,Dov Morris,24,2,2023,No,B Division One Day Grade
Gurdeep Singh,Vinit Kumar,24,7,2023,No,A Division One Day Grade
Adam Duffy,Chris Popoff,24,1,2023,No,I Division One Day Grade
Happee Boparai,Sagar Lather,24,2,2023,No,A Division One Day Grade
Dov Morris,Davis Bode,24,5,2023,No,B Division One Day Grade
Aaron Robson,Scott Bretland,24,4,2023,No,I Division One Day Grade
Adam Duffy,Nilan Chandratilake,24,2,2023,No,I Division One Day Grade
Russell Normoyle,Ross Baker,24,2,2023,No,B Division One Day Grade
Darren Johnson,Daniel Sims,24,6,2024,No,A Division One Day Grade
David Cameron,Bradley Younger,24,6,2024,No,A Division One Day Grade
Clinton Reid,Ryker Newman,24,1,2024,No,C Division One Day Grade
Spiro Kalafatas,Trent George Kennedy,24,7,2024,No,C Division One Day Grade
Glenn Welton,Darren Johnson,24,1,2025,No,A Division One Day Grade
Prabud Peduru Hewa,Prashan Herath,24,7,2025,No,H Division One Day Grade
Grant Carslake,Ashan Udeshitha,24,9,2025,No,D Division One Day Grade
Mohamed Zainudeen,Rusiru Pitiyage,24,4,2025,No,H Division One Day Grade
Curtis Stark,Jordan Egan,24,3,2025,No,A Division One Day Grade
Prabud Peduru Hewa,Alex Cox,24,3,2025,No,D Division One Day Grade
Alan Wilkins,N McDiarmid,23,10,1965,Yes,1st Grade
Ralph Brockman,Keith Randell,23,4,1966,No,1st Grade
Brian Buttsworth,Brian Henville,23,3,1966,No,1st Grade
Harry Varis,Brian Henville,23,7,1966,No,1st Grade
Dennis Freind,David Separovic,23,10,1992,Yes,1st Grade
Gary Chivers,Damian Thompson,23,3,1992,No,1st Grade
Shane Ferdinadus,Geoff OMeara,23,8,1993,Yes,1st Grade
Barry Richardson,Mark Dickson,23,2,1993,No,1st Grade
Dennis Freind,David Separovic,23,10,1993,No,1st Grade
Dennis Freind,Ward Bond,23,1,1993,No,1st Grade
Gary Freind,Mark Butler,23,9,1995,No,1st Grade
David Brooks,Paul Richardson,23,5,1997,Yes,7th Grade
Christopher Gerreyn,Anthony Wallwork,23,9,1997,No,1st Grade
Paul Dickson,John Cottier,23,1,1997,No,3rd Grade
C Larkin,Jason Boekleman,23,7,1997,No,4th Grade
John Eyres,Evan Standley,23,3,1997,No,7th Grade
Jeff West,Kim Anderson,23,4,1997,No,Metropolitan One Day
Mick OReilly,Gino Giamboi,23,9,1997,No,5th Grade
John Lewis,Mark Stevens,23,1,1997,No,Metropolitan One Day
David Brooks,Bruce Stark,23,2,1997,No,3rd Grade
Colin Taylor,David Moralee,23,3,1997,No,Metropolitan One Day
Lee Blake,Andrew Sorenson,23,10,1997,No,7th Grade
Glenn Sadler,Len Peterson,23,8,1998,No,5th Grade
Marcus Nolan,Mark Butler,23,8,1998,No,1st Grade
Kevin Rowland,Kyle Adams,23,2,1998,No,1st Grade
Mark Dickson,Christopher Jebb,23,7,1998,No,3rd Grade
Barry Richardson,Courtney Swift,23,8,1998,No,5th Grade
Kyle Adams,Bryce Alexander,23,2,1998,No,1st Grade
Jeremy Davis,Len Peterson,23,9,1999,Yes,5th Grade
Glenn Sadler,Gino Giamboi,23,7,1999,No,5th Grade
Kyle Adams,Darren Holt,23,3,1999,No,1st Grade
Dennis Freind,Ross Baker,23,4,1999,No,1st Grade
Glenn Sadler,Russell Gerreyn,23,3,1999,No,5th Grade
Gary Burton,Russell Gerreyn,23,3,1999,No,5th Grade
Christopher Barnes,Jason Boekleman,23,10,1999,No,1st Grade
Ian Blake,Glenn Sadler,23,5,1999,No,5th Grade
Jeremy Davis,Daryl Pegrum,23,6,1999,No,5th Grade
Jeremy Davis,Glenn Sadler,23,7,1999,No,5th Grade
Stephen Clarke,Charles Marlam,23,2,2000,No,1st Grade
Darren Young,Ryan Davis,23,1,2000,No,1st Grade
Nathan Whitney,Kevin Rowland,23,6,2002,Yes,1st Grade
Stephen Clarke,Robbie Taylor,23,3,2002,No,1st Grade
Gregory Martin,Geoff Colgan,23,10,2002,No,1st Grade
Darren Holt,Anthony Burke,23,1,2002,No,1st Grade
David Lenane,Jason Alexander,23,10,2003,No,1st Grade
Bruce Stark,David Lenane,23,4,2003,No,1st Grade
Scott Powell,Lee Travis,23,6,2005,No,Metropolitan One Day
Scott Powell,Dave Wilcox,23,4,2005,No,Metropolitan One Day
Barry Richardson,Cassis Van Wees,23,6,2005,No,Metropolitan One Day
Neil Steadman,Ajigh RajaGopal,23,10,2005,No,8th Grade
Tariq Haroon,Mark Dickson,23,5,2005,No,1st Grade
Geoff Colgan,Bryce Alexander,23,1,2005,No,1st Grade
Charles Marlam,Dennis Freind,23,1,2005,No,4th Grade
Brad Kimber,Dave Dewhurst,23,9,2005,No,Metropolitan One Day
Gregory Martin,Darren Young,23,5,2005,No,1st Grade
Bruce Stark,Sharjeel Ashraf,23,2,2005,No,1st Grade
Joshua Wells,Tariq Haroon,23,3,2005,No,4th Grade
Curtis Stark,Ashley Edwards,23,8,2006,No,5th Grade
Brett Harrison,Aaron Robson,23,8,2006,No,2nd Grade
Damian Bourke,Michael Gartell,23,6,2006,No,8th Grade
Russell Gerreyn,Scott Barnard,23,1,2006,No,5th Grade
David Van Wees,Darren Hutchins,23,6,2006,No,5th Grade
John Taylor,Bryce Alexander,23,3,2007,No,3rd Grade
Scott Powell,Gino Giamboi,23,6,2007,No,6th Grade
Chris Mok,James Vellios,23,9,2007,No,9th Grade
Ryan Shelton,Ben Loader,23,2,2007,No,Metropolitan One Day
Timothy Gailbraith,Paul Messenger,23,5,2007,No,Metropolitan One Day
Darren Hutchins,Aaron Robson,23,5,2007,No,6th Grade
Darren Hutchins,Gino Giamboi,23,9,2007,No,6th Grade
Neil Steadman,Raghu Gopalan,23,10,2007,No,9th Grade
Leon Burrows,Anthony Libia,23,2,2007,No,3rd Grade
David Van Wees,Michael Peter,23,4,2008,No,Metropolitan One Day
S Kaul,Russell Gerreyn,23,2,2008,No,Metropolitan One Day
Paul Peos,Kenneth Kelly,23,6,2008,No,Metropolitan One Day
Curtis Stark,Craig Bennett,23,6,2008,No,2nd Grade
JD Paternostro,Neil Steadman,23,10,2008,No,Metropolitan One Day
Ben Loader,Charles Marlam,23,2,2008,No,5th Grade
Zack Van Wees,Peter Vlahos,23,6,2008,No,Metropolitan One Day
Ben Stephenson,Shane Shaw,23,3,2008,No,8th Grade
Ben Stephenson,Anthony Libia,23,3,2008,No,8th Grade
Keith Zissis,Russell Gerreyn,23,2,2009,No,Metropolitan One Day
Paul Peos,Kenneth Kelly,23,6,2009,No,Metropolitan One Day
Anthony Libia,David Van Wees,23,5,2009,No,5th Grade
Ross Baker,David Van Wees,23,4,2009,No,5th Grade
Michael Mani,Brett Harrison,23,5,2009,No,2nd Grade
R Gipson,Leon Burrows,23,1,2009,No,2nd Grade
Matt Behn,Tony Bassett,23,6,2010,No,2nd Grade
Matt Behn,Leon Burrows,23,5,2010,No,2nd Grade
Scott Powell,Curtis Stark,23,1,2010,No,5th Grade
Paul Dickson,Keith Zissis,23,3,2011,No,Metropolitan One Day
Ryan Barndon,Shane Shaw,23,6,2011,No,2nd Grade
David Van Wees,James Day,23,1,2011,No,6th Grade
Dov Morris,Ryan Barndon,23,1,2011,No,2nd Grade
Ash Eyre,Gino Giamboi,23,6,2011,No,Metropolitan One Day
Zack Van Wees,Daniel Allsop,23,9,2011,No,6th Grade
Brett Harrison,Dennis Freind,23,7,2011,No,4th Grade
Scott Powell,Clinton Reid,23,1,2011,No,4th Grade
Leon Burrows,Ben Stephenson,23,8,2012,Yes,2nd Grade
Simon Borrett,Daniel Allsop,23,9,2012,No,6th Grade
Charles Marlam,Aaron Robson,23,1,2012,No,3rd Grade
Bryce Alexander,Dave Dewhurst,23,9,2012,No,3rd Grade
Chris Homer,Ash Eyre,23,3,2012,No,Metropolitan One Day
JL Dimond,Chris Mok,23,7,2012,No,6th Grade
Mandeep Singh,Jagdeep Brar,23,9,2013,Yes,Mercantile One Day
Kirk Howes,Jack Vlahos,23,7,2013,No,Metropolitan One Day
S Gill,Harbhinder Sandhu,23,3,2013,No,Mercantile One Day
D Diletti,Alex Roberts,23,2,2013,No,5th Grade
David Van Wees,Sam Finnigan,23,5,2013,No,5th Grade
Mandeep Singh,Harbhinder Sandhu,23,9,2013,No,Mercantile One Day
Scott Barnard,Josh Copping,23,3,2013,No,2nd Grade
Randeep Brar,S Gill,23,5,2013,No,Mercantile One Day
Kirk Howes,Karamjeet Singh,23,6,2013,No,Metropolitan One Day
Happee Boparai,Harbhinder Sandhu,23,7,2013,No,Mercantile One Day
D Sharma,M Thakur,23,9,2014,No,Metropolitan One Day
Ben Stephenson,A Anand,23,3,2014,No,8th Grade
Gary Freind,Keith Zissis,23,4,2014,No,8th Grade
Ross Baker,Scott Barnard,23,4,2014,No,2nd Grade
Randeep Brar,Mandeep Singh,23,5,2014,No,Metropolitan One Day
Damien Senge,Martin Burrow,23,5,2014,No,3rd Grade
Onka Singh,Yaadwinder Toor,23,3,2014,No,Metropolitan One Day
Ian Wilson,Aaron Robson,23,8,2014,No,3rd Grade
Matt Wilson,Kirk Howes,23,9,2014,No,2nd Grade
Keith Zissis,K Symons,23,1,2014,No,8th Grade
Curtis Stark,Scott Powell,23,3,2014,No,3rd Grade
Russell Normoyle,Josh Copping,23,6,2014,No,3rd Grade
Chris Homer,David Van Wees,23,2,2014,No,5th Grade
Chris Homer,Clinton Reid,23,2,2015,No,6th Grade
Garath Van Der Elst,Dennis Freind,23,1,2015,No,6th Grade
Adam Lankester,Ian Wilson,23,2,2015,No,2nd Grade
K Symons,Bryce Alexander,23,2,2015,No,7th Grade
Bryce Alexander,Clinton Reid,23,5,2015,No,7th Grade
Bryce Alexander,K Bond,23,3,2015,No,7th Grade
Jake Finney,Dov Morris,23,1,2015,No,2nd Grade
Anthony Sinclair,Gino Giamboi,23,7,2016,Yes,6th Grade
Curtis Stark,Ross Baker,23,4,2016,Yes,3rd Grade
Scott Barnard,Michael Mani,23,8,2016,No,3rd Grade
Ward Bond,K Murthy Dhansing,23,2,2016,No,Metropolitan One Day
Brett Harrison,Sam Finnigan,23,6,2016,No,3rd Grade
J Moran,A Kovac,23,2,2016,No,9th Grade
Tom Condello,Darren Stride,23,8,2016,No,6th Grade
Ross Baker,Adam Wreford,23,9,2016,No,1st Grade
Mandeep Singh,K Murthy Dhansing,23,9,2016,No,5th Grade
Brett Harrison,A Malik,23,2,2016,No,5th Grade
K Natraj,Keith Zissis,23,4,2017,No,7th Grade
Cameron Lee,Brad Walker,23,6,2017,No,7th Grade
Garath Van Der Elst,Ross Baker,23,2,2017,No,3rd Grade
Keith Zissis,Darren Holt,23,4,2017,No,7th Grade
S Gill,Mandeep Singh,23,5,2017,No,5th Grade
Adam Lankester,Curtis Stark,23,1,2017,No,1st Grade
Curtis Stark,Adam Lankester,23,1,2017,No,1st Grade
R Singhal,Michael Peter,23,3,2017,No,5th Grade
James Day,Mark Sinclair,23,3,2017,No,7th Grade
Paul McNamara,G Fawell,23,2,2018,No,Mercantile One Day
Daniel Atkinson,Cameron Lee,23,3,2018,No,4th Grade
Bikram Singh,Happee Boparai,23,7,2018,No,4th Grade
Garath Van Der Elst,Happee Boparai,23,2,2018,No,4th Grade
Hayden Candy,Jun Singh,23,3,2018,No,Mercantile One Day
Paul McNamara,Brett Harrison,23,1,2018,No,Mercantile One Day
Phillip Ross,Russell Normoyle,23,6,2018,No,2nd Grade
Jun Singh,D Bowman,23,9,2018,No,Mercantile One Day
Raghu Sharma,LH Berendsen,23,3,2019,No,3rd Grade
LH Berendsen,Curtis Stark,23,8,2019,No,3rd Grade
Chris Popoff,J Trichilo,23,2,2019,No,E Division One Day Grade
David Van Wees,Bruce Stark,23,3,2019,No,E Division One Day Grade
Hayden Candy,Tom Condello,23,7,2019,No,C Division One Day Grade
Ash Yadav,Nirbhai Sohi,23,1,2019,No,5th Grade
Danny Toohey,Chris Popoff,23,4,2019,No,E Division One Day Grade
Ryan Barndon,Phillip Ross,23,9,2019,No,3rd Grade
Ash Yadav,Dennis Freind,23,1,2019,No,5th Grade
Ash Yadav,Brett Harrison,23,2,2019,No,5th Grade
Darren Young,Ross Baker,23,4,2019,No,B Division One Day Grade
Nilan Chandratilake,David Hallows,23,7,2019,No,E Division One Day Grade
Grant Carslake,Tom Condello,23,5,2020,Yes,F Division One Day Grade
Adam Wreford,Jagdeep Brar,23,9,2020,Yes,A Division One Day Grade
Happee Boparai,Adam Wreford,23,6,2020,No,A Division One Day Grade
Justin Kickett,Grant Carslake,23,7,2020,No,F Division One Day Grade
Mandeep Singh,Hayden Candy,23,4,2020,No,B Division One Day Grade
Happee Boparai,Nirbhai Sohi,23,4,2021,No,A Division One Day Grade
Scott Bretland,Brayden Barnes,23,5,2021,No,G Division One Day Grade
Jun Singh,Mandeep Singh,23,5,2021,No,B Division One Day Grade
Dan Leatham,Mandeep Singh,23,10,2021,No,E Division One Day Grade
Nilan Chandratilake,Parminder Sandhu,23,1,2021,No,G Division One Day Grade
Dov Morris,Clinton Reid,23,1,2021,No,B Division One Day Grade
Dov Morris,Darren Johnson,23,2,2021,No,B Division One Day Grade
Ryan Barndon,Bikram Singh,23,7,2021,No,A Division One Day Grade
Davis Bode,Happee Boparai,23,5,2021,No,A Division One Day Grade
Nirbhai Sohi,Gurdeep Singh,23,1,2022,Yes,A Division One Day Grade
Jagdeep Brar,Mandeep Singh,23,7,2022,No,A Division One Day Grade
Hayden Candy,Nathan Hearnes,23,3,2022,No,D Division One Day Grade
Darren Franklin,Brayden Barnes,23,7,2022,No,G Division One Day Grade
Dov Morris,Brett Harrison,23,6,2022,No,A Division One Day Grade
Vishnu Rajendran,Grant Carslake,23,7,2022,No,D Division One Day Grade
Darren Johnson,Scott Barnard,23,1,2023,No,B Division One Day Grade
Nilan Chandratilake,Scott Bretland,23,1,2023,No,I Division One Day Grade
Rory Wallace,Oscar Benger,23,6,2023,No,H Division One Day Grade
Chris Popoff,Duane Crombie,23,3,2023,No,I Division One Day Grade
Vinit Kumar,Pankaj Dhall,23,10,2023,No,A Division One Day Grade
Sagar Lather,Nirbhai Sohi,23,3,2023,No,A Division One Day Grade
Paul Holmes,Judd Diletti,23,7,2024,Yes,H Division One Day Grade
Tom Condello,Mike Whehella,23,4,2024,No,I Division One Day Grade
Kirk Howes,Darren Johnson,23,7,2024,No,A Division One Day Grade
Chris Popoff,Aaron Robson,23,1,2024,No,I Division One Day Grade
Ross Baker,Nathan Hearnes,23,4,2024,No,A Division One Day Grade
Clinton Reid,Davis Bode,23,1,2024,No,C Division One Day Grade
Josh Taylor,Leon Burrows,23,9,2024,No,A Division One Day Grade
Manav Patel,Keith Zissis,23,6,2025,No,D Division One Day Grade
Harry Varis,Dave Ralston,22,8,1963,No,1st Grade
Keith Randell,Brian Buttsworth,22,1,1964,No,1st Grade
Brian Buttsworth,Harry Varis,22,8,1964,No,1st Grade
Geoff Hamel,Rob Wheeler,22,6,1965,No,1st Grade
Geoff Hamel,Keith Randell,22,1,1965,No,1st Grade
Brian Buttsworth,Alan Wilkins,22,4,1966,Yes,1st Grade
Harry Varis,Keith Randell,22,8,1966,No,1st Grade
Damian Thompson,Ian Blake,22,5,1992,No,1st Grade
Ian Blake,Ian Price,22,6,1993,No,1st Grade
Ron Gillespie,Graham Butler,22,4,1994,No,1st Grade
Paul Dickson,Robert Bond,22,3,1994,No,1st Grade
Dennis Freind,Chris Whyte,22,5,1995,Yes,1st Grade
Michael Petrie,Bruce West,22,5,1997,No,5th Grade
Adam Bassett,Mark Dickson,22,5,1997,No,1st Grade
Graham Bowman,David Moralee,22,4,1997,No,Metropolitan One Day
John Cottier,Bruce Stark,22,2,1997,No,3rd Grade
Jason Luckman,Paul Calcott,22,8,1997,No,Metropolitan One Day
John Cottier,Paul Dickson,22,1,1997,No,3rd Grade
Jeff West,Gregory Leahy,22,8,1997,No,7th Grade
Jason Luckman,Alex Hall,22,9,1997,No,Metropolitan One Day
David Gulberti,Keith DeSilva,22,5,1997,No,7th Grade
Keith DeSilva,Robert McKrill,22,6,1997,No,7th Grade
Alex Hall,John Cottier,22,4,1997,No,5th Grade
Kevin Rowland,Warren Pearson,22,2,1998,No,3rd Grade
John Cottier,Graeme Dennis,22,5,1998,No,5th Grade
Paul Dickson,Ward Bond,22,4,1998,No,3rd Grade
John Cottier,Bryce Alexander,22,4,1998,No,3rd Grade
Evan Standley,Gary Freind,22,8,1998,No,1st Grade
Gary Freind,John Cottier,22,3,1998,No,5th Grade
Mark Dickson,Wade Carruthers,22,6,1998,No,3rd Grade
Barry Richardson,Warren Pearson,22,7,1998,No,5th Grade
Gary Burton,Russell Gerreyn,22,1,1999,No,5th Grade
Ryan Kershaw,Anthony Burke,22,8,1999,No,1st Grade
Nathan Whitney,Darren Young,22,10,1999,No,1st Grade
Darren Holt,Mark Grima,22,4,1999,No,1st Grade
Bruce West,Anthony Libia,22,6,1999,No,5th Grade
Mark Dickson,Marcus Nolan,22,7,1999,No,1st Grade
Ian Blake,Jeremy Davis,22,6,1999,No,5th Grade
Gary Burton,Anthony Libia,22,2,1999,No,5th Grade
Gary Burton,Kim Anderson,22,3,1999,No,5th Grade
N Samules,Ryan Davis,22,9,2000,No,1st Grade
Anthony Burke,Jay Holland,22,9,2000,No,1st Grade
Gregory Martin,Nathan Whitney,22,8,2001,No,1st Grade
Geoff Colgan,Darren Holt,22,2,2001,No,1st Grade
Geoff Colgan,Robbie Taylor,22,3,2001,No,1st Grade
David Lenane,Nathan Whitney,22,6,2001,No,1st Grade
Darren Young,Stephen Clarke,22,1,2002,No,1st Grade
Chris Whyte,Craig Phillip,22,10,2002,No,1st Grade
Kyle Adams,David Lenane,22,4,2003,No,1st Grade
Kyle Adams,Glenn Andersson,22,8,2003,No,1st Grade
Gregory Martin,Bruce Stark,22,9,2003,No,1st Grade
Malcolm Williams,Glenn Andersson,22,5,2004,No,1st Grade
Darren Holt,Kyle Adams,22,3,2004,No,1st Grade
Gregory Martin,Darren Young,22,6,2005,No,1st Grade
Bryce Alexander,Sarfaraz Samnakay,22,2,2005,No,1st Grade
Mark Dickson,Scott Barnard,22,8,2005,No,4th Grade
Russell Normoyle,Dennis Freind,22,10,2005,No,1st Grade
Kevin Rowland,Bryce Alexander,22,1,2005,No,1st Grade
Mark Dickson,Jay Hindmarsh,22,6,2005,No,4th Grade
Ward Bond,Curtis Stark,22,6,2005,No,4th Grade
Darren Young,Anthony Burke,22,6,2005,No,1st Grade
Curtis Stark,Russell Normoyle,22,6,2006,No,5th Grade
Christopher Jebb,Robbie Edwards,22,8,2006,No,5th Grade
Curtis Stark,John Lewis,22,3,2006,No,5th Grade
Russell Gerreyn,Simon Borrett,22,6,2006,No,5th Grade
Aaron Robson,Dave Dewhurst,22,9,2006,No,2nd Grade
John Lewis,Ashley Edwards,22,8,2006,No,5th Grade
Paul Dickson,Anthony Libia,22,8,2006,No,2nd Grade
Leon Burrows,Ryan Barndon,22,4,2006,No,2nd Grade
Dennis Freind,Ashley Edwards,22,10,2007,Yes,3rd Grade
Ben Loader,Ben Stephenson,22,2,2007,No,Metropolitan One Day
Darren Hutchins,Steve Moore,22,9,2007,No,6th Grade
Russell Gerreyn,Jeff Stephenson,22,1,2007,No,9th Grade
Craig Bennett,Tony Bassett,22,10,2007,No,3rd Grade
Kevin Rowland,Charles Marlam,22,2,2007,No,6th Grade
Scott Barnard,Aaron Robson,22,5,2007,No,6th Grade
Ian Gamble,Steven Freind,22,7,2008,No,8th Grade
Ryan Shelton,Ben Loader,22,3,2008,No,2nd Grade
Jeff Stephenson,Darren Hutchins,22,1,2008,No,8th Grade
Ryan Shelton,Scott Powell,22,5,2008,No,2nd Grade
Sam Finnigan,Justin Dimond,22,8,2008,No,5th Grade
Matthew Hilleard,Ben Stephenson,22,5,2008,No,8th Grade
Paul Dickson,Aaron Robson,22,4,2008,No,5th Grade
Mark Stevens,M Padrotto,22,4,2008,No,Metropolitan One Day
Curtis Stark,Brett Harrison,22,3,2008,No,2nd Grade
Adam Wreford,Ryan Barndon,22,7,2009,Yes,2nd Grade
David Van Wees,Brett Harrison,22,5,2009,No,5th Grade
Scott Barnard,Matthew Hilleard,22,1,2009,No,5th Grade
Damien Senge,Arthur Vlahos,22,7,2009,No,Metropolitan One Day
Dov Morris,Scott Barnard,22,1,2009,No,5th Grade
Ryan Shelton,Sam Finnigan,22,3,2009,No,2nd Grade
Russell Gerreyn,Matthew Hilleard,22,1,2009,No,Metropolitan One Day
Leon Burrows,Ross Baker,22,2,2009,No,2nd Grade
Ryan Barndon,Ross Baker,22,3,2009,No,2nd Grade
Scott Powell,Scott Barnard,22,3,2010,No,5th Grade
Bryce Alexander,D Harris,22,5,2010,No,7th Grade
Dov Morris,Matt Behn,22,3,2010,No,2nd Grade
Bruce Stark,Brett Harrison,22,4,2010,No,5th Grade
Brett Harrison,Matthew Hilleard,22,5,2010,No,5th Grade
Darcy Boyle,Ash Eyre,22,5,2010,No,Metropolitan One Day
Andrew Webley,JL Dimond,22,8,2010,No,7th Grade
Aaron Robson,Michael Peter,22,9,2010,No,5th Grade
Shane Shaw,Ben Stephenson,22,10,2010,No,2nd Grade
Mark Dickson,JA Timos,22,5,2011,No,Metropolitan One Day
Ryan Barndon,Damien Senge,22,5,2011,No,2nd Grade
Brett Harrison,Aaron Robson,22,6,2011,No,4th Grade
Clinton Reid,Leon Okely,22,2,2011,No,4th Grade
Clinton Reid,Shane Shaw,22,3,2011,No,4th Grade
Ash Eyre,Gino Giamboi,22,6,2012,Yes,Metropolitan One Day
JD Krasenstein,Curtis Stark,22,2,2012,No,6th Grade
Ryan Barndon,T Cox,22,6,2012,No,2nd Grade
Charles Marlam,Keith Zissis,22,2,2012,No,Metropolitan One Day
Keith Zissis,Kirk Howes,22,3,2012,No,Metropolitan One Day
Jake Finney,JL Dimond,22,5,2012,No,6th Grade
S Gill,Randeep Brar,22,4,2013,Yes,Mercantile One Day
Brett Noble,Kirk Howes,22,7,2013,No,Metropolitan One Day
Karamjeet Singh,Devender Kumar,22,5,2013,No,Mercantile One Day
Keith Zissis,Russell Gerreyn,22,1,2013,No,Metropolitan One Day
Bryce Alexander,Josh Copping,22,6,2013,No,3rd Grade
Josh Taylor,Bryce Alexander,22,5,2013,No,2nd Grade
Dov Morris,Josh Taylor,22,1,2013,No,2nd Grade
Jake Finney,Scott Barnard,22,2,2013,No,2nd Grade
Happee Boparai,Karamjeet Singh,22,1,2013,No,Mercantile One Day
Scott Powell,JD Krasenstein,22,7,2013,No,3rd Grade
Dov Morris,Scott Barnard,22,3,2013,No,2nd Grade
Mandeep Singh,Onka Singh,22,7,2013,No,Mercantile One Day
Josh Copping,Ross Baker,22,4,2013,No,2nd Grade
Clinton Reid,Scott Barnard,22,1,2014,No,2nd Grade
Scott Powell,Josh Copping,22,5,2014,No,3rd Grade
Leon Burrows,Ian Wilson,22,3,2014,No,2nd Grade
Bryce Alexander,Paul Dickson,22,3,2014,No,8th Grade
Michael Peter,MG Armstrong,22,8,2015,Yes,6th Grade
B Le Cras,R Sandhu,22,8,2015,Yes,9th Grade
Chris Homer,M Munish,22,2,2015,No,6th Grade
R Singhal,Brett Harrison,22,1,2015,No,4th Grade
Curtis Stark,Brendan Miller,22,1,2015,No,4th Grade
K Symons,David Van Wees,22,2,2015,No,7th Grade
Sandeep Brar,Tony Bassett,22,9,2015,No,2nd Grade
Brett Harrison,Scott Barnard,22,4,2015,No,2nd Grade
David Van Wees,K Bond,22,6,2015,No,7th Grade
Bryce Alexander,Craig Bennett,22,4,2015,No,7th Grade
Jake Finney,Dov Morris,22,1,2015,No,2nd Grade
Scott Barnard,John Taylor,22,3,2015,No,4th Grade
Jake Finney,Sandeep Brar,22,2,2015,No,2nd Grade
AB Goodchild,Mark Sinclair,22,5,2016,No,6th Grade
R Singhal,I Morawiec,22,7,2016,No,Metropolitan One Day
Dov Morris,Darren Johnson,22,4,2016,No,1st Grade
Curtis Stark,Josh Demarte,22,3,2016,No,3rd Grade
Darren Johnson,Paul Ridley,22,4,2016,No,1st Grade
Phillip Ross,K Natraj,22,6,2016,No,9th Grade
James Day,JD Krasenstein,22,2,2016,No,9th Grade
Dov Morris,Scott Barnard,22,3,2016,No,3rd Grade
Garath Van Der Elst,Adam Lankester,22,2,2016,No,6th Grade
Balram Chahal,Brett Harrison,22,1,2016,No,5th Grade
C Puff,Tony Bassett,22,9,2017,Yes,1st Grade
R Singhal,Bikram Singh,22,2,2017,No,5th Grade
Sam Finnigan,AB Kalimeris,22,7,2017,No,7th Grade
Ryan Barndon,Leon Burrows,22,8,2017,No,1st Grade
Curtis Stark,Scott Barnard,22,2,2017,No,1st Grade
Cameron Lee,Brad Walker,22,2,2017,No,3rd Grade
Brendan Millar,Keith Zissis,22,3,2017,No,7th Grade
Raghu Sharma,Bikram Singh,22,6,2018,No,4th Grade
Darren Johnson,Scott Barnard,22,3,2018,No,2nd Grade
Adam Lankester,Curtis Stark,22,1,2018,No,2nd Grade
Paul Maindok,Keith Zissis,22,1,2018,No,Mercantile One Day
Ryan Barndon,Russell Normoyle,22,7,2018,No,2nd Grade
Tom Condello,Alex Cox,22,9,2019,Yes,C Division One Day Grade
Darren Franklin,David Hallows,22,9,2019,Yes,E Division One Day Grade
Duane Crombie,David Lenane,22,7,2019,No,B Division One Day Grade
Paul Maindok,Daniel Sims,22,1,2019,No,C Division One Day Grade
Happee Boparai,I  CHAHAL,22,2,2019,No,5th Grade
Raghu Sharma,Tony Bassett,22,10,2019,No,3rd Grade
Darren Young,Adam Duffy,22,3,2019,No,B Division One Day Grade
Clinton Reid,Daniel Sims,22,2,2019,No,C Division One Day Grade
T Allen,Happee Boparai,22,2,2019,No,5th Grade
Nilan Chandratilake,David Van Wees,22,3,2019,No,E Division One Day Grade
Daniel Sims,Paul McNamara,22,5,2019,No,C Division One Day Grade
John Taylor,Adam Duffy,22,7,2019,No,B Division One Day Grade
Chris Popoff,Sajan Hanjra,22,6,2019,No,E Division One Day Grade
J Naidoo,Brett Harrison,22,3,2020,No,E Division One Day Grade
Tim Galbraith,Davis Bode,22,3,2020,No,E Division One Day Grade
Ross Baker,Jagdeep Brar,22,3,2020,No,A Division One Day Grade
Scott Barnard,Thanuja Jayakodi Arachchige,22,7,2021,Yes,B Division One Day Grade
Scott Bretland,Adam Duffy,22,5,2021,No,G Division One Day Grade
Bikram Singh,Pankaj Dhall,22,9,2021,No,A Division One Day Grade
Nirbhai Sohi,John Taylor,22,4,2021,No,A Division One Day Grade
John Taylor,Happee Boparai,22,4,2021,No,A Division One Day Grade
Dan Leatham,Phillip Ross,22,7,2021,No,E Division One Day Grade
Adam Duffy,Duane Crombie,22,4,2021,No,G Division One Day Grade
Nathan Hearnes,Paul Holmes,22,3,2022,No,D Division One Day Grade
Adam Duffy,Chris Popoff,22,2,2022,No,G Division One Day Grade
Glenn Welton,Cameron Lee,22,5,2022,No,B Division One Day Grade
Adam Duffy,Hayden Candy,22,3,2022,No,G Division One Day Grade
Nirbhai Sohi,Gurdeep Singh,22,5,2022,No,A Division One Day Grade
Hayden Candy,Vishnu Rajendran,22,5,2022,No,D Division One Day Grade
Curtis Stark,Darren Johnson,22,5,2022,No,B Division One Day Grade
Nirbhai Sohi,Raghu Sharma,22,2,2022,No,A Division One Day Grade
Gurpreet Brar,Tom Condello,22,7,2022,No,G Division One Day Grade
Adam Duffy,Nilan Chandratilake,22,4,2023,Yes,I Division One Day Grade
Nirbhai Sohi,Happee Boparai,22,4,2023,No,A Division One Day Grade
Ryan Barndon,Gurdeep Singh,22,6,2023,No,A Division One Day Grade
Gurdeep Singh,Raghu Sharma,22,2,2023,No,A Division One Day Grade
Judd Diletti,daniel spencer,22,3,2023,No,H Division One Day Grade
Adam Duffy,Nilan Chandratilake,22,2,2023,No,I Division One Day Grade
Duane Crombie,Scott Bretland,22,4,2023,No,I Division One Day Grade
Scott Bretland,Bruce Stark,22,7,2023,No,I Division One Day Grade
Adam Duffy,Aaron Robson,22,5,2023,No,I Division One Day Grade
Davis Bode,David Cameron,22,7,2024,No,A Division One Day Grade
Brett Harrison,Spiro Kalafatas,22,4,2024,No,C Division One Day Grade
Prabud Peduru Hewa,Lakmal Madushanka Madawala Maddumage Don,22,5,2025,No,H Division One Day Grade
Clinton Reid,Manav Patel,22,1,2025,No,D Division One Day Grade
Adam Duffy,Kevin Bishop,22,6,2025,No,I Division One Day Grade
Prabud Peduru Hewa,Nuwan Jayathma Liyanaarachchi Liyana Arachchige,22,6,2025,No,H Division One Day Grade
Vihanga Silva,Nuwan Jayathma Liyanaarachchi Liyana Arachchige,22,7,2025,No,H Division One Day Grade
Saliya Widanagamage,Mohamed Zainudeen,22,3,2025,No,H Division One Day Grade
Prabud Peduru Hewa,Mohamed Zainudeen,22,1,2025,No,H Division One Day Grade
Manoj jayawardena,Vihanga Silva,22,4,2025,No,H Division One Day Grade
Keith Randell,Brian Buttsworth,21,2,1965,No,1st Grade
Keith Randell,A Green,21,2,1965,No,1st Grade
Ralph Brockman,Brian Buttsworth,21,5,1966,No,1st Grade
Brian Buttsworth,Ralph Brockman,21,2,1966,No,1st Grade
Brian Buttsworth,Ralph Brockman,21,1,1966,No,1st Grade
Brian Buttsworth,Keith Randell,21,1,1966,No,1st Grade
Justin Fisher,Phil Greatrix,21,1,1992,No,1st Grade
Gary Chivers,Graham Butler,21,3,1992,No,1st Grade
Stephen Clarke,Ian Blake,21,1,1993,No,1st Grade
Dennis Freind,Ian Price,21,7,1993,No,1st Grade
Ron Gillespie,Dennis Freind,21,3,1995,No,1st Grade
Peter McSweeney,Gary Freind,21,7,1995,No,1st Grade
Gregory Smith,Geoff Colgan,21,3,1995,No,1st Grade
Evan Standley,Courtney Swift,21,8,1997,Yes,7th Grade
Darren Holt,Bruce Stark,21,3,1997,No,3rd Grade
Chris Henderson,Paul Richardson,21,6,1997,No,7th Grade
Kevin Rowland,Rick McKenna,21,3,1997,No,5th Grade
Brett Tester,N Culbert,21,7,1997,No,4th Grade
Paul Dickson,Evan Standley,21,1,1997,No,3rd Grade
Jason Boekleman,Peter Westgate,21,10,1997,No,1st Grade
Trevor Craib,R Colley,21,7,1997,No,Metropolitan One Day
Ron Gillespie,Courtney Swift,21,3,1998,Yes,5th Grade
Kevin Rowland,Evan Standley,21,6,1998,No,1st Grade
Peter Bibby,Bruce Stark,21,5,1998,No,3rd Grade
Brett Harris,Evan Standley,21,6,1998,No,1st Grade
Adam Bassett,Kyle Adams,21,3,1998,No,1st Grade
Anthony Libia,Jeff West,21,10,1999,No,5th Grade
Jeremy Davis,Daryl Pegrum,21,7,1999,No,5th Grade
Stephen Clarke,Keith Manea,21,3,2000,No,1st Grade
Geoff Colgan,Darren Holt,21,2,2001,No,1st Grade
Ian Blake,Nathan Whitney,21,9,2001,No,1st Grade
Kevin Rowland,Anthony Burke,21,9,2002,Yes,1st Grade
Chris Whyte,Gregory Martin,21,5,2003,No,1st Grade
Kyle Adams,Bruce Stark,21,5,2003,No,1st Grade
Darren Holt,David Lenane,21,4,2003,No,1st Grade
Malcolm Williams,Bryce Alexander,21,6,2004,No,1st Grade
Darren Holt,Luke Capper,21,5,2004,No,1st Grade
Gregory Martin,Anthony Burke,21,8,2004,No,1st Grade
Bryce Alexander,Darren Young,21,6,2005,No,1st Grade
Ryan Barndon,Scott Barnard,21,5,2005,No,4th Grade
Brett Harrison,Scott Powell,21,3,2005,No,Metropolitan One Day
Courtney Swift,Satish Krishnan,21,9,2005,No,8th Grade
Robbie Edwards,Jay Hindmarsh,21,10,2005,No,4th Grade
Simon Borrett,Ajigh RajaGopal,21,7,2006,No,5th Grade
Paul Dickson,Brett Harrison,21,7,2006,No,2nd Grade
John Lewis,Simon Borrett,21,7,2006,No,5th Grade
Leon Burrows,Paul Dickson,21,2,2006,No,2nd Grade
Paul McNamara,Neil Steadman,21,6,2007,Yes,9th Grade
David Van Wees,Scott Powell,21,5,2007,No,6th Grade
Ben Loader,Simon Wilson,21,3,2007,No,Metropolitan One Day
Ben Loader,Paul Dickson,21,3,2007,No,6th Grade
Darren Hutchins,Kenneth Kelly,21,6,2007,No,6th Grade
Brett Harley,Ben Stephenson,21,10,2007,No,Metropolitan One Day
Aaron Robson,Gino Giamboi,21,8,2007,No,6th Grade
John Taylor,Anthony Libia,21,7,2007,No,3rd Grade
Anthony Libia,Dennis Freind,21,6,2007,No,3rd Grade
Ben Loader,Chris Mok,21,4,2007,No,Metropolitan One Day
Cassis Van Wees,Ashley Edwards,21,7,2007,No,9th Grade
Darren Hutchins,Russell Normoyle,21,7,2007,No,6th Grade
Chris Mok,Steven Freind,21,4,2008,No,8th Grade
Craig Bennett,Ryan Shelton,21,2,2008,No,2nd Grade
D Murray,MD Rowe,21,6,2008,No,Metropolitan One Day
Curtis Stark,Scott Powell,21,5,2008,No,2nd Grade
Keith Zissis,Arthur Vlahos,21,2,2008,No,Metropolitan One Day
Ben Stephenson,Adam Spencer,21,4,2008,No,8th Grade
Adam Wreford,Sam Finnigan,21,7,2008,No,2nd Grade
Ryan James,T Dias,21,2,2009,No,7th Grade
David Van Wees,Matthew Hilleard,21,1,2009,No,5th Grade
John Taylor,Brett Harrison,21,4,2009,No,2nd Grade
Keith Zissis,Russell Gerreyn,21,2,2009,No,Metropolitan One Day
Bryce Alexander,Charles Marlam,21,5,2009,No,7th Grade
Keith Zissis,Leon Okely,21,5,2009,No,Metropolitan One Day
Ross Baker,Adam Wreford,21,4,2009,No,2nd Grade
Justin Joyce,Darcy Boyle,21,4,2010,No,Metropolitan One Day
Justin Joyce,Lee Maas,21,7,2010,No,Metropolitan One Day
Bruce Stark,Curtis Stark,21,1,2010,No,5th Grade
Steven Freind,Charles Marlam,21,2,2010,No,7th Grade
Lee Maas,Len Peterson,21,8,2010,No,Metropolitan One Day
J MacRae,Robbie Edwards,21,10,2010,No,7th Grade
Keith Zissis,Paul Peos,21,1,2010,No,Metropolitan One Day
J MacRae,Charles Marlam,21,3,2010,No,7th Grade
Michael Peter,Dave Dewhurst,21,10,2011,Yes,4th Grade
Brett Harrison,Dave Dewhurst,21,7,2011,Yes,4th Grade
Ryan Barndon,Adam Wreford,21,8,2011,No,2nd Grade
Clinton Reid,Brett Harrison,21,5,2011,No,4th Grade
Ben Price,Michael Peter,21,8,2011,No,4th Grade
Leon Burrows,Bryce Alexander,21,5,2011,No,2nd Grade
Kevin Rowland,Keith Zissis,21,3,2011,No,Metropolitan One Day
Ryan Barndon,Leon Burrows,21,4,2011,No,2nd Grade
Leon Burrows,Ross Baker,21,4,2011,No,2nd Grade
Robbie Edwards,Simon Borrett,21,10,2012,No,6th Grade
David Van Wees,Paul Dickson,21,8,2012,No,3rd Grade
Charles Marlam,Gino Giamboi,21,5,2012,No,Metropolitan One Day
Robbie Edwards,Timothy Gailbraith,21,7,2012,No,6th Grade
Dov Morris,Clinton Reid,21,1,2012,No,2nd Grade
Mick Andrews,Allan Carroll,21,9,2013,Yes,5th Grade
Curtis Stark,Aaron Robson,21,7,2013,No,3rd Grade
Clinton Reid,Curtis Stark,21,1,2013,No,3rd Grade
Chris Homer,Ian Wilson,21,5,2013,No,Metropolitan One Day
Damien Senge,Josh Copping,21,6,2013,No,3rd Grade
Scott Powell,Dennis Freind,21,8,2013,No,3rd Grade
Sandeep Brar,Gurpreet Sidhu,21,3,2013,No,Mercantile One Day
Gurpreet Sidhu,Mandeep Singh,21,4,2013,No,Mercantile One Day
Jake Finney,Dov Morris,21,2,2013,No,2nd Grade
Dov Morris,Ross Baker,21,4,2013,No,2nd Grade
Josh Taylor,Adam Wreford,21,7,2013,No,2nd Grade
Jake Finney,Josh Taylor,21,3,2013,No,2nd Grade
Paul Dickson,Bryce Alexander,21,4,2014,Yes,8th Grade
Dov Morris,Bryce Alexander,21,6,2014,No,2nd Grade
Bryce Alexander,AB Goodchild,21,3,2014,No,8th Grade
Adam Lankester,Ben Gatter,21,1,2014,No,5th Grade
Chris Mok,Robbie Edwards,21,10,2014,No,5th Grade
Ian Wilson,Josh Copping,21,5,2014,No,2nd Grade
Garath Van Der Elst,Chris Homer,21,1,2014,No,5th Grade
Chris Mok,Michael Peter,21,6,2014,No,5th Grade
Gurpreet Sidhu,N Thankasaga,21,10,2014,No,Metropolitan One Day
Martin Burrow,Kai Homer,21,3,2014,No,5th Grade
Happee Boparai,Randeep Brar,21,3,2014,No,Metropolitan One Day
Curtis Stark,Adam Lankester,21,1,2015,No,4th Grade
Paul Dickson,Matt Wilson,21,7,2015,No,6th Grade
Chris Homer,Garath Van Der Elst,21,1,2015,No,6th Grade
Clinton Reid,M Owen,21,6,2015,No,7th Grade
Chris Homer,Michael Peter,21,2,2015,No,6th Grade
Sam Finnigan,Chris Mok,21,1,2015,No,6th Grade
Chris Mok,Happee Boparai,21,2,2015,No,6th Grade
Russell Normoyle,Ashley Edwards,21,10,2015,No,4th Grade
Garath Van Der Elst,Timothy Gailbraith,21,1,2015,No,6th Grade
John Taylor,Ben Gatter,21,6,2015,No,6th Grade
Dennis Freind,Tom Condello,21,8,2015,No,7th Grade
Curtis Stark,Brett Harrison,21,6,2015,No,4th Grade
Dov Morris,Leon Burrows,21,2,2015,No,2nd Grade
Curtis Stark,Happee Boparai,21,2,2016,No,3rd Grade
Karamjeet Singh,Leon Burrows,21,7,2016,No,1st Grade
Brendan Millar,C Puff,21,6,2016,No,3rd Grade
Cameron Lee,R Sandhu,21,9,2016,No,9th Grade
Brad Walker,A Malik,21,6,2016,No,5th Grade
Curtis Stark,Clinton Reid,21,1,2016,No,3rd Grade
AB Goodchild,Cameron Lee,21,5,2016,No,6th Grade
Paul Ridley,Kirk Howes,21,8,2016,No,1st Grade
Curtis Stark,Ian Wilson,21,3,2016,No,3rd Grade
Tim Galbraith,Tony Bassett,21,10,2016,No,3rd Grade
Courtney Swift,Cameron Lee,21,7,2016,No,9th Grade
Dov Morris,Darren Johnson,21,3,2017,Yes,1st Grade
Clinton Reid,Phillip Ross,21,3,2017,No,3rd Grade
R Singhal,S Gill,21,4,2017,No,5th Grade
Karamjeet Singh,Ryan Barndon,21,8,2017,No,1st Grade
Keith Zissis,Garath Van Der Elst,21,4,2017,No,7th Grade
Bikram Singh,S Gill,21,3,2017,No,5th Grade
David Van Wees,Mark Sinclair,21,3,2017,No,7th Grade
Mandeep Singh,N Panjepa,21,10,2017,No,5th Grade
Happee Boparai,Jun Singh,21,5,2017,No,5th Grade
Michael Peter,Alex Cox,21,8,2017,No,7th Grade
Brad Walker,C Vaidya,21,4,2018,No,4th Grade
Adam Lankester,Dov Morris,21,2,2018,No,2nd Grade
Russell Normoyle,Tim Galbraith,21,8,2018,No,2nd Grade
Raghu Sharma,Garath Van Der Elst,21,2,2018,No,4th Grade
Tony Bassett,Chris Mok,21,9,2018,No,2nd Grade
Keith Zissis,Brett Harrison,21,4,2018,No,Mercantile One Day
Phillip Ross,K Symons,21,5,2018,No,2nd Grade
Daniel Sims,J Kendall,21,5,2019,No,E Division One Day Grade
Jun Singh,Gurdeep Singh,21,10,2019,No,5th Grade
Clinton Reid,Keith Zissis,21,5,2019,No,C Division One Day Grade
Adam Lankester,Adam Duffy,21,2,2019,No,B Division One Day Grade
Dan Leatham,Paul McNamara,21,1,2019,No,C Division One Day Grade
Duane Crombie,Bruce Stark,21,2,2019,No,E Division One Day Grade
Happee Boparai,Sandeep Brar,21,5,2019,No,5th Grade
Darren Johnson,Raghu Sharma,21,3,2019,No,3rd Grade
Ash Yadav,Scott Barnard,21,2,2020,No,A Division One Day Grade
David Van Wees,Parminder Sandhu,21,3,2020,No,F Division One Day Grade
Parminder Sandhu,Nilan Chandratilake,21,1,2020,No,F Division One Day Grade
Mandeep Singh,Danny Toohey,21,10,2021,Yes,G Division One Day Grade
Clinton Reid,Curtis Stark,21,3,2021,No,B Division One Day Grade
David Van Wees,Thomas Cross,21,1,2021,No,E Division One Day Grade
Keith Zissis,Thomas Cross,21,1,2021,No,E Division One Day Grade
Davis Bode,Mandeep Singh,21,2,2021,No,A Division One Day Grade
Adam Wreford,Pankaj Dhall,21,9,2021,No,A Division One Day Grade
Brett Harrison,Dov Morris,21,3,2021,No,E Division One Day Grade
Thanuja Jayakodi Arachchige,Phillip Ross,21,8,2021,No,B Division One Day Grade
Ash Yadav,John Taylor,21,5,2021,No,A Division One Day Grade
Gavin Doull,Gurpreet Brar,21,5,2021,No,G Division One Day Grade
Grant Carslake,Tom Condello,21,9,2021,No,G Division One Day Grade
Thanuja Jayakodi Arachchige,David Hallows,21,10,2022,Yes,A Division One Day Grade
James Ditchburn,Phillip Ross,21,9,2022,Yes,B Division One Day Grade
Tom Condello,Scott Bretland,21,8,2022,Yes,G Division One Day Grade
Nirbhai Sohi,Raghu Sharma,21,2,2022,No,A Division One Day Grade
Bikram Singh,Adam Wreford,21,6,2022,No,A Division One Day Grade
Scott Bretland,Joe Morgan,21,9,2022,No,G Division One Day Grade
Bikram Singh,Adam Wreford,21,7,2022,No,A Division One Day Grade
Happee Boparai,Pankaj Dhall,21,9,2022,No,A Division One Day Grade
Adam Duffy,Brett Harrison,21,2,2022,No,G Division One Day Grade
Danny Toohey,Joe Morgan,21,8,2022,No,G Division One Day Grade
Daniel Sims,Hayden Candy,21,3,2022,No,D Division One Day Grade
Glenn Welton,Dov Morris,21,2,2022,No,B Division One Day Grade
Happee Boparai,Pankaj Dhall,21,8,2022,No,A Division One Day Grade
Darren Franklin,Tom Condello,21,9,2023,No,I Division One Day Grade
Nilan Chandratilake,Adam Duffy,21,1,2023,No,I Division One Day Grade
Sagar Lather,Gurdeep Singh,21,3,2023,No,A Division One Day Grade
Amos Robinson,Alexio Yiannakis,21,3,2023,No,H Division One Day Grade
Curtis Stark,Cameron Lee,21,1,2023,No,C Division One Day Grade
Luca Crombie,Bruce Stark,21,7,2023,No,I Division One Day Grade
Davis Bode,Glenn Welton,21,1,2024,No,A Division One Day Grade
Manoj jayawardena,Vihanga Silva,21,6,2025,No,H Division One Day Grade
Dov Morris,Kirk Howes,21,4,2025,No,A Division One Day Grade
Vishnu Rajendran,Grant Carslake,21,8,2025,No,D Division One Day Grade
Nuwan Jayathma Liyanaarachchi Liyana Arachchige,Kusal Walliwala Gamage,21,10,2025,No,H Division One Day Grade
Mohamed Zainudeen,Buddika Buthpitilekamalage,21,6,2025,No,H Division One Day Grade
C Hayes,Dave Ralston,20,2,1963,No,1st Grade
Fred Buttsworth,Ray Taylor,20,3,1964,No,1st Grade
Bert Smith,Dave Cosson,20,8,1965,No,1st Grade
Bert Smith,T Robertson,20,7,1966,No,1st Grade
Gary Chivers,David Rye,20,9,1992,Yes,1st Grade
Dennis Freind,David Rye,20,2,1992,No,1st Grade
Justin Fisher,Paul McNamara,20,4,1993,No,1st Grade
Ian Price,David Separovic,20,10,1993,No,1st Grade
Mark Butler,David Separovic,20,10,1995,No,1st Grade
Gregory Smith,Geoff Colgan,20,3,1995,No,1st Grade
Kevin Rowland,Gary Freind,20,1,1997,No,3rd Grade
Gary Freind,Tim Reid,20,2,1997,No,5th Grade
Kevin Rowland,Bruce West,20,4,1997,No,5th Grade
David Singh,Ian Scott,20,5,1997,No,Metropolitan One Day
Russell Gerreyn,Bruce West,20,5,1997,No,5th Grade
Craig Sherlock,Mick OReilly,20,5,1997,No,7th Grade
Keith DeSilva,Ken Hart,20,3,1997,No,7th Grade
Keith DeSilva,Lee Blake,20,4,1997,No,Metropolitan One Day
Ken Hart,Trevor Craib,20,6,1997,No,Metropolitan One Day
Keith DeSilva,John Eyres,20,3,1997,No,7th Grade
David Brooks,Terry Holbrook,20,5,1997,No,5th Grade
Christopher Jebb,Tim Reid,20,8,1998,No,3rd Grade
Adam Bassett,Evan Standley,20,6,1998,No,1st Grade
David Brooks,David Singh,20,4,1998,No,5th Grade
Keith DeSilva,Christopher Jebb,20,7,1998,No,3rd Grade
David Gulberti,Geoff Colgan,20,4,1998,No,3rd Grade
Doug Osborne,Malcolm Feasey,20,10,1998,No,5th Grade
Gary Burton,Nahan Phelpes,20,2,1999,No,5th Grade
Ross Baker,Marcus Nolan,20,7,1999,No,1st Grade
Gary Burton,Mark DMello,20,2,1999,No,5th Grade
Stephen Clarke,Christopher Barnes,20,6,1999,No,1st Grade
Dennis Freind,Kyle Adams,20,1,1999,No,1st Grade
Evan Standley,Graeme Dennis,20,10,1999,No,1st Grade
Ian Blake,Jeremy Davis,20,6,1999,No,5th Grade
Bryce Alexander,Geoff Colgan,20,5,1999,No,1st Grade
Gary Burton,Anthony Libia,20,1,1999,No,5th Grade
Gregory Martin,Nathan Whitney,20,6,2000,No,1st Grade
Geoff Colgan,Dennis Freind,20,1,2001,No,1st Grade
Bryce Alexander,David Lenane,20,5,2001,No,1st Grade
Darren Young,David Lenane,20,5,2001,No,1st Grade
Darren Young,David Lenane,20,2,2002,No,1st Grade
Darren Holt,Kevin Rowland,20,7,2002,No,1st Grade
Robbie Taylor,Darren Holt,20,4,2002,No,1st Grade
Kyle Adams,Geoff Colgan,20,6,2003,No,1st Grade
Kyle Adams,Glenn Andersson,20,7,2004,No,1st Grade
David Lenane,Glenn Andersson,20,6,2004,No,1st Grade
David Lenane,Bruce Stark,20,7,2004,No,1st Grade
Kyle Adams,Malcolm Williams,20,2,2004,No,1st Grade
Dave Wilcox,Aaron Robson,20,4,2005,No,Metropolitan One Day
Joshua Wells,Bruce West,20,5,2005,No,4th Grade
Charles Marlam,Jason Alexander,20,2,2005,No,4th Grade
Scott Powell,David Van Wees,20,5,2005,No,Metropolitan One Day
Darren Young,Jeremy Davis,20,10,2005,No,1st Grade
Mark Dickson,Anthony Burke,20,8,2005,No,1st Grade
Alan McGuinness,Scott Powell,20,4,2005,No,Metropolitan One Day
Tariq Haroon,Jason Alexander,20,4,2005,No,4th Grade
Vikram Kalaimani,Jason Carlyon,20,7,2005,No,8th Grade
Ashley Edwards,Robbie Edwards,20,10,2006,Yes,5th Grade
Robbie Edwards,Scott Barnard,20,2,2006,No,5th Grade
Len Peterson,Mark Stevens,20,1,2006,No,8th Grade
Ajigh RajaGopal,Darren Hutchins,20,7,2006,No,5th Grade
Scott Barnard,Joe DelBorello,20,3,2006,No,5th Grade
Russell Gerreyn,Mark Stevens,20,1,2006,No,8th Grade
Scott Barnard,Christopher Jebb,20,3,2006,No,5th Grade
Scott Barnard,Ryan Barndon,20,4,2006,No,5th Grade
Jarrod Worth,Ben Santoro,20,9,2006,No,8th Grade
Scott Barnard,Ryan Barndon,20,3,2006,No,5th Grade
Charles Marlam,Paul Dickson,20,3,2006,No,2nd Grade
Alfred Burrows,John Taylor,20,2,2006,No,8th Grade
Kevin Rowland,Brett Harrison,20,2,2006,No,5th Grade
Leon Burrows,John Taylor,20,3,2006,No,2nd Grade
Anthony Libia,Aaron Robson,20,7,2006,No,2nd Grade
David Van Wees,Brett Harrison,20,1,2007,No,6th Grade
Leon Burrows,John Taylor,20,2,2007,No,3rd Grade
Leon Burrows,Curtis Stark,20,3,2007,No,3rd Grade
David Van Wees,Kevin Rowland,20,3,2007,No,6th Grade
Leigh Spencer,David Van Wees,20,7,2007,No,6th Grade
Curtis Stark,John Taylor,20,3,2007,No,3rd Grade
David Van Wees,Steven Freind,20,1,2007,No,Metropolitan One Day
Ben Loader,Simon Wilson,20,4,2007,No,Metropolitan One Day
Ben Loader,David Van Wees,20,4,2007,No,Metropolitan One Day
Cassis Van Wees,Neil Steadman,20,8,2007,No,9th Grade
Russell Gerreyn,Brett Harrison,20,2,2007,No,9th Grade
Scott Barnard,Kevin Rowland,20,3,2007,No,6th Grade
Aaron Robson,Russell Normoyle,20,5,2008,Yes,2nd Grade
Chris Mok,Gino Giamboi,20,5,2008,No,8th Grade
Sam Finnigan,Aaron Robson,20,7,2008,No,2nd Grade
Ben Stephenson,Gino Giamboi,20,7,2008,No,8th Grade
Timothy Gailbraith,Dennis Freind,20,10,2008,No,5th Grade
Lee Maas,JD Paternostro,20,6,2009,Yes,Metropolitan One Day
T Dias,BA Parkes,20,3,2009,No,7th Grade
Alex Vlahos,Courtney Swift,20,8,2009,No,Metropolitan One Day
Alex Vlahos,Kenneth Kelly,20,5,2009,No,Metropolitan One Day
Ryan James,Bryce Alexander,20,4,2009,No,7th Grade
Ryan James,Dov Morris,20,2,2009,No,7th Grade
Darren Hutchins,Ryan James,20,6,2009,No,7th Grade
Adam Wreford,Brett Harrison,20,7,2009,No,2nd Grade
Keith Zissis,TC Williams,20,1,2010,No,Metropolitan One Day
Matthew Hilleard,Timothy Gailbraith,20,5,2010,No,7th Grade
Timothy Gailbraith,Daniel Allsop,20,8,2010,No,7th Grade
Daniel Allsop,JL Dimond,20,9,2010,No,7th Grade
Andrew Webley,Daniel Allsop,20,9,2010,No,7th Grade
Ryan Barndon,Matt Behn,20,1,2010,No,2nd Grade
Dov Morris,Ryan Barndon,20,1,2010,No,2nd Grade
Jeff Stephenson,P Curtis,20,6,2011,Yes,Metropolitan One Day
Michael Peter,Robbie Edwards,20,8,2011,No,4th Grade
Scott Powell,Dennis Freind,20,1,2011,No,4th Grade
Dov Morris,Leon Burrows,20,1,2011,No,2nd Grade
Alex Vlahos,Paul Dickson,20,3,2011,No,Metropolitan One Day
Conor Breheny,Chris Mok,20,6,2011,No,6th Grade
Robbie Edwards,B Wapshott,20,10,2011,No,4th Grade
Ash Eyre,Mark Dickson,20,4,2011,No,Metropolitan One Day
Clinton Reid,Keith Zissis,20,1,2012,Yes,3rd Grade
Daniel Atkinson,Ben Stephenson,20,9,2012,No,2nd Grade
David Van Wees,Clinton Reid,20,4,2012,No,3rd Grade
Ben Stephenson,T Cox,20,10,2012,No,2nd Grade
Aaron Robson,Andrew Webley,20,8,2012,No,3rd Grade
Chris Mok,Bruce Stark,20,5,2012,No,6th Grade
Keith Zissis,Russell Gerreyn,20,1,2012,No,Metropolitan One Day
T Cox,Ben Price,20,2,2012,No,3rd Grade
Ross Baker,James Day,20,6,2012,No,2nd Grade
Michael Mani,Michael Peter,20,9,2013,No,3rd Grade
Mandeep Singh,Jagdeep Brar,20,9,2013,No,Mercantile One Day
Clinton Reid,Brett Harrison,20,2,2013,No,3rd Grade
Yaadwinder Toor,Devender Kumar,20,5,2013,No,Mercantile One Day
Adam Wreford,Matt Wilson,20,8,2013,No,2nd Grade
Martin Burrow,Jeff Stephenson,20,7,2013,No,5th Grade
Tony Bassett,Kirk Howes,20,8,2013,No,2nd Grade
Scott Powell,Ryan Barndon,20,4,2013,No,3rd Grade
Gino Giamboi,Lee Maas,20,9,2013,No,Metropolitan One Day
Gino Giamboi,Jeff Stephenson,20,10,2013,No,Metropolitan One Day
Mick Andrews,Ben Gatter,20,8,2013,No,5th Grade
Josh Taylor,Leon Burrows,20,5,2013,No,2nd Grade
Keith Zissis,A Anand,20,3,2014,No,8th Grade
Garath Van Der Elst,Matt Wilson,20,2,2014,No,5th Grade
Karamjeet Singh,Russell Normoyle,20,7,2014,No,2nd Grade
JD Krasenstein,Gary Freind,20,4,2014,No,5th Grade
Scott Powell,Curtis Stark,20,1,2014,No,3rd Grade
David Van Wees,AB Goodchild,20,6,2014,No,8th Grade
Chris Homer,C Puff,20,4,2015,Yes,4th Grade
Chris Homer,GC Siddalingappa,20,3,2015,No,6th Grade
Grant Carslake,Lee Maas,20,10,2015,No,9th Grade
Curtis Stark,Adam Lankester,20,1,2015,No,4th Grade
Karamjeet Singh,Adam Wreford,20,8,2015,No,2nd Grade
Brendan Miller,Scott Barnard,20,2,2015,No,4th Grade
Aaron Robson,Ashley Edwards,20,9,2015,No,4th Grade
Adam Lankester,Ian Wilson,20,2,2015,No,2nd Grade
Clinton Reid,Michael Peter,20,4,2015,No,6th Grade
K Bond,AB Goodchild,20,6,2015,No,7th Grade
Ian Wilson,Ross Baker,20,4,2015,No,2nd Grade
David Van Wees,Dennis Freind,20,2,2016,No,6th Grade
M Munish,Adam Wreford,20,10,2016,No,1st Grade
Garath Van Der Elst,James Ditchburn,20,1,2016,No,9th Grade
Garath Van Der Elst,Phillip Ross,20,2,2016,No,9th Grade
Phillip Ross,L Ashforth,20,10,2016,No,9th Grade
Keith Zissis,Robbie Edwards,20,9,2016,No,6th Grade
Leon Burrows,Paul Ridley,20,7,2016,No,1st Grade
Darren Johnson,Ryan Barndon,20,3,2016,No,3rd Grade
Karamjeet Singh,Adam Wreford,20,9,2016,No,1st Grade
R Singhal,C Vaidya,20,6,2016,No,5th Grade
C Vaidya,Michael Peter,20,4,2017,No,5th Grade
A Singh,Jun Singh,20,1,2017,No,3rd Grade
Mandeep Singh,Michael Peter,20,8,2017,No,5th Grade
AB Kalimeris,S Gill,20,7,2017,No,5th Grade
Paul Maindok,Keith Zissis,20,3,2017,No,7th Grade
Ryan Barndon,Darren Johnson,20,3,2017,No,1st Grade
Paul Maindok,Keith Zissis,20,3,2017,No,7th Grade
David Van Wees,Chris Mok,20,5,2017,No,7th Grade
C Tilley,D Bowman,20,7,2017,No,3rd Grade
Karamjeet Singh,Ryan Barndon,20,5,2017,No,1st Grade
Dov Morris,A Malik,20,2,2018,No,2nd Grade
A Malik,S Gill,20,5,2018,No,2nd Grade
Hayden Candy,G Fawell,20,4,2018,No,Mercantile One Day
Curtis Stark,Dov Morris,20,2,2018,No,2nd Grade
Darren Stride,Ziiyad Salle,20,10,2018,No,Mercantile One Day
Paul Maindok,Sam Finnigan,20,6,2018,No,2nd Grade
Keith Zissis,Hayden Candy,20,5,2018,No,Mercantile One Day
Phillip Ross,Cameron Lee,20,4,2018,No,2nd Grade
David Van Wees,Keith Zissis,20,3,2018,No,Mercantile One Day
Hayden Candy,Dan Leatham,20,3,2019,No,C Division One Day Grade
Sandeep Brar,Happee Boparai,20,2,2019,No,5th Grade
Mandeep Singh,Garath Van Der Elst,20,5,2019,No,5th Grade
Dan Leatham,Cameron Lee,20,5,2019,No,C Division One Day Grade
Darren Young,W Abbas,20,5,2019,No,B Division One Day Grade
Sajan Hanjra,G Fawell,20,7,2019,No,E Division One Day Grade
Darren Franklin,David Hallows,20,9,2020,Yes,F Division One Day Grade
Darren Stride,John Taylor,20,4,2020,Yes,E Division One Day Grade
J Naidoo,Brett Harrison,20,3,2020,No,E Division One Day Grade
Davis Bode,J Naidoo,20,1,2020,No,E Division One Day Grade
Grant Carslake,Tom Condello,20,6,2020,No,F Division One Day Grade
Adam Duffy,Justin Kickett,20,5,2020,No,F Division One Day Grade
Ross Baker,Raghu Sharma,20,5,2020,No,A Division One Day Grade
Dov Morris,Cameron Lee,20,2,2020,No,B Division One Day Grade
Nilan Chandratilake,Chris Popoff,20,2,2020,No,F Division One Day Grade
Thomas Cross,Brett Harrison,20,2,2021,No,E Division One Day Grade
Paul Holmes,Dan Leatham,20,5,2021,No,E Division One Day Grade
Clinton Reid,Thanuja Jayakodi Arachchige,20,7,2021,No,B Division One Day Grade
Jun Singh,Ryan Barndon,20,4,2021,No,B Division One Day Grade
Ash Yadav,Nirbhai Sohi,20,1,2021,No,A Division One Day Grade
Tom Condello,Bruce Stark,20,8,2022,Yes,G Division One Day Grade
Nilan Chandratilake,Scott Bretland,20,6,2022,No,G Division One Day Grade
Happee Boparai,Davis Bode,20,5,2022,No,A Division One Day Grade
Jagdeep Brar,Davis Bode,20,7,2022,No,A Division One Day Grade
Nilan Chandratilake,David Van Wees,20,2,2022,No,G Division One Day Grade
Nilan Chandratilake,Adam Duffy,20,1,2022,No,G Division One Day Grade
Duane Crombie,Aaron Robson,20,4,2022,No,G Division One Day Grade
Nirbhai Sohi,Ryan Barndon,20,7,2023,Yes,A Division One Day Grade
Scott Barnard,Dov Morris,20,2,2023,No,B Division One Day Grade
Daniel Lambrinidis,Paul Holmes,20,6,2023,No,C Division One Day Grade
Paul Holmes,Vishnu Rajendran,20,6,2023,No,C Division One Day Grade
Scott Bretland,Alex Hall,20,4,2023,No,I Division One Day Grade
Alex Hall,Gurpreet Brar,20,5,2023,No,I Division One Day Grade
Chris Popoff,Scott Bretland,20,5,2023,No,I Division One Day Grade
Happee Boparai,Ash Yadav,20,1,2023,No,A Division One Day Grade
Raghu Sharma,Bikram Singh,20,6,2023,No,A Division One Day Grade
Glenn Welton,Russell Normoyle,20,1,2023,No,B Division One Day Grade
Amos Robinson,Alexio Yiannakis,20,2,2023,No,H Division One Day Grade
Raghu Sharma,Vinit Kumar,20,3,2023,No,A Division One Day Grade
Ross Baker,Dov Morris,20,4,2023,No,B Division One Day Grade
Trent George Kennedy,Ashan Udeshitha,20,9,2024,No,C Division One Day Grade
David Cameron,Kirk Howes,20,6,2024,No,A Division One Day Grade
Clinton Reid,Ryker Newman,20,4,2024,No,C Division One Day Grade
Amos Robinson,Alexio Yiannakis,20,1,2024,No,H Division One Day Grade
Luca Crombie,Duane Crombie,20,1,2024,No,I Division One Day Grade
Glenn Welton,Ryker Newman,20,3,2024,No,A Division One Day Grade
Ryker Newman,Josh Taylor,20,4,2024,No,A Division One Day Grade
Josh Taylor,Davis Bode,20,5,2024,No,A Division One Day Grade
Adam Duffy,Chris Popoff,20,1,2025,No,I Division One Day Grade
Chris Popoff,Raguvaran Sukumar,20,1,2025,No,I Division One Day Grade
Ross Baker,Sam Finnigan,20,9,2025,No,A Division One Day Grade
Keith Zissis,Nimesh Shamalka,20,9,2025,No,D Division One Day Grade
Ryan Barndon,Hayden Candy,20,5,2025,No,D Division One Day Grade
Adam Duffy,Aaron Robson,20,4,2025,No,I Division One Day Grade
Keith Zissis,Grant Carslake,20,8,2025,No,D Division One Day Grade
Lakmal Madushanka Madawala Maddumage Don,Chamod Dilshan Happawana Vithanage,20,6,2025,No,H Division One Day Grade
Dave Ralston,Fred Buttsworth,19,3,1963,No,1st Grade
Raymond Scott,M Leeder,19,2,1963,No,1st Grade
M Leeder,Brian Buttsworth,19,5,1963,No,1st Grade
Keith Randell,Dave Cosson,19,9,1966,No,1st Grade
Ian Price,David Separovic,19,10,1993,Yes,1st Grade
Graham Butler,Cameron Briscoe,19,7,1993,No,1st Grade
Ian Blake,Len Peterson,19,9,1993,No,1st Grade
Justin Fisher,Ian Price,19,1,1994,No,1st Grade
Gino Giamboi,Paul McNamara,19,1,1994,No,1st Grade
Gino Giamboi,Ken Hart,19,6,1994,No,1st Grade
Dennis Freind,Lance Ferguson,19,6,1994,No,1st Grade
Bruce Stark,Ian Blake,19,5,1995,No,1st Grade
Dennis Freind,Peter McSweeney,19,6,1995,No,1st Grade
Ward Bond,Terry Holbrook,19,7,1997,No,3rd Grade
Keith DeSilva,Lee Blake,19,2,1997,No,Metropolitan One Day
Mark ONeill,Alex Hall,19,1,1997,No,Metropolitan One Day
Mick OReilly,Bryce Alexander,19,4,1997,No,7th Grade
Paul McNamara,Paul Richardson,19,4,1997,No,5th Grade
Barry Richardson,Kevin Rowland,19,3,1997,No,5th Grade
Len Peterson,Trevor Craib,19,6,1997,No,Metropolitan One Day
Alex Hall,James Bourne,19,10,1997,No,Metropolitan One Day
Kevin Rowland,John Cottier,19,1,1998,No,3rd Grade
Christopher Jebb,Wade Carruthers,19,7,1998,No,3rd Grade
Barry Richardson,Malcolm Feasey,19,9,1998,No,5th Grade
Michael Petrie,Evan Standley,19,6,1998,No,3rd Grade
Darren Holt,Adam Bassett,19,3,1998,No,1st Grade
Brett Harris,Paul Dickson,19,5,1998,No,1st Grade
Tim Reid,Bradley McManus,19,3,1998,No,3rd Grade
Wade Carruthers,Graeme Dennis,19,9,1998,No,3rd Grade
Mark Dickson,Bruce Stark,19,6,1998,No,3rd Grade
Ross Baker,Evan Standley,19,6,1999,No,1st Grade
Jason Cobb,Terry Holbrook,19,8,1999,No,5th Grade
Ian Blake,Lee Blake,19,4,1999,No,5th Grade
Ian Blake,Nahan Phelpes,19,5,1999,No,5th Grade
Bryce Alexander,Darren Holt,19,2,1999,No,1st Grade
Kim Anderson,Malcolm Feasey,19,10,1999,No,5th Grade
Keith Manea,Jason Boekleman,19,9,2000,No,1st Grade
Bryce Alexander,Ben OMera,19,6,2001,No,1st Grade
Stephen Clarke,Anthony Libia,19,1,2002,No,1st Grade
Graeme Angwin,Craig Phillip,19,10,2002,No,1st Grade
Darren Holt,Ron Gillespie,19,5,2002,No,1st Grade
Anthony Burke,Jason Alexander,19,1,2003,No,1st Grade
Darren Young,Dennis Freind,19,9,2003,No,1st Grade
David Lenane,Ron Gillespie,19,6,2003,No,1st Grade
Malcolm Williams,Anthony Burke,19,10,2004,Yes,1st Grade
Anthony Burke,Jeremy Davis,19,9,2004,Yes,1st Grade
Geoff Colgan,Kyle Adams,19,1,2004,No,1st Grade
David Van Wees,Brad Kimber,19,9,2005,Yes,Metropolitan One Day
Vikram Kalaimani,Darren Hutchins,19,10,2005,No,8th Grade
Mark Stevens,Darren Hutchins,19,4,2005,No,8th Grade
Mark Dickson,Jeff Barndon,19,7,2005,No,4th Grade
Glenn Andersson,Matthew Sorensen,19,6,2005,No,8th Grade
Barry Richardson,G Middleton,19,7,2005,No,Metropolitan One Day
Brett Harrison,Chris Robson,19,2,2005,No,Metropolitan One Day
Scott Powell,Russell Normoyle,19,4,2005,No,Metropolitan One Day
Robbie Edwards,Jason Alexander,19,9,2005,No,4th Grade
Curtis Stark,Ajigh RajaGopal,19,7,2006,No,5th Grade
Russell Gerreyn,Danny Wildman,19,1,2006,No,8th Grade
Sam Finnigan,Jeff Stephenson,19,1,2006,No,8th Grade
Dennis Freind,Aaron Robson,19,8,2006,No,2nd Grade
Charles Marlam,Ryan Barndon,19,2,2006,No,2nd Grade
Simon Wilson,Courtney Swift,19,7,2006,No,8th Grade
Cameron Gerreyn,Gino Giamboi,19,3,2006,No,5th Grade
Michael Gartell,Christopher Jebb,19,4,2006,No,5th Grade
John Taylor,Leon Burrows,19,3,2006,No,2nd Grade
Ben Loader,Chris Mok,19,6,2007,Yes,Metropolitan One Day
Timothy Bailey,Len Peterson,19,8,2007,No,9th Grade
Leon Burrows,Paul Dickson,19,2,2007,No,3rd Grade
Simon Wilson,Brett Harley,19,5,2007,No,Metropolitan One Day
Steven Freind,Ashley Freind,19,3,2007,No,Metropolitan One Day
Steven Freind,Timothy Gailbraith,19,4,2007,No,Metropolitan One Day
Ryan Shelton,Chris Mok,19,1,2007,No,Metropolitan One Day
Ryan Barndon,Leon Burrows,19,1,2007,No,3rd Grade
Scott Powell,Craig Bennett,19,4,2008,No,2nd Grade
Ben Loader,Scott Barnard,19,3,2008,No,5th Grade
Ben Stephenson,Robbie Edwards,19,10,2008,No,5th Grade
Jeff Stephenson,Adam Spencer,19,3,2008,No,8th Grade
Sam Finnigan,Kyle Adams,19,6,2008,No,5th Grade
Ben Loader,Leon Burrows,19,1,2008,No,2nd Grade
Bryce Alexander,Scott Powell,19,6,2008,No,2nd Grade
Ben Stephenson,Shane Shaw,19,3,2008,No,8th Grade
David Van Wees,Dennis Freind,19,10,2009,Yes,5th Grade
Paul Dickson,T Dias,19,2,2009,No,7th Grade
Paul McNamara,Gino Giamboi,19,7,2009,No,7th Grade
Aaron Robson,Curtis Stark,19,7,2009,No,5th Grade
Charles Marlam,Leon Okely,19,6,2009,No,7th Grade
Matthew Hilleard,Ross Baker,19,2,2009,No,5th Grade
Keith Zissis,Kenneth Kelly,19,4,2009,No,Metropolitan One Day
Scott Barnard,Matthew Hilleard,19,1,2009,No,5th Grade
Damien Senge,Craig Bennett,19,4,2009,No,5th Grade
Shane Shaw,Scott Powell,19,1,2010,No,5th Grade
Bruce Stark,Curtis Stark,19,1,2010,No,5th Grade
Ryan Barndon,Damien Senge,19,6,2010,No,2nd Grade
Keith Zissis,Paul Peos,19,1,2010,No,Metropolitan One Day
Clinton Reid,Darren Hutchins,19,2,2011,No,Metropolitan One Day
Charles Marlam,Sean Okley,19,5,2011,No,6th Grade
Ryan Barndon,Tony Bassett,19,10,2011,No,2nd Grade
Ryan Barndon,Curtis Stark,19,5,2011,No,2nd Grade
Paul Dickson,Keith Zissis,19,3,2011,No,Metropolitan One Day
James Day,Keith Zissis,19,1,2011,No,6th Grade
Russell Gerreyn,Alex Vlahos,19,2,2011,No,Metropolitan One Day
Conor Breheny,Matt Wilson,19,5,2011,No,6th Grade
Ash Eyre,Jeff Stephenson,19,7,2011,No,Metropolitan One Day
Adam Wreford,Russell Normoyle,19,8,2011,No,2nd Grade
Damien Senge,Kirk Howes,19,3,2012,Yes,Metropolitan One Day
Curtis Stark,Bruce Stark,19,5,2012,No,6th Grade
JD Krasenstein,Robbie Edwards,19,8,2012,No,6th Grade
Robbie Edwards,Daniel Allsop,19,9,2012,No,6th Grade
JD Krasenstein,Paul Dickson,19,4,2012,No,6th Grade
Robbie Edwards,Damien Stefanoff,19,10,2012,No,3rd Grade
Scott Barnard,Bryce Alexander,19,4,2013,No,2nd Grade
Mandeep Singh,Harbhinder Sandhu,19,7,2013,No,Mercantile One Day
Keith Zissis,Ash Eyre,19,1,2013,No,Metropolitan One Day
Keith Zissis,Kai Homer,19,2,2013,No,Metropolitan One Day
Mandeep Singh,Devender Kumar,19,6,2013,No,Mercantile One Day
Scott Powell,Brett Harrison,19,3,2013,No,3rd Grade
Mandeep Singh,Mandeep Sidhu,19,7,2013,No,Mercantile One Day
Keith Zissis,Alex Vlahos,19,1,2013,No,Metropolitan One Day
Ben Stephenson,Matt Wilson,19,5,2013,No,5th Grade
Matt Wilson,Conor Breheny,19,6,2013,No,5th Grade
Onka Singh,Yaadwinder Toor,19,3,2013,No,Mercantile One Day
Happee Boparai,Sandeep Brar,19,1,2013,No,Mercantile One Day
Jake Finney,Josh Taylor,19,3,2013,No,2nd Grade
Onka Singh,Happee Boparai,19,6,2014,Yes,Metropolitan One Day
Curtis Stark,Brendan Miller,19,2,2014,No,3rd Grade
I Morawiec,Zack Van Wees,19,2,2014,No,8th Grade
Curtis Stark,Brendan Miller,19,2,2014,No,3rd Grade
Curtis Stark,Brendan Miller,19,2,2014,No,3rd Grade
I Singh,Randeep Brar,19,3,2014,No,Metropolitan One Day
Ian Wilson,Adam Lankester,19,5,2014,No,2nd Grade
Karamjeet Singh,Timothy Gailbraith,19,9,2015,No,2nd Grade
Michael Gartell,Ranjit Singh,19,1,2015,No,9th Grade
Curtis Stark,Brett Harrison,19,2,2015,No,4th Grade
R Singhal,C Puff,19,9,2015,No,4th Grade
Jake Finney,Karamjeet Singh,19,5,2015,No,2nd Grade
Jake Finney,Ian Wilson,19,2,2015,No,2nd Grade
Curtis Stark,Adam Lankester,19,1,2015,No,4th Grade
Michael Peter,Matt Wilson,19,8,2015,No,6th Grade
Adam Lankester,Scott Barnard,19,4,2015,No,4th Grade
Karamjeet Singh,Kirk Howes,19,9,2016,No,1st Grade
Brett Harrison,A Malik,19,2,2016,No,5th Grade
Dennis Freind,AB Goodchild,19,6,2016,No,6th Grade
Jake Finney,Ryan Barndon,19,4,2016,No,1st Grade
Brett Harrison,A Malik,19,3,2016,No,5th Grade
Darren Stride,Gino Giamboi,19,9,2016,No,6th Grade
David Van Wees,Anthony Sinclair,19,6,2016,No,6th Grade
Clinton Reid,Adam Lankester,19,3,2016,No,3rd Grade
R Singhal,K Murthy Dhansing,19,6,2016,No,5th Grade
Chris Homer,Brett Harrison,19,1,2016,No,5th Grade
A Malik,R Singhal,19,5,2016,No,5th Grade
Adam Lankester,Clinton Reid,19,1,2017,No,1st Grade
AB Kalimeris,Gino Giamboi,19,9,2017,No,7th Grade
Bikram Singh,S Gill,19,4,2017,No,5th Grade
Clinton Reid,Jun Singh,19,1,2017,No,3rd Grade
R Singhal,Mandeep Singh,19,5,2017,No,5th Grade
Michael Peter,S Gill,19,7,2017,No,5th Grade
Brett Harrison,Cameron Lee,19,2,2017,No,3rd Grade
Garath Van Der Elst,Gino Giamboi,19,7,2017,No,7th Grade
Paul Maindok,Mark Sinclair,19,2,2017,No,7th Grade
Dov Morris,Scott Barnard,19,2,2017,No,1st Grade
Ryan Barndon,Phillip Ross,19,7,2018,Yes,2nd Grade
Cameron Lee,Raghu Sharma,19,3,2018,No,4th Grade
Hayden Candy,Ziiyad Salle,19,4,2018,No,Mercantile One Day
Mark Sinclair,David Van Wees,19,6,2018,No,Mercantile One Day
Paul McNamara,David Van Wees,19,5,2018,No,Mercantile One Day
Adam Wreford,Chris Mok,19,9,2018,No,2nd Grade
Dennis Freind,Karamdeep Brar,19,5,2018,No,4th Grade
Darren Young,Darren Holt,19,5,2019,No,B Division One Day Grade
Curtis Stark,Raghu Sharma,19,1,2019,No,3rd Grade
Sandeep Brar,Happee Boparai,19,2,2019,No,5th Grade
Darren Johnson,Ryan Barndon,19,5,2019,No,3rd Grade
A Corrie,S Pawday,19,10,2019,No,3rd Grade
Chris Popoff,O Cranny,19,5,2019,No,E Division One Day Grade
Curtis Stark,Ryan Barndon,19,6,2019,No,3rd Grade
AJ Aslam,W Abbas,19,1,2019,No,B Division One Day Grade
J Galhena,Phillip Ross,19,7,2020,No,B Division One Day Grade
Davis Bode,Sam Finnigan,19,7,2020,No,E Division One Day Grade
Sam Finnigan,Chris Mok,19,8,2020,No,E Division One Day Grade
Dov Morris,Clinton Reid,19,1,2020,No,B Division One Day Grade
Gavin Doull,Adam Duffy,19,7,2021,Yes,G Division One Day Grade
Curtis Stark,Clinton Reid,19,1,2021,No,B Division One Day Grade
Nirbhai Sohi,Bikram Singh,19,7,2021,No,A Division One Day Grade
Adam Duffy,Aaron Robson,19,5,2021,No,G Division One Day Grade
Darren Franklin,J Cuthbert,19,9,2021,No,G Division One Day Grade
Jagdeep Brar,Adam Wreford,19,6,2021,No,A Division One Day Grade
Darren Johnson,Brett Harrison,19,3,2021,No,B Division One Day Grade
Ryan Barndon,Thanuja Jayakodi Arachchige,19,6,2021,No,B Division One Day Grade
Jun Singh,Thanuja Jayakodi Arachchige,19,7,2022,No,B Division One Day Grade
Dov Morris,Hayden Candy,19,3,2022,No,B Division One Day Grade
WI Drummond,Trent George Kennedy,19,4,2022,No,B Division One Day Grade
Gurpreet Brar,Brett Harrison,19,6,2022,No,G Division One Day Grade
Vishnu Rajendran,Grant Carslake,19,6,2022,No,D Division One Day Grade
Glenn Welton,Curtis Stark,19,1,2022,No,B Division One Day Grade
Nilan Chandratilake,Brett Harrison,19,4,2022,No,G Division One Day Grade
Paul Holmes,Grant Carslake,19,8,2022,No,D Division One Day Grade
Nirbhai Sohi,Davis Bode,19,3,2022,No,A Division One Day Grade
Ross Baker,Brett Harrison,19,5,2022,No,B Division One Day Grade
Angus Motherwell,Judd Diletti,19,10,2023,Yes,H Division One Day Grade
Ashan Udeshitha,Aum Patni,19,10,2023,No,B Division One Day Grade
Jagdeep Brar,Bikram Singh,19,3,2023,No,A Division One Day Grade
Glenn Welton,Ben McInnes,19,7,2023,No,B Division One Day Grade
Jun Singh,Hayden Candy,19,5,2023,No,C Division One Day Grade
Nathan Hearnes,Davis Bode,19,7,2023,No,B Division One Day Grade
Ross Baker,Curtis Stark,19,3,2023,No,B Division One Day Grade
Jun Singh,Brett Harrison,19,8,2023,No,C Division One Day Grade
Adam Duffy,Duane Crombie,19,4,2023,No,I Division One Day Grade
Curtis Stark,Brett Harrison,19,6,2024,No,C Division One Day Grade
Darren Johnson,Trent George Kennedy,19,8,2024,No,A Division One Day Grade
Scott Bretland,Mike Whehella,19,6,2024,No,I Division One Day Grade
Scott Bretland,Paul Holmes,19,3,2024,No,I Division One Day Grade
Adam Duffy,Chris Popoff,19,1,2024,No,I Division One Day Grade
Dov Morris,Paul Holmes,19,4,2024,No,H Division One Day Grade
Curtis Stark,Trent George Kennedy,19,9,2024,No,C Division One Day Grade
Bradley Younger,Aiyush Suhasaria,19,7,2025,Yes,D Division One Day Grade
Vishnu Rajendran,Scott Barnard,19,6,2025,Yes,D Division One Day Grade
Adam Duffy,Nilan Chandratilake,19,2,2025,No,I Division One Day Grade
Jordan Egan,Thanuja Jayakodi Arachchige,19,7,2025,No,A Division One Day Grade
Curtis Stark,Vishnu Rajendran,19,5,2025,No,D Division One Day Grade
Prabud Peduru Hewa,Mohamed Zainudeen,19,1,2025,No,H Division One Day Grade
Brian Buttsworth,Dave Ralston,18,3,1963,No,1st Grade
Raymond Scott,Ray Taylor,18,2,1963,No,1st Grade
Brian Buttsworth,Harry Varis,18,7,1963,No,1st Grade
Alan Wilkins,Kevin Lock,18,8,1964,No,1st Grade
Geoff Hamel,Alan Wilkins,18,3,1965,No,1st Grade
Justin Fisher,Peter McSweeney,18,9,1992,No,1st Grade
Stephen Clarke,Ian Blake,18,1,1993,No,1st Grade
Gary Chivers,Ron Gillespie,18,2,1993,No,1st Grade
Ron Gillespie,Darren Mackie,18,4,1994,No,1st Grade
Paul Dickson,Gary Freind,18,1,1994,No,1st Grade
Justin Fisher,Shane Ferdinadus,18,3,1994,No,1st Grade
Adam Wright,Mark Butler,18,9,1995,No,1st Grade
Kevin Rowland,Ron Gillespie,18,2,1995,No,1st Grade
Ian Price,Mark Butler,18,10,1995,No,1st Grade
Gregory Smith,Peter McSweeney,18,7,1995,No,1st Grade
Chris Whyte,Geoff Colgan,18,3,1995,No,1st Grade
Rick McKenna,Lee Blake,18,9,1997,No,Metropolitan One Day
John Eyres,Keith DeSilva,18,1,1997,No,7th Grade
Gary Freind,Kevin Rowland,18,2,1997,No,5th Grade
Charles Marlam,Shane Innes,18,6,1997,No,3rd Grade
Shane Innes,Charles Marlam,18,2,1997,No,3rd Grade
Paul Dickson,Bruce Stark,18,2,1997,No,3rd Grade
Keith DeSilva,Lee Blake,18,2,1997,No,Metropolitan One Day
Mark Stevens,Lee Blake,18,2,1997,No,Metropolitan One Day
Ron Gillespie,Trevor Craib,18,5,1997,No,Metropolitan One Day
Christopher Jebb,Mark Pearson,18,8,1997,No,3rd Grade
Bruce Stark,Tim Reid,18,6,1997,No,3rd Grade
Guy Welton,Brett Harris,18,4,1998,Yes,1st Grade
Ron Gillespie,Peter Bibby,18,9,1998,No,1st Grade
Paul Dickson,Darren Holt,18,3,1998,No,3rd Grade
Barry Richardson,Ron Gillespie,18,4,1998,No,5th Grade
Barry Richardson,Courtney Swift,18,6,1998,No,5th Grade
Barry Richardson,Gino Giamboi,18,7,1998,No,5th Grade
Kyle Adams,Brett Harris,18,4,1998,No,1st Grade
Bryce Alexander,Peter Bibby,18,4,1998,No,3rd Grade
David Brooks,Paul Dickson,18,1,1998,No,3rd Grade
Jason Cobb,Lee Blake,18,5,1999,No,5th Grade
Ross Baker,Mark Dickson,18,7,1999,No,1st Grade
Matthew Arthurson,Stephen Clarke,18,3,1999,No,1st Grade
Geoff Colgan,Evan Standley,18,6,1999,No,1st Grade
Ross Baker,Bryce Alexander,18,5,1999,No,1st Grade
Kim Anderson,Daryl Pegrum,18,8,1999,No,5th Grade
Gary Burton,Anthony Libia,18,2,1999,No,5th Grade
Stephen Clarke,Geoff Colgan,18,3,2001,No,1st Grade
Stephen Clarke,Geoff Colgan,18,1,2002,No,1st Grade
Chris Whyte,Darren Young,18,6,2003,No,1st Grade
Darren Young,Craig Phillip,18,10,2003,No,1st Grade
Kyle Adams,Darren Holt,18,4,2003,No,1st Grade
Anthony Burke,Kyle Adams,18,3,2003,No,1st Grade
Geoff Colgan,Darren Young,18,3,2004,No,1st Grade
Geoff Colgan,Kyle Adams,18,1,2004,No,1st Grade
David Lenane,Kyle Adams,18,2,2004,No,1st Grade
Darren Holt,Bruce Stark,18,4,2004,No,1st Grade
Russell Normoyle,Ryan Barndon,18,3,2005,No,4th Grade
Ryan Barndon,Mark Dickson,18,6,2005,No,4th Grade
Bruce Stark,Jeremy Davis,18,7,2005,No,1st Grade
Lee Travis,Michael Gartell,18,2,2005,No,Metropolitan One Day
Scott Barnard,Ryan Barndon,18,3,2005,No,4th Grade
Neil Steadman,Matthew Sorensen,18,9,2005,No,8th Grade
Darren Young,Anthony Burke,18,8,2005,No,1st Grade
Ryan Barndon,Curtis Stark,18,4,2005,No,4th Grade
Sharjeel Ashraf,Tariq Haroon,18,3,2005,No,1st Grade
Dave Dewhurst,Luigi Dadamo,18,10,2005,No,Metropolitan One Day
Robbie Edwards,Daryl Pegrum,18,4,2006,No,5th Grade
Danny Bidgood,Courtney Swift,18,6,2006,No,8th Grade
Jason Carlyon,Ben Santoro,18,8,2006,No,8th Grade
Jeff Stephenson,Brett Ashby,18,6,2006,No,8th Grade
David Van Wees,Ryan Barndon,18,3,2006,No,5th Grade
Anthony Libia,Dennis Freind,18,8,2006,No,2nd Grade
Ryan Barndon,Curtis Stark,18,3,2006,No,2nd Grade
Simon Wilson,John Lewis,18,4,2006,No,8th Grade
Christopher Jebb,Gino Giamboi,18,7,2006,No,5th Grade
Raghu Gopalan,John Marion,18,10,2007,Yes,Metropolitan One Day
Kevin Rowland,Aaron Robson,18,2,2007,Yes,6th Grade
Curtis Stark,Ryan Barndon,18,5,2007,No,3rd Grade
Timothy Bailey,Cassis Van Wees,18,7,2007,No,9th Grade
Simon Wilson,Timothy Bailey,18,5,2007,No,Metropolitan One Day
Simon Wilson,Neil Steadman,18,7,2007,No,Metropolitan One Day
Scott Powell,Tony Bassett,18,7,2007,No,3rd Grade
Ryan Shelton,Ben Loader,18,2,2007,No,Metropolitan One Day
Darren Hutchins,Ben Stephenson,18,6,2007,No,6th Grade
Paul Dickson,Charles Marlam,18,2,2007,No,6th Grade
Steven Freind,Ben Loader,18,2,2007,No,Metropolitan One Day
Aaron Robson,Russell Normoyle,18,7,2007,No,6th Grade
Scott Barnard,David Van Wees,18,4,2007,No,6th Grade
Dennis Freind,Tony Bassett,18,9,2008,No,2nd Grade
Nathan Freind,Robbie Edwards,18,10,2008,No,8th Grade
Keith Zissis,Paul Peos,18,1,2008,No,Metropolitan One Day
Anthony Libia,Sam Finnigan,18,5,2008,No,8th Grade
Leon Burrows,Ryan Shelton,18,2,2008,No,2nd Grade
Leon Burrows,Aaron Robson,18,7,2008,No,2nd Grade
Kenneth Kelly,Courtney Swift,18,5,2009,Yes,Metropolitan One Day
Jack Vlahos,Kenneth Kelly,18,7,2009,No,Metropolitan One Day
Peter Vlahos,Paul Dickson,18,3,2009,No,Metropolitan One Day
Ryan James,Darren Hutchins,18,1,2009,No,7th Grade
Adam Wreford,Ryan Barndon,18,7,2009,No,2nd Grade
Ross Baker,Paul Peos,18,6,2009,No,Metropolitan One Day
Bryce Alexander,Daniel Allsop,18,4,2009,No,7th Grade
Ryan Shelton,Sam Finnigan,18,2,2009,No,2nd Grade
Bryce Alexander,Steven Freind,18,4,2009,No,7th Grade
Russell Normoyle,Ryan James,18,7,2009,No,7th Grade
Sam Finnigan,Michael Mani,18,9,2009,No,2nd Grade
Matthew Hilleard,Curtis Stark,18,2,2010,No,5th Grade
Justin Joyce,JL Dimond,18,6,2010,No,Metropolitan One Day
Keith Zissis,JA Timos,18,5,2010,No,Metropolitan One Day
Darcy Boyle,J Walker,18,6,2010,No,Metropolitan One Day
Ryan Barndon,Scott Barnard,18,2,2010,No,2nd Grade
Curtis Stark,Scott Powell,18,2,2010,No,5th Grade
Charles Marlam,Paul Dickson,18,2,2010,No,7th Grade
Brett Harrison,Aaron Robson,18,6,2010,No,5th Grade
Ryan Barndon,Ross Baker,18,3,2010,No,2nd Grade
Steven Freind,JL Dimond,18,3,2010,No,7th Grade
Keith Zissis,J Eyre,18,1,2010,No,Metropolitan One Day
Darcy Boyle,Jack Vlahos,18,8,2010,No,Metropolitan One Day
Dov Morris,Shane Shaw,18,1,2010,No,2nd Grade
J Eyre,Lee Maas,18,8,2010,No,Metropolitan One Day
J Eyre,Jack Vlahos,18,9,2010,No,Metropolitan One Day
Adam Wreford,Leon Okely,18,8,2010,No,5th Grade
Leon Burrows,Brett Harrison,18,6,2011,Yes,2nd Grade
Scott Barnard,Curtis Stark,18,7,2011,No,2nd Grade
Brett Harrison,Andrew Webley,18,6,2011,No,4th Grade
Bryce Alexander,Nathan Marrocco,18,5,2011,No,4th Grade
Ross Baker,Bryce Alexander,18,4,2011,No,2nd Grade
Dennis Freind,Shane Shaw,18,3,2011,No,4th Grade
Andrew Webley,Adam Wreford,18,7,2011,No,2nd Grade
Ben Price,Leon Okely,18,5,2011,No,4th Grade
Ben Price,Brett Harrison,18,6,2011,No,4th Grade
Ash Eyre,Jeff Stephenson,18,5,2011,No,Metropolitan One Day
Ash Eyre,Jeff Stephenson,18,5,2011,No,Metropolitan One Day
Leon Burrows,Russell Normoyle,18,6,2011,No,2nd Grade
Paul Dickson,Keith Zissis,18,1,2011,No,Metropolitan One Day
Adam Wreford,Ben Stephenson,18,9,2011,No,2nd Grade
Bruce Stark,Simon Borrett,18,10,2012,Yes,6th Grade
P Wright,Ben Price,18,6,2012,No,2nd Grade
Michael Peter,Brett Harrison,18,6,2012,No,3rd Grade
P Wright,Ben Price,18,4,2012,No,2nd Grade
Dave Dewhurst,Robbie Edwards,18,10,2012,No,3rd Grade
Chris Mok,Simon Borrett,18,10,2012,No,6th Grade
Scott Barnard,Russell Normoyle,18,7,2012,No,2nd Grade
Chris Homer,JL Dimond,18,1,2012,No,Metropolitan One Day
Jeff Stephenson,Damien Stefanoff,18,8,2012,No,3rd Grade
Ben Gatter,Dennis Freind,18,9,2012,No,6th Grade
Scott Barnard,Josh Taylor,18,3,2013,Yes,2nd Grade
Bryce Alexander,Martin Burrow,18,4,2013,No,Metropolitan One Day
Keith Zissis,G McMillan,18,4,2013,No,Metropolitan One Day
G McMillan,Gino Giamboi,18,8,2013,No,Metropolitan One Day
Russell Normoyle,Adam Wreford,18,8,2013,No,2nd Grade
Devender Kumar,Mandeep Sidhu,18,10,2013,No,Mercantile One Day
Curtis Stark,Sam Finnigan,18,1,2013,No,3rd Grade
Scott Powell,A Smith,18,4,2013,No,3rd Grade
Dov Morris,Scott Barnard,18,2,2013,No,2nd Grade
Jagdeep Brar,S Gill,18,4,2013,No,Mercantile One Day
Ross Baker,Russell Normoyle,18,5,2013,No,2nd Grade
Keith Zissis,Chris Homer,18,2,2013,No,Metropolitan One Day
Yaadwinder Toor,Happee Boparai,18,6,2013,No,Mercantile One Day
Andrew Webley,Michael Peter,18,9,2013,No,3rd Grade
Dov Morris,Clinton Reid,18,1,2014,No,2nd Grade
David Van Wees,I Morawiec,18,6,2014,No,8th Grade
Chris Mok,Robbie Edwards,18,10,2014,No,5th Grade
Keith Zissis,Kai Homer,18,2,2014,No,8th Grade
Jun Singh,Kevin Rowland,18,3,2014,No,3rd Grade
Dov Morris,Timothy Gailbraith,18,10,2014,No,2nd Grade
Garath Van Der Elst,Martin Burrow,18,1,2014,No,5th Grade
Scott Powell,Curtis Stark,18,1,2014,No,3rd Grade
R Amlani,Alex Hall,18,7,2014,No,8th Grade
Kevin Rowland,Ian Wilson,18,3,2014,No,2nd Grade
David Van Wees,Josh Copping,18,5,2014,No,3rd Grade
Ben Gatter,Robbie Edwards,18,10,2014,No,5th Grade
K Symons,Clinton Reid,18,1,2014,No,8th Grade
Sandeep Brar,Happee Boparai,18,1,2014,No,Metropolitan One Day
James Ditchburn,Scott Powell,18,3,2014,No,3rd Grade
Happee Boparai,Yaadwinder Toor,18,1,2014,No,Metropolitan One Day
Paul Dickson,Gary Freind,18,4,2014,No,8th Grade
Ian Wilson,Josh Copping,18,4,2015,No,2nd Grade
Goppi Singh,GA Carslake,18,10,2015,No,9th Grade
Ian Wilson,Karamjeet Singh,18,6,2015,No,2nd Grade
Scott Barnard,Dov Morris,18,2,2015,No,2nd Grade
Leon Burrows,Ryan Barndon,18,8,2015,No,2nd Grade
Paul Dickson,Timothy Gailbraith,18,8,2015,No,6th Grade
Curtis Stark,Brendan Miller,18,1,2015,No,4th Grade
Ian Wilson,Brett Harrison,18,3,2015,No,2nd Grade
Curtis Stark,C Puff,18,7,2015,No,4th Grade
Curtis Stark,Adam Lankester,18,1,2015,No,4th Grade
C Puff,James Ditchburn,18,9,2015,No,4th Grade
Ryan Barndon,Adam Wreford,18,9,2015,No,2nd Grade
M Munish,A Malik,18,6,2016,No,3rd Grade
AB Goodchild,Anthony Sinclair,18,6,2016,No,6th Grade
C Vaidya,S Young,18,4,2016,No,Metropolitan One Day
Brendan Millar,A Malik,18,5,2016,No,3rd Grade
Leon Burrows,Kirk Howes,18,9,2016,No,1st Grade
Ross Baker,Karamjeet Singh,18,6,2016,No,1st Grade
Happee Boparai,R Singhal,18,6,2016,No,5th Grade
Gino Giamboi,Tom Condello,18,9,2016,No,6th Grade
Paul Ridley,Karamjeet Singh,18,5,2016,No,1st Grade
James Day,Courtney Swift,18,1,2016,No,9th Grade
Keith Zissis,Tom Condello,18,8,2016,No,6th Grade
Happee Boparai,A Malik,18,2,2016,No,5th Grade
Brad Walker,Russell Normoyle,18,6,2016,No,3rd Grade
Brad Walker,R Edmonds,18,7,2016,No,3rd Grade
James Ditchburn,Tom Condello,18,9,2017,No,3rd Grade
David Van Wees,JD Krasenstein,18,2,2017,No,7th Grade
S Gill,Gino Giamboi,18,9,2017,No,5th Grade
Adam Lankester,Curtis Stark,18,1,2017,No,1st Grade
Darren Johnson,Dov Morris,18,4,2017,No,1st Grade
C Vaidya,R Singhal,18,1,2017,No,5th Grade
Mandeep Singh,Goppi Singh,18,7,2017,No,5th Grade
Tom Condello,Grant Carslake,18,7,2017,No,3rd Grade
Ryan Barndon,Brendan Millar,18,4,2017,No,1st Grade
Ross Baker,Brett Harrison,18,4,2017,No,3rd Grade
R Singhal,Y Rai,18,8,2017,No,5th Grade
W Roberts Wiseman,Darren Johnson,18,3,2017,No,1st Grade
S Gill,Darren Stride,18,4,2017,No,5th Grade
Mark Sinclair,Cameron Lee,18,5,2017,No,7th Grade
Happee Boparai,Cameron Lee,18,2,2018,No,4th Grade
Bikram Singh,S Gill,18,8,2018,No,4th Grade
Adam Borrett,Chris Mok,18,9,2018,No,2nd Grade
Keith Zissis,Mark Sinclair,18,5,2018,No,Mercantile One Day
Kai Homer,Raghu Sharma,18,2,2018,No,4th Grade
Ross Baker,Cameron Lee,18,3,2018,No,4th Grade
Russell Normoyle,Adam Wreford,18,8,2018,No,2nd Grade
Curtis Stark,Dov Morris,18,2,2018,No,2nd Grade
David Van Wees,Clinton Reid,18,2,2018,No,Mercantile One Day
Raghu Sharma,Dov Morris,18,3,2019,No,3rd Grade
Happee Boparai,Jun Singh,18,3,2019,No,5th Grade
Dan Leatham,Keith Zissis,18,3,2019,No,C Division One Day Grade
Clinton Reid,D Bowman,18,6,2019,No,C Division One Day Grade
Ls Buttar,Sandeep Brar,18,1,2019,No,5th Grade
Graeme Angwin,Mandeep Singh,18,7,2019,No,B Division One Day Grade
Keith Zissis,Darren Stride,18,5,2019,No,C Division One Day Grade
Russell Normoyle,A Singh,18,9,2019,No,3rd Grade
Darren Young,Jun Singh,18,7,2019,No,B Division One Day Grade
Brendan Millar,Ryan Barndon,18,5,2019,No,3rd Grade
J Galhena,Gurpreet Brar,18,6,2020,No,B Division One Day Grade
Curtis Stark,Happee Boparai,18,5,2020,No,A Division One Day Grade
Davis Bode,Chris Mok,18,2,2020,No,E Division One Day Grade
Ash Yadav,Nirbhai Sohi,18,3,2020,No,A Division One Day Grade
Mandeep Singh,Bikram Singh,18,6,2020,No,A Division One Day Grade
Ross Baker,Raghu Sharma,18,5,2020,No,A Division One Day Grade
Parminder Sandhu,Justin Kickett,18,5,2020,No,F Division One Day Grade
Parminder Sandhu,Nilan Chandratilake,18,1,2020,No,F Division One Day Grade
Adam Duffy,Grant Carslake,18,7,2020,No,F Division One Day Grade
Chris Popoff,Justin Kickett,18,5,2020,No,F Division One Day Grade
Mandeep Singh,Garath Van Der Elst,18,10,2021,Yes,B Division One Day Grade
John Taylor,Bikram Singh,18,6,2021,Yes,A Division One Day Grade
Ryan Barndon,Adam Wreford,18,8,2021,Yes,A Division One Day Grade
Daniel Sims,Trent George Kennedy,18,6,2021,Yes,E Division One Day Grade
John Taylor,Chris Mok,18,7,2021,No,A Division One Day Grade
Paul Holmes,Dan Leatham,18,7,2021,No,E Division One Day Grade
Pankaj Dhall,Chris Mok,18,10,2021,No,A Division One Day Grade
John Taylor,Ryan Barndon,18,4,2021,No,A Division One Day Grade
Hayden Candy,Dan Leatham,18,6,2021,No,E Division One Day Grade
Duane Crombie,Parminder Sandhu,18,1,2021,No,G Division One Day Grade
Duane Crombie,Parminder Sandhu,18,1,2021,No,G Division One Day Grade
Dov Morris,Darren Johnson,18,2,2021,No,B Division One Day Grade
Nilan Chandratilake,Chris Popoff,18,2,2021,No,G Division One Day Grade
Scott Bretland,Darren Franklin,18,5,2022,Yes,G Division One Day Grade
Jagdeep Brar,Bikram Singh,18,6,2022,No,A Division One Day Grade
Adam Duffy,Scott Bretland,18,4,2022,No,G Division One Day Grade
Vishnu Rajendran,CJ Liyanage,18,7,2022,No,D Division One Day Grade
Dov Morris,Curtis Stark,18,1,2022,No,B Division One Day Grade
Clinton Reid,Cameron Lee,18,1,2022,No,D Division One Day Grade
Bruce Stark,Darren Franklin,18,6,2022,No,G Division One Day Grade
John Taylor,Mandeep Singh,18,6,2022,No,A Division One Day Grade
Darren Johnson,Russell Normoyle,18,8,2022,No,B Division One Day Grade
James Beardmore,Judd Diletti,18,8,2023,Yes,H Division One Day Grade
Ross Baker,Nathan Hearnes,18,2,2023,Yes,B Division One Day Grade
Ross Baker,Ashan Udeshitha,18,9,2023,No,B Division One Day Grade
Bikram Singh,Jagdeep Brar,18,9,2023,No,A Division One Day Grade
Angus Motherwell,Judd Diletti,18,2,2023,No,H Division One Day Grade
Judd Diletti,Alexio Yiannakis,18,4,2023,No,H Division One Day Grade
Oliver Diaz,Ryan Herbert,18,9,2023,No,H Division One Day Grade
Curtis Stark,Hayden Candy,18,5,2023,No,C Division One Day Grade
Mandeep Singh,Nirbhai Sohi,18,7,2023,No,A Division One Day Grade
Dov Morris,Samuel Weston,18,4,2024,Yes,H Division One Day Grade
Tony Bassett,Campbell Robson,18,9,2024,Yes,C Division One Day Grade
Paul Holmes,Cooper Ilich King,18,9,2024,Yes,H Division One Day Grade
Darren Johnson,Scott Barnard,18,5,2024,No,A Division One Day Grade
Glenn Welton,Nathan Hearnes,18,4,2024,No,A Division One Day Grade
Nathan Hearnes,David Cameron,18,5,2024,No,A Division One Day Grade
Trent George Kennedy,Robbie Edwards,18,8,2024,No,C Division One Day Grade
Glenn Welton,Ryan Barndon,18,1,2024,No,A Division One Day Grade
Clinton Reid,Scott Barnard,18,2,2024,No,C Division One Day Grade
Brett Harrison,Curtis Stark,18,6,2024,No,C Division One Day Grade
Manav Patel,Ross Baker,18,4,2025,No,A Division One Day Grade
SUNNY PRADHAN,Nazir Siddique,18,8,2025,No,A Division One Day Grade
Aiyush Suhasaria,Jordan Egan,18,6,2025,No,A Division One Day Grade
Jun Singh,Keith Zissis,18,7,2025,No,D Division One Day Grade
Daniel Sims,Jun Singh,18,1,2025,No,D Division One Day Grade
Prabud Peduru Hewa,Sandeepa Hevavasam Patuvatha Vedage,18,2,2025,No,H Division One Day Grade
Sandeepa Hevavasam Patuvatha Vedage,Manoj jayawardena,18,3,2025,No,H Division One Day Grade
Lakmal Madushanka Madawala Maddumage Don,Buddika Buthpitilekamalage,18,7,2025,No,H Division One Day Grade
Raymond Scott,Brian France,17,6,1963,No,1st Grade
Fred Buttsworth,Dave Ralston,17,7,1963,No,1st Grade
Brian France,Brian Buttsworth,17,3,1964,No,1st Grade
Kevin Lock,J McGill,17,9,1964,No,1st Grade
Brian France,S Hunter,17,4,1964,No,1st Grade
Keith Randell,Rob Wheeler,17,4,1965,No,1st Grade
Keith Randell,Brian Buttsworth,17,1,1965,No,1st Grade
Keith Randell,Rob Wheeler,17,8,1965,No,1st Grade
Bert Smith,Kevin Lock,17,8,1965,No,1st Grade
Bert Smith,Kevin Lock,17,9,1966,No,1st Grade
Graham Butler,Damien Sheridan,17,8,1992,No,1st Grade
Ron Gillespie,Mark Dickson,17,4,1993,No,1st Grade
Dennis Freind,Cameron Briscoe,17,7,1993,No,1st Grade
Dennis Freind,Paul McNamara,17,5,1994,No,1st Grade
Justin Fisher,Ian Blake,17,5,1994,No,1st Grade
David Separovic,Robert Bond,17,8,1994,No,1st Grade
Dennis Freind,Robert Bond,17,8,1994,No,1st Grade
Robert Fay,Gregory Smith,17,4,1995,No,1st Grade
Bruce Stark,Alan Edwards,17,1,1997,No,Metropolitan One Day
Ward Bond,Christopher Gerreyn,17,6,1997,No,3rd Grade
Chris Henderson,Paul McNamara,17,5,1997,No,5th Grade
Darren Holt,Geoff Colgan,17,3,1997,No,1st Grade
Ian Scott,Trevor Craib,17,6,1997,No,Metropolitan One Day
Tim Reid,Graham Bowman,17,8,1997,No,5th Grade
Richard Sturgess,Ken Hart,17,8,1997,No,7th Grade
Craig Sherlock,David Singh,17,4,1997,No,5th Grade
Ward Bond,John Cottier,17,1,1997,No,3rd Grade
Trevor Craib,Murray Quarrell,17,7,1997,No,Metropolitan One Day
David Moralee,Ken Hart,17,5,1997,No,Metropolitan One Day
Mark Stevens,Alex Hall,17,1,1997,No,Metropolitan One Day
Gary Freind,Kevin Rowland,17,1,1997,No,5th Grade
David Singh,Paul Richardson,17,9,1997,No,5th Grade
Brett Harris,Mark Butler,17,9,1998,No,1st Grade
Evan Standley,Peter Bibby,17,8,1998,No,1st Grade
Michael Petrie,Christopher Jebb,17,4,1998,No,3rd Grade
Ron Gillespie,Kyle Adams,17,2,1998,No,1st Grade
Wade Carruthers,Kim Anderson,17,7,1998,No,3rd Grade
David Gulberti,Tim Reid,17,1,1998,No,3rd Grade
Keith DeSilva,Bruce Stark,17,8,1998,No,3rd Grade
Bruce Stark,Mark Dickson,17,6,1998,No,3rd Grade
Bradley McManus,Christopher Jebb,17,4,1998,No,3rd Grade
Mark Butler,Dennis Freind,17,9,1998,No,1st Grade
Ian Blake,Russell Gerreyn,17,5,1999,Yes,5th Grade
Nahan Phelpes,Mark DMello,17,9,1999,No,5th Grade
Darren Holt,Jason Alexander,17,1,1999,No,1st Grade
Christopher Barnes,Nathan Whitney,17,7,1999,No,1st Grade
Keith Manea,Darren Young,17,10,1999,No,1st Grade
Darren Holt,Ross Baker,17,4,1999,No,1st Grade
Russell Gerreyn,Jeremy Davis,17,4,1999,No,5th Grade
Darren Young,Anthony Burke,17,3,2001,Yes,1st Grade
Geoff Colgan,Kyle Adams,17,3,2001,No,1st Grade
Robbie Taylor,Nathan Whitney,17,7,2001,No,1st Grade
Dennis Freind,Darren Holt,17,2,2001,No,1st Grade
Darren Young,Darren Holt,17,3,2002,No,1st Grade
Kyle Adams,Ron Gillespie,17,4,2003,No,1st Grade
Darren Young,Geoff Colgan,17,8,2003,No,1st Grade
John Cottier,David Creusot,17,9,2003,No,1st Grade
Bryce Alexander,Darren Holt,17,2,2003,No,1st Grade
David Lenane,Darren Young,17,6,2004,No,1st Grade
Sarfaraz Samnakay,Gregory Martin,17,5,2005,No,1st Grade
Peter Bibby,Dave Wilcox,17,2,2005,No,Metropolitan One Day
Kim Anderson,Darren Hutchins,17,6,2005,No,8th Grade
Kim Anderson,Courtney Swift,17,8,2005,No,8th Grade
Mark Dickson,Scott Barnard,17,8,2005,No,4th Grade
Bruce Stark,Bruce West,17,3,2005,No,4th Grade
Robbie Edwards,Gino Giamboi,17,9,2005,No,4th Grade
Ajigh RajaGopal,Matthew Sorensen,17,8,2005,No,8th Grade
Anthony Morgan,Paul Phillips,17,7,2005,No,Metropolitan One Day
Robbie Edwards,Anthony Libia,17,3,2005,No,4th Grade
Mark Stevens,Neil Steadman,17,8,2006,Yes,8th Grade
Robbie Edwards,Simon Borrett,17,9,2006,No,5th Grade
Scott Barnard,Curtis Stark,17,2,2006,No,5th Grade
Courtney Swift,James Vellios,17,6,2006,No,8th Grade
Danny Wildman,Darren Hutchins,17,6,2006,No,5th Grade
Timothy Bailey,Ajigh RajaGopal,17,7,2006,No,8th Grade
Gino Giamboi,Michael Gartell,17,2,2006,No,5th Grade
Dennis Freind,Dave Dewhurst,17,10,2006,No,2nd Grade
Leon Burrows,John Taylor,17,3,2007,Yes,3rd Grade
Grant Cross,Ajigh RajaGopal,17,9,2007,No,6th Grade
Darren Hutchins,Gino Giamboi,17,9,2007,No,6th Grade
Charles Marlam,Brett Harrison,17,3,2007,No,6th Grade
John Taylor,Scott Powell,17,5,2007,No,3rd Grade
Ryan Barndon,Leon Burrows,17,1,2007,No,3rd Grade
Darren Hutchins,Robbie Edwards,17,10,2007,No,6th Grade
Nathan Freind,Ben Stephenson,17,8,2008,No,5th Grade
Charles Marlam,Simon Wilson,17,2,2008,No,5th Grade
Anthony Libia,Ryan Barndon,17,1,2008,No,5th Grade
Charles Marlam,Brett Harrison,17,4,2008,No,5th Grade
Ben Loader,Charles Marlam,17,2,2008,No,5th Grade
Kevin Rowland,Brett Noble,17,5,2008,No,Metropolitan One Day
Darren Hutchins,Robbie Edwards,17,1,2008,No,8th Grade
Scott Powell,Craig Bennett,17,7,2008,No,2nd Grade
Kevin Rowland,Paul Peos,17,3,2008,No,Metropolitan One Day
Gino Giamboi,Robbie Edwards,17,10,2008,No,8th Grade
Ben Loader,Curtis Stark,17,3,2008,No,5th Grade
Russell Normoyle,Timothy Gailbraith,17,8,2009,Yes,7th Grade
David Van Wees,Aaron Robson,17,6,2009,No,5th Grade
John Taylor,Adam Wreford,17,6,2009,No,2nd Grade
Brett Harrison,Ryan Barndon,17,6,2009,No,2nd Grade
Ryan James,Anthony Libia,17,3,2009,No,7th Grade
R Gipson,Sam Finnigan,17,8,2009,No,2nd Grade
Ryan Shelton,Ryan Barndon,17,1,2009,No,2nd Grade
Paul Peos,Russell Gerreyn,17,2,2009,No,Metropolitan One Day
Charles Marlam,T Dias,17,4,2009,No,7th Grade
Keith Zissis,Paul Peos,17,1,2009,No,Metropolitan One Day
Bryce Alexander,Darren Hutchins,17,5,2009,No,7th Grade
Keith Zissis,Bryce Alexander,17,2,2009,No,5th Grade
Sam Finnigan,D Harris,17,7,2010,No,5th Grade
Ross Baker,Matt Behn,17,5,2010,No,2nd Grade
Damien Senge,Leon Okely,17,7,2010,No,2nd Grade
Dennis Freind,Anthony Libia,17,3,2010,No,7th Grade
Aaron Robson,Jeff Stephenson,17,8,2010,No,5th Grade
Dov Morris,Curtis Stark,17,3,2011,No,2nd Grade
JA Timos,Sean Okley,17,9,2011,No,Metropolitan One Day
Adam Wreford,Ben Stephenson,17,10,2011,No,2nd Grade
Dov Morris,Leon Burrows,17,1,2011,No,2nd Grade
Dennis Freind,Andrew Webley,17,3,2011,No,6th Grade
Leon Burrows,Scott Barnard,17,2,2011,No,2nd Grade
James Day,Clinton Reid,17,3,2011,No,6th Grade
Leon Okely,Matt Behn,17,3,2011,No,4th Grade
David Van Wees,Curtis Stark,17,2,2011,No,6th Grade
Paul Dickson,Alex Vlahos,17,1,2011,No,Metropolitan One Day
Ryan Barndon,Leon Burrows,17,3,2011,No,2nd Grade
Dov Morris,Daniel Atkinson,17,1,2012,No,2nd Grade
Scott Barnard,Darren Johnson,17,4,2012,No,2nd Grade
Brett Harrison,DV Kalphas,17,2,2012,No,3rd Grade
Curtis Stark,Chris Mok,17,6,2012,No,6th Grade
L Pollard,Keith Zissis,17,4,2012,No,Metropolitan One Day
Ben Gatter,Andrew Webley,17,7,2012,No,6th Grade
Ash Eyre,Matt Wilson,17,8,2012,No,2nd Grade
Ash Eyre,Kirk Howes,17,5,2012,No,Metropolitan One Day
James Day,Curtis Stark,17,1,2012,No,6th Grade
Scott Barnard,D Diletti,17,6,2013,No,2nd Grade
Sam Finnigan,Alex Roberts,17,7,2013,No,5th Grade
Leon Burrows,Damien Stefanoff,17,6,2013,No,3rd Grade
Matt Wilson,Kai Homer,17,4,2013,No,5th Grade
Happee Boparai,Sandeep Brar,17,1,2013,No,Mercantile One Day
Randeep Brar,Gurpreet Sidhu,17,6,2013,No,Mercantile One Day
Martin Burrow,Ben Gatter,17,8,2013,No,5th Grade
Dov Morris,Josh Taylor,17,3,2013,No,2nd Grade
Josh Taylor,Ryan Barndon,17,6,2013,No,2nd Grade
Josh Taylor,Ross Baker,17,4,2013,No,2nd Grade
Happee Boparai,Yaadwinder Toor,17,1,2013,No,Mercantile One Day
Jake Finney,Scott Barnard,17,2,2013,No,2nd Grade
Clinton Reid,Brett Harrison,17,2,2013,No,3rd Grade
Gurpreet Sidhu,Mandeep Singh,17,4,2013,No,Mercantile One Day
Dov Morris,Leon Burrows,17,3,2014,No,2nd Grade
David Van Wees,Anthony Sinclair,17,7,2014,No,8th Grade
Randeep Brar,M Thakur,17,6,2014,No,Metropolitan One Day
Gary Freind,Gino Giamboi,17,6,2014,No,8th Grade
Robbie Edwards,Ben Gatter,17,10,2014,No,5th Grade
Harbhinder Sandhu,Mandeep Sidhu,17,9,2014,No,Metropolitan One Day
Onka Singh,Gurpreet Sidhu,17,2,2014,No,Metropolitan One Day
Devender Kumar,Brett Harrison,17,6,2014,No,3rd Grade
Brett Harrison,Dave Dewhurst,17,10,2014,No,3rd Grade
Scott Barnard,D Caporn,17,1,2014,No,2nd Grade
Anthony Sinclair,Keith Zissis,17,5,2014,No,8th Grade
JD Krasenstein,Michael Peter,17,3,2014,No,5th Grade
Karamjeet Singh,Leon Burrows,17,2,2014,No,2nd Grade
Ryan Barndon,Kirk Howes,17,9,2014,No,2nd Grade
Keith Zissis,K Symons,17,1,2014,No,8th Grade
Happee Boparai,Mandeep Singh,17,4,2014,No,Metropolitan One Day
James Ditchburn,Brendan Miller,17,4,2014,No,3rd Grade
Randeep Brar,S Gill,17,4,2014,No,Metropolitan One Day
Aaron Robson,Brendan Miller,17,2,2014,No,3rd Grade
Ian Wilson,Karamjeet Singh,17,6,2014,No,2nd Grade
Randeep Brar,Harbhinder Sandhu,17,7,2014,No,Metropolitan One Day
Michael Peter,Chris Mok,17,9,2015,Yes,6th Grade
Leon Burrows,Ryan Barndon,17,6,2015,No,2nd Grade
Keith Zissis,Dennis Freind,17,1,2015,No,7th Grade
Sandeep Brar,R Singhal,17,6,2015,No,4th Grade
R Kempanna,R Sandhu,17,8,2015,No,9th Grade
Jun Singh,Ranjit Singh,17,4,2015,No,9th Grade
Jake Finney,Leon Burrows,17,5,2015,No,2nd Grade
Karamjeet Singh,Adam Wreford,17,8,2015,No,2nd Grade
Z Zerron,GC Siddalingappa,17,4,2015,No,9th Grade
Karamjeet Singh,Leon Burrows,17,7,2016,No,1st Grade
David Van Wees,Balram Chahal,17,1,2016,No,6th Grade
Grant Carslake,Darren Stride,17,8,2016,No,6th Grade
Clinton Reid,Brad Walker,17,1,2016,No,3rd Grade
Tony Bassett,R Edmonds,17,8,2016,No,3rd Grade
Jun Singh,B Le Cras,17,3,2016,No,9th Grade
Tom Condello,Gino Giamboi,17,9,2016,No,6th Grade
Josh Demarte,Leon Burrows,17,6,2016,No,1st Grade
Curtis Stark,Cameron Lee,17,3,2017,Yes,3rd Grade
Dov Morris,Ryan Barndon,17,1,2017,No,1st Grade
Karamjeet Singh,Russell Normoyle,17,7,2017,No,1st Grade
David Van Wees,Keith Zissis,17,3,2017,No,7th Grade
Darren Johnson,A Malik,17,4,2017,No,1st Grade
Brad Walker,Adam Borrett,17,3,2017,No,3rd Grade
Mark Sinclair,N Panjepa,17,6,2017,No,7th Grade
C Vaidya,Happee Boparai,17,2,2017,No,5th Grade
B Le Cras,Garath Van Der Elst,17,5,2017,No,7th Grade
Ross Baker,Ashley Edwards,17,8,2017,No,3rd Grade
Dov Morris,Karamjeet Singh,17,4,2017,No,1st Grade
Jun Singh,Alan Edwards,17,9,2018,No,2nd Grade
Curtis Stark,Scott Barnard,17,4,2018,No,2nd Grade
Sam Finnigan,Adam Borrett,17,8,2018,No,2nd Grade
Raghu Sharma,Cameron Lee,17,5,2018,No,4th Grade
Cameron Lee,Bikram Singh,17,5,2018,No,4th Grade
Nilan Chandratilake,Dennis Freind,17,7,2019,Yes,E Division One Day Grade
Ziiyad Salle,TW DeRozario,17,9,2019,Yes,E Division One Day Grade
Paul Maindok,Hayden Candy,17,2,2019,No,C Division One Day Grade
Happee Boparai,S Gill,17,7,2019,No,5th Grade
Curtis Stark,Brendan Millar,17,3,2019,No,3rd Grade
Cameron Lee,Daniel Sims,17,4,2019,No,C Division One Day Grade
Raghu Sharma,Ryan Barndon,17,5,2019,No,3rd Grade
Cameron Lee,Grant Carslake,17,7,2019,No,B Division One Day Grade
Dan Leatham,R Singhal,17,2,2019,No,C Division One Day Grade
Sandeep Brar,Brett Harrison,17,5,2019,No,5th Grade
Tony Bassett,DA Allsop,17,8,2019,No,B Division One Day Grade
Cameron Lee,Happee Boparai,17,4,2019,No,5th Grade
A Aslam Jan,Ross Baker,17,4,2019,No,B Division One Day Grade
Clinton Reid,Daniel Sims,17,4,2019,No,C Division One Day Grade
Raghu Sharma,Jun Singh,17,9,2020,Yes,A Division One Day Grade
Mandeep Singh,Simon Ward,17,9,2020,Yes,A Division One Day Grade
Ryan Barndon,Russell Normoyle,17,6,2020,No,B Division One Day Grade
Nilan Chandratilake,Darren Franklin,17,5,2020,No,F Division One Day Grade
Curtis Stark,Ryan Barndon,17,2,2020,No,A Division One Day Grade
N Gordon,Michael Peter,17,3,2020,No,E Division One Day Grade
Nirbhai Sohi,Raghu Sharma,17,8,2020,No,A Division One Day Grade
Cameron Lee,Dan Leatham,17,4,2020,No,B Division One Day Grade
Nilan Chandratilake,Chris Popoff,17,3,2020,No,F Division One Day Grade
Darren Stride,Brett Harrison,17,3,2020,No,E Division One Day Grade
John Taylor,Bikram Singh,17,6,2021,No,A Division One Day Grade
Duane Crombie,Adam Duffy,17,5,2021,No,G Division One Day Grade
Dov Morris,Curtis Stark,17,1,2021,No,B Division One Day Grade
Chris Popoff,Geoff Colgan,17,4,2021,No,G Division One Day Grade
Happee Boparai,Davis Bode,17,6,2021,No,A Division One Day Grade
Gavin Doull,Scott Bretland,17,4,2021,No,G Division One Day Grade
Vishnu Rajendran,Courtney Swift,17,7,2022,Yes,D Division One Day Grade
Dov Morris,Nathan Hearnes,17,3,2022,No,B Division One Day Grade
Vishnu Rajendran,David Hallows,17,8,2022,No,D Division One Day Grade
Rylan Candy,Nathan Hearnes,17,2,2022,No,D Division One Day Grade
Ross Baker,Darren Johnson,17,5,2022,No,B Division One Day Grade
Happee Boparai,Davis Bode,17,5,2022,No,A Division One Day Grade
Nirbhai Sohi,Gurdeep Singh,17,1,2022,No,A Division One Day Grade
Jagdeep Brar,Pankaj Dhall,17,10,2022,No,A Division One Day Grade
Ryan Barndon,Curtis Stark,17,1,2022,No,B Division One Day Grade
Cameron Lee,Nathan Hearnes,17,4,2022,No,D Division One Day Grade
Nilan Chandratilake,Adam Duffy,17,1,2022,No,G Division One Day Grade
Adam Duffy,Gurpreet Brar,17,2,2022,No,G Division One Day Grade
Dov Morris,Davis Bode,17,5,2023,Yes,B Division One Day Grade
Cameron Lee,Paul Holmes,17,10,2023,No,C Division One Day Grade
Angus Gow,Angus Motherwell,17,3,2023,No,H Division One Day Grade
Tom Parkinson,Judd Diletti,17,1,2023,No,H Division One Day Grade
Cameron Lee,Curtis Stark,17,1,2023,No,C Division One Day Grade
Jagdeep Brar,Ryan Barndon,17,8,2023,No,A Division One Day Grade
Chris Popoff,Mandeep Singh,17,5,2023,No,I Division One Day Grade
Darren Johnson,Gurdeep Singh,17,1,2023,No,A Division One Day Grade
Koopa Walsh,Alexio Yiannakis,17,1,2024,No,H Division One Day Grade
Tom Condello,Kevin Bishop,17,6,2024,No,I Division One Day Grade
Bradley Younger,Leon Burrows,17,9,2024,No,A Division One Day Grade
Tom Condello,Darren Franklin,17,9,2024,No,I Division One Day Grade
Ryan Barndon,Darren Johnson,17,2,2024,No,A Division One Day Grade
David Van Wees,Bailey Hampson,17,5,2024,No,H Division One Day Grade
Jun Singh,Curtis Stark,17,7,2024,No,C Division One Day Grade
Spiro Kalafatas,Vishnu Rajendran,17,5,2024,No,C Division One Day Grade
Paul Holmes,Daniel Leatham,17,6,2024,No,H Division One Day Grade
Vishnu Rajendran,Ashan Udeshitha,17,6,2024,No,C Division One Day Grade
Kirk Howes,Ryker Newman,17,2,2025,No,A Division One Day Grade
Vishnu Rajendran,Manoj jayawardena,17,6,2025,No,D Division One Day Grade
Buddika Buthpitilekamalage,Prashan Herath,17,8,2025,No,H Division One Day Grade
Glenn Welton,Ross Baker,17,3,2025,No,A Division One Day Grade
Shishpal Rana,Mandeep Grewal,17,8,2025,No,I Division One Day Grade
Ross Baker,Jordan Egan,17,5,2025,No,A Division One Day Grade
Adam Duffy,Mandeep Grewal,17,9,2025,No,I Division One Day Grade
Adam Duffy,Scott Bretland,17,3,2025,No,I Division One Day Grade
Kirk Howes,Trent George Kennedy,17,8,2025,No,A Division One Day Grade
Harry Varis,N Hepbard,16,7,1963,No,1st Grade
Alby Braun,Barry Armstrong,16,10,1963,No,1st Grade
Fred Buttsworth,Harry Varis,16,6,1963,No,1st Grade
Brian France,M Leeder,16,2,1964,No,1st Grade
Brian Buttsworth,Alan Wilkins,16,6,1964,No,1st Grade
Geoff Hamel,S Hunter,16,4,1964,No,1st Grade
Keith Randell,Brian Henville,16,2,1965,No,1st Grade
Barry Armstrong,Keith Randell,16,1,1965,No,1st Grade
A Green,Bert Smith,16,7,1965,No,1st Grade
Brian Henville,Bert Smith,16,4,1966,No,1st Grade
Bert Smith,Keith Randell,16,5,1966,No,1st Grade
Dennis Freind,Shane Ferdinadus,16,7,1992,No,1st Grade
Damian Thompson,Shane Ferdinadus,16,8,1992,No,1st Grade
Ian Blake,Justin Fisher,16,1,1992,No,1st Grade
Ian Blake,David Rye,16,3,1992,No,1st Grade
Phil Greatrix,Graham Butler,16,3,1992,No,1st Grade
Damian Thompson,Cameron Briscoe,16,4,1992,No,1st Grade
Graham Butler,Damian Thompson,16,5,1993,No,1st Grade
Dennis Freind,Colin Gotch,16,8,1993,No,1st Grade
Shane Ferdinadus,Ron Gillespie,16,3,1994,Yes,1st Grade
Dennis Freind,Darren Mackie,16,4,1994,No,1st Grade
Paul McNamara,David Sheppard,16,10,1994,No,1st Grade
Gary Freind,Gino Giamboi,16,5,1994,No,1st Grade
Kyle Adams,Ian Price,16,9,1995,No,1st Grade
Dennis Freind,David Separovic,16,8,1995,No,1st Grade
Dennis Freind,Chris Whyte,16,6,1995,No,1st Grade
Rodney Taylor,Chris Whyte,16,8,1997,Yes,3rd Grade
Gary Freind,Terry Ward,16,2,1997,No,3rd Grade
Tim Reid,David Jones,16,7,1997,No,5th Grade
Paul Dickson,Ron Gillespie,16,1,1997,No,1st Grade
Tony Carrier,Darren Green,16,9,1997,No,3rd Grade
Bryce Alexander,Craig Sherlock,16,5,1997,No,7th Grade
Lee Blake,Anthony Sinclair,16,4,1997,No,Metropolitan One Day
Brett Harris,Christopher Gerreyn,16,6,1997,No,1st Grade
Anthony Burke,Darren Young,16,7,1997,No,1st Grade
Trevor Craib,R Colley,16,7,1997,No,Metropolitan One Day
Bruce Stark,Ward Bond,16,3,1997,No,3rd Grade
Kevin Rowland,Bruce West,16,3,1997,No,5th Grade
John Cottier,Ward Bond,16,4,1998,No,3rd Grade
Bruce Stark,Christopher Jebb,16,6,1998,No,3rd Grade
Kim Anderson,Sean McKenner,16,8,1998,No,3rd Grade
Marcus Nolan,Dennis Freind,16,9,1998,No,1st Grade
Barry Richardson,Gino Giamboi,16,6,1998,No,5th Grade
Kyle Adams,Dennis Freind,16,3,1998,No,1st Grade
Evan Standley,John Cottier,16,6,1998,No,1st Grade
David Brooks,Tim Reid,16,2,1998,No,3rd Grade
Jason Cobb,Len Peterson,16,6,1999,No,5th Grade
Mark Grima,Marcus Nolan,16,5,1999,No,1st Grade
Ian Blake,Andrew Sorenson,16,9,1999,No,5th Grade
Anthony Libia,Len Peterson,16,7,1999,No,5th Grade
Gary Burton,Anthony Libia,16,2,1999,No,5th Grade
Keith Manea,Anthony Burke,16,10,2000,No,1st Grade
Ben OMera,Nathan Whitney,16,6,2001,No,1st Grade
Geoff Colgan,Darren Holt,16,2,2001,No,1st Grade
Robbie Taylor,Dennis Freind,16,10,2001,No,1st Grade
Kevin Rowland,Robbie Taylor,16,7,2002,No,1st Grade
Bryce Alexander,Gregory Martin,16,3,2003,No,1st Grade
David Lenane,Bruce Stark,16,8,2003,No,1st Grade
Geoff Colgan,Ron Gillespie,16,5,2003,No,1st Grade
Gregory Martin,Shaun Woods,16,8,2004,No,1st Grade
Bruce Stark,Darren Young,16,8,2004,No,1st Grade
Bryce Alexander,Darren Young,16,5,2004,No,1st Grade
Luke Capper,Anthony Burke,16,7,2004,No,1st Grade
Malcolm Williams,Glenn Andersson,16,6,2004,No,1st Grade
Jeff West,Darren Hutchins,16,5,2005,Yes,8th Grade
Jeff West,Anthony Morgan,16,8,2005,No,Metropolitan One Day
Geoff Colgan,Bryce Alexander,16,1,2005,No,1st Grade
Brad Kimber,Chris Robson,16,7,2005,No,Metropolitan One Day
Gregory Martin,Andre Gabriel,16,9,2005,No,1st Grade
Tariq Haroon,Mark Dickson,16,5,2005,No,1st Grade
Curtis Stark,Scott Barnard,16,6,2005,No,4th Grade
Tim Reid,Scott Powell,16,2,2005,No,Metropolitan One Day
Raebern DSylva,Russell Gerreyn,16,4,2005,No,8th Grade
Scott Barnard,Robbie Edwards,16,1,2006,No,5th Grade
David Van Wees,Paul Dickson,16,2,2006,No,2nd Grade
Dennis Freind,Scott Powell,16,6,2006,No,2nd Grade
Neil Steadman,Simon Borrett,16,5,2006,No,5th Grade
James Vellios,Mark Stevens,16,6,2006,No,8th Grade
Aaron Robson,Curtis Stark,16,5,2006,No,2nd Grade
Curtis Stark,David Van Wees,16,3,2006,No,5th Grade
Steve Moore,Robbie Edwards,16,10,2007,Yes,6th Grade
David Van Wees,Ben Loader,16,2,2007,No,Metropolitan One Day
Russell Gerreyn,Aaron Robson,16,1,2007,No,9th Grade
Curtis Stark,John Taylor,16,3,2007,No,3rd Grade
Dennis Freind,Tony Bassett,16,9,2007,No,3rd Grade
Ben Loader,Chris Mok,16,5,2007,No,Metropolitan One Day
Russell Gerreyn,Adam Spencer,16,2,2007,No,9th Grade
John Taylor,Scott Powell,16,5,2007,No,3rd Grade
Ryan Barndon,Dennis Freind,16,6,2007,No,3rd Grade
Scott Powell,Sam Finnigan,16,8,2008,Yes,2nd Grade
Chris Mok,Darren Hutchins,16,2,2008,No,8th Grade
Chris Mok,Michael Peter,16,4,2008,No,8th Grade
Russell Normoyle,Tony Bassett,16,7,2008,No,2nd Grade
Paul Dickson,Charles Marlam,16,1,2008,No,5th Grade
Matthew Hilleard,Darren Hutchins,16,3,2008,No,8th Grade
Bryce Alexander,Russell Normoyle,16,3,2008,No,2nd Grade
Anthony Libia,Matthew Hilleard,16,4,2008,No,8th Grade
Bryce Alexander,Aaron Robson,16,5,2008,No,2nd Grade
Paul Peos,Kim Anderson,16,4,2008,No,Metropolitan One Day
Scott Barnard,Kevin Rowland,16,2,2008,No,Metropolitan One Day
Charles Marlam,Paul Dickson,16,1,2008,No,5th Grade
Anthony Libia,Michael Peter,16,5,2008,No,8th Grade
Bryce Alexander,Ryan Barndon,16,2,2008,No,2nd Grade
Ben Loader,Steven Freind,16,1,2008,No,5th Grade
Leon Burrows,Brett Harrison,16,4,2008,No,2nd Grade
Ryan Shelton,Leon Burrows,16,1,2009,No,2nd Grade
Paul Peos,Keith Zissis,16,1,2009,No,Metropolitan One Day
Kenneth Kelly,Leon Okely,16,9,2009,No,Metropolitan One Day
Leon Burrows,John Taylor,16,3,2009,No,2nd Grade
Brett Harrison,Craig Bennett,16,5,2009,No,2nd Grade
Keith Zissis,Paul Peos,16,2,2009,No,7th Grade
Brett Harrison,Adam Wreford,16,5,2009,No,2nd Grade
Curtis Stark,Bryce Alexander,16,3,2009,No,7th Grade
Ryan Barndon,Leon Burrows,16,1,2009,No,2nd Grade
Aaron Robson,Matthew Hilleard,16,6,2010,No,5th Grade
Dennis Freind,Charles Marlam,16,1,2010,No,7th Grade
Keith Zissis,TC Williams,16,1,2010,No,Metropolitan One Day
Dennis Freind,J Walker,16,4,2010,No,7th Grade
Steven Freind,Steven Freind,16,1,2010,No,7th Grade
Scott Powell,Matthew Hilleard,16,1,2010,No,5th Grade
Matt Behn,Michael Mani,16,9,2010,No,2nd Grade
Keith Zissis,J MacRae,16,6,2010,No,Metropolitan One Day
Lee Maas,Courtney Swift,16,7,2010,No,Metropolitan One Day
Ross Baker,Damien Senge,16,4,2010,No,2nd Grade
Matt Wilson,Sam Finnigan,16,6,2011,No,6th Grade
Keith Zissis,Paul Dickson,16,1,2011,No,Metropolitan One Day
Leon Okely,Ben Price,16,2,2011,No,4th Grade
Matt Wilson,Zack Van Wees,16,7,2011,No,6th Grade
Curtis Stark,Shane Shaw,16,2,2011,No,4th Grade
Keith Zissis,Gino Giamboi,16,5,2011,No,Metropolitan One Day
Michael Peter,R Morgan,16,9,2011,No,4th Grade
Ben Price,Paul Massara,16,4,2011,No,4th Grade
JD Krasenstein,Timothy Gailbraith,16,4,2012,No,6th Grade
Chris Mok,JD Krasenstein,16,1,2012,No,6th Grade
Dov Morris,Russell Normoyle,16,3,2012,No,2nd Grade
JL Dimond,Chris Homer,16,3,2012,No,Metropolitan One Day
DV Kalphas,Leon Okely,16,3,2012,No,3rd Grade
Ben Price,Aaron Robson,16,8,2012,No,2nd Grade
Russell Normoyle,Ben Stephenson,16,9,2012,No,2nd Grade
Curtis Stark,JD Krasenstein,16,4,2012,No,6th Grade
Tony Bassett,Dennis Freind,16,7,2012,No,3rd Grade
Keith Zissis,Chris Homer,16,2,2012,No,Metropolitan One Day
Andrew Webley,Dennis Freind,16,8,2012,No,3rd Grade
James Day,Curtis Stark,16,2,2012,No,6th Grade
Bryce Alexander,DV Kalphas,16,6,2012,No,3rd Grade
Bryce Alexander,Brett Harrison,16,5,2012,No,3rd Grade
Ben Price,Brett Harrison,16,3,2012,No,3rd Grade
Ross Baker,Michael Mani,16,9,2012,No,2nd Grade
T Cox,Michael Peter,16,7,2012,No,3rd Grade
Randeep Brar,Sandeep Brar,16,2,2013,No,Metropolitan One Day
Conor Breheny,Paul Dickson,16,3,2013,No,5th Grade
James Day,Josh Taylor,16,2,2013,No,5th Grade
Happee Boparai,Sandeep Brar,16,2,2013,No,Mercantile One Day
Cory DeJager,Bryce Alexander,16,5,2013,No,3rd Grade
Clinton Reid,Curtis Stark,16,1,2013,No,3rd Grade
Devender Kumar,S Gill,16,7,2013,No,Mercantile One Day
Mandeep Singh,Karamdeep Brar,16,9,2013,No,Mercantile One Day
Mandeep Singh,Happee Boparai,16,5,2013,No,Mercantile One Day
Curtis Stark,Sam Finnigan,16,1,2013,No,3rd Grade
Keith Zissis,Russell Gerreyn,16,1,2013,No,Metropolitan One Day
Keith Zissis,Clinton Reid,16,2,2013,No,Metropolitan One Day
Ian Wilson,James Ditchburn,16,9,2014,Yes,3rd Grade
Dov Morris,Curtis Stark,16,1,2014,No,2nd Grade
Aaron Robson,Jun Singh,16,2,2014,No,3rd Grade
Josh Copping,Brett Harrison,16,5,2014,No,3rd Grade
Dov Morris,Ross Baker,16,5,2014,No,2nd Grade
Scott Powell,Curtis Stark,16,1,2014,No,3rd Grade
Damien Senge,Josh Copping,16,4,2014,No,3rd Grade
Adam Lankester,Chris Homer,16,3,2014,No,5th Grade
Brendan Miller,Russell Normoyle,16,5,2014,No,3rd Grade
Aaron Robson,James Ditchburn,16,3,2014,No,3rd Grade
Randeep Brar,Mandeep Sidhu,16,10,2014,No,Metropolitan One Day
MG Armstrong,David Van Wees,16,6,2015,No,7th Grade
Leon Burrows,Adam Wreford,16,7,2015,No,2nd Grade
Keith Zissis,David Van Wees,16,1,2015,No,7th Grade
Dov Morris,Karamjeet Singh,16,5,2015,No,2nd Grade
Aaron Robson,Karamdeep Brar,16,6,2015,No,7th Grade
Chris Homer,Gurpreet Sidhu,16,3,2015,No,6th Grade
David Van Wees,D Tingey,16,8,2015,No,7th Grade
Jun Singh,Goppi Singh,16,3,2015,No,9th Grade
Curtis Stark,Scott Barnard,16,2,2015,No,4th Grade
C Puff,Aaron Robson,16,8,2015,No,4th Grade
AB Goodchild,AB Kalimeris,16,7,2016,Yes,6th Grade
Jake Finney,Curtis Stark,16,1,2016,No,3rd Grade
Garath Van Der Elst,Chris Homer,16,2,2016,No,5th Grade
Grant Carslake,Anthony Sinclair,16,7,2016,No,6th Grade
Paul Ridley,Dov Morris,16,5,2016,No,1st Grade
Curtis Stark,Darren Johnson,16,2,2016,No,3rd Grade
Dov Morris,Paul Ridley,16,4,2016,No,1st Grade
Brendan Millar,Tony Bassett,16,5,2016,No,3rd Grade
Balram Chahal,Dennis Freind,16,2,2016,No,6th Grade
Ross Baker,Kirk Howes,16,8,2016,No,1st Grade
Brett Harrison,JD Krasenstein,16,5,2016,No,5th Grade
Ross Baker,Kirk Howes,16,7,2016,No,1st Grade
Paul Ridley,Leon Burrows,16,6,2016,No,1st Grade
Brad Walker,A Malik,16,4,2016,No,5th Grade
R Singhal,Mandeep Singh,16,7,2016,No,5th Grade
Jun Singh,AB Goodchild,16,3,2016,No,6th Grade
Y Rai,Karamdeep Brar,16,10,2016,No,5th Grade
Brett Harrison,A Malik,16,2,2016,No,5th Grade
Cameron Lee,D Bowman,16,10,2016,No,9th Grade
Ross Baker,Y Rai,16,10,2017,Yes,1st Grade
B Le Cras,Darren Stride,16,9,2017,No,3rd Grade
Dov Morris,Garath Van Der Elst,16,7,2017,No,7th Grade
Dov Morris,Chris Mok,16,8,2017,No,7th Grade
Karamjeet Singh,Phillip Ross,16,7,2017,No,1st Grade
Ross Baker,Robbie Edwards,16,10,2017,No,3rd Grade
Cameron Lee,Brad Walker,16,2,2017,No,3rd Grade
Brad Walker,Tim Galbraith,16,4,2017,No,3rd Grade
Garath Van Der Elst,Gino Giamboi,16,10,2017,No,7th Grade
James Day,Paul Maindok,16,2,2017,No,7th Grade
C Vaidya,Happee Boparai,16,6,2018,No,4th Grade
Ryan Barndon,Adam Lankester,16,4,2018,No,2nd Grade
Mark Sinclair,Jun Singh,16,7,2018,No,Mercantile One Day
Mark Sinclair,Darren Stride,16,9,2018,No,Mercantile One Day
David Van Wees,Darren Stride,16,8,2018,No,Mercantile One Day
David Van Wees,G Fawell,16,3,2018,No,Mercantile One Day
Grant Carslake,Chris Mok,16,9,2019,Yes,B Division One Day Grade
B Adams,Ziiyad Salle,16,10,2019,Yes,E Division One Day Grade
Russell Normoyle,Tyrone Allen,16,8,2019,No,3rd Grade
W Abbas,Craig Bennett,16,6,2019,No,B Division One Day Grade
Paul Maindok,Dan Leatham,16,1,2019,No,C Division One Day Grade
Paul Maindok,Dan Leatham,16,2,2019,No,C Division One Day Grade
Chris Popoff,Sajan Hanjra,16,1,2019,No,E Division One Day Grade
Happee Boparai,Bikram Singh,16,6,2019,No,5th Grade
Brendan Millar,LH Berendsen,16,6,2019,No,3rd Grade
Nirbhai Sohi,S Gill,16,3,2019,No,5th Grade
J Trichilo,Darren Franklin,16,3,2019,No,E Division One Day Grade
Mandeep Singh,Jun Singh,16,10,2019,No,5th Grade
Clinton Reid,Hayden Candy,16,3,2019,No,C Division One Day Grade
Ziiyad Salle,David Hallows,16,8,2019,No,E Division One Day Grade
Mandeep Singh,Adam Wreford,16,8,2019,No,B Division One Day Grade
Paul Maindok,J Galhena,16,2,2020,No,B Division One Day Grade
Happee Boparai,Mandeep Singh,16,5,2020,No,A Division One Day Grade
Dov Morris,Clinton Reid,16,1,2020,No,B Division One Day Grade
Nirbhai Sohi,Bikram Singh,16,4,2021,No,A Division One Day Grade
Ryan Barndon,Mandeep Singh,16,5,2021,No,A Division One Day Grade
Gavin Doull,Darren Franklin,16,7,2021,No,G Division One Day Grade
Gavin Doull,Tom Condello,16,8,2021,No,G Division One Day Grade
Gavin Doull,Darren Franklin,16,8,2021,No,G Division One Day Grade
Nilan Chandratilake,Adam Duffy,16,1,2022,No,G Division One Day Grade
Thanuja Jayakodi Arachchige,Phillip Ross,16,9,2022,No,B Division One Day Grade
Glenn Welton,Dov Morris,16,2,2022,No,B Division One Day Grade
Nilan Chandratilake,Scott Bretland,16,3,2022,No,G Division One Day Grade
Gurdeep Singh,Raghu Sharma,16,1,2022,No,A Division One Day Grade
Nirbhai Sohi,Mandeep Singh,16,3,2022,No,A Division One Day Grade
Dov Morris,Davis Bode,16,7,2022,No,A Division One Day Grade
Nirbhai Sohi,Curtis Stark,16,1,2022,No,A Division One Day Grade
Davis Bode,Navjot Toor,16,7,2022,No,A Division One Day Grade
Nilan Chandratilake,Alex Hall,16,3,2022,No,G Division One Day Grade
Vishnu Rajendran,David Chignell,16,8,2022,No,D Division One Day Grade
Ross Baker,Darren Johnson,16,5,2022,No,B Division One Day Grade
Davis Bode,Ash Yadav,16,2,2022,No,A Division One Day Grade
Cameron Lee,Vishnu Rajendran,16,7,2023,No,C Division One Day Grade
Amos Robinson,Angus Gow,16,2,2023,No,H Division One Day Grade
Ross Baker,Nathan Hearnes,16,4,2023,No,B Division One Day Grade
Leon Burrows,Amos Robinson,16,5,2023,No,B Division One Day Grade
Scott Bretland,Bruce Stark,16,4,2023,No,I Division One Day Grade
Ross Baker,Darren Johnson,16,5,2023,No,B Division One Day Grade
Hayden Candy,Dan Leatham,16,8,2023,No,C Division One Day Grade
Amos Robinson,Ryan Herbert,16,6,2023,No,H Division One Day Grade
James Beardmore,Tom Parkinson,16,7,2023,No,H Division One Day Grade
Adam Duffy,Bruce Stark,16,6,2023,No,I Division One Day Grade
Keith Zissis,Scott Bretland,16,2,2024,No,I Division One Day Grade
Dov Morris,Aidan Herbert,16,2,2024,No,H Division One Day Grade
Dov Morris,Koopa Walsh,16,1,2024,No,H Division One Day Grade
Curtis Stark,Mike Whehella,16,9,2024,No,C Division One Day Grade
Josh Taylor,Davis Bode,16,6,2024,No,A Division One Day Grade
Keith Zissis,Judd Diletti,16,1,2024,No,H Division One Day Grade
Jordan Egan,Thanuja Jayakodi Arachchige,16,8,2025,Yes,A Division One Day Grade
Mohamed Zainudeen,Saliya Widanagamage,16,3,2025,No,H Division One Day Grade
Chris Popoff,Kevin Bishop,16,3,2025,No,I Division One Day Grade
Clinton Reid,Manav Patel,16,1,2025,No,D Division One Day Grade
Adam Duffy,Dane Peake,16,3,2025,No,I Division One Day Grade
Prabud Peduru Hewa,Vihanga Silva,16,3,2025,No,H Division One Day Grade
Prabud Peduru Hewa,Sandeepa Hevavasam Patuvatha Vedage,16,4,2025,No,H Division One Day Grade
Adam Duffy,Chris Popoff,16,1,2025,No,I Division One Day Grade
Prabud Peduru Hewa,Curtis Stark,16,2,2025,No,D Division One Day Grade
Fred Buttsworth,Alby Braun,15,6,1963,No,1st Grade
Raymond Scott,Alby Braun,15,8,1963,No,1st Grade
Brian France,Brian Buttsworth,15,2,1964,No,1st Grade
Geoff Hamel,Dave Ralston,15,4,1964,No,1st Grade
Brian Buttsworth,Dave Cosson,15,7,1964,No,1st Grade
Bert Smith,N McDiarmid,15,10,1965,No,1st Grade
Geoff Hamel,Alan Wilkins,15,7,1966,No,1st Grade
Brian Buttsworth,Ralph Brockman,15,3,1966,No,1st Grade
Dennis Freind,David Rye,15,4,1992,No,1st Grade
Shane Lee,Chris Dobson,15,8,1992,No,1st Grade
Gary Chivers,Damian Thompson,15,2,1992,No,1st Grade
Shane Ferdinadus,Dennis Freind,15,7,1993,Yes,1st Grade
Damian Thompson,Shane Ferdinadus,15,6,1993,No,1st Grade
Dennis Freind,Damian Thompson,15,5,1993,No,1st Grade
Dennis Freind,V Litton,15,6,1993,No,1st Grade
Dennis Freind,Justin Fisher,15,2,1994,No,1st Grade
Graham Butler,Paul McNamara,15,6,1994,No,1st Grade
Ken Hart,Paul Dickson,15,1,1994,No,1st Grade
Paul Dickson,Ken Hart,15,1,1994,No,1st Grade
Paul Dickson,Shane Ferdinadus,15,2,1994,No,1st Grade
Gregory Smith,Peter McSweeney,15,6,1995,No,1st Grade
Gregory Smith,Ron Gillespie,15,5,1995,No,1st Grade
Ron Gillespie,Chris Dobson,15,6,1995,No,1st Grade
Paul Dickson,Geoff Colgan,15,2,1995,No,1st Grade
Paul Dickson,Geoff Colgan,15,3,1995,No,1st Grade
Wade Carruthers,Shane Innes,15,9,1997,Yes,5th Grade
John Lewis,Trevor Craib,15,5,1997,No,7th Grade
Matthew Arthurson,Gregory Martin,15,1,1997,No,1st Grade
Keith DeSilva,Alan Edwards,15,1,1997,No,Metropolitan One Day
Len Peterson,Mark ONeill,15,5,1997,No,Metropolitan One Day
Geoff Colgan,Mark Dickson,15,4,1997,No,1st Grade
Bruce West,Kim Anderson,15,6,1997,No,5th Grade
Charles Marlam,Rodney Taylor,15,4,1997,No,3rd Grade
Gary Freind,John Lewis,15,1,1997,No,5th Grade
Paul Richardson,Paul Dickson,15,4,1997,No,5th Grade
Gary Freind,Shane Innes,15,2,1997,No,5th Grade
Lee Blake,Len Peterson,15,3,1997,No,Metropolitan One Day
Paul Dickson,David Brooks,15,1,1997,No,3rd Grade
Richard Sturgess,Doug Osborne,15,8,1997,No,7th Grade
Bruce Stark,Evan Standley,15,4,1997,No,3rd Grade
Jason Alexander,Keith DeSilva,15,1,1997,No,7th Grade
Jason Alexander,Russell Gerreyn,15,2,1997,No,7th Grade
Mark Dickson,Peter Bibby,15,5,1998,Yes,1st Grade
Evan Standley,Mark Pearson,15,9,1998,No,3rd Grade
Guy Welton,Adam Bassett,15,3,1998,No,1st Grade
Guy Welton,Ron Gillespie,15,1,1998,No,1st Grade
Bruce Stark,Warren Pearson,15,7,1998,No,3rd Grade
Kevin Rowland,Guy Welton,15,3,1998,No,1st Grade
Barry Richardson,Courtney Swift,15,8,1998,No,5th Grade
Peter Bibby,Tim Reid,15,2,1998,No,3rd Grade
Peter Bibby,David Jones,15,7,1998,No,3rd Grade
Ross Baker,Chris Whyte,15,9,1999,No,1st Grade
Len Peterson,Nahan Phelpes,15,4,1999,No,5th Grade
Bryce Alexander,Geoff Colgan,15,3,1999,No,1st Grade
Ian Blake,Gary Burton,15,1,1999,No,5th Grade
Nathan Whitney,Ryan Kershaw,15,6,2000,No,1st Grade
Geoff Colgan,Kevin Rowland,15,1,2001,No,1st Grade
Kevin Rowland,Kyle Adams,15,3,2001,No,1st Grade
Bryce Alexander,Robbie Taylor,15,6,2001,No,1st Grade
Robbie Taylor,Evan Standley,15,4,2001,No,1st Grade
Kyle Adams,Nathan Whitney,15,4,2002,No,1st Grade
Bryce Alexander,Kyle Adams,15,2,2003,No,1st Grade
Geoff Colgan,Bryce Alexander,15,1,2004,No,1st Grade
Bruce Stark,Jason Alexander,15,1,2005,No,4th Grade
Geoff Colgan,Bryce Alexander,15,1,2005,No,1st Grade
Raebern DSylva,Satish Krishnan,15,8,2005,No,8th Grade
David Van Wees,Barry Richardson,15,5,2005,No,Metropolitan One Day
Jason Carlyon,Darren Hutchins,15,4,2005,No,8th Grade
Gino Giamboi,Ashley Edwards,15,10,2005,No,4th Grade
Ajigh RajaGopal,Felix Machado,15,9,2005,No,8th Grade
Brett Harrison,Scott Powell,15,3,2005,No,Metropolitan One Day
Jarrod Worth,Danny Wildman,15,3,2006,No,8th Grade
Mark Stevens,Russell Gerreyn,15,1,2006,No,8th Grade
Mark Stevens,Len Peterson,15,2,2006,No,8th Grade
Dennis Freind,Paul Dickson,15,2,2006,No,2nd Grade
David Van Wees,Jeff Barndon,15,6,2006,No,5th Grade
Cassis Van Wees,Robbie Edwards,15,9,2006,No,5th Grade
David Van Wees,Robbie Edwards,15,7,2006,No,5th Grade
Christopher Jebb,Craig Bennett,15,4,2006,No,5th Grade
Gino Giamboi,Craig Bennett,15,4,2006,No,5th Grade
David Van Wees,Christopher Jebb,15,5,2006,No,5th Grade
James Vellios,Mark Stevens,15,10,2007,Yes,9th Grade
Brett Harley,Mark Waugh,15,9,2007,No,Metropolitan One Day
John Taylor,Craig Bennett,15,6,2007,No,3rd Grade
Chris Mok,Simon Wilson,15,4,2007,No,Metropolitan One Day
Ryan Barndon,Leon Burrows,15,3,2007,No,3rd Grade
Ben Loader,Timothy Bailey,15,4,2007,No,Metropolitan One Day
Charles Marlam,Scott Barnard,15,5,2007,No,6th Grade
Leon Burrows,Anthony Libia,15,2,2007,No,3rd Grade
Neil Steadman,Matthew Sorensen,15,9,2007,No,9th Grade
Craig Bennett,Dennis Freind,15,9,2007,No,3rd Grade
Leon Burrows,Scott Powell,15,4,2008,No,2nd Grade
Ben Stephenson,Justin Dimond,15,9,2008,No,5th Grade
JD Paternostro,SK Krishnan,15,9,2008,No,Metropolitan One Day
David Van Wees,Aaron Robson,15,6,2008,No,5th Grade
Ryan Shelton,Aaron Robson,15,4,2008,No,2nd Grade
Matthew Hilleard,Gino Giamboi,15,7,2008,No,8th Grade
Scott Powell,Sam Finnigan,15,6,2008,No,2nd Grade
Ryan Barndon,Curtis Stark,15,3,2008,No,2nd Grade
Curtis Stark,Ryan Barndon,15,4,2008,No,2nd Grade
Leon Burrows,Adam Wreford,15,6,2009,No,2nd Grade
T Dias,JA Skowron,15,5,2009,No,7th Grade
Charles Marlam,T Dias,15,2,2009,No,7th Grade
Ross Baker,Anthony Libia,15,3,2009,No,5th Grade
Matthew Hilleard,Ross Baker,15,2,2009,No,5th Grade
Keith Zissis,Lee Maas,15,5,2009,No,Metropolitan One Day
Ryan Shelton,Ross Baker,15,3,2009,No,2nd Grade
TC Williams,Justin Joyce,15,2,2010,No,Metropolitan One Day
Ryan Barndon,Damien Senge,15,2,2010,No,2nd Grade
Alex Vlahos,Jack Vlahos,15,10,2010,No,Metropolitan One Day
Charles Marlam,Matthew Hilleard,15,3,2010,No,7th Grade
Lee Maas,Robbie Edwards,15,10,2010,No,7th Grade
Michael Mani,Ben Stephenson,15,10,2010,No,2nd Grade
Keith Zissis,J Eyre,15,2,2010,No,Metropolitan One Day
Charles Marlam,Matt Wilson,15,4,2011,No,6th Grade
Zack Van Wees,Mitch Sidon,15,9,2011,No,Metropolitan One Day
Russell Gerreyn,Clinton Reid,15,2,2011,No,Metropolitan One Day
Ross Baker,Ryan Barndon,15,7,2011,No,2nd Grade
James Day,Curtis Stark,15,2,2011,No,6th Grade
Conor Breheny,Robbie Edwards,15,9,2011,No,6th Grade
R Morgan,Robbie Edwards,15,10,2011,No,4th Grade
Ben Price,Robbie Edwards,15,9,2011,No,4th Grade
Charles Marlam,David Van Wees,15,1,2011,No,6th Grade
DV Kalphas,Michael Peter,15,4,2012,No,3rd Grade
Bruce Stark,Ben Gatter,15,6,2012,No,6th Grade
Timothy Gailbraith,Robbie Edwards,15,9,2012,No,6th Grade
Bryce Alexander,Michael Peter,15,10,2012,No,3rd Grade
Chris Homer,Ash Eyre,15,4,2012,No,Metropolitan One Day
Sandeep Brar,Karamjeet Singh,15,3,2013,No,Metropolitan One Day
Happee Boparai,Gurpreet Sidhu,15,2,2013,No,Mercantile One Day
Curtis Stark,Sam Finnigan,15,1,2013,No,3rd Grade
Yaadwinder Toor,Mandeep Singh,15,5,2013,No,Mercantile One Day
Keith Zissis,Mayank Madan,15,1,2013,No,Metropolitan One Day
Ryan Barndon,Russell Normoyle,15,7,2013,No,2nd Grade
Sandeep Brar,Gurpreet Sidhu,15,1,2013,No,Mercantile One Day
Gino Giamboi,Anthony Sinclair,15,7,2014,Yes,8th Grade
Onka Singh,Harbhinder Sandhu,15,7,2014,Yes,Metropolitan One Day
Bryce Alexander,Anthony Libia,15,5,2014,Yes,8th Grade
Paul Dickson,Keith Zissis,15,3,2014,No,3rd Grade
R Amlani,Minish Diniadan,15,4,2014,No,8th Grade
V Bath,M Thakur,15,1,2014,No,Metropolitan One Day
Conor Breheny,Robbie Edwards,15,10,2014,No,5th Grade
Scott Powell,Brendan Miller,15,2,2014,No,3rd Grade
Josh Copping,Ash Eyre,15,6,2014,No,3rd Grade
Damien Senge,Clinton Reid,15,1,2014,No,2nd Grade
Happee Boparai,Onka Singh,15,6,2014,No,Metropolitan One Day
David Van Wees,Aaron Robson,15,7,2014,No,3rd Grade
Sandeep Brar,Happee Boparai,15,3,2014,No,Metropolitan One Day
Aaron Robson,Devender Kumar,15,5,2014,No,3rd Grade
Michael Peter,Martin Burrow,15,7,2014,No,5th Grade
S Gill,Mandeep Sidhu,15,7,2014,No,Metropolitan One Day
Ben Gatter,Lee Maas,15,9,2014,No,5th Grade
Karamjeet Singh,Jake Finney,15,4,2014,No,2nd Grade
Sandeep Brar,Happee Boparai,15,1,2014,No,Metropolitan One Day
Kai Homer,Russell Normoyle,15,5,2014,No,5th Grade
James Ditchburn,Josh Copping,15,5,2014,No,3rd Grade
John Taylor,Michael Peter,15,7,2015,Yes,6th Grade
Dennis Freind,Paul Dickson,15,3,2015,No,7th Grade
B Le Cras,Goppi Singh,15,8,2015,No,9th Grade
Ian Wilson,Leon Burrows,15,5,2015,No,2nd Grade
Curtis Stark,Chris Homer,15,3,2015,No,4th Grade
K Symons,Gurpreet Sidhu,15,3,2015,No,7th Grade
Jake Finney,Ian Wilson,15,2,2015,No,2nd Grade
Chris Homer,Clinton Reid,15,5,2015,No,4th Grade
Garath Van Der Elst,James Day,15,1,2015,No,9th Grade
M Munish,K Natraj,15,7,2015,No,9th Grade
N Singh,Leon Burrows,15,7,2015,No,2nd Grade
Ben Gatter,M Owen,15,10,2015,No,6th Grade
Adam Lankester,Russell Normoyle,15,1,2015,No,4th Grade
Ian Wilson,K Sharma,15,4,2016,No,1st Grade
Chris Mok,Adam Borrett,15,5,2016,No,5th Grade
C Vaidya,A Thapa,15,2,2016,No,Metropolitan One Day
Brendan Millar,Goppi Singh,15,4,2016,No,3rd Grade
Dennis Freind,Keith Zissis,15,4,2016,No,6th Grade
Brett Harrison,K Murthy Dhansing,15,2,2016,No,5th Grade
Garath Van Der Elst,JD Krasenstein,15,2,2016,No,9th Grade
Tom Condello,Darren Stride,15,8,2016,No,6th Grade
R Singhal,Clinton Reid,15,8,2016,No,5th Grade
R Singhal,Karamdeep Brar,15,9,2016,No,5th Grade
Jake Finney,Dov Morris,15,1,2016,No,1st Grade
B Le Cras,Jun Singh,15,1,2016,No,6th Grade
Josh Demarte,Ross Baker,15,7,2016,No,1st Grade
Chris Homer,Brett Harrison,15,1,2016,No,5th Grade
B LeCras,Dennis Freind,15,8,2017,Yes,7th Grade
Dov Morris,Darren Johnson,15,2,2017,No,1st Grade
C Vaidya,R Singhal,15,1,2017,No,5th Grade
Karamjeet Singh,Leon Burrows,15,7,2017,No,1st Grade
Cameron Lee,James Ditchburn,15,7,2017,No,7th Grade
A Malik,Ryan Barndon,15,7,2017,No,1st Grade
Bikram Singh,Y Rai,15,3,2017,No,5th Grade
Mandeep Singh,C Singh,15,6,2017,No,5th Grade
R Singhal,K Murthy Dhansing,15,3,2017,No,5th Grade
R Singhal,S Young,15,4,2017,No,5th Grade
Brendan Millar,Mark Sinclair,15,2,2017,No,7th Grade
Ross Baker,W Roberts Wiseman,15,8,2017,No,1st Grade
Paul McNamara,D Bowman,15,2,2018,Yes,Mercantile One Day
Paul McNamara,Goppi Singh,15,7,2018,Yes,Mercantile One Day
Darren Stride,Jun Singh,15,9,2018,Yes,Mercantile One Day
Garath Van Der Elst,Brad Walker,15,2,2018,No,4th Grade
Garath Van Der Elst,Cameron Lee,15,1,2018,No,4th Grade
Curtis Stark,Darren Johnson,15,2,2018,No,2nd Grade
Jun Singh,Bikram Singh,15,5,2018,No,4th Grade
Ryan Barndon,Jun Singh,15,6,2018,No,2nd Grade
Brett Harrison,Anthony Sinclair,15,8,2018,No,Mercantile One Day
S Gill,Jun Singh,15,9,2018,No,4th Grade
Dov Morris,Russell Normoyle,15,5,2018,No,2nd Grade
Daniel Atkinson,Phillip Ross,15,7,2018,No,2nd Grade
Mark Sinclair,G Fawell,15,5,2018,No,Mercantile One Day
Dov Morris,Daniel Atkinson,15,4,2018,No,2nd Grade
K Symons,Robbie Edwards,15,10,2018,No,4th Grade
Paul Maindok,David Van Wees,15,1,2018,No,Mercantile One Day
Keith Zissis,Mark Sinclair,15,4,2018,No,Mercantile One Day
Darren Johnson,Ryan Barndon,15,2,2018,No,2nd Grade
Jun Singh,Goppi Singh,15,10,2018,No,Mercantile One Day
W Abbas,A Webley,15,9,2019,No,B Division One Day Grade
I  CHAHAL,Sandeep Brar,15,1,2019,No,5th Grade
Bruce Stark,Dennis Freind,15,7,2019,No,E Division One Day Grade
J Kendall,Chris Popoff,15,1,2019,No,E Division One Day Grade
Cameron Lee,Keith Zissis,15,5,2019,No,C Division One Day Grade
J Kendall,O Cranny,15,2,2019,No,E Division One Day Grade
Curtis Stark,Darren Johnson,15,2,2019,No,3rd Grade
Happee Boparai,Bikram Singh,15,5,2019,No,5th Grade
TW DeRozario,J Berger,15,8,2019,No,E Division One Day Grade
Cameron Lee,Darren Stride,15,4,2019,No,C Division One Day Grade
Dov Morris,Paul Maindok,15,1,2020,No,B Division One Day Grade
Davis Bode,Chris Mok,15,2,2020,No,E Division One Day Grade
Chris Popoff,Nilan Chandratilake,15,1,2020,No,F Division One Day Grade
Ross Baker,Bikram Singh,15,6,2020,No,A Division One Day Grade
Jagdeep Brar,Happee Boparai,15,4,2020,No,A Division One Day Grade
Nirbhai Sohi,Sam Finnigan,15,8,2020,No,A Division One Day Grade
Ryan Barndon,C Breheny,15,5,2020,No,E Division One Day Grade
Bruce Stark,Nilan Chandratilake,15,1,2020,No,F Division One Day Grade
Justin Kickett,Russell Normoyle,15,6,2020,No,F Division One Day Grade
Nilan Chandratilake,Scott Bretland,15,2,2021,No,G Division One Day Grade
Duane Crombie,Geoff Colgan,15,6,2021,No,G Division One Day Grade
Brayden Barnes,Darren Franklin,15,9,2021,No,G Division One Day Grade
Gurpreet Brar,Rylan Candy,15,9,2021,No,E Division One Day Grade
Mandeep Singh,John Taylor,15,3,2021,No,A Division One Day Grade
Davis Bode,Bikram Singh,15,8,2021,No,A Division One Day Grade
Nirbhai Sohi,Curtis Stark,15,2,2021,No,A Division One Day Grade
Ryan Barndon,Davis Bode,15,6,2021,No,A Division One Day Grade
Mandeep Singh,Davis Bode,15,6,2021,No,A Division One Day Grade
Paul Holmes,Nathan Hearnes,15,4,2021,No,E Division One Day Grade
Davis Bode,Navjot Toor,15,9,2022,Yes,A Division One Day Grade
Bikram Singh,Brett Harrison,15,7,2022,No,A Division One Day Grade
Nirbhai Sohi,Raghu Sharma,15,2,2022,No,A Division One Day Grade
Duane Crombie,Tom Condello,15,10,2022,No,G Division One Day Grade
Duane Crombie,Darren Franklin,15,8,2022,No,G Division One Day Grade
Hayden Candy,Vishnu Rajendran,15,4,2022,No,D Division One Day Grade
Cameron Lee,Rylan Candy,15,2,2022,No,D Division One Day Grade
Nathan Hearnes,Paul Holmes,15,3,2022,No,D Division One Day Grade
Cameron Lee,Daniel Lambrinidis,15,1,2022,No,D Division One Day Grade
Nirbhai Sohi,Raghu Sharma,15,2,2022,No,A Division One Day Grade
Dov Morris,Happee Boparai,15,4,2022,No,A Division One Day Grade
Dov Morris,Nirbhai Sohi,15,1,2022,No,A Division One Day Grade
Darren Johnson,Phillip Ross,15,7,2022,No,B Division One Day Grade
Adam Duffy,Nilan Chandratilake,15,1,2023,No,I Division One Day Grade
Sagar Lather,Raghu Sharma,15,1,2023,No,A Division One Day Grade
Nilan Chandratilake,Scott Bretland,15,1,2023,No,I Division One Day Grade
Dov Morris,Daniel Atkinson,15,6,2023,No,B Division One Day Grade
Vishnu Rajendran,Ryker Newman,15,6,2023,No,C Division One Day Grade
Ross Baker,Kai Homer,15,3,2023,No,B Division One Day Grade
Dov Morris,Tony Bassett,15,9,2023,No,B Division One Day Grade
Jun Singh,Brett Harrison,15,4,2023,No,C Division One Day Grade
Hayden Candy,Vishnu Rajendran,15,6,2023,No,C Division One Day Grade
Ryker Newman,Trent George Kennedy,15,6,2024,No,C Division One Day Grade
Adam Duffy,Chris Popoff,15,1,2024,No,I Division One Day Grade
Bruce Stark,Raguvaran Sukumar,15,7,2024,No,I Division One Day Grade
Ross Baker,Ryan Barndon,15,7,2024,No,A Division One Day Grade
Ryan Herbert,David Van Wees,15,9,2024,No,H Division One Day Grade
Keith Zissis,Hayden Candy,15,3,2024,No,H Division One Day Grade
Curtis Stark,Brett Harrison,15,4,2024,No,C Division One Day Grade
Brett Harrison,Dev Baswan,15,4,2024,No,C Division One Day Grade
Daniel Sims,Ben McInnes,15,10,2024,No,A Division One Day Grade
Missaka Wickramasinghe,Prabud Peduru Hewa,15,6,2025,No,H Division One Day Grade
Mandeep Grewal,Campbell Robson,15,7,2025,No,I Division One Day Grade
Mohamed Zainudeen,Rusiru Pitiyage,15,3,2025,No,H Division One Day Grade
Glenn Welton,SUNNY PRADHAN,15,4,2025,No,A Division One Day Grade
Prashan Herath,Nuwan Jayathma Liyanaarachchi Liyana Arachchige,15,10,2025,No,H Division One Day Grade
Geoff Hamel,S Hunter,14,7,1964,No,1st Grade
Harry Varis,Alan Wilkins,14,7,1964,No,1st Grade
Brian Buttsworth,Geoff Hamel,14,1,1966,No,1st Grade
Ian Blake,Damian Thompson,14,4,1992,Yes,1st Grade
Dennis Freind,Graham Butler,14,4,1993,No,1st Grade
Mark Butler,David Separovic,14,9,1994,No,1st Grade
Paul Dickson,Ken Hart,14,1,1994,No,1st Grade
Justin Fisher,Paul McNamara,14,7,1994,No,1st Grade
Gregory Smith,Dennis Freind,14,5,1995,No,1st Grade
Geoff Colgan,Gregory Smith,14,2,1995,No,1st Grade
Kyle Adams,Peter Bibby,14,8,1995,No,1st Grade
Gary Freind,Kevin Rowland,14,2,1997,No,3rd Grade
John Cottier,Terry Holbrook,14,2,1997,No,5th Grade
Darren Green,Courtney Swift,14,10,1997,No,3rd Grade
Terry Ward,Charles Marlam,14,3,1997,No,3rd Grade
Jason Boekleman,Peter Westgate,14,10,1997,No,1st Grade
Mark Pearson,Tony Carrier,14,8,1997,No,3rd Grade
Gary Freind,Kevin Rowland,14,1,1997,No,5th Grade
Paul Calcott,Anthony Sinclair,14,9,1997,No,Metropolitan One Day
Shane Innes,Mark Pearson,14,7,1997,No,3rd Grade
Kevin Rowland,Gino Giamboi,14,3,1997,No,5th Grade
David Singh,Jason Luckman,14,7,1997,No,Metropolitan One Day
John Cottier,Shane Innes,14,3,1997,No,3rd Grade
Geoff Colgan,Mark Dickson,14,4,1997,No,1st Grade
Jason Luckman,Trevor Craib,14,7,1997,No,Metropolitan One Day
Russell Gerreyn,Bruce West,14,5,1997,No,5th Grade
Gary Freind,Paul McNamara,14,2,1997,No,5th Grade
John Eyres,David Gulberti,14,5,1997,No,7th Grade
James Bourne,Paul Calcott,14,10,1997,No,Metropolitan One Day
Murray Quarrell,Trevor Craib,14,6,1997,No,Metropolitan One Day
Darren Young,Peter Westgate,14,10,1997,No,1st Grade
David Moralee,R Colley,14,5,1997,No,Metropolitan One Day
David Moralee,James Bourne,14,9,1997,No,Metropolitan One Day
David Singh,Gino Giamboi,14,8,1997,No,5th Grade
Dennis Freind,Mark Butler,14,9,1998,Yes,1st Grade
David Singh,Gino Giamboi,14,5,1998,No,5th Grade
Peter Bibby,Warren Pearson,14,8,1998,No,3rd Grade
John Cottier,Bruce Stark,14,5,1998,No,3rd Grade
John Lewis,Paul Butler,14,2,1998,No,5th Grade
Bruce Stark,Ross Baker,14,9,1998,No,3rd Grade
Gary Burton,Barry Richardson,14,5,1998,No,5th Grade
Barry Richardson,Chris Whyte,14,6,1998,No,5th Grade
Gary Burton,Gino Giamboi,14,8,1999,No,5th Grade
Dennis Freind,Ross Baker,14,5,1999,No,1st Grade
Ross Baker,Wade Carruthers,14,7,1999,No,1st Grade
Stephen Clarke,Ryan Kershaw,14,5,1999,No,1st Grade
Dennis Freind,Evan Standley,14,1,1999,No,1st Grade
Gary Burton,Bruce West,14,1,1999,No,5th Grade
Gary Burton,Tim Reid,14,4,2000,No,5th Grade
Darren Young,Jay Holland,14,8,2000,No,1st Grade
Nathan Whitney,C Thomas,14,8,2000,No,1st Grade
Robbie Taylor,Bryce Alexander,14,6,2001,Yes,1st Grade
Dennis Freind,Anthony Burke,14,10,2001,No,1st Grade
Robbie Taylor,Chris Whyte,14,8,2001,No,1st Grade
Anthony Burke,Darren Young,14,8,2002,No,1st Grade
Darren Holt,Kyle Adams,14,3,2002,No,1st Grade
Darren Holt,Kyle Adams,14,2,2002,No,1st Grade
Kyle Adams,David Lenane,14,9,2003,Yes,1st Grade
Warren Pearson,Darren Young,14,8,2003,No,1st Grade
Bruce Stark,David Lenane,14,5,2003,No,1st Grade
Darren Young,Gregory Martin,14,8,2003,No,1st Grade
Kyle Adams,David Lenane,14,5,2003,No,1st Grade
Kyle Adams,Gregory Martin,14,6,2004,No,1st Grade
David Lenane,Kyle Adams,14,3,2004,No,1st Grade
Malcolm Williams,Bryce Alexander,14,3,2004,No,1st Grade
Geoff Colgan,David Lenane,14,1,2004,No,1st Grade
Bryce Alexander,Sarfaraz Samnakay,14,2,2005,No,1st Grade
John Lewis,Cameron Gerreyn,14,5,2005,No,8th Grade
Scott Powell,Brett Harrison,14,1,2005,No,Metropolitan One Day
Satish Krishnan,Mark Stevens,14,10,2005,No,8th Grade
Andrew Symons,Felix Machado,14,6,2005,No,8th Grade
Jay Hindmarsh,Malcolm Feasey,14,10,2005,No,4th Grade
Darren Hutchins,Neil Steadman,14,4,2005,No,8th Grade
Neil Steadman,Felix Machado,14,6,2005,No,8th Grade
Robbie Edwards,Grant Cross,14,8,2005,No,4th Grade
Scott Powell,Anthony Morgan,14,7,2005,No,Metropolitan One Day
Anthony Libia,Sharjeel Ashraf,14,2,2005,No,1st Grade
Anthony Burke,Andre Gabriel,14,9,2005,No,1st Grade
Jason Carlyon,Raebern DSylva,14,3,2005,No,8th Grade
Tariq Haroon,Darren Young,14,7,2005,No,1st Grade
Gregory Martin,Anthony Burke,14,6,2005,No,1st Grade
Chris Robson,Anthony Morgan,14,6,2005,No,Metropolitan One Day
Chris Robson,Anthony Morgan,14,3,2005,No,Metropolitan One Day
Vikram Kalaimani,Ajigh RajaGopal,14,5,2005,No,8th Grade
Raebern DSylva,Jason Carlyon,14,3,2005,No,8th Grade
Gino Giamboi,Robbie Edwards,14,6,2005,No,4th Grade
Charles Marlam,Bryce Alexander,14,2,2006,Yes,2nd Grade
Curtis Stark,Russell Gerreyn,14,4,2006,No,5th Grade
Bryce Alexander,Paul Dickson,14,3,2006,No,2nd Grade
Bryce Alexander,Paul Dickson,14,3,2006,No,2nd Grade
Jarrod Ebert,Ajigh RajaGopal,14,7,2006,No,5th Grade
Scott Powell,Chris Robson,14,6,2006,No,2nd Grade
Charles Marlam,Scott Barnard,14,1,2006,No,5th Grade
Danny Bidgood,Jason Dewar,14,2,2006,No,8th Grade
Kevin Rowland,Paul Dickson,14,4,2006,No,2nd Grade
Scott Barnard,Ryan Barndon,14,1,2006,No,5th Grade
Darren Hutchins,Cassis Van Wees,14,6,2006,No,5th Grade
John Taylor,Sam Finnigan,14,2,2006,No,8th Grade
Russell Gerreyn,Kevin Rowland,14,1,2006,No,5th Grade
Michael Gartell,Craig Bennett,14,5,2006,No,5th Grade
Craig Bennett,Jarrod Ebert,14,6,2006,No,5th Grade
Russell Gerreyn,Kevin Rowland,14,1,2006,No,5th Grade
Ryan Barndon,Jeremy Davis,14,8,2006,No,2nd Grade
Ryan Barndon,John Taylor,14,2,2006,No,2nd Grade
Robbie Edwards,Steve Moore,14,10,2007,Yes,6th Grade
Robbie Edwards,Dave Dewhurst,14,10,2007,No,3rd Grade
Brett Harrison,Craig Bennett,14,1,2007,No,6th Grade
David Van Wees,Brett Harrison,14,1,2007,No,6th Grade
Aaron Robson,Darren Hutchins,14,7,2007,No,6th Grade
Simon Wilson,Michael Unwin,14,5,2007,No,Metropolitan One Day
Bryce Alexander,Leon Burrows,14,1,2007,No,3rd Grade
Charles Marlam,Ryan Barndon,14,1,2007,No,3rd Grade
Chris Mok,Ben Loader,14,2,2007,No,Metropolitan One Day
Nathan Freind,Timothy Bailey,14,9,2007,No,Metropolitan One Day
Jeff Stephenson,Brett Harrison,14,2,2007,No,9th Grade
Dennis Freind,Dave Dewhurst,14,10,2008,Yes,2nd Grade
Ryan Barndon,Charles Marlam,14,2,2008,No,5th Grade
Tony Bassett,Dennis Freind,14,9,2008,No,2nd Grade
Dennis Freind,Dave Dewhurst,14,10,2008,No,2nd Grade
Chris Mok,Matthew Hilleard,14,1,2008,No,8th Grade
Bryce Alexander,Ryan Barndon,14,2,2008,No,2nd Grade
Adam Wreford,Steve Moore,14,8,2008,No,5th Grade
Scott Powell,Sam Finnigan,14,6,2008,No,2nd Grade
Adam Wreford,Paul Dickson,14,2,2008,No,5th Grade
Scott Powell,Sam Finnigan,14,8,2008,No,2nd Grade
David Van Wees,Chris Mok,14,7,2009,No,5th Grade
John Taylor,Bryce Alexander,14,5,2009,No,2nd Grade
Matthew Hilleard,Curtis Stark,14,1,2009,No,5th Grade
Bryce Alexander,Russell Normoyle,14,4,2009,No,7th Grade
David Van Wees,Michael Mani,14,9,2009,No,5th Grade
Scott Barnard,David Van Wees,14,2,2009,No,5th Grade
David Van Wees,Anthony Libia,14,3,2009,No,5th Grade
Russell Gerreyn,Dov Morris,14,3,2009,No,Metropolitan One Day
R Gipson,Craig Bennett,14,6,2009,No,2nd Grade
Anthony Libia,Scott Powell,14,6,2009,No,5th Grade
Dennis Freind,L Boss,14,8,2009,No,5th Grade
R Gipson,Craig Bennett,14,5,2009,No,2nd Grade
Courtney Swift,Lee Maas,14,10,2009,No,Metropolitan One Day
Anthony Libia,Bryce Alexander,14,4,2009,No,7th Grade
Russell Gerreyn,Keith Zissis,14,3,2009,No,Metropolitan One Day
Michael Peter,Scott Barnard,14,10,2009,No,5th Grade
Bryce Alexander,Russell Normoyle,14,6,2009,No,7th Grade
Scott Barnard,Adam Wreford,14,4,2010,No,5th Grade
Timothy Gailbraith,L English,14,7,2010,No,7th Grade
Ryan Barndon,Tony Bassett,14,8,2010,No,2nd Grade
Darcy Boyle,J Eyre,14,4,2010,No,Metropolitan One Day
Paul Massara,Brett Harrison,14,5,2010,No,5th Grade
J Eyre,JL Dimond,14,6,2010,No,Metropolitan One Day
Scott Barnard,Adam Wreford,14,8,2011,Yes,2nd Grade
Mark Dickson,Gino Giamboi,14,7,2011,Yes,Metropolitan One Day
Mark Dickson,Lee Maas,14,8,2011,Yes,Metropolitan One Day
Keith Zissis,Gino Giamboi,14,2,2011,No,Metropolitan One Day
Damien Senge,Adam Wreford,14,7,2011,No,2nd Grade
Paul Massara,Bryce Alexander,14,4,2011,No,4th Grade
Nathan Marrocco,Brett Harrison,14,6,2011,No,4th Grade
Leon Burrows,Ryan Barndon,14,4,2011,No,2nd Grade
Dennis Freind,Shane Shaw,14,3,2011,No,4th Grade
Lee Maas,R Morgan,14,10,2011,No,Metropolitan One Day
Scott Powell,Ben Price,14,2,2011,No,4th Grade
Alex Vlahos,James Day,14,3,2011,No,Metropolitan One Day
Keith Zissis,Ash Eyre,14,4,2011,No,Metropolitan One Day
Russell Gerreyn,Dennis Freind,14,7,2012,Yes,Metropolitan One Day
Bruce Stark,Zack Van Wees,14,6,2012,No,6th Grade
Dov Morris,Scott Barnard,14,4,2012,No,2nd Grade
Aaron Robson,Dave Dewhurst,14,9,2012,No,3rd Grade
Graeme Pryce,Ben Price,14,2,2012,No,3rd Grade
Brett Harrison,Bryce Alexander,14,5,2012,No,3rd Grade
Ian Wilson,Keith Zissis,14,5,2012,No,Metropolitan One Day
Bryce Alexander,Aaron Robson,14,8,2012,No,3rd Grade
Russell Gerreyn,Chris Homer,14,2,2012,No,Metropolitan One Day
Chris Mok,Ben Gatter,14,9,2012,No,6th Grade
James Day,JD Krasenstein,14,2,2012,No,6th Grade
Damien Senge,Bryce Alexander,14,4,2012,No,3rd Grade
Ash Eyre,Steven Freind,14,6,2012,No,Metropolitan One Day
Charles Marlam,Brett Harrison,14,1,2012,No,3rd Grade
Clinton Reid,Russell Normoyle,14,1,2013,No,2nd Grade
G McMillan,Kirk Howes,14,10,2013,No,Metropolitan One Day
Chris Homer,Ian Wilson,14,5,2013,No,Metropolitan One Day
Sandeep Brar,Randeep Brar,14,4,2013,No,Mercantile One Day
Randeep Brar,S Gill,14,6,2013,No,Mercantile One Day
Ross Baker,Russell Normoyle,14,6,2013,No,2nd Grade
Adam Wreford,Tony Bassett,14,9,2013,No,2nd Grade
Keith Zissis,Ash Eyre,14,3,2013,No,Metropolitan One Day
Josh Taylor,Leon Burrows,14,7,2013,No,2nd Grade
Keith Zissis,R Morgan,14,7,2013,No,Metropolitan One Day
Ross Baker,Ryan Barndon,14,5,2013,No,2nd Grade
Scott Powell,Josh Copping,14,5,2013,No,3rd Grade
Conor Breheny,Kenneth Kelly,14,7,2014,No,5th Grade
S Gill,D Sharma,14,8,2014,No,Metropolitan One Day
Garath Van Der Elst,Dennis Freind,14,1,2014,No,5th Grade
Brendan Miller,Ryan Barndon,14,3,2014,No,3rd Grade
Chris Homer,Damien Senge,14,4,2014,No,5th Grade
Happee Boparai,Yaadwinder Toor,14,4,2014,No,Metropolitan One Day
Keith Zissis,K Symons,14,1,2014,No,8th Grade
Curtis Stark,Devender Kumar,14,4,2014,No,3rd Grade
Aaron Robson,Clinton Reid,14,7,2014,No,3rd Grade
Dennis Freind,Bryce Alexander,14,2,2014,No,8th Grade
Adam Wreford,Kirk Howes,14,10,2014,No,2nd Grade
Mandeep Sidhu,H Bhullar,14,9,2014,No,Metropolitan One Day
Randeep Brar,Gurpreet Sidhu,14,9,2014,No,Metropolitan One Day
Leon Burrows,Kirk Howes,14,9,2015,Yes,2nd Grade
David Van Wees,Robbie Edwards,14,10,2015,Yes,7th Grade
Dov Morris,Leon Burrows,14,4,2015,No,2nd Grade
P Rados,B Le Cras,14,5,2015,No,9th Grade
Kirk Howes,Timothy Gailbraith,14,10,2015,No,2nd Grade
Chris Homer,R Amlani,14,6,2015,No,6th Grade
Chris Mok,MG Armstrong,14,6,2015,No,6th Grade
Chris Homer,Sandeep Brar,14,6,2015,No,4th Grade
Keith Zissis,K Symons,14,1,2015,No,7th Grade
Grant Carslake,Devender Kumar,14,7,2015,No,9th Grade
Mark Sinclair,AB Goodchild,14,4,2015,No,7th Grade
Clinton Reid,Dennis Freind,14,7,2015,No,7th Grade
Ross Baker,Michael Mani,14,8,2015,No,2nd Grade
Martin Burrow,Grant Carslake,14,5,2015,No,9th Grade
R Singhal,Clinton Reid,14,2,2015,No,6th Grade
Curtis Stark,Chris Homer,14,4,2015,No,4th Grade
John Taylor,Brett Harrison,14,4,2015,No,4th Grade
C Puff,James Ditchburn,14,8,2015,No,4th Grade
Kai Homer,K Symons,14,5,2015,No,7th Grade
Adam Lankester,N Singh,14,2,2015,No,4th Grade
Brad Walker,Jun Singh,14,2,2016,No,5th Grade
Adam Borrett,Tyrone Allen,14,5,2016,No,3rd Grade
C Puff,JD Krasenstein,14,7,2016,No,3rd Grade
Chris Mok,A Malik,14,3,2016,No,5th Grade
Cameron Lee,I Morawiec,14,10,2016,No,9th Grade
S Young,Tom Condello,14,10,2016,No,5th Grade
Jake Finney,Karamjeet Singh,14,5,2016,No,1st Grade
M Munish,Sam Finnigan,14,8,2016,No,1st Grade
Anthony Sinclair,Tom Condello,14,7,2016,No,6th Grade
Chris Mok,Chris Homer,14,1,2016,No,5th Grade
Chris Homer,Chris Mok,14,2,2016,No,5th Grade
Dov Morris,Ross Baker,14,2,2016,No,1st Grade
Michael Mani,Leon Burrows,14,6,2016,No,1st Grade
Karamjeet Singh,Adam Borrett,14,10,2016,No,1st Grade
Garath Van Der Elst,AB Kalimeris,14,9,2017,Yes,7th Grade
S Young,S Gill,14,8,2017,No,5th Grade
C Vaidya,Randeep Brar,14,1,2017,No,5th Grade
Dov Morris,Karamjeet Singh,14,6,2017,No,1st Grade
N Panjepa,B Le Cras,14,7,2017,No,7th Grade
Happee Boparai,Bikram Singh,14,3,2017,No,5th Grade
Cameron Lee,Brad Walker,14,4,2017,No,3rd Grade
Garath Van Der Elst,G Fawell,14,6,2017,No,7th Grade
Karamjeet Singh,Darren Johnson,14,1,2017,No,1st Grade
Michael Peter,Sam Finnigan,14,4,2017,No,7th Grade
Michael Peter,Garath Van Der Elst,14,7,2017,No,7th Grade
S Gill,Mandeep Singh,14,6,2017,No,5th Grade
Daniel Atkinson,Jun Singh,14,5,2018,No,2nd Grade
Raghu Sharma,Happee Boparai,14,2,2018,No,4th Grade
Adam Lankester,Darren Johnson,14,2,2018,No,2nd Grade
Keith Zissis,Hayden Candy,14,4,2018,No,Mercantile One Day
DA Allsop,Adam Borrett,14,8,2018,No,2nd Grade
Curtis Stark,Grant Carslake,14,9,2019,No,3rd Grade
LH Berendsen,Phillip Ross,14,7,2019,No,3rd Grade
Happee Boparai,Bikram Singh,14,4,2019,No,5th Grade
Curtis Stark,Darren Johnson,14,2,2019,No,3rd Grade
Jun Singh,Randeep Brar,14,2,2019,No,5th Grade
Raghu Sharma,Russell Normoyle,14,7,2019,No,3rd Grade
O Cranny,B Adams,14,6,2019,No,E Division One Day Grade
Ash Yadav,Happee Boparai,14,3,2019,No,5th Grade
Ryan Barndon,Grant Carslake,14,10,2019,No,3rd Grade
John Taylor,Darren Young,14,5,2019,No,B Division One Day Grade
J Galhena,Daniel Sims,14,5,2020,No,B Division One Day Grade
Ryan Barndon,Cameron Lee,14,5,2020,No,B Division One Day Grade
Tim Galbraith,Russell Normoyle,14,5,2020,No,E Division One Day Grade
Nilan Chandratilake,Adam Duffy,14,2,2020,No,F Division One Day Grade
Justin Kickett,Adam Duffy,14,6,2020,No,F Division One Day Grade
Chris Popoff,David Van Wees,14,3,2020,No,F Division One Day Grade
Grant Carslake,Darren Franklin,14,10,2020,No,F Division One Day Grade
John Taylor,Bikram Singh,14,4,2021,Yes,A Division One Day Grade
Dan Leatham,Thanuja Jayakodi Arachchige,14,8,2021,No,E Division One Day Grade
Brett Harrison,Keith Zissis,14,2,2021,No,E Division One Day Grade
Darren Franklin,Mandeep Singh,14,9,2021,No,G Division One Day Grade
Adam Duffy,Darren Franklin,14,6,2021,No,G Division One Day Grade
Keith Zissis,Thomas Cross,14,1,2021,No,E Division One Day Grade
Keith Zissis,Brett Harrison,14,2,2021,No,E Division One Day Grade
Phillip Ross,Garath Van Der Elst,14,9,2021,No,B Division One Day Grade
Nirbhai Sohi,Happee Boparai,14,4,2021,No,A Division One Day Grade
Jun Singh,Phillip Ross,14,5,2022,Yes,B Division One Day Grade
Dov Morris,Ross Baker,14,3,2022,No,B Division One Day Grade
L Crombie,Duane Crombie,14,7,2022,No,G Division One Day Grade
Bruce Stark,Chris Popoff,14,2,2022,No,G Division One Day Grade
Scott Bretland,J Melanko,14,7,2022,No,G Division One Day Grade
Ryan Barndon,Phillip Ross,14,6,2022,No,B Division One Day Grade
Dov Morris,Jun Singh,14,4,2022,No,B Division One Day Grade
Nathan Hearnes,Brett Harrison,14,4,2022,No,D Division One Day Grade
Curtis Stark,Jun Singh,14,5,2022,No,B Division One Day Grade
Joe Morgan,Mandeep Singh,14,9,2022,No,G Division One Day Grade
Mandeep Singh,Samuel Freind,14,8,2022,No,A Division One Day Grade
Davis Bode,Ash Yadav,14,2,2022,No,A Division One Day Grade
Davis Bode,Nirbhai Sohi,14,3,2022,No,A Division One Day Grade
Nilan Chandratilake,Duane Crombie,14,3,2022,No,G Division One Day Grade
Duane Crombie,Chris Popoff,14,5,2022,No,G Division One Day Grade
Curtis Stark,Cameron Lee,14,1,2023,No,C Division One Day Grade
Nirbhai Sohi,Mandeep khokhar,14,5,2023,No,A Division One Day Grade
Kai Homer,Paul Holmes,14,5,2023,No,C Division One Day Grade
Chris Popoff,Bruce Stark,14,6,2023,No,I Division One Day Grade
Tom Condello,Adam Duffy,14,8,2023,No,I Division One Day Grade
Tom Condello,Mandeep Singh,14,9,2023,No,I Division One Day Grade
Jagdeep Brar,Nirbhai Sohi,14,4,2023,No,A Division One Day Grade
Ryan Herbert,Jackson Delamare,14,8,2023,No,H Division One Day Grade
Leon Burrows,Russell Normoyle,14,1,2023,No,B Division One Day Grade
Gurdeep Singh,Sagar Lather,14,2,2023,No,A Division One Day Grade
Sagar Lather,Nirbhai Sohi,14,4,2023,No,A Division One Day Grade
Daniel Atkinson,Nathan Hearnes,14,5,2023,No,B Division One Day Grade
Kai Homer,Glenn Welton,14,1,2023,No,B Division One Day Grade
Adam Duffy,Chris Popoff,14,1,2023,No,I Division One Day Grade
Bradley Younger,Ben McInnes,14,10,2024,Yes,A Division One Day Grade
Dov Morris,Oliver Diaz,14,9,2024,No,H Division One Day Grade
Clinton Reid,Curtis Stark,14,1,2024,No,C Division One Day Grade
Bradley Younger,Brett Harrison,14,3,2024,No,C Division One Day Grade
Adam Duffy,Keith Zissis,14,3,2024,No,I Division One Day Grade
Moran Robert Dedman Nielsen,Dev Baswan,14,9,2024,No,C Division One Day Grade
Chris Popoff,Nilan Chandratilake,14,2,2024,No,I Division One Day Grade
Curtis Stark,Scott Barnard,14,2,2024,No,C Division One Day Grade
Nuwan Jayathma Liyanaarachchi Liyana Arachchige,Vihanga Silva,14,8,2025,Yes,H Division One Day Grade
Kirk Howes,Manav Patel,14,3,2025,No,A Division One Day Grade
Shishpal Rana,Kevin Bishop,14,7,2025,No,I Division One Day Grade
Adam Duffy,Chris Popoff,14,1,2025,No,I Division One Day Grade
Keith Zissis,Dennis Freind,14,6,2025,No,D Division One Day Grade
Prabud Peduru Hewa,Jun Singh,14,1,2025,No,D Division One Day Grade
Brian Buttsworth,Fred Buttsworth,13,6,1963,No,1st Grade
Brian Buttsworth,Harry Varis,13,7,1963,No,1st Grade
Brian Buttsworth,Fred Buttsworth,13,3,1963,No,1st Grade
Harry Varis,Alby Braun,13,8,1963,No,1st Grade
Geoff Hamel,Brian France,13,2,1963,No,1st Grade
Geoff Hamel,M Leeder,13,6,1964,No,1st Grade
Keith Randell,Kevin Lock,13,6,1965,No,1st Grade
Brian Buttsworth,Bert Smith,13,7,1965,No,1st Grade
Keith Randell,Alan Wilkins,13,4,1966,No,1st Grade
Keith Randell,Harry Varis,13,4,1966,No,1st Grade
Dennis Freind,Colin Gotch,13,8,1992,No,1st Grade
Justin Fisher,Matthew Smith,13,8,1992,No,1st Grade
Mark Dickson,Shane Ferdinadus,13,6,1993,No,1st Grade
Dennis Freind,Ian Price,13,9,1993,No,1st Grade
Ian Blake,Ian Price,13,8,1993,No,1st Grade
Dennis Freind,Ron Gillespie,13,4,1994,No,1st Grade
Justin Fisher,Graham Butler,13,4,1994,No,1st Grade
Paul Dickson,Dennis Freind,13,7,1994,No,1st Grade
Justin Fisher,Gary Freind,13,1,1994,No,1st Grade
Graham Butler,Ron Gillespie,13,5,1994,No,1st Grade
Kevin Rowland,Paul Dickson,13,1,1995,No,1st Grade
Gregory Smith,Peter McSweeney,13,6,1995,No,1st Grade
Chris Whyte,Peter Bibby,13,9,1995,No,1st Grade
Geoff Colgan,Peter McSweeney,13,6,1995,No,1st Grade
Chris Whyte,Peter Bibby,13,8,1995,No,1st Grade
Alex Hall,David Singh,13,7,1997,No,Metropolitan One Day
S Taylor,Lee Hall,13,9,1997,No,Metropolitan One Day
Bryce Alexander,Graham Bowman,13,3,1997,No,Metropolitan One Day
Paul Richardson,Anthony Sinclair,13,9,1997,No,7th Grade
Mick OReilly,Andrew Sorenson,13,10,1997,No,5th Grade
Rodney Taylor,Shane Innes,13,5,1997,No,3rd Grade
Len Peterson,Paul Calcott,13,8,1997,No,Metropolitan One Day
Chris Whyte,Mark Pearson,13,9,1997,No,3rd Grade
Gary Freind,John Lewis,13,1,1997,No,5th Grade
Shane Innes,Paul Dickson,13,3,1997,No,5th Grade
Evan Standley,Christopher Jebb,13,5,1997,No,3rd Grade
Gino Giamboi,Darren Green,13,10,1997,No,5th Grade
Dennis Freind,Adam Bassett,13,3,1998,No,1st Grade
Evan Standley,Ward Bond,13,5,1998,No,5th Grade
Peter Bibby,Graeme Dennis,13,8,1998,No,1st Grade
Rodney Taylor,Bruce Stark,13,5,1998,No,3rd Grade
Mark Dickson,Barry Richardson,13,5,1998,No,5th Grade
Mark Dickson,Ross Baker,13,7,1999,No,1st Grade
Ian Blake,Glenn Sadler,13,5,1999,No,5th Grade
Marcus Nolan,Ross Baker,13,8,1999,No,1st Grade
Marcus Nolan,Wade Carruthers,13,9,1999,No,1st Grade
Dennis Freind,Darren Holt,13,1,1999,No,1st Grade
Darren Holt,Bryce Alexander,13,2,1999,No,1st Grade
Glenn Sadler,Len Peterson,13,9,1999,No,5th Grade
Kyle Adams,Ross Baker,13,3,1999,No,1st Grade
Keith Manea,Christopher Barnes,13,8,1999,No,1st Grade
Gary Burton,Malcolm Feasey,13,4,1999,No,5th Grade
Gary Burton,Glen Bailey,13,5,2000,No,5th Grade
Keith Manea,Nathan Whitney,13,4,2000,No,1st Grade
C Thomas,Anthony Burke,13,9,2000,No,1st Grade
Nathan Whitney,Jason Boekleman,13,7,2000,No,1st Grade
Nathan Whitney,Darren Young,13,8,2001,No,1st Grade
Robbie Taylor,Gregory Martin,13,6,2001,No,1st Grade
Nathan Whitney,Dennis Freind,13,9,2001,No,1st Grade
Darren Holt,Kyle Adams,13,3,2001,No,1st Grade
Nathan Whitney,Darren Young,13,10,2001,No,1st Grade
Kevin Rowland,Chris Whyte,13,7,2001,No,1st Grade
Kevin Rowland,Stephen Clarke,13,1,2001,No,1st Grade
Stephen Clarke,Bryce Alexander,13,2,2001,No,1st Grade
Kyle Adams,Robbie Taylor,13,3,2002,Yes,1st Grade
Anthony Libia,Kyle Adams,13,2,2002,No,1st Grade
Darren Young,Graeme Angwin,13,9,2002,No,1st Grade
Anthony Burke,Lee Van der Burgt,13,6,2002,No,1st Grade
Darren Young,Chris Whyte,13,7,2002,No,1st Grade
Dennis Freind,Craig Phillip,13,10,2003,No,1st Grade
Anthony Burke,Bryce Alexander,13,1,2003,No,1st Grade
Glenn Andersson,Malcolm Williams,13,8,2004,No,1st Grade
Bryce Alexander,Glenn Andersson,13,6,2004,No,1st Grade
Russell Gerreyn,Mark Stevens,13,2,2005,No,8th Grade
Neil Steadman,Jeff West,13,7,2005,No,Metropolitan One Day
Bryce Alexander,Sarfaraz Samnakay,13,2,2005,No,1st Grade
Mark Dickson,Ryan Barndon,13,4,2005,No,4th Grade
Glenn Andersson,Darren Hutchins,13,7,2005,No,8th Grade
Russell Gerreyn,Andrew Symons,13,1,2005,No,8th Grade
Andrew Symons,Neil Steadman,13,4,2005,No,8th Grade
Ward Bond,Bruce West,13,5,2005,No,4th Grade
David Van Wees,Anthony Morgan,13,8,2005,No,Metropolitan One Day
Brett Harrison,Scott Powell,13,3,2005,No,Metropolitan One Day
Darren Hutchins,Ajigh RajaGopal,13,5,2005,No,8th Grade
Anthony Burke,Tariq Haroon,13,3,2005,No,1st Grade
Curtis Stark,Scott Barnard,13,6,2005,No,4th Grade
Dave Dewhurst,David Van Wees,13,7,2005,No,Metropolitan One Day
Jeff West,Jason Carlyon,13,6,2005,No,8th Grade
Scott Barnard,Joshua Wells,13,2,2005,No,4th Grade
John Lewis,Glenn Andersson,13,2,2005,No,8th Grade
Dennis Freind,Charles Marlam,13,1,2006,No,2nd Grade
Ben Santoro,Cassis Van Wees,13,10,2006,No,8th Grade
David Van Wees,Dennis Freind,13,1,2006,No,2nd Grade
Curtis Stark,Dave Dewhurst,13,5,2006,No,2nd Grade
Ajigh RajaGopal,Cassis Van Wees,13,8,2006,No,5th Grade
Russell Gerreyn,Peter Bibby,13,4,2006,No,5th Grade
Adam Spencer,David Van Wees,13,6,2006,No,5th Grade
Timothy Bailey,John Marion,13,7,2007,Yes,Metropolitan One Day
Russell Normoyle,Timothy Gailbraith,13,4,2007,No,Metropolitan One Day
Russell Normoyle,Brett Harley,13,8,2007,No,Metropolitan One Day
Chris Mok,Craig Bennett,13,3,2007,No,9th Grade
Brett Harley,Tony Bassett,13,7,2007,No,Metropolitan One Day
Ryan Shelton,Steven Freind,13,1,2007,No,Metropolitan One Day
Matt Bailey,John Marion,13,9,2007,No,Metropolitan One Day
Leon Burrows,Bryce Alexander,13,2,2007,No,3rd Grade
Ben Loader,Timothy Gailbraith,13,3,2007,No,Metropolitan One Day
Craig Fernie,Nathan Freind,13,9,2007,No,Metropolitan One Day
Kevin Rowland,Russell Normoyle,13,1,2007,No,6th Grade
Jeff Stephenson,Ben Stephenson,13,1,2007,No,9th Grade
Paul Dickson,Charles Marlam,13,2,2007,No,6th Grade
Ben Stephenson,Steve Moore,13,8,2008,No,5th Grade
Adam Wreford,Aaron Robson,13,5,2008,No,5th Grade
Dennis Freind,Dave Dewhurst,13,10,2008,No,2nd Grade
Scott Barnard,Ben Loader,13,1,2008,No,5th Grade
Ryan Shelton,Scott Barnard,13,2,2008,No,2nd Grade
Tony Bassett,Steve Moore,13,9,2008,No,2nd Grade
Ben Loader,Ryan Barndon,13,2,2008,No,2nd Grade
Adam Wreford,Tony Bassett,13,8,2008,No,2nd Grade
Ben Loader,Charles Marlam,13,2,2008,No,5th Grade
Sam Finnigan,Tony Bassett,13,9,2008,No,2nd Grade
David Van Wees,Aaron Robson,13,7,2008,No,5th Grade
Ryan James,Darren Hutchins,13,1,2009,No,7th Grade
Shane Shaw,Ryan Shelton,13,1,2009,No,2nd Grade
Scott Barnard,Matthew Hilleard,13,1,2009,No,5th Grade
Kenneth Kelly,Jack Vlahos,13,8,2009,No,Metropolitan One Day
Darren Hutchins,Bryce Alexander,13,3,2009,No,7th Grade
Keith Zissis,Steven Freind,13,4,2009,No,Metropolitan One Day
Dennis Freind,Steven Freind,13,3,2010,No,7th Grade
L English,Gino Giamboi,13,7,2010,No,7th Grade
C Woods,JA Timos,13,8,2010,No,Metropolitan One Day
Leon Burrows,Damien Senge,13,5,2010,No,2nd Grade
Matt Behn,Leon Okely,13,7,2010,No,2nd Grade
Matt Behn,Tony Bassett,13,8,2010,No,2nd Grade
Matt Behn,Ryan Barndon,13,6,2010,No,2nd Grade
Dov Morris,Matt Behn,13,2,2010,No,2nd Grade
J Eyre,Darren Hutchins,13,5,2010,No,Metropolitan One Day
Scott Barnard,Bruce Stark,13,3,2010,No,5th Grade
Michael Mani,Adam Wreford,13,1,2011,Yes,2nd Grade
David Van Wees,James Day,13,1,2011,No,6th Grade
Charles Marlam,Ben Gatter,13,6,2011,No,6th Grade
Charles Marlam,Matt Wilson,13,6,2011,No,6th Grade
Scott Barnard,Scott Powell,13,8,2011,No,2nd Grade
Paul Dickson,Clinton Reid,13,2,2011,No,Metropolitan One Day
Dave Dewhurst,Michael Peter,13,10,2011,No,4th Grade
Ash Eyre,Jeff Stephenson,13,5,2011,No,Metropolitan One Day
Ben Gatter,Robbie Edwards,13,10,2011,No,6th Grade
Keith Zissis,Mark Dickson,13,4,2011,No,Metropolitan One Day
Paul Massara,Brett Harrison,13,5,2011,No,4th Grade
Matt Wilson,Daniel Allsop,13,9,2011,No,6th Grade
Keith Zissis,Mark Dickson,13,5,2011,No,Metropolitan One Day
Keith Zissis,Gino Giamboi,13,6,2011,No,Metropolitan One Day
Curtis Stark,Ryan James,13,1,2011,No,6th Grade
David Van Wees,James Day,13,2,2011,No,6th Grade
Keith Zissis,Gino Giamboi,13,5,2011,No,Metropolitan One Day
James Day,Matt Wilson,13,5,2012,No,2nd Grade
JD Krasenstein,JL Dimond,13,2,2012,No,6th Grade
Dov Morris,Daniel Atkinson,13,2,2012,No,2nd Grade
Scott Barnard,DV Kalphas,13,7,2012,No,2nd Grade
Curtis Stark,JL Dimond,13,3,2012,No,6th Grade
Ben Gatter,Daniel Allsop,13,10,2012,No,6th Grade
Dennis Freind,Andrew Webley,13,8,2012,No,3rd Grade
Dennis Freind,Graeme Pryce,13,1,2012,No,3rd Grade
Brett Harrison,Andrew Webley,13,8,2012,No,3rd Grade
James Day,Curtis Stark,13,1,2012,No,6th Grade
Curtis Stark,Lee Maas,13,4,2012,No,6th Grade
Curtis Stark,Ben Gatter,13,5,2012,No,6th Grade
Ben Price,Adam Wreford,13,5,2012,No,3rd Grade
Curtis Stark,Paul Dickson,13,4,2012,No,6th Grade
Dov Morris,Clinton Reid,13,1,2013,Yes,2nd Grade
Mandeep Singh,S Gill,13,6,2013,No,Metropolitan One Day
Curtis Stark,Brett Harrison,13,1,2013,No,3rd Grade
Curtis Stark,Jake Finney,13,2,2013,No,3rd Grade
Russell Normoyle,Timothy Gailbraith,13,10,2013,No,2nd Grade
Garath Van Der Elst,Ash Eyre,13,3,2013,No,5th Grade
Clinton Reid,Scott Powell,13,5,2013,No,3rd Grade
Conor Breheny,Martin Burrow,13,2,2013,No,Metropolitan One Day
Cory DeJager,G McMillan,13,7,2013,No,Metropolitan One Day
Chris Homer,David Van Wees,13,3,2013,No,Metropolitan One Day
D Diletti,Mayank Madan,13,4,2013,No,5th Grade
Josh Taylor,Adam Wreford,13,7,2013,No,2nd Grade
David Van Wees,Graeme Pryce,13,1,2013,No,5th Grade
David Van Wees,Garath Van Der Elst,13,1,2013,No,5th Grade
Simon Borrett,Conor Breheny,13,4,2013,No,5th Grade
Dov Morris,Leon Burrows,13,1,2013,No,2nd Grade
Timothy Gailbraith,Dov Morris,13,3,2013,No,2nd Grade
Sam Finnigan,Brett Harrison,13,2,2013,No,3rd Grade
Mandeep Sidhu,Happee Boparai,13,4,2013,No,Mercantile One Day
David Van Wees,Tony Bassett,13,7,2013,No,3rd Grade
Kai Homer,Chris Homer,13,2,2013,No,Metropolitan One Day
Ross Baker,Leon Burrows,13,5,2013,No,2nd Grade
Daniel Atkinson,Damien Senge,13,3,2013,No,3rd Grade
Onka Singh,Harbhinder Sandhu,13,8,2013,No,Mercantile One Day
Dov Morris,Scott Barnard,13,2,2014,No,2nd Grade
Sandeep Brar,M Gill,13,3,2014,No,Metropolitan One Day
Dov Morris,Karamjeet Singh,13,5,2014,No,2nd Grade
Dov Morris,Scott Barnard,13,2,2014,No,2nd Grade
Dennis Freind,Martin Burrow,13,2,2014,No,5th Grade
Curtis Stark,Clinton Reid,13,1,2014,No,2nd Grade
Ben Stephenson,Gary Freind,13,4,2014,No,8th Grade
Josh Copping,Devender Kumar,13,7,2014,No,3rd Grade
R Gill,Mandeep Sidhu,13,9,2014,No,Metropolitan One Day
Keith Zissis,K Symons,13,1,2014,No,8th Grade
Onka Singh,N Singh,13,1,2014,No,Metropolitan One Day
Bryce Alexander,Paul Dickson,13,4,2014,No,8th Grade
C Puff,L Edwards,13,8,2014,No,5th Grade
Josh Copping,Devender Kumar,13,6,2014,No,3rd Grade
Devender Kumar,James Ditchburn,13,8,2014,No,3rd Grade
Scott Barnard,Dov Morris,13,2,2014,No,2nd Grade
Aaron Robson,Curtis Stark,13,1,2014,No,3rd Grade
Paul Dickson,Grant Carslake,13,2,2014,No,8th Grade
Randeep Brar,H Batth,13,9,2014,No,Metropolitan One Day
Brett Harrison,Chris Homer,13,3,2015,No,4th Grade
Mandeep Singh,Karamdeep Brar,13,3,2015,No,7th Grade
MG Armstrong,K Natraj,13,7,2015,No,6th Grade
Garath Van Der Elst,Sam Finnigan,13,3,2015,No,6th Grade
Chris Homer,Michael Peter,13,2,2015,No,6th Grade
Happee Boparai,Gurpreet Sidhu,13,3,2015,No,6th Grade
Bryce Alexander,AB Goodchild,13,4,2015,No,7th Grade
Bryce Alexander,K Bond,13,5,2015,No,7th Grade
John Taylor,C Puff,13,5,2015,No,4th Grade
Ryan Barndon,Michael Mani,13,8,2015,No,2nd Grade
Keith Zissis,Cameron Lee,13,5,2016,No,6th Grade
P Virk,L Johnson,13,1,2016,No,9th Grade
D Bowman,R Rajana,13,7,2016,No,Metropolitan One Day
Clinton Reid,Tyrone Allen,13,6,2016,No,3rd Grade
B Le Cras,J Moran,13,1,2016,No,9th Grade
Phillip Ross,K Natraj,13,4,2016,No,9th Grade
Phillip Ross,Grant Carslake,13,5,2016,No,9th Grade
JD Krasenstein,Cameron Lee,13,6,2016,No,9th Grade
Cameron Lee,Grant Carslake,13,7,2016,No,9th Grade
Clinton Reid,Ryan Barndon,13,6,2016,No,3rd Grade
K Murthy Dhansing,Y Rai,13,10,2016,No,5th Grade
A Malik,Clinton Reid,13,4,2016,No,5th Grade
Karamdeep Brar,R Singhal,13,6,2017,Yes,5th Grade
R Singhal,K Murthy Dhansing,13,3,2017,No,5th Grade
Adam Lankester,Scott Barnard,13,2,2017,No,1st Grade
Ashley Edwards,Darren Stride,13,10,2017,No,3rd Grade
Phillip Ross,Chris Homer,13,6,2017,No,3rd Grade
C Vaidya,Brett Harrison,13,1,2017,No,5th Grade
Dov Morris,Adam Lankester,13,1,2017,No,1st Grade
Karamdeep Brar,Russell Normoyle,13,3,2017,No,5th Grade
Chris Homer,Bikram Singh,13,6,2017,No,5th Grade
Dennis Freind,Tom Condello,13,8,2017,No,3rd Grade
Goppi Singh,Darren Stride,13,5,2018,No,Mercantile One Day
Paul McNamara,Brett Harrison,13,3,2018,No,Mercantile One Day
Anthony Sinclair,Goppi Singh,13,10,2018,No,Mercantile One Day
Curtis Stark,Dov Morris,13,1,2018,No,2nd Grade
Curtis Stark,Ross Baker,13,5,2018,No,2nd Grade
Cameron Lee,Russell Normoyle,13,4,2018,No,4th Grade
David Van Wees,Brett Harrison,13,1,2018,No,Mercantile One Day
Raghu Sharma,Bikram Singh,13,3,2018,No,4th Grade
Paul McNamara,Goppi Singh,13,10,2018,No,Mercantile One Day
Phillip Ross,Chris Mok,13,6,2018,No,2nd Grade
David Van Wees,Clinton Reid,13,2,2018,No,Mercantile One Day
Jagdeep Brar,Mandeep Singh,13,9,2019,Yes,5th Grade
David Hallows,Robbie Edwards,13,9,2019,Yes,E Division One Day Grade
Paul Maindok,Daniel Sims,13,1,2019,No,E Division One Day Grade
R Singhal,Bruce Stark,13,2,2019,No,E Division One Day Grade
Brett Harrison,J Kendall,13,4,2019,No,E Division One Day Grade
Darren Holt,Brett Harrison,13,4,2019,No,B Division One Day Grade
Geoff Colgan,Adam Duffy,13,6,2019,No,B Division One Day Grade
Geoff Colgan,Brett Harrison,13,4,2019,No,B Division One Day Grade
Paul Maindok,Paul McNamara,13,1,2019,No,B Division One Day Grade
TW DeRozario,Ziiyad Salle,13,9,2019,No,E Division One Day Grade
Ross Baker,Ash Eyre,13,5,2019,No,B Division One Day Grade
Ash Yadav,Mandeep Singh,13,4,2019,No,5th Grade
A Aslam Jan,Paul McNamara,13,2,2019,No,B Division One Day Grade
David Hallows,Ziiyad Salle,13,8,2019,No,E Division One Day Grade
Raghu Sharma,Ash Yadav,13,1,2019,No,B Division One Day Grade
Chris Mok,Darren Stride,13,9,2020,No,E Division One Day Grade
Chris Popoff,Sajan Hanjra,13,5,2020,No,F Division One Day Grade
Chris Mok,Davis Bode,13,1,2020,No,E Division One Day Grade
C Breheny,Michael Peter,13,6,2020,No,E Division One Day Grade
J Naidoo,H Beasy,13,2,2020,No,E Division One Day Grade
Chris Popoff,David Hallows,13,9,2020,No,F Division One Day Grade
Paul Maindok,Thomas Cross,13,1,2021,No,E Division One Day Grade
Adam Wreford,Davis Bode,13,7,2021,No,A Division One Day Grade
Dov Morris,Raghu Sharma,13,1,2021,No,B Division One Day Grade
Gavin Doull,Adam Duffy,13,3,2021,No,G Division One Day Grade
Vishnu Rajendran,Robbie Edwards,13,10,2022,Yes,D Division One Day Grade
Glenn Welton,Dov Morris,13,5,2022,Yes,B Division One Day Grade
Duane Crombie,Gurpreet Brar,13,6,2022,Yes,G Division One Day Grade
Dov Morris,Ross Baker,13,5,2022,No,B Division One Day Grade
Ross Baker,Ryan Barndon,13,6,2022,No,B Division One Day Grade
Raghu Sharma,Happee Boparai,13,4,2022,No,A Division One Day Grade
Happee Boparai,Jagdeep Brar,13,5,2022,No,A Division One Day Grade
Nathan Hearnes,Ryan Barndon,13,5,2022,No,B Division One Day Grade
WI Drummond,Russell Normoyle,13,5,2022,No,B Division One Day Grade
Ross Baker,Tony Bassett,13,8,2022,No,B Division One Day Grade
Curtis Stark,Darren Johnson,13,3,2022,No,B Division One Day Grade
Curtis Stark,Dov Morris,13,1,2022,No,B Division One Day Grade
Cameron Lee,Paul Holmes,13,5,2022,No,D Division One Day Grade
Clinton Reid,Courtney Swift,13,1,2022,No,D Division One Day Grade
Hayden Candy,Duane Crombie,13,4,2022,No,G Division One Day Grade
Ryan Barndon,Curtis Stark,13,1,2022,No,B Division One Day Grade
Vishnu Rajendran,Rylan Candy,13,4,2022,No,D Division One Day Grade
Gurpreet Brar,Chris Popoff,13,3,2022,No,G Division One Day Grade
Mandeep Singh,Bikram Singh,13,7,2022,No,A Division One Day Grade
Adam Duffy,Bruce Stark,13,1,2022,No,G Division One Day Grade
Aaron Robson,Tom Condello,13,7,2022,No,G Division One Day Grade
Gurpreet Brar,Aaron Robson,13,6,2022,No,G Division One Day Grade
Samuel Freind,Navjot Toor,13,10,2022,No,A Division One Day Grade
Phillip Ross,Tony Bassett,13,9,2022,No,B Division One Day Grade
Paul Holmes,Phillip Ross,13,10,2023,No,C Division One Day Grade
Russell Normoyle,Ross Baker,13,3,2023,No,B Division One Day Grade
Kirk Howes,Pankaj Dhall,13,10,2023,No,A Division One Day Grade
Vinit Kumar,Nirbhai Sohi,13,4,2023,No,A Division One Day Grade
Glenn Welton,Russell Normoyle,13,1,2023,No,B Division One Day Grade
Glenn Welton,Russell Normoyle,13,1,2023,No,B Division One Day Grade
Hayden Candy,Daniel Lambrinidis,13,8,2023,No,C Division One Day Grade
Nilan Chandratilake,Keith Zissis,13,1,2024,No,I Division One Day Grade
Scott Bretland,Aaron Robson,13,4,2024,No,I Division One Day Grade
Dov Morris,Bailey Hampson,13,4,2024,No,H Division One Day Grade
Bruce Stark,Tom Condello,13,8,2024,No,I Division One Day Grade
Dov Morris,Trent George Kennedy,13,6,2024,No,H Division One Day Grade
Clinton Reid,Ryan Barndon,13,1,2024,No,C Division One Day Grade
Curtis Stark,Moran Robert Dedman Nielsen,13,3,2024,No,C Division One Day Grade
Glenn Welton,Russell Normoyle,13,2,2024,No,A Division One Day Grade
Manoj jayawardena,Grant Carslake,13,7,2025,No,D Division One Day Grade
Vihanga Silva,Nuwan Jayathma Liyanaarachchi Liyana Arachchige,13,8,2025,No,H Division One Day Grade
Saliya Widanagamage,Lakmal Madushanka Madawala Maddumage Don,13,4,2025,No,H Division One Day Grade
David Cameron,Kirk Howes,13,6,2025,No,A Division One Day Grade
Scott Barnard,Trent George Kennedy,13,9,2025,No,D Division One Day Grade
Adam Duffy,Shishpal Rana,13,5,2025,No,I Division One Day Grade
Chris Popoff,Nilan Chandratilake,13,2,2025,No,I Division One Day Grade
Kevin Bishop,Shishpal Rana,13,8,2025,No,I Division One Day Grade
Campbell Bishop,Grant Carslake,13,9,2025,No,D Division One Day Grade
Darren Johnson,Kirk Howes,13,7,2025,No,A Division One Day Grade
Curtis Stark,Ross Baker,13,3,2025,No,A Division One Day Grade
Clinton Reid,Alex Cox,13,1,2025,No,D Division One Day Grade
Fred Buttsworth,Ray Taylor,12,7,1963,No,1st Grade
Alby Braun,Dave Cosson,12,9,1963,No,1st Grade
F Woods,Harry Varis,12,6,1963,No,1st Grade
M Leeder,Fred Buttsworth,12,3,1963,No,1st Grade
Fred Buttsworth,Geoff Hamel,12,5,1963,No,1st Grade
Keith Randell,Brian Buttsworth,12,2,1964,No,1st Grade
Keith Randell,A Green,12,3,1965,No,1st Grade
Bert Smith,Kevin Lock,12,9,1965,No,1st Grade
Ron Gillespie,Peter McSweeney,12,7,1993,No,1st Grade
Stephen Clarke,Ian Blake,12,1,1993,No,1st Grade
Dennis Freind,Gary Chivers,12,8,1994,No,1st Grade
Ken Hart,Lance Ferguson,12,9,1994,No,1st Grade
Lance Ferguson,David Separovic,12,7,1994,No,1st Grade
Robert Bond,David Separovic,12,9,1994,No,1st Grade
Kim Anderson,Peter McSweeney,12,5,1995,Yes,1st Grade
Paul Dickson,Chris Whyte,12,1,1995,No,1st Grade
Paul Dickson,Robert Fay,12,4,1995,No,1st Grade
Paul Dickson,Robert Fay,12,4,1995,No,1st Grade
Paul Dickson,Dennis Freind,12,1,1995,No,1st Grade
David Jones,Wade Carruthers,12,8,1997,No,5th Grade
Adam Bassett,Brett Harris,12,4,1997,No,1st Grade
Charles Marlam,Christopher Jebb,12,5,1997,No,3rd Grade
David Singh,Colin Taylor,12,4,1997,No,Metropolitan One Day
Adam Bassett,Geoff Colgan,12,3,1997,No,1st Grade
Mick OReilly,Keith DeSilva,12,2,1997,No,7th Grade
Charles Marlam,David Jones,12,4,1997,No,3rd Grade
John Eyres,Alex Hall,12,1,1997,No,7th Grade
Anthony Burke,Matthew Arthurson,12,1,1997,No,1st Grade
Terry Holbrook,Anthony Sinclair,12,5,1997,No,Metropolitan One Day
Ken Hart,Mick OReilly,12,4,1997,No,7th Grade
John Lewis,Paul Richardson,12,3,1997,No,5th Grade
Gary Freind,John Lewis,12,1,1997,No,5th Grade
John Lewis,Keith DeSilva,12,3,1997,No,Metropolitan One Day
Lee Blake,Doug Osborne,12,8,1997,No,7th Grade
Bruce Stark,Christopher Jebb,12,5,1997,No,3rd Grade
Jeff West,Andrew Sorenson,12,10,1997,No,7th Grade
Evan Standley,Christopher Jebb,12,7,1998,No,3rd Grade
Darren Holt,Brett Harris,12,4,1998,No,3rd Grade
Kevin Rowland,Mark Dickson,12,4,1998,No,1st Grade
Paul Dickson,Marcus Nolan,12,7,1998,No,1st Grade
Barry Richardson,Gary Freind,12,5,1998,No,5th Grade
Paul Dickson,David Brooks,12,1,1998,No,3rd Grade
Barry Richardson,Lee Blake,12,7,1998,No,5th Grade
Evan Standley,Wade Carruthers,12,7,1998,No,1st Grade
Barry Richardson,Courtney Swift,12,7,1998,No,5th Grade
Paul Dickson,Tim Reid,12,2,1998,No,3rd Grade
Adam Bassett,John Cottier,12,6,1998,No,1st Grade
Craig Sherlock,Gary Freind,12,3,1998,No,5th Grade
Bruce Stark,Peter Bibby,12,8,1998,No,3rd Grade
John Lewis,Courtney Swift,12,9,1998,No,5th Grade
Marcus Nolan,Mark Butler,12,10,1999,Yes,1st Grade
Len Peterson,Courtney Swift,12,10,1999,Yes,5th Grade
Ryan Kershaw,Nathan Whitney,12,9,1999,No,1st Grade
Ian Blake,Graham Bowman,12,6,1999,No,5th Grade
Darren Holt,Geoff Colgan,12,3,1999,No,1st Grade
Russell Gerreyn,Gary Burton,12,1,1999,No,5th Grade
Anthony Burke,Christopher Barnes,12,9,1999,No,1st Grade
Glenn Sadler,Len Peterson,12,9,1999,No,5th Grade
Jay Holland,Darren Young,12,8,2000,No,1st Grade
Darren Young,Charles Marlam,12,3,2000,No,1st Grade
Kevin Rowland,Dennis Freind,12,1,2001,No,1st Grade
Darren Holt,Gregory Martin,12,6,2001,No,1st Grade
Kyle Adams,Bryce Alexander,12,2,2001,No,1st Grade
Kyle Adams,David Lenane,12,5,2001,No,1st Grade
Bruce Stark,Craig Phillip,12,10,2002,Yes,1st Grade
Geoff Colgan,Mark Butler,12,10,2002,No,1st Grade
Robbie Taylor,Geoff Colgan,12,5,2002,No,1st Grade
Geoff Colgan,Kyle Adams,12,2,2002,No,1st Grade
Nathan Whitney,Graeme Angwin,12,5,2002,No,1st Grade
Darren Young,Gregory Martin,12,8,2002,No,1st Grade
Anthony Burke,Glenn Andersson,12,1,2003,No,1st Grade
David Lenane,Gregory Martin,12,7,2003,No,1st Grade
David Lenane,Malcolm Williams,12,4,2004,No,1st Grade
Bryce Alexander,Glenn Andersson,12,6,2004,No,1st Grade
Bryce Alexander,David Lenane,12,5,2004,No,1st Grade
Anthony Burke,Darren Holt,12,2,2004,No,1st Grade
Robbie Edwards,Grant Cross,12,10,2005,No,1st Grade
Jeremy Davis,Robbie Edwards,12,9,2005,No,1st Grade
Lee Travis,Aaron Robson,12,7,2005,No,Metropolitan One Day
Scott Powell,Chris Robson,12,3,2005,No,Metropolitan One Day
Scott Barnard,Gino Giamboi,12,9,2005,No,4th Grade
David Van Wees,Michael Gartell,12,2,2005,No,Metropolitan One Day
Lee Travis,Mark Dennis,12,4,2005,No,Metropolitan One Day
Darren Young,Jeremy Davis,12,7,2005,No,1st Grade
Anthony Libia,Kevin Rowland,12,1,2005,No,1st Grade
Jeff West,John Lewis,12,1,2005,No,8th Grade
John Lewis,Jason Carlyon,12,2,2005,No,8th Grade
Anthony Libia,Tariq Haroon,12,3,2005,No,1st Grade
Michael Gartell,Alan McGuinness,12,2,2005,No,Metropolitan One Day
Scott Barnard,Curtis Stark,12,4,2005,No,4th Grade
Anthony Morgan,Matthew Sorensen,12,10,2005,No,Metropolitan One Day
Bryce Alexander,Kevin Rowland,12,1,2005,No,1st Grade
Jason Alexander,Jay Hindmarsh,12,6,2005,No,4th Grade
Scott Barnard,Ryan Barndon,12,6,2005,No,4th Grade
Vikram Kalaimani,Raebern DSylva,12,4,2005,No,8th Grade
Gino Giamboi,Paul Dickson,12,8,2006,Yes,2nd Grade
Kevin Rowland,Scott Powell,12,5,2006,No,2nd Grade
Ben Santoro,Cassis Van Wees,12,10,2006,No,8th Grade
Jarrod Worth,Len Peterson,12,1,2006,No,8th Grade
Simon Borrett,Peter Bibby,12,7,2006,No,5th Grade
Sam Finnigan,Damian Bourke,12,3,2006,No,8th Grade
Leon Burrows,Charles Marlam,12,1,2006,No,2nd Grade
Ryan Barndon,Bryce Alexander,12,3,2006,No,2nd Grade
Michael Gartell,Christopher Jebb,12,3,2006,No,5th Grade
David Van Wees,Craig Bennett,12,4,2006,No,5th Grade
Ajigh RajaGopal,Steve Moore,12,10,2007,Yes,6th Grade
Brett Harrison,Ben Loader,12,2,2007,No,6th Grade
Steven Freind,Ben Loader,12,1,2007,No,Metropolitan One Day
Courtney Swift,Len Peterson,12,9,2007,No,9th Grade
David Van Wees,Darren Hutchins,12,1,2007,No,6th Grade
Scott Barnard,Russell Normoyle,12,6,2007,No,6th Grade
Ryan Barndon,Curtis Stark,12,2,2007,No,3rd Grade
David Van Wees,Darren Hutchins,12,6,2007,No,6th Grade
Paul Dickson,Ben Loader,12,1,2008,No,5th Grade
Darren Hutchins,JD Paternostro,12,7,2008,No,8th Grade
Ben Loader,Charles Marlam,12,2,2008,No,5th Grade
David Van Wees,Adam Wreford,12,7,2008,No,5th Grade
Anthony Libia,Charles Marlam,12,2,2008,No,5th Grade
Russell Normoyle,John Lewis,12,7,2008,No,Metropolitan One Day
Matthew Hilleard,Courtney Swift,12,6,2008,No,8th Grade
Kim Anderson,Brett Ashby,12,4,2008,No,Metropolitan One Day
Adam Wreford,Michael Mani,12,7,2009,Yes,2nd Grade
T Dias,Ben Stephenson,12,4,2009,No,7th Grade
Ben Stephenson,Jeff Stephenson,12,5,2009,No,7th Grade
Curtis Stark,Dennis Freind,12,7,2009,No,5th Grade
Russell Normoyle,Dov Morris,12,2,2009,No,7th Grade
Dov Morris,Leon Okely,12,3,2009,No,7th Grade
Keith Zissis,Russell Normoyle,12,1,2009,No,7th Grade
Leon Okely,Paul Dickson,12,6,2009,No,7th Grade
Shane Shaw,Anthony Libia,12,4,2009,No,5th Grade
David Van Wees,Michael Peter,12,10,2009,No,5th Grade
Anthony Libia,Dennis Freind,12,7,2009,No,5th Grade
David Van Wees,Shane Shaw,12,4,2009,No,5th Grade
Curtis Stark,Gino Giamboi,12,5,2009,No,7th Grade
Leon Okely,Charles Marlam,12,2,2009,No,7th Grade
Brett Harrison,Adam Wreford,12,5,2009,No,2nd Grade
TC Williams,T Champion,12,2,2010,No,Metropolitan One Day
Scott Powell,Brett Harrison,12,5,2010,No,5th Grade
Scott Powell,Paul Massara,12,2,2010,No,5th Grade
Keith Zissis,Paul Peos,12,1,2010,No,Metropolitan One Day
Leon Okely,Aaron Robson,12,5,2011,No,4th Grade
Damien Senge,Scott Barnard,12,6,2011,No,2nd Grade
Charles Marlam,Ryan James,12,3,2011,No,6th Grade
Ben Gatter,Chris Mok,12,7,2011,No,6th Grade
Scott Barnard,Ross Baker,12,3,2011,No,2nd Grade
Ryan Barndon,Damien Senge,12,4,2011,No,2nd Grade
D Winning,Charles Marlam,12,5,2011,No,6th Grade
Russell Normoyle,Tony Bassett,12,10,2011,No,2nd Grade
Michael Mani,Ben Stephenson,12,9,2011,No,2nd Grade
Leon Burrows,Bryce Alexander,12,5,2011,No,2nd Grade
JD Krasenstein,Simon Borrett,12,8,2012,No,6th Grade
Lee Maas,Simon Borrett,12,8,2012,No,6th Grade
Charles Marlam,Chris Homer,12,2,2012,No,Metropolitan One Day
Ryan Barndon,Scott Barnard,12,4,2012,No,2nd Grade
Matt Wilson,Sam Finnigan,12,9,2012,No,2nd Grade
Dov Morris,Ryan Barndon,12,5,2012,No,2nd Grade
Ben Price,James Day,12,3,2012,No,3rd Grade
Dov Morris,Ross Baker,12,4,2012,No,2nd Grade
Dov Morris,Clinton Reid,12,1,2012,No,2nd Grade
Keith Zissis,Sam Finnigan,12,3,2012,No,Metropolitan One Day
Steven Freind,Gino Giamboi,12,8,2012,No,Metropolitan One Day
Conor Breheny,Timothy Gailbraith,12,1,2012,No,6th Grade
Michael Peter,Jeff Stephenson,12,8,2012,No,3rd Grade
Ross Baker,Russell Normoyle,12,8,2012,No,2nd Grade
Chris Mok,Conor Breheny,12,2,2013,No,5th Grade
Brett Harrison,Leon Burrows,12,3,2013,No,3rd Grade
Chris Homer,Lee Maas,12,9,2013,No,Metropolitan One Day
Paul Dickson,Chris Mok,12,1,2013,No,5th Grade
Curtis Stark,Sam Finnigan,12,1,2013,No,3rd Grade
Randeep Brar,Devender Kumar,12,7,2013,No,Mercantile One Day
Kai Homer,Colin Dickson,12,6,2013,No,5th Grade
Happee Boparai,Harbhinder Sandhu,12,2,2013,No,Mercantile One Day
Martin Burrow,Simon Borrett,12,9,2013,No,5th Grade
Timothy Gailbraith,Dennis Freind,12,10,2013,No,2nd Grade
Randeep Brar,Mandeep Singh,12,4,2013,No,Mercantile One Day
Mandeep Singh,Yaadwinder Toor,12,5,2013,No,Mercantile One Day
Scott Powell,Aaron Robson,12,6,2013,No,3rd Grade
Russell Normoyle,Adam Wreford,12,8,2013,No,2nd Grade
Dennis Freind,Scott Powell,12,6,2013,No,3rd Grade
Cory DeJager,Kirk Howes,12,1,2013,No,3rd Grade
Curtis Stark,Clinton Reid,12,1,2013,No,3rd Grade
Yaadwinder Toor,Gurpreet Sidhu,12,3,2013,No,Mercantile One Day
Jun Singh,Tom Condello,12,7,2014,No,8th Grade
Dov Morris,Damien Senge,12,4,2014,No,2nd Grade
Keith Zissis,Kai Homer,12,6,2014,No,3rd Grade
David Van Wees,K Symons,12,1,2014,No,8th Grade
Sandeep Brar,Randeep Brar,12,3,2014,No,Metropolitan One Day
Ian Wilson,Dov Morris,12,4,2014,No,2nd Grade
Ian Wilson,Brett Harrison,12,6,2014,No,3rd Grade
Chris Homer,Sam Finnigan,12,4,2014,No,5th Grade
Conor Breheny,Ben Gatter,12,9,2014,No,5th Grade
Paul Dickson,Randeep Brar,12,4,2014,No,Metropolitan One Day
S Gill,Gurpreet Sidhu,12,6,2014,No,Metropolitan One Day
Dennis Freind,Ben Stephenson,12,7,2014,No,8th Grade
Russell Normoyle,J Pember,12,6,2014,No,5th Grade
Paul Dickson,Kai Homer,12,6,2015,Yes,6th Grade
Leon Burrows,Ryan Barndon,12,5,2015,No,2nd Grade
R Amlani,Michael Peter,12,8,2015,No,6th Grade
Dennis Freind,Gurpreet Sidhu,12,3,2015,No,6th Grade
Timothy Gailbraith,B Le Cras,12,6,2015,No,9th Grade
Keith Zissis,K Symons,12,1,2015,No,7th Grade
Garath Van Der Elst,Chris Mok,12,2,2015,No,6th Grade
AB Goodchild,Gino Giamboi,12,8,2015,No,7th Grade
Jake Finney,N Singh,12,4,2015,No,2nd Grade
Curtis Stark,R Singhal,12,1,2015,No,4th Grade
Russell Normoyle,Aaron Robson,12,7,2015,No,4th Grade
Karamjeet Singh,Michael Mani,12,7,2015,No,2nd Grade
Brad Walker,Michael Peter,12,5,2015,No,6th Grade
Matt Wilson,M Owen,12,10,2015,No,6th Grade
K Bond,David Van Wees,12,4,2015,No,7th Grade
Adam Wreford,Dave Dewhurst,12,10,2015,No,2nd Grade
Dov Morris,Jake Finney,12,1,2015,No,2nd Grade
John Taylor,Michael Peter,12,5,2015,No,6th Grade
Jun Singh,Goppi Singh,12,3,2015,No,9th Grade
Scott Barnard,Chris Mok,12,9,2016,Yes,3rd Grade
Ian Wilson,Ross Baker,12,3,2016,No,1st Grade
Clinton Reid,Kai Homer,12,6,2016,No,5th Grade
Balram Chahal,David Van Wees,12,1,2016,No,6th Grade
M Munish,Kirk Howes,12,9,2016,No,1st Grade
Y Rai,Karamdeep Brar,12,8,2016,No,5th Grade
David Van Wees,Dennis Freind,12,3,2016,No,6th Grade
S Young,Y Rai,12,9,2016,No,5th Grade
AB Goodchild,Anthony Sinclair,12,7,2016,No,6th Grade
Jun Singh,David Van Wees,12,1,2016,No,6th Grade
AB Goodchild,K Natraj,12,4,2016,No,6th Grade
Dennis Freind,Cameron Lee,12,5,2016,No,6th Grade
B Le Cras,James Day,12,1,2016,No,9th Grade
Josh Demarte,M Munish,12,3,2016,No,1st Grade
Brett Harrison,C Vaidya,12,3,2016,No,5th Grade
James Ditchburn,G Fawell,12,8,2017,Yes,3rd Grade
Dov Morris,Adam Lankester,12,2,2017,Yes,1st Grade
David Van Wees,B Le Cras,12,6,2017,No,7th Grade
Curtis Stark,Scott Barnard,12,2,2017,No,1st Grade
James Day,Cameron Lee,12,2,2017,No,7th Grade
Michael Peter,Goppi Singh,12,10,2017,No,5th Grade
Tom Condello,Grant Carslake,12,7,2017,No,3rd Grade
Karamdeep Brar,Goppi Singh,12,9,2017,No,5th Grade
Cameron Lee,Chris Homer,12,4,2017,No,3rd Grade
Darren Johnson,Ryan Barndon,12,3,2017,No,1st Grade
Garath Van Der Elst,N Panjepa,12,6,2017,No,7th Grade
Mandeep Singh,Karamdeep Brar,12,8,2017,No,5th Grade
G Minhas,R Singhal,12,2,2017,No,5th Grade
Brett Harrison,Bikram Singh,12,2,2017,No,5th Grade
Mandeep Singh,R Singhal,12,7,2017,No,5th Grade
James Day,David Van Wees,12,1,2017,No,7th Grade
David Van Wees,Paul Maindok,12,1,2017,No,7th Grade
Goppi Singh,Gino Giamboi,12,6,2018,No,Mercantile One Day
Jun Singh,Goppi Singh,12,4,2018,No,Mercantile One Day
Raghu Sharma,Jun Singh,12,9,2018,No,4th Grade
Anthony Sinclair,Ziiyad Salle,12,9,2018,No,Mercantile One Day
Hayden Candy,G Fawell,12,5,2018,No,Mercantile One Day
Paul McNamara,Brett Harrison,12,4,2018,No,Mercantile One Day
Adam Wreford,Adam Borrett,12,10,2018,No,2nd Grade
Curtis Stark,Darren Johnson,12,1,2018,No,2nd Grade
Paul McNamara,Darren Stride,12,9,2018,No,Mercantile One Day
Phillip Ross,DA Allsop,12,7,2018,No,2nd Grade
David Van Wees,Jun Singh,12,9,2018,No,Mercantile One Day
Ziiyad Salle,Darren Franklin,12,9,2019,Yes,E Division One Day Grade
Curtis Stark,A Singh,12,9,2019,Yes,3rd Grade
Curtis Stark,Ross Baker,12,2,2019,No,B Division One Day Grade
Garath Van Der Elst,Ash Yadav,12,1,2019,No,B Division One Day Grade
Ash Yadav,Darren Holt,12,4,2019,No,B Division One Day Grade
J Kendall,Gurdeep Singh,12,7,2019,No,C Division One Day Grade
Daniel Sims,Dan Leatham,12,3,2019,No,C Division One Day Grade
A Aslam Jan,Darren Young,12,2,2019,No,B Division One Day Grade
Clinton Reid,Keith Zissis,12,5,2019,No,C Division One Day Grade
Daniel Sims,Hayden Candy,12,3,2019,No,C Division One Day Grade
Clinton Reid,Daniel Sims,12,1,2019,No,C Division One Day Grade
Sajan Hanjra,M Burgess,12,3,2019,No,E Division One Day Grade
W Abbas,Tony Bassett,12,10,2019,No,B Division One Day Grade
Chris Mok,J Naidoo,12,2,2020,No,E Division One Day Grade
Michael Peter,Adam Wreford,12,7,2020,No,E Division One Day Grade
David Van Wees,Justin Kickett,12,2,2020,No,F Division One Day Grade
Nilan Chandratilake,Tom Condello,12,4,2020,No,F Division One Day Grade
Happee Boparai,Nirbhai Sohi,12,7,2020,No,A Division One Day Grade
Raghu Sharma,Happee Boparai,12,6,2020,No,A Division One Day Grade
Sam Finnigan,Bikram Singh,12,9,2020,No,A Division One Day Grade
Cameron Lee,Mandeep Singh,12,5,2020,No,B Division One Day Grade
C Breheny,Tim Galbraith,12,6,2020,No,E Division One Day Grade
Adam Duffy,Darren Franklin,12,8,2020,No,F Division One Day Grade
Bruce Stark,Parminder Sandhu,12,3,2020,No,F Division One Day Grade
David Van Wees,Nilan Chandratilake,12,1,2021,No,G Division One Day Grade
Paul Holmes,Keith Zissis,12,5,2021,No,E Division One Day Grade
Dan Leatham,Hayden Candy,12,6,2021,No,E Division One Day Grade
Bikram Singh,Happee Boparai,12,5,2021,No,A Division One Day Grade
Dov Morris,Curtis Stark,12,1,2021,No,B Division One Day Grade
Davis Bode,Jagdeep Brar,12,7,2021,No,A Division One Day Grade
Ryan Barndon,Thanuja Jayakodi Arachchige,12,7,2022,Yes,B Division One Day Grade
Jagdeep Brar,Pankaj Dhall,12,8,2022,Yes,A Division One Day Grade
Adam Duffy,Duane Crombie,12,5,2022,Yes,G Division One Day Grade
Courtney Swift,Grant Carslake,12,1,2022,No,D Division One Day Grade
Bruce Stark,Gurpreet Brar,12,5,2022,No,G Division One Day Grade
Vishnu Rajendran,David Hallows,12,8,2022,No,D Division One Day Grade
Nilan Chandratilake,Adam Duffy,12,1,2022,No,G Division One Day Grade
Darren Franklin,Tom Condello,12,8,2022,No,G Division One Day Grade
Jagdeep Brar,Gurdeep Singh,12,1,2022,No,A Division One Day Grade
Gurdeep Singh,Bikram Singh,12,2,2022,No,A Division One Day Grade
Gurdeep Singh,Happee Boparai,12,3,2022,No,A Division One Day Grade
Ross Baker,Phillip Ross,12,7,2022,No,B Division One Day Grade
Ryan Barndon,Mandeep Singh,12,7,2023,Yes,A Division One Day Grade
Hayden Candy,Phillip Ross,12,7,2023,Yes,B Division One Day Grade
Sagar Lather,Ash Yadav,12,1,2023,No,A Division One Day Grade
Tom Parkinson,Oliver Diaz,12,1,2023,No,H Division One Day Grade
Gurdeep Singh,Jagdeep Brar,12,9,2023,No,A Division One Day Grade
Vishnu Rajendran,Curtis Stark,12,7,2024,No,C Division One Day Grade
Trent George Kennedy,Grant Carslake,12,8,2025,Yes,D Division One Day Grade
Kirk Howes,Thanuja Jayakodi Arachchige,12,8,2025,Yes,A Division One Day Grade
Chris Popoff,Adam Duffy,12,1,2025,No,I Division One Day Grade
Ross Baker,Jordan Egan,12,4,2025,No,A Division One Day Grade
Glenn Welton,David Cameron,12,1,2025,No,A Division One Day Grade
Saliya Widanagamage,Manoj jayawardena,12,4,2025,No,H Division One Day Grade
Nuwan Jayathma Liyanaarachchi Liyana Arachchige,Prashan Herath,12,8,2025,No,H Division One Day Grade
Prabud Peduru Hewa,Mohamed Zainudeen,12,2,2025,No,H Division One Day Grade
Bradley Younger,Ashan Udeshitha,12,4,2025,No,D Division One Day Grade
Manoj jayawardena,Lakmal Madushanka Madawala Maddumage Don,12,6,2025,No,H Division One Day Grade
M Leeder,Brian France,11,3,1963,No,1st Grade
Keith Randell,Brian France,11,1,1964,No,1st Grade
Geoff Hamel,Rob Wheeler,11,8,1964,No,1st Grade
Alan Wilkins,Kevin Lock,11,9,1965,No,1st Grade
Keith Randell,A Green,11,3,1965,No,1st Grade
Kevin Lock,N McDiarmid,11,10,1965,No,1st Grade
Rob Wheeler,Kevin Lock,11,9,1965,No,1st Grade
Brian Buttsworth,G Ashworth,11,4,1966,No,1st Grade
Ian Blake,David Separovic,11,10,1992,No,1st Grade
Dennis Freind,Ron Gillespie,11,4,1993,No,1st Grade
Damian Thompson,Ian Blake,11,5,1993,No,1st Grade
Ron Gillespie,Lance Ferguson,11,5,1994,No,1st Grade
Justin Fisher,Shane Ferdinadus,11,8,1994,No,1st Grade
Shane Ferdinadus,Gary Chivers,11,2,1994,No,1st Grade
Gary Freind,Dennis Freind,11,2,1994,No,1st Grade
Graham Butler,Mark Butler,11,1,1994,No,1st Grade
Ken Hart,David Separovic,11,8,1994,No,1st Grade
Gregory Smith,Ian Blake,11,8,1995,No,1st Grade
Gregory Smith,Stephen Clarke,11,4,1995,No,1st Grade
Paul Dickson,Gregory Smith,11,3,1995,No,1st Grade
Paul Dickson,Dennis Freind,11,5,1995,No,1st Grade
Chris Whyte,Peter Bibby,11,8,1995,No,1st Grade
Gino Giamboi,Robert McKrill,11,9,1997,Yes,5th Grade
Nathan Whitney,Peter Westgate,11,10,1997,Yes,1st Grade
Charles Marlam,Darren Holt,11,4,1997,No,3rd Grade
David Brooks,David Gulberti,11,4,1997,No,7th Grade
David Gulberti,Tim Reid,11,1,1997,No,5th Grade
Tony Carrier,Mark Pearson,11,8,1997,No,3rd Grade
Graham Bowman,Gino Giamboi,11,9,1997,No,5th Grade
Bruce Stark,Charles Marlam,11,4,1997,No,3rd Grade
David Gulberti,Craig Sherlock,11,4,1997,No,7th Grade
David Singh,Tim Reid,11,4,1997,No,Metropolitan One Day
Gino Giamboi,Courtney Swift,11,8,1997,No,5th Grade
Brett Harris,Dennis Freind,11,5,1997,No,1st Grade
Paul Richardson,Bruce West,11,5,1997,No,5th Grade
Paul Dickson,Bruce Stark,11,2,1997,No,3rd Grade
Jason Luckman,Paul Calcott,11,9,1997,No,Metropolitan One Day
Ken Hart,Courtney Swift,11,9,1997,No,7th Grade
Mark Dickson,David Jones,11,10,1997,No,3rd Grade
Tony Carrier,Robert McKrill,11,10,1997,No,5th Grade
Kevin Rowland,John Cottier,11,3,1997,No,5th Grade
Len Peterson,Jason Luckman,11,8,1997,No,Metropolitan One Day
John Eyres,David Gulberti,11,4,1997,No,7th Grade
Bruce West,John Cottier,11,4,1997,No,5th Grade
Bryce Alexander,Ron Gillespie,11,4,1998,No,1st Grade
Jeff Stephenson,Gino Giamboi,11,6,1998,No,5th Grade
John Cottier,Barry Richardson,11,1,1998,No,5th Grade
Craig Sherlock,Michael Petrie,11,2,1998,No,3rd Grade
Brett Harris,Evan Standley,11,6,1998,No,1st Grade
Evan Standley,Marcus Nolan,11,6,1998,No,1st Grade
Kevin Rowland,Kyle Adams,11,2,1998,No,1st Grade
Darren Holt,Tim Reid,11,1,1998,No,1st Grade
Keith Manea,Brett Tester,11,5,1999,No,3rd Grade
Bryce Alexander,Marcus Nolan,11,4,1999,No,1st Grade
John Lewis,Ian Blake,11,4,1999,No,5th Grade
Gary Burton,Malcolm Feasey,11,9,1999,No,5th Grade
Glenn Sadler,Anthony Libia,11,6,1999,No,5th Grade
Lee Blake,Trevor Craib,11,4,1999,No,5th Grade
Marcus Nolan,Graeme Dennis,11,9,1999,No,1st Grade
Wade Carruthers,Ward Bond,11,9,1999,No,1st Grade
Dennis Freind,Mark Butler,11,9,1999,No,1st Grade
Gary Burton,Gino Giamboi,11,8,2000,No,5th Grade
Nathan Whitney,N Samules,11,7,2000,No,1st Grade
Nathan Whitney,Anthony Burke,11,10,2001,No,1st Grade
Chris Whyte,Dennis Freind,11,10,2001,No,1st Grade
David Lenane,Darren Young,11,6,2001,No,1st Grade
Robbie Taylor,Darren Holt,11,2,2001,No,1st Grade
Darren Young,Anthony Burke,11,9,2001,No,1st Grade
Kyle Adams,Darren Holt,11,3,2001,No,1st Grade
Stephen Clarke,Kyle Adams,11,2,2002,No,1st Grade
Kyle Adams,David Lenane,11,3,2002,No,1st Grade
Anthony Burke,Darren Young,11,8,2002,No,1st Grade
Darren Holt,David Lenane,11,1,2002,No,1st Grade
David Lenane,Chris Whyte,11,9,2002,No,1st Grade
Chris Whyte,Warren Pearson,11,7,2003,No,1st Grade
Anthony Burke,Kyle Adams,11,3,2003,No,1st Grade
Darren Young,Dennis Freind,11,10,2003,No,1st Grade
David Lenane,Darren Young,11,10,2003,No,1st Grade
Anthony Burke,Bryce Alexander,11,1,2003,No,1st Grade
Bryce Alexander,Geoff Colgan,11,1,2004,No,1st Grade
Malcolm Williams,Gregory Martin,11,3,2004,No,1st Grade
Bryce Alexander,Malcolm Williams,11,4,2004,No,1st Grade
Darren Holt,Darren Young,11,3,2004,No,1st Grade
Geoff Colgan,David Lenane,11,1,2004,No,1st Grade
Courtney Swift,John Lewis,11,8,2005,No,8th Grade
Jeremy Davis,Darren Young,11,8,2005,No,1st Grade
Lee Travis,Aaron Robson,11,3,2005,No,Metropolitan One Day
Mark Dickson,Jay Hindmarsh,11,7,2005,No,4th Grade
Anthony Burke,Bruce Stark,11,4,2005,No,1st Grade
Robbie Edwards,Jay Hindmarsh,11,10,2005,No,4th Grade
Bruce West,Ward Bond,11,5,2005,No,4th Grade
Felix Machado,Courtney Swift,11,10,2005,No,8th Grade
Scott Barnard,Gino Giamboi,11,6,2005,No,4th Grade
Neil Steadman,Matthew Sorensen,11,8,2005,No,4th Grade
Robbie Edwards,Ashley Edwards,11,1,2005,No,4th Grade
Robbie Edwards,Scott Barnard,11,4,2005,No,4th Grade
Paul Dickson,Scott Powell,11,4,2006,No,2nd Grade
Paul Dickson,Scott Powell,11,4,2006,No,2nd Grade
Danny Bidgood,Michael Gartell,11,5,2006,No,8th Grade
Anthony Libia,Aaron Robson,11,8,2006,No,2nd Grade
Michael Gartell,Scott Barnard,11,2,2006,No,5th Grade
Danny Bidgood,Jarrod Worth,11,3,2006,No,8th Grade
Sam Finnigan,John Taylor,11,1,2006,No,8th Grade
Simon Wilson,Mark Stevens,11,8,2006,No,8th Grade
Simon Wilson,Neil Steadman,11,6,2006,No,8th Grade
Charles Marlam,Scott Barnard,11,1,2006,No,2nd Grade
Bryce Alexander,Anthony Libia,11,6,2006,No,2nd Grade
Simon Borrett,Ashley Edwards,11,9,2006,No,5th Grade
Ryan Barndon,Kevin Rowland,11,7,2006,No,2nd Grade
Ben Stephenson,Matthew Sorensen,11,8,2007,Yes,9th Grade
Ryan Barndon,Tony Bassett,11,6,2007,No,3rd Grade
Russell Normoyle,John Marion,11,9,2007,No,Metropolitan One Day
Darren Hutchins,Steve Moore,11,10,2007,No,6th Grade
Timothy Gailbraith,Darren Hutchins,11,8,2007,No,Metropolitan One Day
John Taylor,Timothy Gailbraith,11,7,2007,No,3rd Grade
Kenneth Kelly,Gino Giamboi,11,8,2007,No,6th Grade
Ryan Shelton,Sam Finnigan,11,3,2007,No,Metropolitan One Day
Christopher Jebb,Courtney Swift,11,6,2007,No,9th Grade
Ben Loader,Simon Wilson,11,4,2007,No,Metropolitan One Day
Ryan Shelton,Simon Wilson,11,3,2007,No,Metropolitan One Day
Steve Moore,Gino Giamboi,11,9,2007,No,6th Grade
Ben Stephenson,Steve Moore,11,10,2008,No,5th Grade
Michael Peter,John Lewis,11,5,2008,No,Metropolitan One Day
Jeff Stephenson,Darren Hutchins,11,1,2008,No,8th Grade
Jeff Stephenson,Matthew Hilleard,11,2,2008,No,8th Grade
MD Rowe,Neil Steadman,11,10,2008,No,Metropolitan One Day
Conor Breheny,Sam Finnigan,11,5,2008,No,8th Grade
Curtis Stark,Scott Powell,11,5,2008,No,2nd Grade
Adam Wreford,Timothy Gailbraith,11,8,2008,No,5th Grade
Tony Bassett,Dave Dewhurst,11,10,2008,No,2nd Grade
Paul Peos,D Geary,11,5,2008,No,Metropolitan One Day
Sam Finnigan,Nathan Freind,11,7,2008,No,8th Grade
Bruce Stark,A Spencer,11,4,2008,No,8th Grade
Sam Finnigan,Tony Bassett,11,8,2008,No,2nd Grade
Jeff Stephenson,Shane Shaw,11,2,2008,No,8th Grade
Charles Marlam,Andrew Webley,11,6,2008,No,5th Grade
David Van Wees,Timothy Gailbraith,11,9,2008,No,5th Grade
David Van Wees,Aaron Robson,11,6,2008,No,5th Grade
Leon Burrows,S Kaul,11,3,2009,No,2nd Grade
Keith Zissis,Kenneth Kelly,11,4,2009,No,Metropolitan One Day
Shane Shaw,Ryan Shelton,11,1,2009,No,2nd Grade
Charles Marlam,Russell Normoyle,11,7,2009,No,7th Grade
R Gipson,Michael Mani,11,8,2009,No,2nd Grade
Darren Hutchins,Robbie Edwards,11,10,2009,No,7th Grade
Keith Zissis,Russell Gerreyn,11,2,2009,No,Metropolitan One Day
Keith Zissis,Russell Gerreyn,11,1,2009,No,Metropolitan One Day
Paul Peos,Ash Eyre,11,2,2009,No,Metropolitan One Day
Adam Wreford,Ben Stephenson,11,6,2009,No,2nd Grade
Tony Bassett,Michael Mani,11,8,2009,No,2nd Grade
Mark Dickson,Brett Noble,11,8,2010,Yes,Metropolitan One Day
Scott Barnard,Adam Wreford,11,4,2010,No,5th Grade
T Dias,Paul Dickson,11,3,2010,No,7th Grade
Shane Shaw,Adam Wreford,11,4,2010,No,5th Grade
Charles Marlam,Bryce Alexander,11,3,2010,No,7th Grade
Adam Wreford,Paul Massara,11,4,2010,No,5th Grade
J Eyre,Paul McNamara,11,4,2010,No,Metropolitan One Day
Keith Zissis,Bryce Alexander,11,1,2011,No,4th Grade
Darren Hutchins,Mark Dickson,11,4,2011,No,Metropolitan One Day
Peter Vlahos,Gino Giamboi,11,4,2011,No,Metropolitan One Day
Charles Marlam,Chris Mok,11,4,2011,No,6th Grade
Paul Massara,Nathan Marrocco,11,5,2011,No,4th Grade
Alex Vlahos,Mark Dickson,11,4,2011,No,Metropolitan One Day
Dov Morris,Leon Burrows,11,1,2011,No,2nd Grade
Ross Baker,Bryce Alexander,11,5,2011,No,2nd Grade
David Van Wees,Sam Finnigan,11,6,2011,No,6th Grade
Ben Price,Michael Peter,11,8,2011,No,4th Grade
Leon Okely,Paul Massara,11,4,2011,No,4th Grade
Ben Price,Shane Shaw,11,3,2011,No,4th Grade
Leon Burrows,Adam Wreford,11,7,2011,No,2nd Grade
Andrew Webley,Robbie Edwards,11,8,2012,Yes,3rd Grade
Clinton Reid,Graeme Pryce,11,1,2012,No,3rd Grade
Dov Morris,James Day,11,4,2012,No,2nd Grade
Ryan Barndon,P Wright,11,5,2012,No,2nd Grade
Dennis Freind,Chris Homer,11,9,2012,No,Metropolitan One Day
Charles Marlam,Sam Finnigan,11,1,2012,No,Metropolitan One Day
Nathan Marrocco,Daniel Atkinson,11,4,2012,No,3rd Grade
Charles Marlam,Nathan Marrocco,11,2,2012,No,3rd Grade
Curtis Stark,Bruce Stark,11,5,2012,No,6th Grade
Josh Taylor,Russell Normoyle,11,8,2013,Yes,2nd Grade
David Van Wees,Gino Giamboi,11,7,2013,No,5th Grade
Adam Wreford,Dennis Freind,11,9,2013,No,2nd Grade
Dov Morris,Clinton Reid,11,1,2013,No,2nd Grade
Dov Morris,Bryce Alexander,11,1,2013,No,2nd Grade
Kai Homer,R Morgan,11,6,2013,No,5th Grade
Keith Zissis,Karamjeet Singh,11,2,2013,No,Metropolitan One Day
Russell Normoyle,Josh Taylor,11,9,2013,No,2nd Grade
Randeep Brar,Yaadwinder Toor,11,4,2013,No,Mercantile One Day
Russell Gerreyn,Ash Eyre,11,3,2013,No,Metropolitan One Day
Curtis Stark,Brett Harrison,11,2,2013,No,3rd Grade
David Van Wees,Paul Dickson,11,2,2013,No,5th Grade
Martin Burrow,Mick Andrews,11,5,2013,No,5th Grade
Jake Finney,Josh Taylor,11,3,2013,No,2nd Grade
Ross Baker,Sam Finnigan,11,6,2013,No,2nd Grade
Clinton Reid,Dennis Freind,11,1,2013,No,3rd Grade
Leon Burrows,Ryan Barndon,11,6,2013,No,2nd Grade
Scott Powell,Brett Harrison,11,5,2013,No,3rd Grade
Kirk Howes,Ben Stephenson,11,10,2014,Yes,2nd Grade
S Gill,Gurpreet Sidhu,11,8,2014,Yes,Metropolitan One Day
Sandeep Brar,V Bath,11,1,2014,No,Metropolitan One Day
Randeep Brar,Karamdeep Brar,11,10,2014,No,Metropolitan One Day
Josh Copping,Aaron Robson,11,4,2014,No,3rd Grade
Leon Burrows,Adam Wreford,11,7,2014,No,2nd Grade
Bruce Stark,Conor Breheny,11,6,2014,No,3rd Grade
Leon Burrows,Kirk Howes,11,9,2014,No,2nd Grade
Karamjeet Singh,Dave Dewhurst,11,10,2014,No,2nd Grade
K Symons,Russell Gerreyn,11,2,2014,No,8th Grade
Conor Breheny,Grant Carslake,11,8,2014,No,5th Grade
Sandeep Brar,Yaadwinder Toor,11,1,2014,No,Metropolitan One Day
Mandeep Singh,S Gill,11,6,2014,No,Metropolitan One Day
Ian Wilson,Martin Burrow,11,4,2014,No,3rd Grade
Sandeep Brar,Onka Singh,11,1,2014,No,Metropolitan One Day
Sandeep Brar,Dov Morris,11,2,2014,No,2nd Grade
Curtis Stark,JD Krasenstein,11,3,2014,No,3rd Grade
Dov Morris,Ross Baker,11,3,2014,No,2nd Grade
Ben Stephenson,Mark Sinclair,11,9,2014,No,8th Grade
Kai Homer,Michael Peter,11,4,2014,No,5th Grade
Courtney Swift,Darren Stride,11,10,2015,Yes,9th Grade
Jake Finney,Scott Barnard,11,1,2015,No,2nd Grade
Jake Finney,Dov Morris,11,2,2015,No,2nd Grade
Karamjeet Singh,Ryan Barndon,11,7,2015,No,2nd Grade
Adam Lankester,Chris Homer,11,2,2015,No,4th Grade
Jake Finney,Ian Wilson,11,3,2015,No,2nd Grade
Jake Finney,Adam Lankester,11,1,2015,No,2nd Grade
R Kempanna,Courtney Swift,11,9,2015,No,9th Grade
Ash Eyre,Craig Bennett,11,7,2015,No,7th Grade
GA Carslake,Grant Carslake,11,2,2015,No,9th Grade
Bryce Alexander,v hardingham,11,4,2015,No,7th Grade
Dennis Freind,Gino Giamboi,11,9,2015,No,7th Grade
Sandeep Brar,Sam Finnigan,11,7,2015,No,2nd Grade
Sandeep Brar,James Ditchburn,11,8,2015,No,2nd Grade
Garath Van Der Elst,Jun Singh,11,2,2015,No,9th Grade
Conor Breheny,Martin Burrow,11,6,2015,No,9th Grade
Conor Breheny,K Natraj,11,7,2015,No,9th Grade
Conor Breheny,Ranjit Singh,11,8,2015,No,9th Grade
Jun Singh,J Moran,11,3,2015,No,9th Grade
Garath Van Der Elst,R Sandhu,11,2,2015,No,9th Grade
Martin Burrow,Grant Carslake,11,6,2015,No,9th Grade
GC Siddalingappa,K Natraj,11,8,2015,No,9th Grade
K Natraj,Darren Stride,11,9,2015,No,9th Grade
Keith Zissis,Kai Homer,11,1,2015,No,7th Grade
Kai Homer,Bryce Alexander,11,2,2015,No,7th Grade
Brendan Miller,Russell Normoyle,11,7,2015,No,4th Grade
Kai Homer,AB Goodchild,11,6,2015,No,7th Grade
R Singhal,A Kovac,11,4,2016,No,9th Grade
Scott Barnard,Ashley Edwards,11,10,2016,No,3rd Grade
Scott Barnard,Brett Harrison,11,5,2016,No,3rd Grade
Robbie Edwards,R Sandhu,11,10,2016,No,6th Grade
Kirk Howes,R Edmonds,11,10,2016,No,1st Grade
Mark Sinclair,Grant Carslake,11,4,2016,No,6th Grade
Jake Finney,Dov Morris,11,1,2016,No,1st Grade
Brett Harrison,Tony Bassett,11,9,2016,No,3rd Grade
AB Goodchild,Anthony Sinclair,11,6,2016,No,6th Grade
Curtis Stark,Tyrone Allen,11,2,2016,No,3rd Grade
Leon Burrows,M Munish,11,8,2016,No,1st Grade
M Munish,Kirk Howes,11,9,2016,No,1st Grade
Phillip Ross,Grant Carslake,11,8,2016,No,9th Grade
Mark Sinclair,Dennis Freind,11,3,2016,No,6th Grade
Phillip Ross,B Le Cras,11,6,2016,No,9th Grade
James Day,Balram Chahal,11,3,2016,No,9th Grade
Courtney Swift,AB Kalimeris,11,7,2016,No,9th Grade
K Murthy Dhansing,Y Rai,11,9,2016,No,5th Grade
Cameron Lee,Chris Mok,11,10,2017,Yes,7th Grade
C Vaidya,S Young,11,6,2017,No,5th Grade
A Corrie,Bruce Stark,11,6,2017,No,3rd Grade
S Young,Michael Peter,11,5,2017,No,5th Grade
S Gill,Karamdeep Brar,11,7,2017,No,5th Grade
Brendan Millar,K Natraj,11,3,2017,No,7th Grade
Tom Condello,Grant Carslake,11,7,2017,No,3rd Grade
R Singhal,S Young,11,6,2017,No,5th Grade
Sam Finnigan,Tom Condello,11,6,2017,No,3rd Grade
Chris Homer,C Tilley,11,5,2017,No,3rd Grade
S Gill,G Minhas,11,6,2017,No,5th Grade
Conor Breheny,Tom Condello,11,6,2017,No,3rd Grade
Michael Peter,S Young,11,5,2017,No,5th Grade
Garath Van Der Elst,Darren Stride,11,8,2017,No,7th Grade
Mark Sinclair,B LeCras,11,8,2017,No,7th Grade
Cameron Lee,Chris Homer,11,2,2017,No,3rd Grade
Karamdeep Brar,Goppi Singh,11,10,2017,No,5th Grade
S Gill,Chris Homer,11,5,2017,No,5th Grade
Michael Peter,Sam Finnigan,11,6,2017,No,7th Grade
Cameron Lee,Michael Peter,11,6,2017,No,7th Grade
David Van Wees,Chris Mok,11,9,2017,No,7th Grade
Jun Singh,Dennis Freind,11,8,2018,No,2nd Grade
Paul Maindok,Paul McNamara,11,1,2018,No,Mercantile One Day
Paul McNamara,Raghu Sharma,11,5,2018,No,Mercantile One Day
A Malik,Phillip Ross,11,6,2018,No,2nd Grade
Mark Sinclair,Darren Stride,11,6,2018,No,Mercantile One Day
Paul Maindok,David Van Wees,11,1,2018,No,Mercantile One Day
Ryan Barndon,Alan Edwards,11,10,2018,No,2nd Grade
Curtis Stark,Darren Johnson,11,3,2018,No,2nd Grade
Chris Mok,Adam Borrett,11,8,2018,No,2nd Grade
Garath Van Der Elst,Raghu Sharma,11,1,2018,No,4th Grade
Daniel Atkinson,Tim Galbraith,11,9,2018,No,2nd Grade
Raghu Sharma,Bikram Singh,11,4,2018,No,4th Grade
Goppi Singh,Anthony Sinclair,11,10,2018,No,Mercantile One Day
Kai Homer,Raghu Sharma,11,2,2018,No,2nd Grade
Kai Homer,Dov Morris,11,3,2018,No,2nd Grade
Bikram Singh,K Symons,11,7,2018,No,4th Grade
Hayden Candy,Paul McNamara,11,7,2018,No,Mercantile One Day
D Bowman,Darren Stride,11,8,2019,Yes,C Division One Day Grade
Garath Van Der Elst,Jun Singh,11,10,2019,Yes,5th Grade
Nilan Chandratilake,Garath Van Der Elst,11,7,2019,No,E Division One Day Grade
I  CHAHAL,Sandeep Brar,11,1,2019,No,5th Grade
Garath Van Der Elst,Darren Holt,11,3,2019,No,B Division One Day Grade
Raghu Sharma,Curtis Stark,11,1,2019,No,3rd Grade
Jun Singh,Jagdeep Brar,11,4,2019,No,5th Grade
Randeep Brar,Jun Singh,11,4,2019,No,5th Grade
Clinton Reid,Alex Cox,11,8,2019,No,C Division One Day Grade
Bruce Stark,Nilan Chandratilake,11,5,2019,No,E Division One Day Grade
Curtis Stark,Ross Baker,11,4,2019,No,3rd Grade
Sandeep Brar,Russell Normoyle,11,7,2019,No,3rd Grade
Sandeep Brar,LH Berendsen,11,5,2019,No,3rd Grade
Curtis Stark,Russell Normoyle,11,5,2019,No,3rd Grade
J Kendall,G Fawell,11,5,2019,No,C Division One Day Grade
Ash Yadav,Gurdeep Singh,11,1,2019,No,5th Grade
Darren Young,John Taylor,11,5,2019,No,B Division One Day Grade
Dov Morris,Raghu Sharma,11,4,2019,No,3rd Grade
Jun Singh,Adam Wreford,11,8,2019,No,B Division One Day Grade
Bruce Stark,J Kendall,11,4,2019,No,E Division One Day Grade
Nilan Chandratilake,Darren Franklin,11,6,2019,No,E Division One Day Grade
Duane Crombie,Nilan Chandratilake,11,4,2019,No,E Division One Day Grade
M Burgess,Nilan Chandratilake,11,4,2019,No,E Division One Day Grade
John Taylor,Ross Baker,11,4,2019,No,B Division One Day Grade
Parminder Sandhu,David Hallows,11,9,2020,Yes,F Division One Day Grade
Chris Mok,J Naidoo,11,2,2020,No,E Division One Day Grade
Dov Morris,Daniel Sims,11,3,2020,No,B Division One Day Grade
Curtis Stark,Bikram Singh,11,7,2020,No,A Division One Day Grade
Karamdeep Brar,David Hallows,11,8,2020,No,F Division One Day Grade
Ash Yadav,Raghu Sharma,11,2,2020,No,A Division One Day Grade
Brett Harrison,Davis Bode,11,6,2020,No,E Division One Day Grade
Mandeep Singh,Gurpreet Brar,11,7,2020,No,B Division One Day Grade
J Naidoo,Brett Harrison,11,1,2020,No,E Division One Day Grade
Chris Popoff,Grant Carslake,11,7,2020,No,F Division One Day Grade
John Taylor,Jagdeep Brar,11,4,2021,Yes,A Division One Day Grade
Raghu Sharma,Grant Carslake,11,9,2021,No,B Division One Day Grade
Samuel Freind,Pankaj Dhall,11,10,2021,No,A Division One Day Grade
Nilan Chandratilake,Scott Bretland,11,3,2021,No,G Division One Day Grade
Scott Bretland,Bruce Stark,11,4,2021,No,G Division One Day Grade
Paul Holmes,Rylan Candy,11,10,2021,No,E Division One Day Grade
Daniel Sims,Cameron Lee,11,5,2021,No,E Division One Day Grade
Parminder Sandhu,Chris Popoff,11,2,2021,No,G Division One Day Grade
R Singhal,Adam Duffy,11,7,2021,No,G Division One Day Grade
Parminder Sandhu,Chris Popoff,11,2,2021,No,G Division One Day Grade
R Singhal,Adam Duffy,11,7,2021,No,G Division One Day Grade
Jagdeep Brar,Pankaj Dhall,11,9,2021,No,A Division One Day Grade
Grant Carslake,Mandeep Singh,11,10,2022,Yes,G Division One Day Grade
John Taylor,Navjot Toor,11,10,2022,Yes,A Division One Day Grade
Glenn Welton,Dov Morris,11,2,2022,No,B Division One Day Grade
Raghu Sharma,Ash Yadav,11,3,2022,No,A Division One Day Grade
Gurpreet Brar,Ross Baker,11,7,2022,No,B Division One Day Grade
Glenn Welton,Curtis Stark,11,1,2022,No,B Division One Day Grade
BE Cranny,Nilan Chandratilake,11,1,2022,No,G Division One Day Grade
BE Cranny,Chris Popoff,11,2,2022,No,G Division One Day Grade
Scott Bretland,Aaron Robson,11,6,2022,No,G Division One Day Grade
Bruce Stark,L Crombie,11,6,2022,No,G Division One Day Grade
Scott Bretland,Duane Crombie,11,4,2022,No,G Division One Day Grade
Davis Bode,Bikram Singh,11,6,2022,No,A Division One Day Grade
Clinton Reid,Cameron Lee,11,2,2022,No,D Division One Day Grade
Clinton Reid,Cameron Lee,11,1,2022,No,D Division One Day Grade
Clinton Reid,Vishnu Rajendran,11,3,2022,No,D Division One Day Grade
W Harrington,Danny Toohey,11,7,2022,No,G Division One Day Grade
Raghu Sharma,Nirbhai Sohi,11,3,2022,No,A Division One Day Grade
Duane Crombie,Aaron Robson,11,5,2022,No,G Division One Day Grade
Adam Duffy,Duane Crombie,11,3,2022,No,G Division One Day Grade
Ross Baker,Adam Wreford,11,6,2023,Yes,B Division One Day Grade
Nathan Hearnes,Ross Baker,11,5,2023,No,B Division One Day Grade
Duane Crombie,Darren Franklin,11,7,2023,No,I Division One Day Grade
Jagdeep Brar,Ash Yadav,11,3,2023,No,A Division One Day Grade
Gurdeep Singh,Happee Boparai,11,5,2023,No,A Division One Day Grade
Happee Boparai,Vinit Kumar,11,6,2023,No,A Division One Day Grade
Raghu Sharma,Vinit Kumar,11,5,2023,No,A Division One Day Grade
Sagar Lather,Nirbhai Sohi,11,3,2023,No,A Division One Day Grade
Sagar Lather,Nirbhai Sohi,11,3,2023,No,A Division One Day Grade
Nirbhai Sohi,Kirk Howes,11,4,2023,No,A Division One Day Grade
Amos Robinson,daniel spencer,11,3,2023,No,H Division One Day Grade
Mandeep Singh,Vinit Kumar,11,5,2023,No,A Division One Day Grade
Vinit Kumar,Nirbhai Sohi,11,4,2023,No,A Division One Day Grade
Leon Burrows,Phillip Ross,11,9,2023,No,B Division One Day Grade
Darren Franklin,Campbell Robson,11,10,2024,No,I Division One Day Grade
Adam Duffy,Keith Zissis,11,2,2024,No,I Division One Day Grade
daniel spencer,oscar weston,11,7,2024,No,H Division One Day Grade
Bradley Younger,Ryker Newman,11,3,2024,No,C Division One Day Grade
Kirk Howes,Ross Baker,11,7,2024,No,A Division One Day Grade
Ryker Newman,Jun Singh,11,6,2024,No,C Division One Day Grade
Scott Bretland,Alex Hall,11,5,2024,No,I Division One Day Grade
Clinton Reid,Jun Singh,11,2,2024,No,C Division One Day Grade
Dov Morris,Keith Zissis,11,2,2024,No,H Division One Day Grade
Clinton Reid,Ryker Newman,11,3,2024,No,C Division One Day Grade
Bruce Stark,Campbell Bishop,11,4,2025,No,I Division One Day Grade
Ross Baker,SUNNY PRADHAN,11,10,2025,No,A Division One Day Grade
Chamod Dilshan Happawana Vithanage,Saliya Widanagamage,11,3,2025,No,H Division One Day Grade
Tom Condello,Brett Harrison,11,3,2025,No,D Division One Day Grade
Vishnu Rajendran,Grant Carslake,11,6,2025,No,D Division One Day Grade
Vishnu Rajendran,Trent George Kennedy,11,7,2025,No,D Division One Day Grade
Bradley Younger,Brett Harrison,11,2,2025,No,D Division One Day Grade
Brett Harrison,Alex Cox,11,3,2025,No,D Division One Day Grade
Mohamed Zainudeen,Jungsher Kaler,11,2,2025,No,H Division One Day Grade
Lakmal Madushanka Madawala Maddumage Don,Prabud Peduru Hewa,11,5,2025,No,H Division One Day Grade
Campbell Bishop,Campbell Robson,11,8,2025,No,I Division One Day Grade
Manav Patel,Ryan Barndon,11,2,2025,No,D Division One Day Grade
Saliya Widanagamage,Prabud Peduru Hewa,11,1,2025,No,H Division One Day Grade
Mohamed Zainudeen,Prashan Herath,11,8,2025,No,H Division One Day Grade
Vishnu Rajendran,Clinton Reid,11,5,2025,No,D Division One Day Grade
Prabud Peduru Hewa,Vishnu Rajendran,11,5,2025,No,D Division One Day Grade
Chris Popoff,Nilan Chandratilake,11,1,2025,No,I Division One Day Grade
Raymond Scott,Dave Ralston,10,2,1963,No,1st Grade
Brian Buttsworth,Barry Armstrong,10,9,1963,No,1st Grade
Ray Taylor,Dave Cosson,10,8,1964,No,1st Grade
Keith Randell,Dave Ralston,10,3,1964,No,1st Grade
Geoff Hamel,Harry Varis,10,3,1964,No,1st Grade
Keith Randell,Barry Armstrong,10,4,1965,No,1st Grade
Geoff Hamel,Harry Varis,10,5,1965,No,1st Grade
Keith Randell,Dave Cosson,10,7,1965,No,1st Grade
Alan Wilkins,Brian Henville,10,2,1965,No,1st Grade
Harry Varis,Bert Smith,10,6,1965,No,1st Grade
Dennis Freind,Stephen DenRidder,10,4,1992,No,1st Grade
Dennis Freind,Stephen DenRidder,10,5,1992,No,1st Grade
Phil Greatrix,Graham Butler,10,2,1992,No,1st Grade
Colin Gotch,Justin Fisher,10,6,1992,No,1st Grade
Shane Lee,Graham Butler,10,3,1992,No,1st Grade
Colin Gotch,Michael Allen,10,8,1993,No,1st Grade
Ian Blake,Shane Ferdinadus,10,6,1993,No,1st Grade
Ward Bond,Len Peterson,10,7,1994,No,1st Grade
Graham Butler,Shane Ferdinadus,10,5,1994,No,1st Grade
Paul Dickson,Ron Gillespie,10,3,1994,No,1st Grade
Justin Fisher,Robert Bond,10,8,1994,No,1st Grade
Chris Whyte,Gary Freind,10,3,1995,No,1st Grade
Ron Gillespie,Chris Whyte,10,8,1995,No,1st Grade
Chris Whyte,Gary Freind,10,9,1995,No,1st Grade
Keith DeSilva,Craig Sherlock,10,9,1997,No,Metropolitan One Day
Matthew Arthurson,Gregory Martin,10,1,1997,No,1st Grade
David Brooks,John Lewis,10,2,1997,No,7th Grade
David Brooks,John Cottier,10,1,1997,No,3rd Grade
Jason Alexander,Alex Hall,10,1,1997,No,7th Grade
Trevor Craib,S Taylor,10,8,1997,No,Metropolitan One Day
Rodney Taylor,Ward Bond,10,7,1997,No,3rd Grade
Ward Bond,David Brooks,10,4,1997,No,3rd Grade
David Gulberti,Keith DeSilva,10,5,1997,No,7th Grade
Christopher Jebb,Bruce West,10,7,1997,No,3rd Grade
David Brooks,Christopher Jebb,10,4,1997,No,3rd Grade
David Gulberti,Richard Sturgess,10,6,1997,No,7th Grade
R Colley,Alex Hall,10,9,1997,No,Metropolitan One Day
David Singh,Barry Richardson,10,7,1997,No,5th Grade
Robert McKrill,Doug Osborne,10,7,1997,No,7th Grade
Keith DeSilva,John Eyres,10,3,1997,No,7th Grade
David Singh,Gino Giamboi,10,8,1997,No,5th Grade
Dennis Freind,Darren Green,10,10,1998,Yes,1st Grade
Mark Dickson,Kyle Adams,10,5,1998,No,1st Grade
Paul Butler,Len Peterson,10,9,1998,No,5th Grade
David Gulberti,John Cottier,10,4,1998,No,5th Grade
Bryce Alexander,Wade Carruthers,10,5,1998,No,1st Grade
Peter Bibby,Mark Butler,10,8,1998,No,1st Grade
Mark Delane,Ron Gillespie,10,2,1998,No,5th Grade
Tim Reid,Michael Petrie,10,2,1998,No,3rd Grade
Barry Richardson,Robert McKrill,10,5,1998,No,5th Grade
Gary Freind,Anthony Libia,10,5,1998,No,5th Grade
Christopher Jebb,David Jones,10,7,1998,No,3rd Grade
Paul Dickson,Bryce Alexander,10,3,1998,No,3rd Grade
Barry Richardson,Doug Osborne,10,6,1998,No,5th Grade
Barry Richardson,Alex Hall,10,7,1998,No,5th Grade
Adam Bassett,Evan Standley,10,4,1998,No,1st Grade
John Lewis,Lee Blake,10,3,1999,No,5th Grade
Darren Holt,Dennis Freind,10,4,1999,No,1st Grade
Christopher Barnes,Darren Young,10,10,1999,No,1st Grade
Gary Burton,Russell Gerreyn,10,2,1999,No,5th Grade
Dennis Freind,Darren Holt,10,2,1999,No,1st Grade
Anthony Burke,Jason Boekleman,10,10,1999,No,1st Grade
Gary Burton,Ian Blake,10,2,1999,No,5th Grade
Gary Burton,Kim Anderson,10,4,1999,No,5th Grade
Daryl Pegrum,Glenn Sadler,10,7,1999,No,5th Grade
Jeremy Davis,Daryl Pegrum,10,7,1999,No,5th Grade
Charles Marlam,Darren Young,10,7,2000,No,1st Grade
Christopher Barnes,Jason Boekleman,10,9,2000,No,1st Grade
Robbie Taylor,Bryce Alexander,10,3,2001,No,1st Grade
Evan Standley,David Lenane,10,5,2001,No,1st Grade
David Lenane,Chris Whyte,10,7,2001,No,1st Grade
Robbie Taylor,Darren Young,10,7,2002,Yes,1st Grade
Kevin Rowland,Anthony Burke,10,9,2002,No,1st Grade
Kevin Rowland,Mark Butler,10,10,2002,No,1st Grade
Geoff Colgan,Kevin Rowland,10,7,2002,No,1st Grade
Geoff Colgan,Nathan Whitney,10,8,2002,No,1st Grade
Darren Young,Graeme Angwin,10,9,2002,No,1st Grade
Darren Holt,Nathan Whitney,10,4,2002,No,1st Grade
Chris Whyte,Gregory Martin,10,8,2002,No,1st Grade
Anthony Burke,Kyle Adams,10,2,2002,No,1st Grade
Glenn Andersson,Gregory Martin,10,7,2003,No,1st Grade
Anthony Burke,Bryce Alexander,10,2,2003,No,1st Grade
John Cottier,Gregory Martin,10,8,2003,No,1st Grade
Darren Young,Kyle Adams,10,3,2003,No,1st Grade
Anthony Burke,Darren Holt,10,2,2003,No,1st Grade
Kyle Adams,Bruce Stark,10,4,2003,No,1st Grade
Kyle Adams,Darren Young,10,8,2003,No,1st Grade
Bruce Stark,David Lenane,10,9,2004,Yes,1st Grade
Glenn Andersson,Gregory Martin,10,7,2004,No,1st Grade
Luke Capper,Glenn Andersson,10,6,2004,No,1st Grade
Gregory Martin,Justin Davis,10,8,2004,No,1st Grade
Bryce Alexander,Geoff Colgan,10,1,2005,No,1st Grade
Vikram Kalaimani,Ajigh RajaGopal,10,9,2005,No,8th Grade
Charles Marlam,Ross Baker,10,4,2005,No,1st Grade
Michael Gartell,Scott Powell,10,4,2005,No,Metropolitan One Day
Geoff Colgan,Anthony Burke,10,3,2005,No,1st Grade
Raebern DSylva,Courtney Swift,10,5,2005,No,8th Grade
John Lewis,Ajigh RajaGopal,10,9,2005,No,8th Grade
Russell Gerreyn,Raebern DSylva,10,1,2005,No,8th Grade
Anthony Libia,Brett Harrison,10,2,2005,No,Metropolitan One Day
John Lewis,Andrew Symons,10,1,2005,No,8th Grade
Ward Bond,Scott Barnard,10,2,2005,No,4th Grade
Scott Powell,Aaron Robson,10,4,2005,No,Metropolitan One Day
Bruce Stark,Jason Alexander,10,2,2005,No,4th Grade
Gregory Martin,Darren Young,10,7,2005,No,1st Grade
Chris Robson,Tim Reid,10,1,2005,No,Metropolitan One Day
David Van Wees,Lee Travis,10,7,2005,No,Metropolitan One Day
Mark Dickson,Gregory Martin,10,6,2005,No,1st Grade
Mark Dickson,Darren Young,10,7,2005,No,1st Grade
Jason Carlyon,Russell Gerreyn,10,4,2005,No,8th Grade
John Lewis,Jeff West,10,1,2005,No,8th Grade
Paul Phillips,Dave Dewhurst,10,9,2005,No,Metropolitan One Day
Scott Barnard,Curtis Stark,10,2,2006,No,5th Grade
Daryl Pegrum,Ajigh RajaGopal,10,8,2006,No,5th Grade
Scott Barnard,Christopher Jebb,10,4,2006,No,5th Grade
Robbie Edwards,Ashley Edwards,10,10,2006,No,5th Grade
Scott Powell,Brett Harrison,10,5,2006,No,2nd Grade
Brett Harrison,Gino Giamboi,10,10,2006,No,2nd Grade
Russell Gerreyn,David Van Wees,10,2,2006,No,5th Grade
Ajigh RajaGopal,Ashley Edwards,10,9,2006,No,5th Grade
Ajigh RajaGopal,Cassis Van Wees,10,10,2006,No,5th Grade
Paul Dickson,Kevin Rowland,10,4,2006,No,2nd Grade
Charles Marlam,Leon Burrows,10,1,2006,No,2nd Grade
Simon Borrett,Cassis Van Wees,10,8,2006,No,5th Grade
Dave Dewhurst,Scott Powell,10,10,2006,No,2nd Grade
Gino Giamboi,Christopher Jebb,10,3,2006,No,5th Grade
Christopher Jebb,Adam Spencer,10,5,2006,No,5th Grade
Gino Giamboi,Christopher Jebb,10,5,2006,No,5th Grade
Christopher Jebb,John Lewis,10,6,2006,No,5th Grade
Russell Gerreyn,Cameron Gerreyn,10,1,2006,No,5th Grade
Jeremy Davis,Dave Dewhurst,10,10,2006,No,2nd Grade
Aaron Robson,Scott Powell,10,8,2006,No,2nd Grade
Ben Loader,Cassis Van Wees,10,1,2007,No,Metropolitan One Day
Dave Dewhurst,Dennis Freind,10,10,2007,No,3rd Grade
Chris Mok,Courtney Swift,10,6,2007,No,Metropolitan One Day
John Taylor,Scott Powell,10,4,2007,No,3rd Grade
Charles Marlam,Gino Giamboi,10,7,2007,No,6th Grade
Dave Dewhurst,Dennis Freind,10,9,2007,No,3rd Grade
Bryce Alexander,John Taylor,10,3,2007,No,3rd Grade
Curtis Stark,John Taylor,10,3,2007,No,3rd Grade
John Taylor,Ryan Barndon,10,4,2007,No,3rd Grade
Ben Loader,Chris Mok,10,8,2007,No,Metropolitan One Day
Ben Loader,Darrell Wilson,10,1,2007,No,Metropolitan One Day
Scott Barnard,David Van Wees,10,4,2007,No,6th Grade
John Lewis,Courtney Swift,10,8,2008,Yes,Metropolitan One Day
Leon Burrows,Scott Powell,10,2,2008,No,2nd Grade
Bryce Alexander,Russell Normoyle,10,2,2008,No,2nd Grade
Jeff Stephenson,Nick Gileno,10,3,2008,No,8th Grade
MD Rowe,B White,10,9,2008,No,Metropolitan One Day
Steven Freind,MD Rowe,10,8,2008,No,Metropolitan One Day
Paul Peos,Nicko Zissis,10,4,2008,No,Metropolitan One Day
Keith Zissis,Paul Peos,10,1,2008,No,Metropolitan One Day
Scott Barnard,Ryan Barndon,10,3,2008,No,2nd Grade
Russell Gerreyn,B White,10,1,2008,No,Metropolitan One Day
Brett Ashby,Neil Steadman,10,5,2008,No,Metropolitan One Day
David Van Wees,Russell Normoyle,10,7,2008,No,5th Grade
Curtis Stark,BJ Loader,10,1,2009,No,5th Grade
Keith Zissis,Peter Vlahos,10,2,2009,No,Metropolitan One Day
JA Skowron,Robbie Edwards,10,10,2009,No,7th Grade
Ryan Barndon,Tony Bassett,10,8,2009,No,2nd Grade
Ryan Shelton,R Gipson,10,4,2009,No,2nd Grade
Shane Shaw,Dennis Freind,10,7,2009,No,5th Grade
Curtis Stark,A Spencer,10,4,2009,No,7th Grade
David Van Wees,Dennis Freind,10,7,2009,No,5th Grade
Adam Wreford,Tony Bassett,10,9,2009,No,2nd Grade
Ryan Shelton,Leon Burrows,10,1,2009,No,2nd Grade
John Taylor,Brett Harrison,10,4,2009,No,2nd Grade
Keith Zissis,Paul Peos,10,1,2009,No,Metropolitan One Day
Shane Shaw,Darren Hutchins,10,2,2009,No,7th Grade
David Van Wees,Ross Baker,10,2,2009,No,5th Grade
Brett Harrison,Tony Bassett,10,7,2009,No,2nd Grade
John Taylor,Brett Harrison,10,4,2009,No,2nd Grade
Damien Senge,Bryce Alexander,10,2,2009,No,5th Grade
Damien Senge,Aaron Robson,10,4,2009,No,5th Grade
Ryan Barndon,Sam Finnigan,10,4,2009,No,2nd Grade
Kenneth Kelly,Gino Giamboi,10,7,2010,No,7th Grade
Shane Shaw,Adam Wreford,10,5,2010,No,5th Grade
Keith Zissis,TC Williams,10,1,2010,No,Metropolitan One Day
David Van Wees,Gino Giamboi,10,7,2010,No,7th Grade
Dennis Freind,Andrew Webley,10,4,2010,No,7th Grade
Damien Senge,Ryan Barndon,10,4,2010,No,2nd Grade
J MacRae,Jeff Stephenson,10,7,2010,No,7th Grade
J MacRae,Daniel Allsop,10,3,2010,No,7th Grade
JL Dimond,Andrew Webley,10,10,2010,No,7th Grade
Ross Baker,Matt Behn,10,5,2010,No,2nd Grade
Dov Morris,Ross Baker,10,3,2010,No,2nd Grade
Charles Marlam,Bryce Alexander,10,4,2010,No,7th Grade
Timothy Gailbraith,Ben Gatter,10,9,2011,No,6th Grade
Peter Vlahos,Mark Dickson,10,3,2011,No,Metropolitan One Day
Brett Harrison,Dave Dewhurst,10,9,2011,No,4th Grade
Ryan Barndon,Ben Price,10,5,2011,No,2nd Grade
Brett Harrison,Andrew Webley,10,8,2011,No,4th Grade
Michael Mani,Tony Bassett,10,10,2011,No,2nd Grade
R Morgan,Jack Vlahos,10,8,2011,No,Metropolitan One Day
Chris Mok,Curtis Stark,10,2,2012,No,6th Grade
Damien Senge,Ryan Barndon,10,3,2012,No,2nd Grade
Curtis Stark,Chris Mok,10,1,2012,No,6th Grade
A Coleman,Gino Giamboi,10,7,2012,No,Metropolitan One Day
Paul Dickson,G Breslin,10,2,2012,No,Metropolitan One Day
Dov Morris,Clinton Reid,10,1,2012,No,2nd Grade
Brett Harrison,David Van Wees,10,5,2012,No,3rd Grade
Ash Eyre,Lee Maas,10,8,2012,No,Metropolitan One Day
Lee Maas,Gino Giamboi,10,9,2012,No,Metropolitan One Day
James Day,Paul Dickson,10,3,2012,No,6th Grade
Dennis Freind,Ben Price,10,2,2012,No,3rd Grade
Jake Finney,Conor Breheny,10,7,2012,No,6th Grade
Jeff Stephenson,Robbie Edwards,10,9,2012,No,3rd Grade
Dov Morris,Clinton Reid,10,1,2012,No,2nd Grade
G Vasanth,Mandeep Sidhu,10,10,2013,No,Metropolitan One Day
Karamjeet Singh,Gurpreet Sidhu,10,4,2013,No,Metropolitan One Day
Michael Peter,Alex Roberts,10,10,2013,No,3rd Grade
Michael Mani,Damien Senge,10,5,2013,No,3rd Grade
Brett Harrison,Josh Copping,10,3,2013,No,3rd Grade
G McMillan,Gino Giamboi,10,9,2013,No,Metropolitan One Day
Alex Vlahos,Cory DeJager,10,5,2013,No,Metropolitan One Day
Cory DeJager,Chris Homer,10,6,2013,No,Metropolitan One Day
Chris Homer,Kim Anderson,10,6,2013,No,Metropolitan One Day
Dov Morris,Scott Barnard,10,2,2013,No,2nd Grade
G McMillan,Brett Noble,10,6,2013,No,Metropolitan One Day
Dov Morris,Clinton Reid,10,1,2013,No,2nd Grade
Karamjeet Singh,Mark Sinclair,10,5,2013,No,Metropolitan One Day
Jun Singh,Jack Vlahos,10,9,2013,No,Metropolitan One Day
Mandeep Singh,Devender Kumar,10,6,2013,No,Mercantile One Day
Russell Gerreyn,Paul Dickson,10,1,2013,No,Metropolitan One Day
Andrew Webley,Michael Peter,10,10,2013,No,3rd Grade
Tony Bassett,Ryan Barndon,10,7,2013,No,2nd Grade
Scott Barnard,Jake Finney,10,3,2013,No,2nd Grade
Andrew Webley,Chris Mok,10,7,2013,No,5th Grade
Scott Powell,Michael Peter,10,10,2013,No,3rd Grade
Aaron Robson,JD Krasenstein,10,7,2013,No,3rd Grade
Russell Normoyle,Ryan Barndon,10,6,2013,No,2nd Grade
Mandeep Singh,Gurpreet Sidhu,10,8,2013,No,Mercantile One Day
Scott Barnard,Ross Baker,10,4,2013,No,2nd Grade
Alex Vlahos,Chris Homer,10,2,2013,No,Metropolitan One Day
Onka Singh,Devender Kumar,10,6,2013,No,Mercantile One Day
Kenneth Kelly,Grant Carslake,10,8,2014,No,5th Grade
R Amlani,I Morawiec,10,7,2014,No,8th Grade
Chris Homer,Robbie Edwards,10,9,2014,No,5th Grade
Mandeep Singh,Onka Singh,10,6,2014,No,Metropolitan One Day
Happee Boparai,Randeep Brar,10,3,2014,No,Metropolitan One Day
Scott Barnard,Ross Baker,10,3,2014,No,2nd Grade
Onka Singh,Mandeep Singh,10,3,2014,No,Metropolitan One Day
Onka Singh,S Gill,10,4,2014,No,Metropolitan One Day
Ash Eyre,Michael Peter,10,7,2014,No,5th Grade
Ian Wilson,Ryan Barndon,10,6,2014,No,2nd Grade
Gary Freind,Ben Stephenson,10,6,2014,No,8th Grade
Brett Harrison,Curtis Stark,10,8,2014,No,3rd Grade
David Van Wees,Paul Dickson,10,1,2014,No,8th Grade
Matt Wilson,Tony Bassett,10,9,2014,No,2nd Grade
Bryce Alexander,Dennis Freind,10,6,2014,No,8th Grade
AB Goodchild,Dennis Freind,10,8,2014,No,8th Grade
C Puff,Scott Barnard,10,9,2015,Yes,4th Grade
P Rados,B Le Cras,10,6,2015,No,9th Grade
Gino Giamboi,Tom Condello,10,9,2015,No,7th Grade
Dennis Freind,Mark Sinclair,10,4,2015,No,7th Grade
Leon Burrows,Adam Wreford,10,7,2015,No,2nd Grade
Scott Barnard,Jake Finney,10,1,2015,No,2nd Grade
Ranjit Singh,Grant Carslake,10,3,2015,No,9th Grade
Dov Morris,Damien Senge,10,4,2015,No,2nd Grade
R Singhal,Devender Kumar,10,7,2015,No,4th Grade
R Singhal,MG Armstrong,10,1,2015,No,6th Grade
Robbie Edwards,Ben Gatter,10,10,2015,No,6th Grade
Sam Finnigan,Michael Peter,10,4,2015,No,6th Grade
Grant Carslake,B Le Cras,10,8,2015,No,9th Grade
Clinton Reid,Mandeep Sidhu,10,9,2015,No,4th Grade
Kai Homer,C Puff,10,8,2015,No,4th Grade
Conor Breheny,R Sandhu,10,8,2015,No,9th Grade
Sandeep Brar,Dov Morris,10,5,2015,No,2nd Grade
Jake Finney,Dov Morris,10,3,2015,No,2nd Grade
Adam Lankester,Chris Homer,10,2,2015,No,4th Grade
Ross Baker,Ryan Barndon,10,6,2015,No,2nd Grade
K Bond,Aaron Robson,10,5,2015,No,7th Grade
Keith Zissis,Kai Homer,10,4,2015,No,7th Grade
Cameron Lee,D Truslove,10,9,2016,Yes,9th Grade
Curtis Stark,Scott Barnard,10,2,2016,No,3rd Grade
Tyrone Allen,Ashley Edwards,10,10,2016,No,3rd Grade
Keith Zissis,AB Goodchild,10,6,2016,No,6th Grade
C Vaidya,J Rudrapuriaa,10,3,2016,No,Metropolitan One Day
I Morawiec,R Singhal,10,8,2016,No,Metropolitan One Day
Brad Walker,Sam Finnigan,10,7,2016,No,5th Grade
Ryan Barndon,Jake Finney,10,1,2016,No,1st Grade
Ian Wilson,Paul Ridley,10,3,2016,No,1st Grade
Curtis Stark,Brendan Millar,10,3,2016,No,3rd Grade
David Van Wees,Jun Singh,10,2,2016,No,6th Grade
Jake Finney,Scott Barnard,10,2,2016,No,1st Grade
M Munish,Kirk Howes,10,9,2016,No,1st Grade
Darren Johnson,Karamjeet Singh,10,5,2016,No,1st Grade
Karamjeet Singh,Ryan Barndon,10,6,2016,No,1st Grade
Jake Finney,Dov Morris,10,1,2016,No,1st Grade
David Van Wees,AB Goodchild,10,5,2016,No,6th Grade
Scott Barnard,Brett Harrison,10,3,2016,No,3rd Grade
Scott Barnard,Clinton Reid,10,4,2016,No,3rd Grade
JD Krasenstein,Balram Chahal,10,6,2016,No,9th Grade
Curtis Stark,Scott Barnard,10,2,2016,No,3rd Grade
Garath Van Der Elst,Brad Walker,10,2,2016,No,5th Grade
R Edmonds,Ashley Edwards,10,8,2016,No,3rd Grade
A Malik,Clinton Reid,10,4,2016,No,5th Grade
Mark Sinclair,Keith Zissis,10,5,2017,Yes,7th Grade
Matt Wilson,Ashley Edwards,10,10,2017,Yes,3rd Grade
Garath Van Der Elst,Chris Mok,10,7,2017,Yes,7th Grade
James Ditchburn,Adam Borrett,10,10,2017,No,3rd Grade
Chris Homer,C Vaidya,10,1,2017,No,5th Grade
Scott Barnard,Phillip Ross,10,4,2017,No,1st Grade
Clinton Reid,Scott Barnard,10,3,2017,No,1st Grade
Ross Baker,S Young,10,5,2017,No,3rd Grade
Chris Mok,AB Kalimeris,10,10,2017,No,7th Grade
Michael Peter,C Singh,10,9,2017,No,5th Grade
M Power,D Bowman,10,6,2017,No,7th Grade
Garath Van Der Elst,G Fawell,10,9,2017,No,7th Grade
Ryan Barndon,Y Rai,10,9,2017,No,1st Grade
Curtis Stark,Cameron Lee,10,1,2017,No,3rd Grade
Michael Peter,Mark Sinclair,10,6,2017,No,7th Grade
Garath Van Der Elst,Daniel Atkinson,10,2,2018,No,4th Grade
Raghu Sharma,Chris Mok,10,4,2018,No,4th Grade
Mark Sinclair,Goppi Singh,10,6,2018,No,Mercantile One Day
Dennis Freind,Jun Singh,10,8,2018,No,Mercantile One Day
C Vaidya,Mandeep Singh,10,5,2018,No,4th Grade
Daniel Atkinson,C Tilley,10,8,2018,No,2nd Grade
Paul McNamara,G Fawell,10,4,2018,No,Mercantile One Day
Garath Van Der Elst,Dennis Freind,10,2,2018,No,4th Grade
David Van Wees,Mark Sinclair,10,5,2018,No,Mercantile One Day
Dov Morris,Raghu Sharma,10,1,2019,No,3rd Grade
Hayden Candy,Clinton Reid,10,5,2019,No,C Division One Day Grade
Dan Leatham,Cameron Lee,10,4,2019,No,C Division One Day Grade
Dennis Freind,Robbie Edwards,10,8,2019,No,E Division One Day Grade
Garath Van Der Elst,Darren Young,10,1,2019,No,B Division One Day Grade
Darren Holt,W Abbas,10,6,2019,No,B Division One Day Grade
Clinton Reid,B Jolley,10,7,2019,No,C Division One Day Grade
Gurdeep Singh,Grant Carslake,10,10,2019,No,5th Grade
Brett Harrison,Jagdeep Brar,10,8,2019,No,5th Grade
Dov Morris,Ash Yadav,10,1,2019,No,5th Grade
Curtis Stark,Raghu Sharma,10,1,2019,No,3rd Grade
LH Berendsen,Russell Normoyle,10,7,2019,No,3rd Grade
A Corrie,A Singh,10,8,2019,No,3rd Grade
A Corrie,Phillip Ross,10,8,2019,No,3rd Grade
Curtis Stark,Dov Morris,10,1,2019,No,3rd Grade
Keith Zissis,D Bowman,10,7,2019,No,C Division One Day Grade
David Van Wees,D Bowman,10,7,2019,No,E Division One Day Grade
Duane Crombie,Nilan Chandratilake,10,1,2019,No,E Division One Day Grade
Bruce Stark,Darren Franklin,10,8,2019,No,E Division One Day Grade
Tom Condello,Dan Leatham,10,7,2019,No,C Division One Day Grade
Raghu Sharma,Brendan Millar,10,4,2019,No,3rd Grade
Geoff Colgan,Dennis Freind,10,2,2019,No,B Division One Day Grade
Bruce Stark,J Trichilo,10,3,2019,No,E Division One Day Grade
Bruce Stark,Duane Crombie,10,4,2019,No,E Division One Day Grade
Daniel Sims,Gurdeep Singh,10,7,2020,No,B Division One Day Grade
Daniel Sims,Jun Singh,10,4,2020,No,B Division One Day Grade
Curtis Stark,Jagdeep Brar,10,4,2020,No,A Division One Day Grade
Mandeep Singh,Jagdeep Brar,10,8,2020,No,A Division One Day Grade
Dov Morris,Mandeep Singh,10,4,2020,No,B Division One Day Grade
Davis Bode,John Taylor,10,2,2020,No,E Division One Day Grade
Cameron Lee,J Galhena,10,6,2020,No,B Division One Day Grade
Dov Morris,Clinton Reid,10,1,2020,No,B Division One Day Grade
Dov Morris,Cameron Lee,10,2,2020,No,B Division One Day Grade
Brett Harrison,Darren Stride,10,2,2020,No,E Division One Day Grade
Chris Popoff,Bruce Stark,10,4,2020,No,F Division One Day Grade
Bruce Stark,Chris Popoff,10,2,2020,No,F Division One Day Grade
David Van Wees,David Hallows,10,8,2020,No,F Division One Day Grade
Paul Holmes,Hayden Candy,10,6,2021,Yes,E Division One Day Grade
Raghu Sharma,Trent George Kennedy,10,7,2021,No,B Division One Day Grade
Mandeep Singh,Phillip Ross,10,8,2021,No,B Division One Day Grade
Scott Bretland,Darren Franklin,10,8,2021,No,G Division One Day Grade
Nathan Hearnes,Paul Holmes,10,4,2021,No,E Division One Day Grade
Nathan Hearnes,Paul Holmes,10,4,2021,No,E Division One Day Grade
Dov Morris,Jun Singh,10,1,2021,No,B Division One Day Grade
Paul Holmes,Trent George Kennedy,10,6,2021,No,E Division One Day Grade
Nirbhai Sohi,Happee Boparai,10,3,2021,No,A Division One Day Grade
Gavin Doull,Nilan Chandratilake,10,2,2021,No,G Division One Day Grade
Ash Yadav,Nirbhai Sohi,10,1,2021,No,A Division One Day Grade
Gavin Doull,Parminder Sandhu,10,1,2021,No,G Division One Day Grade
Gavin Doull,Danny Toohey,10,10,2021,No,G Division One Day Grade
Adam Duffy,Darren Franklin,10,8,2021,No,G Division One Day Grade
Adam Duffy,Darren Franklin,10,8,2021,No,G Division One Day Grade
Nilan Chandratilake,Chris Popoff,10,2,2021,No,G Division One Day Grade
Darren Johnson,Thanuja Jayakodi Arachchige,10,6,2021,No,B Division One Day Grade
Vishnu Rajendran,Daniel Lambrinidis,10,6,2022,Yes,D Division One Day Grade
Nirbhai Sohi,Gurdeep Singh,10,1,2022,No,A Division One Day Grade
Glenn Welton,Curtis Stark,10,1,2022,No,B Division One Day Grade
Nirbhai Sohi,Gurdeep Singh,10,1,2022,No,A Division One Day Grade
Nirbhai Sohi,Davis Bode,10,5,2022,No,A Division One Day Grade
Gurpreet Brar,Scott Bretland,10,4,2022,No,G Division One Day Grade
Vishnu Rajendran,David Van Wees,10,7,2022,No,D Division One Day Grade
Ben McInnes,CJ Liyanage,10,9,2022,No,B Division One Day Grade
Tony Bassett,Ben McInnes,10,10,2022,No,B Division One Day Grade
Clinton Reid,Cameron Lee,10,1,2022,No,D Division One Day Grade
Jagdeep Brar,Navjot Toor,10,9,2022,No,A Division One Day Grade
Happee Boparai,Samuel Freind,10,10,2022,No,A Division One Day Grade
Nirbhai Sohi,Ash Yadav,10,4,2022,No,A Division One Day Grade
Samuel Freind,Navjot Toor,10,10,2022,No,A Division One Day Grade
Ben McInnes,David Hallows,10,10,2022,No,B Division One Day Grade
Cameron Lee,Clinton Reid,10,1,2022,No,D Division One Day Grade
Dov Morris,Raghu Sharma,10,2,2022,No,A Division One Day Grade
Mandeep Singh,Jagdeep Brar,10,6,2022,No,A Division One Day Grade
Cameron Lee,Vishnu Rajendran,10,2,2022,No,D Division One Day Grade
Curtis Stark,Dov Morris,10,1,2022,No,B Division One Day Grade
Happee Boparai,Pankaj Dhall,10,5,2022,No,A Division One Day Grade
Gurdeep Singh,Ash Yadav,10,2,2022,No,A Division One Day Grade
Hayden Candy,Vishnu Rajendran,10,5,2022,No,D Division One Day Grade
Darren Johnson,Ross Baker,10,4,2022,No,B Division One Day Grade
Leon Burrows,Daniel Sims,10,6,2023,No,B Division One Day Grade
Cameron Lee,Kai Homer,10,3,2023,No,C Division One Day Grade
Sagar Lather,Nirbhai Sohi,10,4,2023,No,A Division One Day Grade
Daniel Sims,Vishnu Rajendran,10,3,2023,No,C Division One Day Grade
Hayden Candy,David Hallows,10,8,2023,No,C Division One Day Grade
Will Hudson,Bailey Hampson,10,4,2023,No,H Division One Day Grade
Daniel Sims,Vishnu Rajendran,10,3,2023,No,C Division One Day Grade
Jun Singh,Vishnu Rajendran,10,4,2023,No,C Division One Day Grade
Chris Popoff,Nilan Chandratilake,10,2,2023,No,I Division One Day Grade
Kirk Howes,Sagar Lather,10,2,2023,No,A Division One Day Grade
Kirk Howes,Bikram Singh,10,3,2023,No,A Division One Day Grade
Happee Boparai,Sagar Lather,10,2,2023,No,A Division One Day Grade
Sagar Lather,Vinit Kumar,10,3,2023,No,A Division One Day Grade
Ross Baker,Leon Burrows,10,8,2023,No,B Division One Day Grade
Ross Baker,Nathan Hearnes,10,3,2023,No,B Division One Day Grade
Moran Robert Dedman Nielsen,Ben McInnes,10,9,2024,Yes,A Division One Day Grade
Brett Harrison,Trent George Kennedy,10,8,2024,No,C Division One Day Grade
Dov Morris,Kael Wallace,10,8,2024,No,H Division One Day Grade
Dov Morris,daniel spencer,10,10,2024,No,H Division One Day Grade
Scott Bretland,Alex Hall,10,5,2024,No,I Division One Day Grade
Clinton Reid,Brett Harrison,10,2,2024,No,C Division One Day Grade
Darren Johnson,R Howell,10,7,2024,No,A Division One Day Grade
Curtis Stark,Moran Robert Dedman Nielsen,10,7,2024,No,C Division One Day Grade
Grant Carslake,Kevin Bishop,10,10,2025,Yes,D Division One Day Grade
Vihanga Silva,Buddika Buthpitilekamalage,10,7,2025,No,H Division One Day Grade
Dov Morris,Ross Baker,10,3,2025,No,A Division One Day Grade
Glenn Welton,Ross Baker,10,4,2025,No,A Division One Day Grade
Darren Franklin,Danny Toohey,10,10,2025,No,I Division One Day Grade
Vishnu Rajendran,Keith Zissis,10,8,2025,No,D Division One Day Grade
Missaka Wickramasinghe,Mohamed Zainudeen,10,1,2025,No,H Division One Day Grade
Vihanga Silva,Prashan Herath,10,9,2025,No,H Division One Day Grade
Fred Buttsworth,Harry Varis,9,8,1963,No,1st Grade
M Leeder,Fred Buttsworth,9,3,1963,No,1st Grade
Brian Buttsworth,Geoff Hamel,9,3,1964,No,1st Grade
Brian Henville,Rob Wheeler,9,3,1965,No,1st Grade
Keith Randell,Kevin Lock,9,10,1966,No,1st Grade
Justin Fisher,Gary Chivers,9,1,1992,No,1st Grade
Ian Blake,Ron Gillespie,9,3,1993,No,1st Grade
Dennis Freind,Ward Bond,9,7,1993,No,1st Grade
Gino Giamboi,Charles Marlam,9,7,1994,No,1st Grade
Ken Hart,Murray Quarrell,9,9,1994,No,1st Grade
Paul McNamara,Shane Ferdinadus,9,6,1994,No,1st Grade
Ken Hart,Dennis Freind,9,2,1994,No,1st Grade
Ian Blake,Jamie Chircop,9,5,1994,No,1st Grade
Ron Gillespie,Bruce Stark,9,4,1995,No,1st Grade
Darren Young,Nathan Whitney,9,8,1997,Yes,1st Grade
Ward Bond,David Jones,9,6,1997,No,3rd Grade
Mark ONeill,Chris Henderson,9,6,1997,No,Metropolitan One Day
Anthony Sinclair,A Needle,9,10,1997,No,Metropolitan One Day
Chris Henderson,Len Peterson,9,5,1997,No,7th Grade
Mark ONeill,Paul McNamara,9,3,1997,No,Metropolitan One Day
Paul Richardson,Craig Sherlock,9,6,1997,No,7th Grade
Christopher Gerreyn,Rick McKenna,9,8,1997,No,1st Grade
Gary Freind,Mick OReilly,9,2,1997,No,5th Grade
Charles Marlam,Robert McKrill,9,3,1997,No,3rd Grade
Jason Alexander,Lee Blake,9,2,1997,No,Metropolitan One Day
Shane Innes,Bruce West,9,6,1997,No,5th Grade
Mick OReilly,Gino Giamboi,9,8,1997,No,5th Grade
Craig Sherlock,John Eyres,9,3,1997,No,7th Grade
Graham Bowman,Gino Giamboi,9,9,1997,No,5th Grade
N Culbert,R McLean,9,10,1997,No,4th Grade
John Lewis,Keith DeSilva,9,1,1997,No,7th Grade
John Cottier,Evan Standley,9,5,1998,No,3rd Grade
Evan Standley,Kyle Adams,9,7,1998,No,1st Grade
Warren Pearson,Wade Carruthers,9,8,1998,No,3rd Grade
Bryce Alexander,Brett Harris,9,2,1998,No,1st Grade
Rodney Taylor,Sean McKenner,9,7,1998,No,3rd Grade
Kevin Rowland,Paul Dickson,9,5,1998,No,1st Grade
Keith DeSilva,Gino Giamboi,9,7,1998,No,5th Grade
Evan Standley,Marcus Nolan,9,7,1998,No,1st Grade
David Brooks,Bryce Alexander,9,2,1998,No,3rd Grade
Alex Hall,Anthony Sinclair,9,7,1998,No,5th Grade
John Cottier,Chris Whyte,9,4,1998,No,5th Grade
Glenn Sadler,Len Peterson,9,8,1999,Yes,5th Grade
Gary Burton,Ian Blake,9,1,1999,No,5th Grade
Marcus Nolan,Chris Whyte,9,8,1999,No,1st Grade
John Lewis,Lee Blake,9,3,1999,No,5th Grade
Geoff Colgan,Phil Brewer,9,5,1999,No,1st Grade
Darren Young,Keith Manea,9,7,1999,No,1st Grade
Ross Baker,Evan Standley,9,6,1999,No,1st Grade
Kyle Adams,Phil Brewer,9,1,1999,No,1st Grade
Jeremy Davis,Daryl Pegrum,9,6,1999,No,5th Grade
Gary Burton,Anthony Libia,9,1,1999,No,5th Grade
Gary Burton,Gary Freind,9,1,2000,No,5th Grade
Gary Burton,Peter Bibby,9,3,2000,No,5th Grade
Keith Manea,Darren Young,9,8,2000,No,1st Grade
Stephen Clarke,Christopher Barnes,9,1,2000,No,1st Grade
Gregory Martin,Nathan Whitney,9,5,2000,No,1st Grade
Nathan Whitney,Ryan Kershaw,9,6,2000,No,1st Grade
Ben OMera,Ross Baker,9,5,2001,No,1st Grade
Geoff Colgan,Kevin Rowland,9,1,2001,No,1st Grade
Ross Baker,Bryce Alexander,9,4,2001,No,1st Grade
Darren Holt,Ross Baker,9,3,2001,No,1st Grade
Dennis Freind,Kyle Adams,9,3,2001,No,1st Grade
Geoff Colgan,Brett Harris,9,1,2001,No,1st Grade
Stephen Clarke,Anthony Libia,9,1,2002,Yes,1st Grade
Kyle Adams,Graeme Angwin,9,3,2002,No,1st Grade
Anthony Burke,Bryce Alexander,9,1,2003,No,1st Grade
Kyle Adams,David Lenane,9,5,2003,No,1st Grade
John Cottier,Craig Phillip,9,10,2003,No,1st Grade
Kyle Adams,Darren Holt,9,4,2003,No,1st Grade
Geoff Colgan,Ron Gillespie,9,6,2003,No,1st Grade
Anthony Burke,Kyle Adams,9,2,2003,No,1st Grade
Malcolm Williams,Bruce Stark,9,8,2004,Yes,1st Grade
Gregory Martin,Anthony Burke,9,9,2004,No,1st Grade
David Lenane,Darren Young,9,2,2004,No,1st Grade
Malcolm Williams,Luke Capper,9,4,2004,No,1st Grade
Malcolm Williams,Bryce Alexander,9,5,2004,No,1st Grade
Geoff Colgan,Darren Holt,9,2,2004,No,1st Grade
Anthony Morgan,Matthew Sorensen,9,9,2005,No,Metropolitan One Day
Raebern DSylva,Felix Machado,9,7,2005,No,8th Grade
Charles Marlam,Scott Barnard,9,1,2005,No,4th Grade
Curtis Stark,Jeremy Davis,9,7,2005,No,1st Grade
Scott Barnard,Russell Normoyle,9,1,2005,No,4th Grade
Robbie Edwards,Joshua Wells,9,9,2005,No,4th Grade
Geoff Colgan,Anthony Burke,9,1,2005,No,1st Grade
Raebern DSylva,Russell Gerreyn,9,4,2005,No,8th Grade
Aaron Robson,Alan McGuinness,9,5,2005,No,Metropolitan One Day
Aaron Robson,Brad Kimber,9,8,2005,No,Metropolitan One Day
Robbie Edwards,Charles Marlam,9,10,2005,No,4th Grade
Russell Normoyle,Tariq Haroon,9,9,2005,No,1st Grade
Chris Robson,Aaron Robson,9,5,2005,No,Metropolitan One Day
Vikram Kalaimani,Matthew Sorensen,9,6,2005,No,8th Grade
Mark Dickson,Geoff Colgan,9,4,2005,No,1st Grade
Geoff Colgan,Mark Dickson,9,5,2005,No,1st Grade
Scott Barnard,Ryan Barndon,9,3,2006,No,5th Grade
Christopher Jebb,Daryl Pegrum,9,6,2006,No,5th Grade
Courtney Swift,Cassis Van Wees,9,8,2006,No,8th Grade
David Van Wees,Robbie Edwards,9,7,2006,No,5th Grade
Joshua Wells,Robbie Edwards,9,6,2006,No,5th Grade
Paul Dickson,Curtis Stark,9,5,2006,No,2nd Grade
Michael Gartell,Ben Santoro,9,8,2006,No,8th Grade
Peter Bibby,Cassis Van Wees,9,9,2006,No,5th Grade
Ben Stephenson,Jeff Stephenson,9,2,2006,No,8th Grade
Courtney Swift,Simon Wilson,9,4,2006,No,8th Grade
Darren Hutchins,Ashley Edwards,9,7,2006,No,5th Grade
Leon Burrows,John Taylor,9,2,2007,No,3rd Grade
Leon Burrows,Bryce Alexander,9,2,2007,No,3rd Grade
Ben Loader,Jeff Stephenson,9,2,2007,No,Metropolitan One Day
Leigh Spencer,Russell Normoyle,9,8,2007,No,6th Grade
Curtis Stark,Ryan Barndon,9,6,2007,No,3rd Grade
Paul Dickson,Timothy Gailbraith,9,3,2007,No,6th Grade
Curtis Stark,Bryce Alexander,9,2,2007,No,3rd Grade
Russell Gerreyn,Jeff Stephenson,9,1,2007,No,9th Grade
Ben Stephenson,Courtney Swift,9,4,2007,No,9th Grade
Ben Loader,Daryl Pegrum,9,3,2007,No,Metropolitan One Day
Darren Hutchins,Russell Normoyle,9,7,2007,No,6th Grade
David Van Wees,Aaron Robson,9,5,2007,No,6th Grade
Leon Burrows,Bryce Alexander,9,2,2008,No,2nd Grade
Anthony Libia,Adam Wreford,9,4,2008,No,8th Grade
D Batanares,Adam Spencer,9,3,2008,No,Metropolitan One Day
Anthony Libia,Chris Mok,9,3,2008,No,8th Grade
Ben Loader,Scott Barnard,9,3,2008,No,5th Grade
Paul Dickson,Ben Loader,9,1,2008,No,5th Grade
Scott Barnard,David Van Wees,9,2,2008,No,Metropolitan One Day
Russell Normoyle,Ryan Barndon,9,6,2008,No,2nd Grade
JD Paternostro,Gino Giamboi,9,8,2008,No,8th Grade
Anthony Libia,Ian Gamble,9,4,2008,No,8th Grade
Sam Finnigan,Steve Moore,9,7,2008,No,5th Grade
Matthew Hilleard,Steven Freind,9,2,2008,No,8th Grade
Ben Loader,Charles Marlam,9,2,2008,No,5th Grade
Jeff Stephenson,Darren Hutchins,9,8,2008,No,8th Grade
Keith Zissis,Paul Peos,9,3,2008,No,Metropolitan One Day
Anthony Libia,Matthew Hilleard,9,5,2008,No,8th Grade
Steven Freind,Zack Van Wees,9,5,2008,No,Metropolitan One Day
Aaron Robson,Chris Mok,9,7,2008,No,5th Grade
Ben Loader,Steven Freind,9,1,2008,No,5th Grade
Craig Bennett,Sam Finnigan,9,8,2008,No,2nd Grade
Ben Loader,Charles Marlam,9,2,2008,No,5th Grade
Scott Powell,Craig Bennett,9,7,2008,No,2nd Grade
Dennis Freind,Michael Peter,9,10,2009,Yes,5th Grade
Darren Hutchins,Gino Giamboi,9,8,2009,No,7th Grade
Matthew Hilleard,Anthony Libia,9,2,2009,No,5th Grade
Craig Bennett,Dennis Freind,9,9,2009,No,5th Grade
Brett Harrison,Tony Bassett,9,7,2009,No,2nd Grade
Matthew Hilleard,David Van Wees,9,2,2009,No,5th Grade
R Gipson,Ben Stephenson,9,7,2009,No,2nd Grade
Leon Okely,Timothy Gailbraith,9,7,2009,No,7th Grade
Matthew Hilleard,Dov Morris,9,2,2009,No,5th Grade
Michael Mani,Dave Dewhurst,9,10,2009,No,2nd Grade
Anthony Libia,Scott Powell,9,5,2009,No,5th Grade
Russell Gerreyn,Steven Freind,9,3,2009,No,Metropolitan One Day
R Gipson,John Taylor,9,3,2009,No,2nd Grade
Damien Senge,David Van Wees,9,1,2009,No,5th Grade
Scott Powell,Russell Gerreyn,9,6,2009,No,Metropolitan One Day
Gino Giamboi,JL Dimond,9,8,2010,Yes,7th Grade
Paul Peos,Brett Noble,9,5,2010,Yes,Metropolitan One Day
Ryan Barndon,Matt Behn,9,4,2010,No,2nd Grade
T Dias,Aaron Robson,9,6,2010,No,5th Grade
Timothy Gailbraith,Gino Giamboi,9,6,2010,No,7th Grade
Justin Joyce,Ash Eyre,9,3,2010,No,Metropolitan One Day
JA Timos,Lee Maas,9,9,2010,No,Metropolitan One Day
Keith Zissis,Justin Joyce,9,2,2010,No,Metropolitan One Day
Curtis Stark,Bruce Stark,9,2,2010,No,5th Grade
Lee Maas,JA Timos,9,5,2010,No,Metropolitan One Day
J Eyre,Courtney Swift,9,7,2010,No,Metropolitan One Day
Clinton Reid,Lee Maas,9,7,2011,No,Metropolitan One Day
Dov Morris,Damien Senge,9,4,2011,No,2nd Grade
Gino Giamboi,Dave Dewhurst,9,5,2011,No,Metropolitan One Day
Shane Shaw,Scott Barnard,9,6,2011,No,2nd Grade
Clinton Reid,Alex Vlahos,9,3,2011,No,Metropolitan One Day
Tony Bassett,Ben Stephenson,9,10,2011,No,2nd Grade
Dennis Freind,Leon Okely,9,1,2011,No,4th Grade
Jeff Stephenson,Gino Giamboi,9,6,2011,No,Metropolitan One Day
Conor Breheny,Sean Okley,9,8,2011,No,6th Grade
Scott Powell,Clinton Reid,9,1,2011,No,4th Grade
Shane Shaw,Paul Massara,9,4,2011,No,4th Grade
Timothy Gailbraith,Ben Gatter,9,10,2011,No,6th Grade
Jeff Stephenson,Gino Giamboi,9,6,2011,No,Metropolitan One Day
Dennis Freind,Dave Dewhurst,9,8,2011,No,4th Grade
Leon Burrows,Tony Bassett,9,10,2011,No,2nd Grade
Dov Morris,Scott Barnard,9,2,2012,No,2nd Grade
Dov Morris,Damien Senge,9,1,2012,No,2nd Grade
Dennis Freind,Graeme Pryce,9,1,2012,No,3rd Grade
Ben Price,Ben Stephenson,9,9,2012,No,2nd Grade
Ben Price,Matt Wilson,9,7,2012,No,2nd Grade
JD Krasenstein,Timothy Gailbraith,9,1,2012,No,6th Grade
James Day,Brett Harrison,9,4,2012,No,3rd Grade
Chris Homer,Charles Marlam,9,1,2012,No,Metropolitan One Day
Robbie Edwards,Mandeep Singh,9,10,2012,No,6th Grade
Dov Morris,Ryan Barndon,9,2,2012,No,2nd Grade
Ben Price,Nathan Marrocco,9,3,2012,No,3rd Grade
Brett Harrison,Bryce Alexander,9,5,2012,No,3rd Grade
Sam Finnigan,J Basher,9,3,2012,No,Metropolitan One Day
Jake Finney,N Gordon,9,8,2012,No,6th Grade
T Cox,Adam Wreford,9,4,2012,No,3rd Grade
Kim Anderson,Kirk Howes,9,7,2012,No,Metropolitan One Day
Mandeep Singh,Jagdeep Brar,9,10,2013,Yes,Mercantile One Day
Michael Peter,Ryan James,9,8,2013,Yes,3rd Grade
Karamjeet Singh,Mandeep Singh,9,5,2013,No,Metropolitan One Day
Brett Harrison,Jake Finney,9,3,2013,No,3rd Grade
Mick Andrews,Alex Roberts,9,9,2013,No,3rd Grade
Paul Dickson,James Day,9,1,2013,No,5th Grade
Keith Zissis,Russell Gerreyn,9,1,2013,No,Metropolitan One Day
James Day,Jeff Stephenson,9,1,2013,No,5th Grade
Scott Powell,Aaron Robson,9,8,2013,No,3rd Grade
Jack Vlahos,Alex Roberts,9,10,2013,No,Metropolitan One Day
Cory DeJager,Graeme Pryce,9,6,2013,No,3rd Grade
Dov Morris,Jake Finney,9,2,2013,No,2nd Grade
Keith Zissis,Russell Gerreyn,9,1,2013,No,Metropolitan One Day
Adam Wreford,Timothy Gailbraith,9,9,2013,No,2nd Grade
Ross Baker,Leon Burrows,9,5,2013,No,2nd Grade
Tony Bassett,Timothy Gailbraith,9,10,2013,No,2nd Grade
Aaron Robson,Dennis Freind,9,8,2013,No,3rd Grade
Sam Finnigan,Scott Powell,9,3,2013,No,3rd Grade
Keith Zissis,Gino Giamboi,9,9,2013,No,Metropolitan One Day
C Hensley,Mick Andrews,9,6,2013,No,5th Grade
Sandeep Brar,Mandeep Sidhu,9,2,2013,No,Mercantile One Day
Chris Homer,Keith Zissis,9,3,2013,No,Metropolitan One Day
Curtis Stark,Scott Barnard,9,3,2013,No,2nd Grade
Alex Vlahos,Keith Zissis,9,1,2013,No,Metropolitan One Day
Adam Wreford,Timothy Gailbraith,9,10,2013,No,2nd Grade
Jake Finney,Ross Baker,9,4,2013,No,2nd Grade
AB Goodchild,Kenneth Kelly,9,7,2014,No,5th Grade
Brendan Miller,Josh Copping,9,3,2014,No,3rd Grade
Happee Boparai,Randeep Brar,9,5,2014,No,Metropolitan One Day
Ross Baker,Karamjeet Singh,9,6,2014,No,2nd Grade
Karamjeet Singh,Russell Normoyle,9,7,2014,No,2nd Grade
Happee Boparai,Randeep Brar,9,4,2014,No,Metropolitan One Day
Devender Kumar,Ben Stephenson,9,9,2014,No,3rd Grade
Brendan Miller,Damien Senge,9,3,2014,No,3rd Grade
Karamjeet Singh,Adam Wreford,9,7,2014,No,2nd Grade
Russell Normoyle,Matt Wilson,9,8,2014,No,2nd Grade
Dov Morris,Karamjeet Singh,9,6,2014,No,2nd Grade
Conor Breheny,C Puff,9,6,2014,No,5th Grade
Scott Barnard,Dov Morris,9,2,2014,No,2nd Grade
Goppi Singh,S Gill,9,7,2014,No,Metropolitan One Day
Bryce Alexander,AB Goodchild,9,4,2014,No,8th Grade
Kirk Howes,Michael Mani,9,10,2014,No,2nd Grade
Mandeep Singh,Harbhinder Sandhu,9,7,2014,No,Metropolitan One Day
Brett Harrison,Devender Kumar,9,8,2014,No,3rd Grade
Curtis Stark,Brendan Miller,9,2,2014,No,3rd Grade
J Pember,C Puff,9,8,2014,No,5th Grade
Happee Boparai,Randeep Brar,9,2,2014,No,Metropolitan One Day
Leon Burrows,Ian Wilson,9,5,2014,No,2nd Grade
Randeep Brar,Gurpreet Sidhu,9,7,2014,No,Metropolitan One Day
Mandeep Singh,S Gill,9,7,2014,No,Metropolitan One Day
Yaadwinder Toor,Sandeep Brar,9,2,2014,No,Metropolitan One Day
Gino Giamboi,K Symons,9,10,2015,No,7th Grade
Dov Morris,Brendan Miller,9,3,2015,No,2nd Grade
Mark Sinclair,MG Armstrong,9,8,2015,No,7th Grade
N Singh,Ash Eyre,9,7,2015,No,4th Grade
Ash Eyre,Sam Finnigan,9,8,2015,No,4th Grade
Ian Wilson,N Singh,9,3,2015,No,4th Grade
Darren Stride,Lee Maas,9,9,2015,No,9th Grade
Scott Barnard,Ian Wilson,9,3,2015,No,2nd Grade
Jake Finney,N Singh,9,4,2015,No,2nd Grade
Garath Van Der Elst,Mandeep Singh,9,1,2015,No,6th Grade
GA Carslake,Goppi Singh,9,1,2015,No,9th Grade
v hardingham,Ash Eyre,9,6,2015,No,7th Grade
Curtis Stark,Happee Boparai,9,3,2015,No,4th Grade
Happee Boparai,N Singh,9,4,2015,No,4th Grade
Chris Homer,Josh Copping,9,1,2015,No,6th Grade
Garath Van Der Elst,Jun Singh,9,3,2015,No,9th Grade
Kai Homer,David Van Wees,9,5,2015,No,7th Grade
Ross Baker,N Singh,9,4,2015,No,2nd Grade
Chris Mok,R Singhal,9,2,2015,No,6th Grade
Garath Van Der Elst,K Natraj,9,2,2015,No,9th Grade
Dennis Freind,Tom Condello,9,8,2015,No,7th Grade
Ross Baker,Karamjeet Singh,9,5,2015,No,2nd Grade
Garath Van Der Elst,Darren Johnson,9,1,2016,No,5th Grade
Clinton Reid,R Murali,9,2,2016,No,5th Grade
Karamjeet Singh,M Munish,9,8,2016,No,1st Grade
Curtis Stark,Scott Barnard,9,1,2016,No,3rd Grade
James Ditchburn,Scott Barnard,9,8,2016,No,3rd Grade
R Singhal,Y Rai,9,9,2016,No,Metropolitan One Day
Jun Singh,Clinton Reid,9,3,2016,No,5th Grade
Y Rai,Cameron Lee,9,8,2016,No,Metropolitan One Day
Sam Finnigan,Adam Borrett,9,9,2016,No,3rd Grade
R Edmonds,Chris Mok,9,9,2016,No,3rd Grade
Anthony Sinclair,Gino Giamboi,9,8,2016,No,6th Grade
Dov Morris,Scott Barnard,9,2,2016,No,1st Grade
Phillip Ross,Courtney Swift,9,3,2016,No,9th Grade
Russell Normoyle,Michael Mani,9,6,2016,No,3rd Grade
JD Krasenstein,Josh Copping,9,3,2016,No,9th Grade
Chris Homer,Brett Harrison,9,1,2016,No,5th Grade
R Singhal,Balram Chahal,9,7,2016,No,5th Grade
R Singhal,A Malik,9,8,2016,No,5th Grade
Ross Baker,Karamjeet Singh,9,5,2016,No,1st Grade
Josh Demarte,Jake Finney,9,1,2016,No,1st Grade
Jake Finney,Darren Johnson,9,2,2016,No,1st Grade
Sam Finnigan,Tony Bassett,9,8,2016,No,3rd Grade
Brad Walker,Happee Boparai,9,5,2016,No,5th Grade
JD Krasenstein,L Ashforth,9,8,2016,No,9th Grade
K Natraj,D Bowman,9,8,2016,No,9th Grade
Jun Singh,Mark Sinclair,9,2,2016,No,6th Grade
David Van Wees,AB Kalimeris,9,4,2016,No,6th Grade
Dov Morris,Ian Wilson,9,1,2016,No,1st Grade
Sam Finnigan,Michael Peter,9,8,2017,Yes,7th Grade
Garath Van Der Elst,AB Kalimeris,9,10,2017,Yes,7th Grade
A Corrie,Bruce Stark,9,7,2017,No,3rd Grade
Clinton Reid,Dov Morris,9,2,2017,No,1st Grade
Tom Condello,Darren Stride,9,8,2017,No,3rd Grade
Darren Stride,Ashley Edwards,9,9,2017,No,3rd Grade
Darren Holt,Paul Maindok,9,7,2017,No,7th Grade
Darren Johnson,A Malik,9,5,2017,No,1st Grade
Phillip Ross,Brad Walker,9,2,2017,No,3rd Grade
Chris Mok,D Bowman,9,9,2017,No,7th Grade
Ross Baker,Dov Morris,9,5,2017,No,1st Grade
Brett Harrison,Cameron Lee,9,1,2017,No,3rd Grade
Clinton Reid,Chris Mok,9,1,2017,No,3rd Grade
Brett Harrison,Chris Homer,9,3,2017,No,3rd Grade
Mark Sinclair,Michael Peter,9,5,2017,No,7th Grade
Dov Morris,Ryan Barndon,9,5,2017,No,1st Grade
Karamdeep Brar,S Gill,9,4,2017,No,5th Grade
Curtis Stark,Brad Walker,9,2,2017,No,3rd Grade
Curtis Stark,Chris Homer,9,2,2017,No,3rd Grade
James Day,Keith Zissis,9,3,2017,No,7th Grade
Hayden Candy,Goppi Singh,9,6,2018,Yes,Mercantile One Day
Tom Condello,Ziiyad Salle,9,7,2018,Yes,4th Grade
Paul McNamara,Jun Singh,9,2,2018,No,Mercantile One Day
Curtis Stark,Garath Van Der Elst,9,1,2018,No,4th Grade
Brett Harrison,Mark Sinclair,9,4,2018,No,Mercantile One Day
Ryan Barndon,Tony Bassett,9,8,2018,No,2nd Grade
Russell Normoyle,Phillip Ross,9,6,2018,No,2nd Grade
Cameron Lee,Karamdeep Brar,9,7,2018,No,4th Grade
S Gill,Mandeep Singh,9,7,2018,No,4th Grade
Russell Normoyle,Chris Mok,9,9,2018,No,2nd Grade
Paul McNamara,Jun Singh,9,9,2018,No,Mercantile One Day
Darren Holt,Ollie Holt,9,4,2019,No,B Division One Day Grade
Garath Van Der Elst,Ash Eyre,9,2,2019,No,B Division One Day Grade
Raghu Sharma,Adam Lankester,9,1,2019,No,3rd Grade
Raghu Sharma,Russell Normoyle,9,4,2019,No,3rd Grade
J Trichilo,Duane Crombie,9,3,2019,No,E Division One Day Grade
Curtis Stark,Dov Morris,9,4,2019,No,3rd Grade
Graeme Angwin,Dov Morris,9,10,2019,No,B Division One Day Grade
LH Berendsen,Russell Normoyle,9,6,2019,No,3rd Grade
Brendan Millar,Raghu Sharma,9,1,2019,No,3rd Grade
Darren Johnson,Curtis Stark,9,3,2019,No,3rd Grade
Keith Zissis,Darren Stride,9,6,2019,No,C Division One Day Grade
Randeep Brar,Happee Boparai,9,3,2019,No,5th Grade
Mandeep Singh,Jagdeep Brar,9,9,2019,No,5th Grade
Nilan Chandratilake,Danny Toohey,9,1,2019,No,E Division One Day Grade
Jagdeep Brar,Bikram Singh,9,6,2019,No,5th Grade
Clinton Reid,Paul Maindok,9,1,2019,No,C Division One Day Grade
Geoff Colgan,Ash Eyre,9,2,2019,No,B Division One Day Grade
Daniel Sims,Hayden Candy,9,2,2019,No,C Division One Day Grade
Dov Morris,Happee Boparai,9,3,2019,No,5th Grade
Cameron Lee,Darren Stride,9,6,2019,No,C Division One Day Grade
Ziiyad Salle,Grant Carslake,9,8,2020,Yes,F Division One Day Grade
Dov Morris,Paul Maindok,9,1,2020,No,B Division One Day Grade
Simon Ward,Tony Bassett,9,10,2020,No,B Division One Day Grade
Gurpreet Brar,Phillip Ross,9,8,2020,No,B Division One Day Grade
J Naidoo,Dan Leatham,9,2,2020,No,E Division One Day Grade
Adam Duffy,Grant Carslake,9,8,2020,No,F Division One Day Grade
J Naidoo,Brett Harrison,9,2,2020,No,E Division One Day Grade
Happee Boparai,Adam Wreford,9,7,2020,No,A Division One Day Grade
Mandeep Singh,J Galhena,9,5,2020,No,B Division One Day Grade
Chris Popoff,Darren Franklin,9,8,2020,No,F Division One Day Grade
Clinton Reid,Jun Singh,9,2,2021,No,B Division One Day Grade
Brett Harrison,Dan Leatham,9,5,2021,No,E Division One Day Grade
A Lankester,Phillip Ross,9,7,2021,No,B Division One Day Grade
Chris Popoff,Darren Franklin,9,6,2021,No,G Division One Day Grade
Nirbhai Sohi,Happee Boparai,9,4,2021,No,A Division One Day Grade
Nathan Hearnes,Trent George Kennedy,9,5,2021,No,E Division One Day Grade
Keith Zissis,Gurpreet Brar,9,8,2021,No,E Division One Day Grade
Keith Zissis,Nathan Hearnes,9,2,2021,No,E Division One Day Grade
Garath Van Der Elst,Bruce Stark,9,5,2021,No,G Division One Day Grade
Darren Johnson,Phillip Ross,9,7,2021,No,B Division One Day Grade
Mandeep Singh,Pankaj Dhall,9,9,2022,Yes,A Division One Day Grade
Curtis Stark,Darren Johnson,9,2,2022,No,B Division One Day Grade
Clinton Reid,Grant Carslake,9,4,2022,No,D Division One Day Grade
Scott Bretland,Brett Harrison,9,5,2022,No,G Division One Day Grade
Gurpreet Brar,Bruce Stark,9,5,2022,No,G Division One Day Grade
Tony Bassett,Ben McInnes,9,9,2022,No,B Division One Day Grade
Davis Bode,Mandeep Singh,9,6,2022,No,A Division One Day Grade
Glenn Welton,Darren Johnson,9,4,2022,No,B Division One Day Grade
Happee Boparai,Davis Bode,9,6,2022,No,A Division One Day Grade
Mandeep Singh,Navjot Toor,9,10,2022,No,A Division One Day Grade
Adam Duffy,Jun Singh,9,3,2022,No,G Division One Day Grade
Ross Baker,Trent George Kennedy,9,8,2023,No,B Division One Day Grade
Glenn Welton,Russell Normoyle,9,1,2023,No,B Division One Day Grade
Judd Diletti,Angus Gow,9,2,2023,No,H Division One Day Grade
Nathan Hearnes,Darren Johnson,9,5,2023,No,B Division One Day Grade
Gurdeep Singh,Ash Yadav,9,1,2023,No,A Division One Day Grade
Curtis Stark,Jun Singh,9,2,2023,No,C Division One Day Grade
Curtis Stark,Vishnu Rajendran,9,3,2023,No,C Division One Day Grade
Curtis Stark,Cameron Lee,9,1,2023,No,C Division One Day Grade
Dov Morris,Daniel Atkinson,9,6,2023,No,B Division One Day Grade
Mandeep Singh,Bikram Singh,9,4,2023,No,A Division One Day Grade
Scott Bretland,Aaron Robson,9,5,2023,No,I Division One Day Grade
Hayden Candy,Ryker Newman,9,7,2023,No,C Division One Day Grade
Scott Bretland,Shishpal Rana,9,7,2024,Yes,I Division One Day Grade
Tom Condello,David Van Wees,9,8,2024,No,I Division One Day Grade
Clinton Reid,Vishnu Rajendran,9,3,2024,No,C Division One Day Grade
Glenn Welton,Nathan Hearnes,9,3,2024,No,A Division One Day Grade
Ryan Barndon,Davis Bode,9,2,2024,No,A Division One Day Grade
Dov Morris,oscar weston,9,7,2024,No,H Division One Day Grade
Vishnu Rajendran,Mike Whehella,9,6,2024,No,C Division One Day Grade
David Cameron,Moran Robert Dedman Nielsen,9,7,2024,No,A Division One Day Grade
David Cameron,Ryan Barndon,9,1,2024,No,A Division One Day Grade
Scott Barnard,Glenn Welton,9,2,2024,No,A Division One Day Grade
Robbie Edwards,Vishnu Rajendran,9,4,2024,No,C Division One Day Grade
Spiro Kalafatas,Oliver Diaz,9,6,2024,No,H Division One Day Grade
Ross Baker,Nathan Hearnes,9,5,2024,No,A Division One Day Grade
Missaka Wickramasinghe,Rusiru Pitiyage,9,5,2025,No,H Division One Day Grade
Clinton Reid,Brett Harrison,9,1,2025,No,D Division One Day Grade
Ryker Newman,Thanuja Jayakodi Arachchige,9,8,2025,No,A Division One Day Grade
Scott Bretland,Tom Condello,9,3,2025,No,I Division One Day Grade
Ross Baker,Darren Johnson,9,5,2025,No,A Division One Day Grade
Grant Carslake,Nazir Siddique,9,10,2025,No,D Division One Day Grade
Aiyush Suhasaria,Kirk Howes,9,4,2025,No,A Division One Day Grade
Adam Duffy,Bruce Stark,9,2,2025,No,I Division One Day Grade
Scott Barnard,Cameron Lee,9,7,2025,No,D Division One Day Grade
Mohamed Zainudeen,Chamod Dilshan Happawana Vithanage,9,4,2025,No,H Division One Day Grade
Adam Duffy,Nilan Chandratilake,9,2,2025,No,I Division One Day Grade
Glenn Welton,Curtis Stark,9,2,2025,No,A Division One Day Grade
Kirk Howes,Aiyush Suhasaria,9,7,2025,No,A Division One Day Grade
Kirk Howes,Thanuja Jayakodi Arachchige,9,9,2025,No,A Division One Day Grade
Vishnu Rajendran,Keith Zissis,9,6,2025,No,D Division One Day Grade
Thanuja Jayakodi Arachchige,Keith Zissis,9,8,2025,No,D Division One Day Grade
Glenn Welton,Ross Baker,9,1,2025,No,A Division One Day Grade
Glenn Welton,Jordan Egan,9,2,2025,No,A Division One Day Grade
Buddika Buthpitilekamalage,Prashan Herath,9,8,2025,No,H Division One Day Grade
Dane Peake,Raguvaran Sukumar,9,5,2025,No,I Division One Day Grade
F Woods,Fred Buttsworth,8,5,1963,No,1st Grade
Brian Buttsworth,Geoff Hamel,8,4,1963,No,1st Grade
Geoff Hamel,Barry Armstrong,8,10,1963,No,1st Grade
C Hayes,Brian Buttsworth,8,2,1963,No,1st Grade
Fred Buttsworth,Brian France,8,4,1963,No,1st Grade
Ray Taylor,Dave Ralston,8,6,1964,No,1st Grade
Bert Smith,N McDiarmid,8,10,1965,Yes,1st Grade
Harry Varis,Kevin Lock,8,9,1965,No,1st Grade
Brian Buttsworth,Dave Cosson,8,3,1966,No,1st Grade
T Robertson,Richard Vigus,8,8,1966,No,1st Grade
Ian Blake,Damian Thompson,8,6,1992,No,1st Grade
Stephen DenRidder,Damian Thompson,8,6,1992,No,1st Grade
Ian Blake,Phil Greatrix,8,5,1992,No,1st Grade
Ian Blake,Damien Sheridan,8,9,1992,No,1st Grade
Graham Butler,Lance Ferguson,8,8,1993,Yes,1st Grade
Gary Chivers,Dennis Freind,8,1,1993,No,1st Grade
Dennis Freind,Gregory Fahl,8,2,1993,No,1st Grade
Peter McSweeney,Ian Price,8,5,1993,No,1st Grade
Damian Thompson,Ron Gillespie,8,2,1993,No,1st Grade
Shane Ferdinadus,Colin Gotch,8,7,1993,No,1st Grade
Ian Blake,Damian Thompson,8,5,1993,No,1st Grade
Dennis Freind,Ron Gillespie,8,3,1994,No,1st Grade
Dennis Freind,Ward Bond,8,7,1994,No,1st Grade
Gary Chivers,Lance Ferguson,8,8,1994,No,1st Grade
Ken Hart,Justin Fisher,8,3,1994,No,1st Grade
Adam Wright,David Separovic,8,10,1995,No,1st Grade
Paul Dickson,Gregory Smith,8,5,1995,No,1st Grade
Geoff Colgan,Dennis Freind,8,5,1995,No,1st Grade
Chris Whyte,David Separovic,8,10,1995,No,1st Grade
Tim Reid,Wade Carruthers,8,10,1997,No,5th Grade
John Cottier,Gary Freind,8,1,1997,No,3rd Grade
Barry Richardson,Mick OReilly,8,3,1997,No,Metropolitan One Day
Bruce Stark,John Kelly,8,5,1997,No,Metropolitan One Day
Mark Rush,Shaun Woods,8,8,1997,No,4th Grade
Wade Carruthers,Gino Giamboi,8,7,1997,No,5th Grade
Jason Boekleman,Peter Westgate,8,10,1997,No,1st Grade
Matthew Arthurson,Gregory Martin,8,1,1997,No,1st Grade
Len Peterson,Trevor Craib,8,7,1997,No,Metropolitan One Day
Bruce Stark,Charles Marlam,8,3,1997,No,3rd Grade
Mick OReilly,Darren Green,8,10,1997,No,5th Grade
Robert McKrill,Richard Sturgess,8,7,1997,No,7th Grade
Keith DeSilva,Russell Gerreyn,8,2,1997,No,7th Grade
John Eyres,Len Peterson,8,4,1997,No,7th Grade
David Gulberti,Lee Blake,8,6,1997,No,7th Grade
David Brooks,Terry Holbrook,8,6,1997,No,5th Grade
John Cottier,David Brooks,8,5,1997,No,5th Grade
Gary Freind,Kevin Rowland,8,1,1997,No,5th Grade
David Gulberti,Robert McKrill,8,6,1997,No,7th Grade
Keith DeSilva,Russell Gerreyn,8,2,1997,No,7th Grade
Glenn Sadler,Warren Pearson,8,8,1998,No,5th Grade
Shane Innes,David Singh,8,4,1998,No,5th Grade
Mark Dickson,Peter Bibby,8,6,1998,No,1st Grade
Adam Bassett,Michael Petrie,8,5,1998,No,1st Grade
Peter Bibby,Mark Butler,8,8,1998,No,1st Grade
Bryce Alexander,Paul Dickson,8,4,1998,No,1st Grade
Mark Butler,Dennis Freind,8,9,1998,No,1st Grade
Kevin Rowland,Ron Gillespie,8,1,1998,No,1st Grade
Robert McKrill,Doug Osborne,8,9,1998,No,5th Grade
Barry Richardson,Keith DeSilva,8,6,1998,No,5th Grade
Mark Dickson,Wade Carruthers,8,8,1998,No,3rd Grade
Alex Hall,Paul Calcott,8,10,1998,No,5th Grade
Bradley McManus,Ross Baker,8,5,1998,No,3rd Grade
Bryce Alexander,Evan Standley,8,6,1999,Yes,1st Grade
Ryan Kershaw,Darren Young,8,10,1999,No,1st Grade
Nahan Phelpes,Glenn Sadler,8,6,1999,No,5th Grade
Lee Blake,Malcolm Feasey,8,9,1999,No,5th Grade
Lee Blake,Ian Blake,8,5,1999,No,5th Grade
Ian Blake,Russell Gerreyn,8,3,1999,No,5th Grade
Mark Butler,Graeme Dennis,8,10,1999,No,1st Grade
Stephen Clarke,Christopher Barnes,8,1,2000,No,1st Grade
Nathan Whitney,Jay Holland,8,6,2000,No,1st Grade
Darren Young,Anthony Burke,8,9,2001,Yes,1st Grade
Darren Young,Robbie Taylor,8,7,2001,Yes,1st Grade
Darren Young,Anthony Burke,8,9,2001,No,1st Grade
Kyle Adams,Ross Baker,8,3,2001,No,1st Grade
Geoff Colgan,Kyle Adams,8,4,2001,No,1st Grade
Chris Whyte,Nathan Whitney,8,8,2001,No,1st Grade
Darren Young,Kyle Adams,8,2,2001,No,1st Grade
Robbie Taylor,Graeme Angwin,8,8,2002,No,1st Grade
Kyle Adams,Robbie Taylor,8,5,2002,No,1st Grade
Geoff Colgan,Anthony Burke,8,9,2002,No,1st Grade
Kevin Rowland,Lee Van der Burgt,8,6,2002,No,1st Grade
Darren Holt,David Lenane,8,1,2002,No,1st Grade
Kyle Adams,David Lenane,8,5,2002,No,1st Grade
Nathan Whitney,David Lenane,8,5,2002,No,1st Grade
David Lenane,Warren Pearson,8,6,2003,No,1st Grade
Darren Young,Gregory Martin,8,9,2003,No,1st Grade
Gregory Martin,Craig Phillip,8,10,2003,No,1st Grade
Ron Gillespie,Glenn Andersson,8,6,2003,No,1st Grade
Darren Young,Anthony Libia,8,9,2003,No,1st Grade
Bryce Alexander,Darren Holt,8,3,2003,No,1st Grade
Darren Holt,Geoff Colgan,8,5,2003,No,1st Grade
Gregory Martin,Dennis Freind,8,10,2003,No,1st Grade
Anthony Burke,Peter Bibby,8,10,2004,No,1st Grade
Luke Capper,Anthony Burke,8,7,2004,No,1st Grade
Gregory Martin,Darren Young,8,9,2004,No,1st Grade
Darren Holt,Malcolm Williams,8,4,2004,No,1st Grade
Gregory Martin,Anthony Burke,8,9,2004,No,1st Grade
Darren Young,Justin Davis,8,8,2004,No,1st Grade
Aaron Robson,Michael Gartell,8,5,2005,No,Metropolitan One Day
Mark Stevens,Satish Krishnan,8,6,2005,No,8th Grade
Courtney Swift,Vikram Kalaimani,8,9,2005,No,8th Grade
Russell Gerreyn,John Lewis,8,1,2005,No,8th Grade
Peter Bibby,David Van Wees,8,1,2005,No,Metropolitan One Day
Raebern DSylva,Ajigh RajaGopal,8,6,2005,No,8th Grade
Andrew Symons,Vikram Kalaimani,8,2,2005,No,8th Grade
Neil Steadman,Jason Carlyon,8,6,2005,No,8th Grade
Neil Steadman,Satish Krishnan,8,5,2005,No,8th Grade
Scott Powell,Dave Dewhurst,8,6,2005,No,Metropolitan One Day
David Van Wees,Darren Hutchins,8,6,2005,No,8th Grade
Mark Dickson,Gregory Martin,8,6,2005,No,1st Grade
John Lewis,Raebern DSylva,8,3,2005,No,8th Grade
Jason Alexander,Neil Steadman,8,7,2005,No,4th Grade
Michael Gartell,Brett Harrison,8,1,2005,No,Metropolitan One Day
Dave Dewhurst,Brad Kimber,8,10,2005,No,Metropolitan One Day
Bruce Stark,Sharjeel Ashraf,8,2,2005,No,1st Grade
Geoff Colgan,Darren Young,8,6,2005,No,1st Grade
Dave Dewhurst,Gino Giamboi,8,10,2006,Yes,2nd Grade
Curtis Stark,Daniel Atkinson,8,5,2006,No,5th Grade
Anthony Libia,Gino Giamboi,8,8,2006,No,2nd Grade
Anthony Libia,Gino Giamboi,8,8,2006,No,2nd Grade
Scott Barnard,Darren Hutchins,8,2,2006,No,5th Grade
Neil Steadman,Ben Santoro,8,9,2006,No,8th Grade
Scott Powell,Brett Harrison,8,6,2006,No,2nd Grade
Brett Harrison,Anthony Libia,8,7,2006,No,2nd Grade
Mark Stevens,Danny Wildman,8,5,2006,No,8th Grade
John Lewis,Scott Barnard,8,1,2006,No,5th Grade
Scott Powell,Kevin Rowland,8,6,2006,No,2nd Grade
Scott Barnard,Curtis Stark,8,3,2006,No,5th Grade
Christopher Jebb,Ryan Barndon,8,5,2006,No,5th Grade
Ajigh RajaGopal,Neil Steadman,8,9,2006,No,8th Grade
Peter Bibby,Ajigh RajaGopal,8,8,2006,No,5th Grade
David Van Wees,Christopher Jebb,8,4,2006,No,5th Grade
Christopher Jebb,Danny Wildman,8,5,2006,No,5th Grade
Leon Burrows,Christopher Jebb,8,6,2006,No,5th Grade
Gino Giamboi,Simon Borrett,8,8,2006,No,5th Grade
Leon Burrows,Ryan Barndon,8,3,2006,No,2nd Grade
Leon Burrows,Jeremy Davis,8,7,2006,No,2nd Grade
Russell Gerreyn,Ben Loader,8,2,2007,No,9th Grade
Leigh Spencer,Darren Hutchins,8,9,2007,No,6th Grade
Christopher Jebb,Courtney Swift,8,6,2007,No,9th Grade
Timothy Bailey,Chris Mok,8,9,2007,No,Metropolitan One Day
Curtis Stark,Scott Barnard,8,4,2007,No,3rd Grade
Steven Freind,Ben Loader,8,2,2007,No,Metropolitan One Day
David Van Wees,Paul Dickson,8,2,2007,No,6th Grade
Dave Dewhurst,Tony Bassett,8,8,2007,No,3rd Grade
Chris Mok,Raghu Gopalan,8,8,2007,No,9th Grade
Tony Bassett,Anthony Libia,8,8,2007,No,3rd Grade
Tony Bassett,Dave Dewhurst,8,9,2007,No,3rd Grade
Ryan Barndon,Bryce Alexander,8,4,2007,No,3rd Grade
Anthony Libia,Curtis Stark,8,7,2007,No,3rd Grade
Kevin Rowland,Darren Hutchins,8,4,2007,No,6th Grade
Craig Bennett,Dave Dewhurst,8,10,2008,No,2nd Grade
Chris Mok,Daniel Allsop,8,8,2008,No,8th Grade
Simon Wilson,Brett Harrison,8,3,2008,No,5th Grade
Curtis Stark,Russell Normoyle,8,5,2008,No,2nd Grade
Matthew Hilleard,Robbie Edwards,8,9,2008,No,8th Grade
Russell Normoyle,Curtis Stark,8,4,2008,No,2nd Grade
Steven Freind,Chris Mok,8,2,2008,No,8th Grade
Brett Noble,Russell Gerreyn,8,3,2008,No,Metropolitan One Day
Anthony Libia,Paul Dickson,8,3,2008,No,5th Grade
SK Krishnan,Neil Steadman,8,10,2008,No,Metropolitan One Day
Darren Hutchins,Gino Giamboi,8,9,2008,No,8th Grade
Ben Loader,Anthony Libia,8,1,2008,No,5th Grade
Scott Powell,Tony Bassett,8,8,2008,No,2nd Grade
Robbie Edwards,Shane Shaw,8,3,2008,No,8th Grade
Jeff Stephenson,Nathan Freind,8,8,2008,No,8th Grade
Russell Normoyle,Darren Hutchins,8,8,2008,No,Metropolitan One Day
Russell Gerreyn,Russell Normoyle,8,6,2008,No,Metropolitan One Day
Justin Dimond,Timothy Gailbraith,8,9,2008,No,5th Grade
Adam Wreford,Dennis Freind,8,3,2008,No,5th Grade
Anthony Libia,Gino Giamboi,8,8,2008,No,8th Grade
Ryan Barndon,Adam Wreford,8,6,2008,No,2nd Grade
Adam Wreford,Craig Bennett,8,7,2008,No,2nd Grade
Michael Peter,Gino Giamboi,8,8,2008,No,8th Grade
Alex Vlahos,Jack Vlahos,8,6,2009,Yes,Metropolitan One Day
Jack Vlahos,Daniel Allsop,8,6,2009,No,Metropolitan One Day
Keith Zissis,Peter Vlahos,8,2,2009,No,Metropolitan One Day
Paul Dickson,Jack Vlahos,8,5,2009,No,Metropolitan One Day
L Boss,Darren Hutchins,8,1,2009,No,7th Grade
Alex Vlahos,Jack Vlahos,8,7,2009,No,Metropolitan One Day
Leon Burrows,John Taylor,8,4,2009,No,2nd Grade
Dennis Freind,Aaron Robson,8,7,2009,No,5th Grade
Ross Baker,Charles Marlam,8,3,2009,No,5th Grade
T Dias,Ryan James,8,6,2009,No,7th Grade
Aaron Robson,Dennis Freind,8,7,2009,No,5th Grade
Curtis Stark,Ben Stephenson,8,1,2009,No,7th Grade
Ross Baker,John Taylor,8,5,2009,No,2nd Grade
Damien Senge,Scott Powell,8,3,2009,No,5th Grade
Keith Zissis,Damien Senge,8,1,2009,No,5th Grade
Bryce Alexander,Damien Senge,8,3,2009,No,5th Grade
Damien Senge,David Van Wees,8,4,2009,No,5th Grade
Dov Morris,Keith Zissis,8,1,2009,No,5th Grade
Shane Shaw,Leon Okely,8,7,2010,Yes,5th Grade
Gino Giamboi,M Van Dooren,8,9,2010,No,7th Grade
Gino Giamboi,Daniel Allsop,8,8,2010,No,7th Grade
C Woods,Alex Vlahos,8,9,2010,No,Metropolitan One Day
Scott Powell,Shane Shaw,8,3,2010,No,5th Grade
Damien Senge,Matt Behn,8,6,2010,No,2nd Grade
Brett Harrison,Adam Wreford,8,5,2010,No,5th Grade
Dennis Freind,C Brouwer,8,5,2010,No,7th Grade
Matt Behn,Ben Stephenson,8,10,2010,No,2nd Grade
Matt Behn,Scott Barnard,8,6,2010,No,2nd Grade
Scott Powell,Shane Shaw,8,3,2010,No,5th Grade
Ryan Barndon,Matt Behn,8,6,2010,No,2nd Grade
Damien Senge,Ben Stephenson,8,10,2010,No,2nd Grade
Scott Powell,Curtis Stark,8,1,2010,No,5th Grade
Darcy Boyle,Ward Bond,8,4,2010,No,Metropolitan One Day
Dov Morris,Ross Baker,8,3,2010,No,2nd Grade
Paul Dickson,Dennis Freind,8,1,2010,No,7th Grade
J Eyre,Darcy Boyle,8,4,2010,No,Metropolitan One Day
Charles Marlam,Timothy Gailbraith,8,5,2011,No,6th Grade
Timothy Gailbraith,Robbie Edwards,8,10,2011,No,6th Grade
Mark Dickson,JA Timos,8,5,2011,No,Metropolitan One Day
D Winning,Timothy Gailbraith,8,7,2011,No,6th Grade
Ryan Barndon,Leon Burrows,8,3,2011,No,2nd Grade
Bryce Alexander,Adam Wreford,8,7,2011,No,2nd Grade
Dennis Freind,Andrew Webley,8,8,2011,No,4th Grade
Paul Massara,Dennis Freind,8,7,2011,No,4th Grade
Keith Zissis,Alex Vlahos,8,2,2011,No,Metropolitan One Day
Leon Burrows,Ben Stephenson,8,9,2011,No,2nd Grade
Dov Morris,Ryan Barndon,8,1,2011,No,2nd Grade
Sam Finnigan,JA Winter,8,6,2012,No,3rd Grade
Daniel Atkinson,Scott Barnard,8,2,2012,No,2nd Grade
JA Winter,Michael Peter,8,10,2012,No,3rd Grade
Daniel Atkinson,James Day,8,4,2012,No,2nd Grade
Ash Eyre,Nathan Marrocco,8,4,2012,No,Metropolitan One Day
Ben Price,Russell Normoyle,8,7,2012,No,2nd Grade
Paul Dickson,David Van Wees,8,3,2012,No,Metropolitan One Day
D Diletti,Curtis Stark,8,2,2012,No,6th Grade
Kirk Howes,Lee Maas,8,5,2012,No,6th Grade
Adam Wreford,Dave Dewhurst,8,10,2012,No,3rd Grade
Brett Harrison,Andrew Webley,8,7,2012,No,3rd Grade
Curtis Stark,Adam Wreford,8,2,2012,No,6th Grade
Timothy Gailbraith,Mandeep Singh,8,9,2012,No,6th Grade
James Day,Adam Wreford,8,3,2012,No,6th Grade
Jake Finney,Conor Breheny,8,3,2012,No,6th Grade
Charles Marlam,Ben Price,8,2,2012,No,3rd Grade
Ben Gatter,Simon Borrett,8,10,2012,No,6th Grade
Dennis Freind,Paul Dickson,8,6,2012,No,6th Grade
Ross Baker,Matt Wilson,8,7,2012,No,2nd Grade
Devender Kumar,Karamdeep Brar,8,9,2013,Yes,Mercantile One Day
Ross Baker,Adam Wreford,8,7,2013,Yes,2nd Grade
Karamjeet Singh,Mandeep Singh,8,6,2013,Yes,Mercantile One Day
Ryan Barndon,Timothy Gailbraith,8,8,2013,Yes,2nd Grade
David Van Wees,Lee Maas,8,9,2013,No,5th Grade
David Van Wees,Robbie Edwards,8,10,2013,No,5th Grade
D Diletti,Adam Wreford,8,7,2013,No,2nd Grade
Clinton Reid,Graeme Pryce,8,3,2013,No,3rd Grade
Dov Morris,Ross Baker,8,4,2013,No,2nd Grade
Alex Vlahos,Damien Senge,8,4,2013,No,Metropolitan One Day
Sandeep Brar,Yaadwinder Toor,8,4,2013,No,Mercantile One Day
Sandeep Brar,Karamjeet Singh,8,3,2013,No,Mercantile One Day
R Morgan,Mick Andrews,8,8,2013,No,5th Grade
David Van Wees,Martin Burrow,8,3,2013,No,5th Grade
Ross Baker,Mayank Madan,8,4,2013,No,2nd Grade
Russell Normoyle,Adam Wreford,8,7,2013,No,2nd Grade
Dov Morris,Scott Barnard,8,2,2013,No,2nd Grade
Keith Zissis,Russell Gerreyn,8,1,2013,No,Metropolitan One Day
Scott Powell,Josh Copping,8,5,2013,No,3rd Grade
David Van Wees,Ben Stephenson,8,6,2013,No,5th Grade
Curtis Stark,Sam Finnigan,8,1,2013,No,3rd Grade
C Hensley,Alex Roberts,8,7,2013,No,5th Grade
Ben Stephenson,Dennis Freind,8,5,2013,No,3rd Grade
James Day,Jeff Stephenson,8,2,2013,No,5th Grade
Chris Mok,Ben Stephenson,8,3,2013,No,5th Grade
Clinton Reid,Daniel Atkinson,8,2,2013,No,3rd Grade
Ben Gatter,Martin Burrow,8,4,2014,No,5th Grade
Scott Barnard,Kirk Howes,8,7,2014,No,2nd Grade
Keith Zissis,K Symons,8,1,2014,No,8th Grade
Adam Lankester,C Puff,8,4,2014,No,5th Grade
Keith Zissis,Sam Finnigan,8,4,2014,No,8th Grade
Dov Morris,Scott Barnard,8,3,2014,No,2nd Grade
Dennis Freind,Adam Lankester,8,3,2014,No,5th Grade
Randeep Brar,Harbhinder Sandhu,8,7,2014,No,Metropolitan One Day
Chris Homer,AB Goodchild,8,6,2014,No,5th Grade
Kevin Rowland,Leon Burrows,8,5,2014,No,2nd Grade
Mandeep Singh,Mandeep Sidhu,8,9,2014,No,Metropolitan One Day
R Amlani,Gino Giamboi,8,8,2014,No,8th Grade
Dov Morris,Karamjeet Singh,8,7,2014,No,2nd Grade
C Puff,Grant Carslake,8,6,2014,No,5th Grade
Clinton Reid,Scott Barnard,8,1,2014,No,2nd Grade
David Van Wees,Damien Senge,8,6,2014,No,3rd Grade
JD Krasenstein,Chris Homer,8,3,2014,No,5th Grade
Ryan Barndon,Sandeep Brar,8,1,2014,No,2nd Grade
Dov Morris,Ryan Barndon,8,5,2014,No,2nd Grade
Karamjeet Singh,Kirk Howes,8,9,2014,No,2nd Grade
Goppi Singh,Jun Singh,8,8,2014,No,Metropolitan One Day
Aaron Robson,Keith Zissis,8,3,2014,No,3rd Grade
Harbhinder Sandhu,S Gill,8,5,2014,No,Metropolitan One Day
S Gill,Grant Carslake,8,9,2014,No,Metropolitan One Day
Chris Mok,C Puff,8,5,2014,No,5th Grade
Aaron Robson,James Ditchburn,8,9,2014,No,3rd Grade
J Pember,Chris Mok,8,7,2014,No,5th Grade
Gurpreet Sidhu,Mandeep Sidhu,8,6,2014,No,Metropolitan One Day
Michael Peter,Mandeep Singh,8,6,2015,Yes,6th Grade
Mark Sinclair,Tom Condello,8,7,2015,No,7th Grade
Darren Stride,Michael Gartell,8,8,2015,No,9th Grade
Ranjit Singh,Goppi Singh,8,2,2015,No,9th Grade
P Rados,R Sandhu,8,10,2015,No,7th Grade
Jun Singh,Darren Stride,8,6,2015,No,9th Grade
C Puff,Mandeep Sidhu,8,10,2015,No,4th Grade
Grant Carslake,Jun Singh,8,3,2015,No,9th Grade
K Natraj,R Kempanna,8,6,2015,No,9th Grade
Happee Boparai,Brad Walker,8,5,2015,No,4th Grade
Dov Morris,Leon Burrows,8,6,2015,No,2nd Grade
R Singhal,Scott Barnard,8,3,2015,No,4th Grade
K Symons,Bryce Alexander,8,2,2015,No,7th Grade
K Bond,Dennis Freind,8,8,2015,No,7th Grade
Dov Morris,Ian Wilson,8,1,2015,No,2nd Grade
Ian Wilson,Sandeep Brar,8,3,2015,No,2nd Grade
Adam Lankester,Aaron Robson,8,1,2015,No,4th Grade
Brendan Miller,Scott Barnard,8,5,2015,No,4th Grade
Clinton Reid,Paul Dickson,8,7,2015,No,6th Grade
James Ditchburn,Dave Dewhurst,8,10,2015,No,2nd Grade
Adam Borrett,R Edmonds,8,9,2016,Yes,3rd Grade
Ryan Barndon,Jake Finney,8,1,2016,No,1st Grade
Y Rai,Ward Bond,8,1,2016,No,Metropolitan One Day
Ward Bond,K Natraj,8,3,2016,No,Metropolitan One Day
Garath Van Der Elst,Tony Bassett,8,1,2016,No,5th Grade
Dov Morris,Ryan Barndon,8,1,2016,No,1st Grade
Y Rai,B Le Cras,8,9,2016,No,Metropolitan One Day
Cameron Lee,D Bowman,8,1,2016,No,9th Grade
AB Goodchild,K Natraj,8,7,2016,No,6th Grade
Russell Normoyle,Adam Borrett,8,8,2016,No,3rd Grade
Curtis Stark,Brad Walker,8,2,2016,No,3rd Grade
Dov Morris,Paul Ridley,8,3,2016,No,1st Grade
AB Goodchild,Tom Condello,8,7,2016,No,6th Grade
Chris Homer,Happee Boparai,8,4,2016,No,5th Grade
James Day,Phillip Ross,8,4,2016,No,9th Grade
Bryce Alexander,Keith Zissis,8,7,2016,No,6th Grade
R Singhal,Phillip Ross,8,6,2016,No,5th Grade
Balram Chahal,Happee Boparai,8,1,2016,No,5th Grade
Ashley Edwards,Adam Borrett,8,9,2016,No,3rd Grade
Scott Powell,AB Goodchild,8,3,2016,No,6th Grade
David Van Wees,Cameron Lee,8,3,2017,No,7th Grade
Phillip Ross,Ryan Barndon,8,5,2017,No,1st Grade
Karamjeet Singh,Adam Borrett,8,9,2017,No,1st Grade
Darren Holt,K Natraj,8,5,2017,No,7th Grade
Jun Singh,Phillip Ross,8,3,2017,No,3rd Grade
R Singhal,Bikram Singh,8,2,2017,No,5th Grade
K Murthy Dhansing,Bikram Singh,8,2,2017,No,5th Grade
Jun Singh,Clinton Reid,8,1,2017,No,3rd Grade
I Morawiec,d jackson,8,9,2017,No,7th Grade
G Minhas,Mandeep Singh,8,7,2017,No,5th Grade
Clinton Reid,Jun Singh,8,2,2017,No,3rd Grade
Curtis Stark,Scott Barnard,8,2,2017,No,1st Grade
Michael Peter,Karamdeep Brar,8,8,2017,No,5th Grade
Ryan Barndon,Ross Baker,8,4,2017,No,1st Grade
Brendan Millar,Brett Harrison,8,4,2017,No,3rd Grade
Mandeep Singh,Karamdeep Brar,8,9,2017,No,5th Grade
James Day,Mark Sinclair,8,2,2017,No,7th Grade
Paul Maindok,David Van Wees,8,1,2017,No,7th Grade
James Day,David Van Wees,8,1,2017,No,7th Grade
Ross Baker,Tom Condello,8,6,2017,No,3rd Grade
Bikram Singh,Chris Homer,8,3,2017,No,5th Grade
Karamjeet Singh,Scott Barnard,8,2,2017,No,1st Grade
James Day,Craig Bennett,8,1,2017,No,7th Grade
Brett Harrison,Darren Stride,8,9,2018,No,Mercantile One Day
Adam Lankester,Dov Morris,8,2,2018,No,2nd Grade
S Gill,C Vaidya,8,6,2018,No,4th Grade
Curtis Stark,Scott Barnard,8,1,2018,No,2nd Grade
Keith Zissis,Paul McNamara,8,3,2018,No,Mercantile One Day
Tony Bassett,Adam Borrett,8,8,2018,No,2nd Grade
Paul Maindok,Dennis Freind,8,10,2019,Yes,3rd Grade
Gurdeep Singh,Chris Mok,8,8,2019,Yes,B Division One Day Grade
Phillip Ross,Russell Normoyle,8,7,2019,No,3rd Grade
Jun Singh,Sandeep Brar,8,1,2019,No,5th Grade
Curtis Stark,Grant Carslake,8,1,2019,No,B Division One Day Grade
Darren Holt,Ross Baker,8,3,2019,No,B Division One Day Grade
W Abbas,Tony Bassett,8,9,2019,No,B Division One Day Grade
Randeep Brar,Bikram Singh,8,5,2019,No,5th Grade
Keith Zissis,B Jolley,8,7,2019,No,C Division One Day Grade
Cameron Lee,Brett Harrison,8,6,2019,No,5th Grade
Bruce Stark,Sajan Hanjra,8,4,2019,No,E Division One Day Grade
Ash Yadav,Adam Duffy,8,3,2019,No,B Division One Day Grade
Darren Stride,TW DeRozario,8,8,2019,No,C Division One Day Grade
Russell Normoyle,Phillip Ross,8,8,2019,No,3rd Grade
Chris Mok,D Bowman,8,10,2019,No,B Division One Day Grade
Darren Holt,Geoff Colgan,8,1,2019,No,B Division One Day Grade
A Corrie,Grant Carslake,8,9,2019,No,3rd Grade
A Aslam Jan,Cameron Lee,8,3,2019,No,B Division One Day Grade
Dov Morris,Darren Johnson,8,2,2019,No,3rd Grade
A Singh,Phillip Ross,8,9,2019,No,3rd Grade
Daniel Sims,Phillip Ross,8,8,2020,Yes,B Division One Day Grade
Daniel Sims,Dan Leatham,8,5,2020,No,B Division One Day Grade
Ash Yadav,Curtis Stark,8,2,2020,No,A Division One Day Grade
Chris Mok,C Breheny,8,3,2020,No,E Division One Day Grade
Chris Mok,Michael Peter,8,6,2020,No,E Division One Day Grade
Alex Cox,Grant Carslake,8,3,2020,No,F Division One Day Grade
David Van Wees,Nilan Chandratilake,8,1,2020,No,F Division One Day Grade
Adam Wreford,N Gordon,8,8,2020,No,E Division One Day Grade
Ross Baker,Bikram Singh,8,7,2020,No,A Division One Day Grade
Adam Duffy,Joe Morgan,8,10,2020,No,F Division One Day Grade
Kyle Adams,Parminder Sandhu,8,7,2020,No,F Division One Day Grade
Mandeep Singh,Daniel Sims,8,6,2020,No,B Division One Day Grade
Nilan Chandratilake,BE Cranny,8,1,2020,No,F Division One Day Grade
Samuel Freind,Pankaj Dhall,8,9,2021,Yes,A Division One Day Grade
Jun Singh,G Singh,8,4,2021,No,B Division One Day Grade
Ryan Barndon,Ross Baker,8,4,2021,No,B Division One Day Grade
A Lankester,Clinton Reid,8,6,2021,No,B Division One Day Grade
Brett Harrison,Thomas Cross,8,1,2021,No,E Division One Day Grade
Nilan Chandratilake,Parminder Sandhu,8,1,2021,No,G Division One Day Grade
Thomas Cross,Keith Zissis,8,1,2021,No,E Division One Day Grade
Ash Yadav,Nirbhai Sohi,8,1,2021,No,A Division One Day Grade
Jagdeep Brar,Bikram Singh,8,8,2021,No,A Division One Day Grade
Parminder Sandhu,Chris Popoff,8,2,2021,No,G Division One Day Grade
Jun Singh,Russell Normoyle,8,7,2022,Yes,B Division One Day Grade
Nirbhai Sohi,Bikram Singh,8,6,2022,Yes,A Division One Day Grade
Clinton Reid,Jun Singh,8,6,2022,No,B Division One Day Grade
Scott Bretland,Aaron Robson,8,4,2022,No,G Division One Day Grade
Mandeep Singh,Bikram Singh,8,7,2022,No,A Division One Day Grade
Nirbhai Sohi,Gurdeep Singh,8,1,2022,No,A Division One Day Grade
Nathan Hearnes,Daniel Lambrinidis,8,4,2022,No,D Division One Day Grade
Scott Bretland,Darren Franklin,8,8,2022,No,G Division One Day Grade
Vishnu Rajendran,Daniel Lambrinidis,8,4,2022,No,D Division One Day Grade
Nirbhai Sohi,Raghu Sharma,8,2,2022,No,A Division One Day Grade
Curtis Stark,Phillip Ross,8,7,2022,No,B Division One Day Grade
Trent George Kennedy,Ryan Barndon,8,5,2022,No,B Division One Day Grade
Adam Wreford,Samuel Freind,8,8,2022,No,A Division One Day Grade
Nirbhai Sohi,Happee Boparai,8,4,2022,No,A Division One Day Grade
Happee Boparai,Navjot Toor,8,7,2022,No,A Division One Day Grade
Cameron Lee,Vishnu Rajendran,8,3,2022,No,D Division One Day Grade
John Taylor,Happee Boparai,8,4,2022,No,A Division One Day Grade
Curtis Stark,Russell Normoyle,8,6,2022,No,B Division One Day Grade
Gurpreet Brar,David Van Wees,8,8,2022,No,G Division One Day Grade
Cameron Lee,Nathan Hearnes,8,2,2022,No,D Division One Day Grade
Happee Boparai,Samuel Freind,8,9,2022,No,A Division One Day Grade
Davis Bode,Gurdeep Singh,8,1,2022,No,A Division One Day Grade
Ross Baker,Aroan Ajayakumar,8,7,2023,No,B Division One Day Grade
Gurdeep Singh,Vijay Lather,8,9,2023,No,A Division One Day Grade
Jagdeep Brar,Ash Yadav,8,3,2023,No,A Division One Day Grade
Brett Harrison,Kyle Francis,8,8,2023,No,B Division One Day Grade
Scott Bretland,Chris Popoff,8,2,2023,No,I Division One Day Grade
Glenn Welton,Ross Baker,8,5,2023,No,B Division One Day Grade
Chris Popoff,Ajay Malik,8,7,2023,No,I Division One Day Grade
Angus Motherwell,Oscar Benger,8,1,2023,No,H Division One Day Grade
Happee Boparai,Sagar Lather,8,2,2023,No,A Division One Day Grade
Ross Baker,Darren Johnson,8,3,2023,No,B Division One Day Grade
Brett Harrison,Paul Holmes,8,7,2023,No,C Division One Day Grade
Jun Singh,Clinton Reid,8,9,2023,No,C Division One Day Grade
Kirk Howes,Raghu Sharma,8,1,2023,No,A Division One Day Grade
Scott Bretland,Alex Hall,8,6,2023,No,I Division One Day Grade
Ross Baker,David Cameron,8,5,2024,Yes,A Division One Day Grade
Kirk Howes,Glenn Welton,8,9,2024,Yes,A Division One Day Grade
Trent George Kennedy,Moran Robert Dedman Nielsen,8,10,2024,No,A Division One Day Grade
daniel spencer,Jordan Egan,8,6,2024,No,H Division One Day Grade
Alex Hall,Tom Condello,8,5,2024,No,I Division One Day Grade
Ryker Newman,Vishnu Rajendran,8,5,2024,No,C Division One Day Grade
Vishnu Rajendran,Trent George Kennedy,8,8,2024,No,C Division One Day Grade
Phillip Ross,Ben McInnes,8,10,2024,No,A Division One Day Grade
Bruce Stark,Raguvaran Sukumar,8,5,2025,Yes,I Division One Day Grade
Clinton Reid,Jun Singh,8,3,2025,No,D Division One Day Grade
Dennis Freind,Campbell Robson,8,7,2025,No,I Division One Day Grade
Darren Franklin,Campbell Bishop,8,10,2025,No,I Division One Day Grade
Adam Duffy,Scott Bretland,8,2,2025,No,I Division One Day Grade
Scott Bretland,Raguvaran Sukumar,8,5,2025,No,I Division One Day Grade
Thanuja Jayakodi Arachchige,Trent George Kennedy,8,10,2025,No,A Division One Day Grade
Rusiru Pitiyage,Vihanga Silva,8,7,2025,No,H Division One Day Grade
Glenn Welton,Jordan Egan,8,3,2025,No,A Division One Day Grade
Ross Baker,Kirk Howes,8,6,2025,No,A Division One Day Grade
Grant Carslake,Vipula Wakkumbura,8,9,2025,No,D Division One Day Grade
Adam Duffy,Aaron Robson,8,4,2025,No,I Division One Day Grade
Adam Duffy,Tom Condello,8,5,2025,No,I Division One Day Grade
Brett Harrison,Vishnu Rajendran,8,5,2025,No,D Division One Day Grade
Manoj jayawardena,Vihanga Silva,8,3,2025,No,H Division One Day Grade
Grant Carslake,Vipula Wakkumbura,8,10,2025,No,D Division One Day Grade
Maxim Crombie,Kevin Bishop,8,7,2025,No,I Division One Day Grade
Vihanga Silva,Buddika Buthpitilekamalage,8,6,2025,No,H Division One Day Grade
Kirk Howes,Darren Johnson,8,8,2025,No,A Division One Day Grade
Ashan Udeshitha,Vishnu Rajendran,8,5,2025,No,D Division One Day Grade
Jun Singh,Bradley Younger,8,2,2025,No,D Division One Day Grade
Glenn Welton,Darren Johnson,8,5,2025,No,A Division One Day Grade
Geoff Hamel,M Leeder,7,2,1963,No,1st Grade
Dave Ralston,S Hunter,7,7,1964,Yes,1st Grade
Brian France,Ray Taylor,7,3,1964,No,1st Grade
Geoff Hamel,Dave Cosson,7,6,1964,No,1st Grade
Keith Randell,Brian France,7,1,1964,No,1st Grade
Rob Wheeler,Kevin Lock,7,9,1965,Yes,1st Grade
Brian Buttsworth,Brian Henville,7,2,1965,No,1st Grade
T Robertson,Dave Cosson,7,8,1966,No,1st Grade
Brian Buttsworth,Harry Varis,7,3,1966,No,1st Grade
Ralph Brockman,Bert Smith,7,6,1966,No,1st Grade
Alan Wilkins,T Robertson,7,5,1966,No,1st Grade
Dennis Freind,David Separovic,7,10,1992,No,1st Grade
Ian Blake,Shane Lee,7,8,1992,No,1st Grade
Ian Blake,Graham Butler,7,3,1993,No,1st Grade
Shane Ferdinadus,Ian Price,7,7,1993,No,1st Grade
Stephen Clarke,Ian Blake,7,1,1993,No,1st Grade
Dennis Freind,Justin Fisher,7,2,1993,No,1st Grade
Darren Mackie,Graham Butler,7,5,1994,No,1st Grade
Dennis Freind,David Separovic,7,10,1994,No,1st Grade
Paul Dickson,David Sheppard,7,9,1994,No,1st Grade
Dennis Freind,Ron Gillespie,7,4,1995,No,1st Grade
Chris Whyte,David Separovic,7,10,1995,No,1st Grade
Peter McSweeney,Chris Whyte,7,7,1995,No,1st Grade
Paul Dickson,Dennis Freind,7,1,1995,No,1st Grade
Ron Gillespie,Adam Bassett,7,6,1995,No,1st Grade
Shane Innes,Tim Reid,7,8,1997,Yes,3rd Grade
Christopher Jebb,David Jones,7,9,1997,Yes,3rd Grade
Lee Blake,Glenn McKinnon,7,10,1997,No,Metropolitan One Day
John Lewis,Graham Bowman,7,4,1997,No,7th Grade
Mark Rush,Nathan Whitney,7,9,1997,No,4th Grade
Gary Freind,Kevin Rowland,7,1,1997,No,3rd Grade
Mark Pearson,Graeme Dennis,7,9,1997,No,3rd Grade
Charles Marlam,Christopher Jebb,7,5,1997,No,3rd Grade
David Singh,David Sheppard,7,3,1997,No,Metropolitan One Day
Michael Petrie,Darren Holt,7,5,1997,No,3rd Grade
Rodney Taylor,Christopher Jebb,7,5,1997,No,3rd Grade
Kim Anderson,Tony Carrier,7,7,1997,No,5th Grade
Warren Pearson,Gino Giamboi,7,9,1997,No,5th Grade
Paul Calcott,James Bourne,7,10,1997,No,Metropolitan One Day
Keith DeSilva,Mark Stevens,7,1,1997,No,Metropolitan One Day
Paul Dickson,Shane Innes,7,5,1997,No,5th Grade
Ward Bond,Bruce Stark,7,2,1997,No,3rd Grade
Ward Bond,Charles Marlam,7,3,1997,No,3rd Grade
Keith DeSilva,John Eyres,7,2,1997,No,7th Grade
Gary Freind,Craig Sherlock,7,3,1997,No,5th Grade
Kevin Rowland,Jeff Healy,7,7,1997,No,5th Grade
Russell Gerreyn,David Gulberti,7,4,1997,No,7th Grade
John Lewis,Lee Blake,7,2,1997,No,Metropolitan One Day
Lee Blake,David Moralee,7,3,1997,No,Metropolitan One Day
Terry Holbrook,Barry Richardson,7,7,1997,No,5th Grade
Gary Freind,Alex Hall,7,2,1997,No,5th Grade
Paul Dickson,Mark Butler,7,8,1998,Yes,1st Grade
Brett Harris,David Jones,7,8,1998,No,1st Grade
Jeff Stephenson,Glenn Sadler,7,7,1998,No,5th Grade
Kevin Rowland,Adam Bassett,7,3,1998,No,1st Grade
Bryce Alexander,Kevin Rowland,7,1,1998,No,1st Grade
Darren Holt,Kevin Rowland,7,1,1998,No,1st Grade
Bruce Stark,Tim Reid,7,1,1998,No,3rd Grade
David Gulberti,John Cottier,7,2,1998,No,3rd Grade
Peter Bibby,David Brooks,7,1,1998,No,3rd Grade
Paul Dickson,Tim Reid,7,2,1998,No,3rd Grade
Paul Dickson,Bryce Alexander,7,3,1998,No,3rd Grade
Evan Standley,Mark Butler,7,8,1998,No,1st Grade
Evan Standley,Dennis Freind,7,10,1998,No,1st Grade
Gary Freind,Gary Burton,7,2,1998,No,5th Grade
Tim Reid,Mark Dickson,7,4,1998,No,3rd Grade
Marcus Nolan,Dennis Freind,7,9,1999,No,1st Grade
Gary Burton,Ian Blake,7,2,1999,No,5th Grade
Ross Baker,Marcus Nolan,7,6,1999,No,1st Grade
Ross Baker,Mark Dickson,7,5,1999,No,1st Grade
Glenn Sadler,Len Peterson,7,9,1999,No,5th Grade
Ryan Kershaw,Nathan Whitney,7,7,1999,No,1st Grade
Dennis Freind,Geoff Colgan,7,5,1999,No,1st Grade
Bryce Alexander,Geoff Colgan,7,3,1999,No,1st Grade
Marcus Nolan,Mark Dickson,7,7,1999,No,1st Grade
Evan Standley,Marcus Nolan,7,8,1999,No,1st Grade
Dennis Freind,Darren Holt,7,2,1999,No,1st Grade
Darren Holt,Matthew Duffy,7,3,1999,No,1st Grade
Nathan Whitney,Christopher Barnes,7,6,1999,No,1st Grade
Christopher Barnes,Keith Manea,7,7,1999,No,1st Grade
Anthony Libia,Jeremy Davis,7,6,1999,No,5th Grade
Geoff Colgan,Kyle Adams,7,1,1999,No,1st Grade
Kim Anderson,Glenn Sadler,7,7,1999,No,5th Grade
Kyle Adams,Ross Baker,7,3,1999,No,1st Grade
Russell Gerreyn,Jeremy Davis,7,5,1999,No,5th Grade
Gary Burton,Russell Gerreyn,7,1,1999,No,5th Grade
Nathan Whitney,Darren Young,7,2,2000,No,1st Grade
Jay Holland,Christopher Barnes,7,10,2000,No,1st Grade
Robbie Taylor,Kyle Adams,7,4,2001,No,1st Grade
Robbie Taylor,Nathan Whitney,7,5,2001,No,1st Grade
Geoff Colgan,Nathan Whitney,7,6,2001,No,1st Grade
Darren Young,Nathan Whitney,7,1,2001,No,1st Grade
Robbie Taylor,Geoff Colgan,7,4,2002,No,1st Grade
Darren Young,Anthony Libia,7,1,2002,No,1st Grade
Darren Young,Stephen Clarke,7,2,2002,No,1st Grade
Anthony Libia,Darren Holt,7,2,2002,No,1st Grade
Graeme Angwin,Craig Phillip,7,10,2002,No,1st Grade
Graeme Angwin,Mark Butler,7,10,2002,No,1st Grade
David Lenane,Darren Young,7,6,2002,No,1st Grade
Gregory Martin,Chris Whyte,7,8,2003,Yes,1st Grade
Glenn Andersson,Dennis Freind,7,9,2003,Yes,1st Grade
Dennis Freind,Craig Phillip,7,10,2003,No,1st Grade
Ron Gillespie,Bruce Stark,7,4,2003,No,1st Grade
Anthony Burke,Kyle Adams,7,1,2003,No,1st Grade
Anthony Burke,Darren Young,7,1,2003,No,1st Grade
Anthony Burke,David Lenane,7,6,2003,No,1st Grade
Gregory Martin,Darren Young,7,9,2004,Yes,1st Grade
Kyle Adams,Charles Marlam,7,7,2004,No,1st Grade
Darren Holt,Malcolm Williams,7,4,2004,No,1st Grade
Darren Holt,Luke Capper,7,5,2004,No,1st Grade
Malcolm Williams,Bruce Stark,7,9,2004,No,1st Grade
Anthony Burke,Graeme Dennis,7,10,2004,No,1st Grade
Anthony Burke,Gregory Martin,7,5,2004,No,1st Grade
Bryce Alexander,Luke Capper,7,5,2004,No,1st Grade
Malcolm Williams,Jeremy Davis,7,7,2004,No,1st Grade
Gregory Martin,Len Kelly,7,9,2004,No,1st Grade
Darren Young,Robbie Edwards,7,9,2005,No,1st Grade
Robbie Edwards,Grant Cross,7,10,2005,No,1st Grade
Mark Stevens,Len Peterson,7,5,2005,No,8th Grade
Lee Travis,Chris Robson,7,8,2005,No,Metropolitan One Day
Scott Powell,Michael Gartell,7,2,2005,No,Metropolitan One Day
Bruce Stark,Curtis Stark,7,6,2005,No,1st Grade
Felix Machado,Courtney Swift,7,7,2005,No,8th Grade
Kevin Rowland,Jeff West,7,1,2005,No,4th Grade
Bryce Alexander,Anthony Burke,7,3,2005,No,1st Grade
Bruce Stark,Gregory Martin,7,5,2005,No,1st Grade
Satish Krishnan,Ajigh RajaGopal,7,10,2005,No,8th Grade
Russell Normoyle,Mark Dickson,7,3,2005,No,4th Grade
Darren Hutchins,Raebern DSylva,7,2,2005,No,8th Grade
Joshua Wells,Peter Westgate,7,10,2005,No,4th Grade
Neil Steadman,Courtney Swift,7,9,2005,No,8th Grade
Neil Steadman,Vikram Kalaimani,7,10,2005,No,8th Grade
Michael Gartell,Chris Robson,7,1,2005,No,Metropolitan One Day
Tariq Haroon,Mark Dickson,7,5,2005,No,1st Grade
Russell Gerreyn,Vikram Kalaimani,7,8,2005,No,8th Grade
Curtis Stark,Ryan Barndon,7,5,2005,No,4th Grade
Charles Marlam,Ryan Barndon,7,2,2005,No,4th Grade
Scott Barnard,Robbie Edwards,7,8,2005,No,4th Grade
Lee Travis,Anthony Morgan,7,8,2005,No,Metropolitan One Day
Jay Hindmarsh,Dennis Freind,7,7,2005,No,4th Grade
Matthew Sorensen,Courtney Swift,7,10,2005,No,8th Grade
John Lewis,Jeff West,7,1,2005,No,8th Grade
John Lewis,Russell Gerreyn,7,4,2005,No,8th Grade
Scott Barnard,Ryan Barndon,7,1,2005,No,4th Grade
Anthony Burke,Curtis Stark,7,7,2005,No,1st Grade
Robbie Edwards,Neil Steadman,7,7,2005,No,4th Grade
Ryan Barndon,David Van Wees,7,7,2005,No,4th Grade
Matthew Sorensen,Mark Stevens,7,6,2005,No,8th Grade
Anthony Libia,Dennis Freind,7,6,2006,No,2nd Grade
Anthony Libia,Aaron Robson,7,7,2006,No,2nd Grade
Anthony Libia,Aaron Robson,7,7,2006,No,2nd Grade
Dennis Freind,Anthony Libia,7,5,2006,No,2nd Grade
Dennis Freind,Kevin Rowland,7,1,2006,No,2nd Grade
Mark Stevens,Courtney Swift,7,3,2006,No,8th Grade
Ajigh RajaGopal,Courtney Swift,7,7,2006,No,8th Grade
Scott Barnard,John Lewis,7,1,2006,No,5th Grade
Dennis Freind,Kevin Rowland,7,1,2006,No,2nd Grade
Robbie Edwards,Graeme Dennis,7,7,2006,No,5th Grade
Aaron Robson,Gino Giamboi,7,9,2006,No,2nd Grade
Michael Gartell,James Vellios,7,10,2006,No,8th Grade
Russell Gerreyn,Jason Carlyon,7,2,2006,No,5th Grade
Courtney Swift,John Lewis,7,1,2006,No,8th Grade
Ryan Barndon,Paul Dickson,7,4,2006,No,2nd Grade
Kevin Rowland,Anthony Libia,7,6,2006,No,2nd Grade
Dennis Freind,Dave Dewhurst,7,9,2006,No,2nd Grade
Gino Giamboi,Russell Gerreyn,7,1,2006,No,5th Grade
Cassis Van Wees,Ashley Edwards,7,10,2006,No,5th Grade
Bryce Alexander,Charles Marlam,7,2,2006,No,2nd Grade
Darren Hutchins,Simon Borrett,7,8,2006,No,5th Grade
Ryan Barndon,Anthony Libia,7,8,2007,Yes,3rd Grade
Steven Freind,Alex Hall,7,2,2007,No,9th Grade
Ben Loader,Cassis Van Wees,7,1,2007,No,Metropolitan One Day
John Lewis,Raghu Gopalan,7,1,2007,No,9th Grade
Brett Harrison,Paul Dickson,7,2,2007,No,6th Grade
Brett Harley,Timothy Gailbraith,7,5,2007,No,Metropolitan One Day
John Lewis,Len Peterson,7,10,2007,No,9th Grade
Bryce Alexander,Curtis Stark,7,1,2007,No,3rd Grade
Courtney Swift,Len Peterson,7,7,2007,No,9th Grade
Paul Dickson,Brett Harrison,7,3,2007,No,6th Grade
Ryan Shelton,Bruce Stark,7,1,2007,No,Metropolitan One Day
Steve Moore,Robbie Edwards,7,9,2007,No,6th Grade
Jeff Stephenson,Adam Spencer,7,3,2007,No,9th Grade
Jeff Stephenson,Kenneth Kelly,7,4,2007,No,9th Grade
Christopher Jebb,Paul McNamara,7,4,2007,No,9th Grade
Leon Burrows,Craig Bennett,7,8,2007,No,3rd Grade
David Van Wees,Paul Dickson,7,1,2007,No,6th Grade
Leon Burrows,Scott Powell,7,5,2007,No,3rd Grade
Curtis Stark,Dennis Freind,7,8,2008,No,2nd Grade
D Batanares,JD Paternostro,7,8,2008,No,Metropolitan One Day
Steven Freind,Matthew Hilleard,7,6,2008,No,8th Grade
Jeff Stephenson,Kevin Rowland,7,2,2008,No,8th Grade
Kenneth Kelly,Gino Giamboi,7,7,2008,No,Metropolitan One Day
Paul Peos,Russell Gerreyn,7,3,2008,No,Metropolitan One Day
Bryce Alexander,Craig Bennett,7,1,2008,No,2nd Grade
Russell Gerreyn,Keith Zissis,7,1,2008,No,Metropolitan One Day
Keith Zissis,Paul Peos,7,2,2008,No,Metropolitan One Day
Arthur Vlahos,Russell Gerreyn,7,4,2008,No,Metropolitan One Day
Bryce Alexander,Leon Burrows,7,1,2008,No,2nd Grade
Robbie Edwards,Ben Stephenson,7,7,2008,No,Metropolitan One Day
Keith Zissis,Zack Van Wees,7,7,2008,No,Metropolitan One Day
Charles Marlam,Paul Dickson,7,3,2008,No,5th Grade
Robbie Edwards,Matthew Hilleard,7,2,2008,No,8th Grade
Bryce Alexander,Leon Burrows,7,1,2008,No,2nd Grade
Neil Steadman,Russell Gerreyn,7,6,2008,No,Metropolitan One Day
Keith Zissis,Neil Steadman,7,3,2008,No,Metropolitan One Day
Paul McNamara,MD Rowe,7,6,2008,No,Metropolitan One Day
Ryan Shelton,Ryan Barndon,7,2,2008,No,2nd Grade
Russell Normoyle,Timothy Gailbraith,7,8,2008,No,5th Grade
Ben Stephenson,Jeff Stephenson,7,5,2008,No,8th Grade
Paul Dickson,Ben Loader,7,1,2008,No,5th Grade
Gino Giamboi,Courtney Swift,7,8,2009,Yes,Metropolitan One Day
Curtis Stark,Darren Hutchins,7,6,2009,Yes,7th Grade
Curtis Stark,Ross Baker,7,2,2009,No,5th Grade
Leon Burrows,Curtis Stark,7,2,2009,No,2nd Grade
Curtis Stark,Ross Baker,7,3,2009,No,2nd Grade
Charles Marlam,Paul Dickson,7,1,2009,No,7th Grade
Adam Wreford,Ryan Barndon,7,7,2009,No,2nd Grade
Kenneth Kelly,Paul McNamara,7,9,2009,No,Metropolitan One Day
Leon Okely,Dave Dewhurst,7,9,2009,No,7th Grade
Bryce Alexander,Leon Okely,7,6,2009,No,7th Grade
Daniel Allsop,BA Parkes,7,10,2009,No,Metropolitan One Day
Charles Marlam,T Dias,7,2,2009,No,7th Grade
Charles Marlam,Timothy Gailbraith,7,8,2009,No,7th Grade
Kenneth Kelly,Gino Giamboi,7,7,2009,No,Metropolitan One Day
Paul Peos,Russell Gerreyn,7,3,2009,No,Metropolitan One Day
Ryan Shelton,Ryan Barndon,7,1,2009,No,2nd Grade
Robbie Edwards,Timothy Gailbraith,7,9,2009,No,7th Grade
Shane Shaw,Anthony Libia,7,4,2009,No,5th Grade
Steven Freind,Kenneth Kelly,7,4,2009,No,Metropolitan One Day
Ash Eyre,Jack Vlahos,7,7,2009,No,Metropolitan One Day
Anthony Libia,Scott Barnard,7,6,2009,No,5th Grade
Russell Gerreyn,J Eyre,7,2,2009,No,Metropolitan One Day
David Van Wees,Dov Morris,7,1,2009,No,5th Grade
Dov Morris,Charles Marlam,7,2,2009,No,5th Grade
Tony Bassett,Dave Dewhurst,7,10,2009,No,2nd Grade
Russell Gerreyn,T Bambury,7,4,2010,Yes,Metropolitan One Day
Leon Okely,Curtis Stark,7,1,2010,Yes,5th Grade
Dennis Freind,Keith Zissis,7,1,2010,No,7th Grade
Michael Mani,Sam Finnigan,7,8,2010,No,2nd Grade
Ross Baker,Michael Mani,7,7,2010,No,2nd Grade
Matt Behn,Tony Bassett,7,8,2010,No,2nd Grade
Dennis Freind,Charles Marlam,7,3,2010,No,7th Grade
Paul Peos,C Walkerden,7,4,2010,No,Metropolitan One Day
Keith Zissis,Justin Joyce,7,2,2010,No,Metropolitan One Day
Dave Dewhurst,Michael Peter,7,10,2010,No,5th Grade
J MacRae,Bryce Alexander,7,5,2010,No,7th Grade
Russell Gerreyn,J Eyre,7,3,2010,No,Metropolitan One Day
Shane Shaw,Adam Wreford,7,6,2010,No,5th Grade
Curtis Stark,Scott Barnard,7,2,2010,No,5th Grade
Daniel Allsop,Paul Dickson,7,9,2011,No,6th Grade
Dov Morris,Leon Burrows,7,1,2011,No,2nd Grade
James Day,Charles Marlam,7,2,2011,No,6th Grade
Scott Powell,Adam Wreford,7,9,2011,No,2nd Grade
Andrew Webley,Sean Okley,7,5,2011,No,6th Grade
Conor Breheny,Mitch Sidon,7,4,2011,No,6th Grade
Ryan Barndon,Adam Wreford,7,7,2011,No,2nd Grade
Leon Okely,Curtis Stark,7,1,2011,No,4th Grade
Brett Harrison,Aaron Robson,7,5,2011,No,4th Grade
Scott Barnard,Tony Bassett,7,9,2011,No,2nd Grade
Conor Breheny,Daniel Allsop,7,5,2011,No,6th Grade
R Morgan,Michael Peter,7,10,2011,No,4th Grade
Dennis Freind,Leon Okely,7,1,2011,No,4th Grade
Ryan James,D Winning,7,2,2011,No,6th Grade
Ryan Barndon,Ross Baker,7,3,2011,No,2nd Grade
James Day,Kevin Rowland,7,2,2011,No,Metropolitan One Day
Ash Eyre,Keith Zissis,7,3,2011,No,Metropolitan One Day
Ash Eyre,R Morgan,7,7,2011,No,Metropolitan One Day
James Day,Dov Morris,7,3,2012,Yes,2nd Grade
Russell Normoyle,Michael Mani,7,9,2012,No,2nd Grade
Leon Burrows,Scott Barnard,7,2,2012,No,2nd Grade
JD Krasenstein,Lee Maas,7,4,2012,No,6th Grade
Paul Dickson,Andrew Webley,7,8,2012,No,3rd Grade
Brett Harrison,Andrew Webley,7,5,2012,No,3rd Grade
Daniel Allsop,Mandeep Singh,7,10,2012,No,6th Grade
Chris Mok,Bruce Stark,7,6,2012,No,6th Grade
Brett Harrison,Darren Johnson,7,4,2012,No,3rd Grade
L Pollard,P Greene,7,5,2012,No,Metropolitan One Day
D Diletti,John Taylor,7,3,2012,No,6th Grade
John Taylor,JD Krasenstein,7,4,2012,No,6th Grade
Ben Gatter,Chris Mok,7,8,2012,No,6th Grade
Dov Morris,Leon Burrows,7,3,2012,No,2nd Grade
Paul Peos,JL Dimond,7,2,2012,No,6th Grade
Brett Harrison,Adam Wreford,7,9,2012,No,3rd Grade
Dennis Freind,Dave Dewhurst,7,9,2012,No,3rd Grade
Paul Dickson,Chris Mok,7,4,2012,No,6th Grade
James Day,Robbie Edwards,7,5,2012,No,6th Grade
Timothy Gailbraith,Ben Gatter,7,8,2012,No,6th Grade
Bryce Alexander,Tony Bassett,7,7,2012,No,3rd Grade
Timothy Gailbraith,Chris Mok,7,4,2012,No,6th Grade
T Cox,Ben Price,7,2,2012,No,3rd Grade
Martin Burrow,Karamjeet Singh,7,6,2013,Yes,Metropolitan One Day
Happee Boparai,Devender Kumar,7,6,2013,Yes,Mercantile One Day
James Day,R Morgan,7,4,2013,No,5th Grade
Josh Copping,Tony Bassett,7,5,2013,No,3rd Grade
Curtis Stark,Josh Copping,7,3,2013,No,3rd Grade
Russell Gerreyn,Chris Homer,7,2,2013,No,Metropolitan One Day
Clinton Reid,Brett Harrison,7,2,2013,No,3rd Grade
Keith Zissis,Russell Gerreyn,7,1,2013,No,Metropolitan One Day
Russell Gerreyn,Chris Homer,7,2,2013,No,Metropolitan One Day
David Van Wees,Nathan Marrocco,7,4,2013,No,5th Grade
Mark Sinclair,Jun Singh,7,8,2013,No,Metropolitan One Day
Aaron Robson,Bruce Stark,7,8,2013,No,3rd Grade
Happee Boparai,Randeep Brar,7,2,2013,No,Mercantile One Day
Dov Morris,Keith Zissis,7,1,2013,No,2nd Grade
Ian Wilson,Jack Vlahos,7,6,2013,No,Metropolitan One Day
Curtis Stark,Brett Harrison,7,2,2013,No,3rd Grade
James Day,Chris Mok,7,1,2013,No,5th Grade
Daniel Atkinson,Karamjeet Singh,7,8,2013,No,2nd Grade
Josh Copping,Daniel Atkinson,7,6,2013,No,3rd Grade
Brett Harrison,Cory DeJager,7,6,2013,No,3rd Grade
Josh Taylor,Ross Baker,7,4,2013,No,2nd Grade
Adam Wreford,Kirk Howes,7,9,2013,No,2nd Grade
M Thakur,V Patel,7,10,2014,Yes,Metropolitan One Day
Paul Dickson,Dennis Freind,7,5,2014,Yes,8th Grade
Christopher Gerreyn,Russell Gerreyn,7,1,2014,No,8th Grade
S Gill,M Thakur,7,10,2014,No,Metropolitan One Day
Kevin Rowland,Keith Zissis,7,4,2014,No,3rd Grade
Chris Homer,Grant Carslake,7,7,2014,No,5th Grade
Dennis Freind,Jun Singh,7,9,2014,No,3rd Grade
Dennis Freind,Lee Maas,7,10,2014,No,3rd Grade
Mandeep Singh,R Gill,7,7,2014,No,Metropolitan One Day
Garath Van Der Elst,Chris Mok,7,3,2014,No,5th Grade
Onka Singh,Happee Boparai,7,2,2014,No,Metropolitan One Day
S Gill,Harbhinder Sandhu,7,8,2014,No,Metropolitan One Day
Onka Singh,Randeep Brar,7,4,2014,No,Metropolitan One Day
Garath Van Der Elst,Gino Giamboi,7,8,2014,No,5th Grade
Curtis Stark,Ben Price,7,2,2014,No,3rd Grade
Chris Homer,Conor Breheny,7,5,2014,No,5th Grade
Aaron Robson,Kai Homer,7,2,2014,No,3rd Grade
Randeep Brar,S Gill,7,5,2014,No,Metropolitan One Day
Karamjeet Singh,Ross Baker,7,3,2014,No,2nd Grade
Paul Dickson,Tom Condello,7,9,2014,No,8th Grade
Randeep Brar,Mandeep Sidhu,7,6,2014,No,Metropolitan One Day
Ben Gatter,Lee Maas,7,10,2014,No,5th Grade
Sandeep Brar,Randeep Brar,7,3,2014,No,Metropolitan One Day
Happee Boparai,H Batth,7,5,2014,No,Metropolitan One Day
Mandeep Singh,Gurpreet Sidhu,7,4,2015,Yes,7th Grade
Leon Burrows,Dave Dewhurst,7,10,2015,Yes,2nd Grade
Dennis Freind,R Amlani,7,2,2015,No,7th Grade
Chris Homer,Kevin Rowland,7,3,2015,No,6th Grade
Chris Homer,Garath Van Der Elst,7,1,2015,No,6th Grade
Z Taylor,P Rados,7,3,2015,No,9th Grade
Scott Barnard,Dov Morris,7,2,2015,No,2nd Grade
Adam Wreford,James Ditchburn,7,8,2015,No,2nd Grade
N Singh,Josh Copping,7,4,2015,No,4th Grade
N Singh,Curtis Stark,7,5,2015,No,4th Grade
Ranjit Singh,P Singh,7,2,2015,No,9th Grade
Clinton Reid,Grant Carslake,7,4,2015,No,9th Grade
R Singhal,Robbie Edwards,7,10,2015,No,4th Grade
Brett Harrison,Aaron Robson,7,4,2015,No,4th Grade
Paul Dickson,Robbie Edwards,7,9,2015,No,6th Grade
Mandeep Sidhu,Robbie Edwards,7,10,2015,No,4th Grade
K Symons,AB Goodchild,7,1,2015,No,7th Grade
Bryce Alexander,Josh Copping,7,3,2015,No,7th Grade
Curtis Stark,R Singhal,7,1,2015,No,4th Grade
R Singhal,N Singh,7,2,2015,No,4th Grade
Conor Breheny,B Le Cras,7,9,2015,No,9th Grade
Goppi Singh,Jun Singh,7,2,2015,No,9th Grade
Leon Burrows,Adam Wreford,7,8,2015,No,2nd Grade
John Taylor,James Day,7,5,2015,No,6th Grade
R Singhal,James Day,7,1,2015,No,6th Grade
Ross Baker,Leon Burrows,7,7,2015,No,2nd Grade
Ross Baker,Adam Wreford,7,8,2015,No,2nd Grade
Tom Condello,Dennis Freind,7,9,2015,No,7th Grade
GC Siddalingappa,Grant Carslake,7,5,2015,No,9th Grade
Chris Mok,Gurpreet Sidhu,7,3,2015,No,6th Grade
Adam Lankester,Curtis Stark,7,5,2015,No,4th Grade
Adam Lankester,Brendan Miller,7,3,2015,No,4th Grade
Sandeep Brar,Ryan Barndon,7,7,2015,No,2nd Grade
Timothy Gailbraith,Chris Mok,7,2,2015,No,6th Grade
Dennis Freind,Robbie Edwards,7,10,2015,No,7th Grade
M Munish,B Le Cras,7,7,2015,No,9th Grade
A Malik,R Edmonds,7,8,2016,No,3rd Grade
Brendan Millar,M Munish,7,5,2016,No,3rd Grade
Cameron Lee,Keith Zissis,7,3,2016,No,6th Grade
Curtis Stark,Scott Barnard,7,2,2016,No,3rd Grade
C Vaidya,R Rajana,7,3,2016,No,Metropolitan One Day
L Johnson,Cameron Lee,7,4,2016,No,9th Grade
Grant Carslake,AB Goodchild,7,5,2016,No,6th Grade
David Van Wees,Keith Zissis,7,3,2016,No,6th Grade
David Van Wees,Jun Singh,7,1,2016,No,6th Grade
AB Goodchild,Gino Giamboi,7,6,2016,No,6th Grade
Brett Harrison,C Vaidya,7,3,2016,No,5th Grade
Jun Singh,Garath Van Der Elst,7,1,2016,No,6th Grade
Garath Van Der Elst,AB Goodchild,7,3,2016,No,6th Grade
Grant Carslake,A Sheikh,7,5,2016,No,9th Grade
David Van Wees,Bryce Alexander,7,2,2016,No,6th Grade
Cameron Lee,Darren Stride,7,9,2016,No,6th Grade
Keith Zissis,Scott Powell,7,4,2016,No,6th Grade
B Le Cras,Garath Van Der Elst,7,1,2016,No,9th Grade
Tony Bassett,Y Rai,7,10,2016,No,5th Grade
Courtney Swift,GA Carslake,7,5,2016,No,9th Grade
Garath Van Der Elst,James Day,7,1,2016,No,9th Grade
Brett Harrison,Tom Condello,7,5,2017,Yes,3rd Grade
A Corrie,James Ditchburn,7,9,2017,No,3rd Grade
S Gill,C Singh,7,7,2017,No,5th Grade
Karamjeet Singh,Ashley Edwards,7,10,2017,No,1st Grade
Adam Borrett,Grant Carslake,7,6,2017,No,3rd Grade
A Malik,Ross Baker,7,6,2017,No,1st Grade
Leon Burrows,Ashley Edwards,7,10,2017,No,1st Grade
Cameron Lee,Mark Sinclair,7,4,2017,No,7th Grade
Karamjeet Singh,Adam Borrett,7,10,2017,No,1st Grade
A Malik,Karamjeet Singh,7,6,2017,No,1st Grade
Cameron Lee,Ashley Edwards,7,9,2017,No,3rd Grade
Cameron Lee,Tom Condello,7,7,2017,No,3rd Grade
Adam Lankester,Darren Johnson,7,3,2017,No,1st Grade
Curtis Stark,Cameron Lee,7,1,2017,No,3rd Grade
Adam Wreford,Scott Barnard,7,2,2017,No,1st Grade
S Gill,Chris Homer,7,6,2017,No,5th Grade
Y Rai,Karamdeep Brar,7,9,2017,No,5th Grade
David Van Wees,Mark Sinclair,7,3,2017,No,7th Grade
Chris Homer,Darren Stride,7,7,2017,No,5th Grade
Brett Harrison,Bikram Singh,7,2,2017,No,5th Grade
C Tilley,Tom Condello,7,8,2017,No,3rd Grade
Tim Galbraith,Bruce Stark,7,5,2017,No,3rd Grade
Brad Walker,Chris Mok,7,3,2017,No,3rd Grade
Ross Baker,W Roberts Wiseman,7,10,2017,No,1st Grade
Curtis Stark,Chris Mok,7,1,2017,No,3rd Grade
Paul Maindok,Brendan Millar,7,2,2017,No,7th Grade
Bikram Singh,R Singhal,7,9,2018,No,4th Grade
Raghu Sharma,Robbie Edwards,7,10,2018,No,4th Grade
Jun Singh,Anthony Sinclair,7,8,2018,No,Mercantile One Day
Paul Maindok,Clinton Reid,7,3,2018,No,Mercantile One Day
Curtis Stark,Russell Normoyle,7,6,2018,No,2nd Grade
Garath Van Der Elst,Raghu Sharma,7,3,2018,No,4th Grade
Adam Lankester,Darren Johnson,7,1,2018,No,2nd Grade
Darren Stride,Goppi Singh,7,10,2018,No,Mercantile One Day
Paul Maindok,David Van Wees,7,1,2018,No,Mercantile One Day
D Bowman,Darren Stride,7,10,2018,No,Mercantile One Day
Hayden Candy,Paul McNamara,7,6,2018,No,Mercantile One Day
Paul Maindok,Keith Zissis,7,3,2018,No,Mercantile One Day
Dennis Freind,Tom Condello,7,6,2018,No,4th Grade
A Singh,Phillip Ross,7,9,2019,Yes,3rd Grade
Darren Stride,Dennis Freind,7,8,2019,Yes,C Division One Day Grade
Curtis Stark,Robbie Taylor,7,4,2019,No,B Division One Day Grade
Curtis Stark,Darren Young,7,1,2019,No,B Division One Day Grade
J Trichilo,Danny Toohey,7,7,2019,No,E Division One Day Grade
J Kendall,J Trichilo,7,2,2019,No,E Division One Day Grade
Duane Crombie,David Van Wees,7,5,2019,No,E Division One Day Grade
Dennis Freind,Gino Giamboi,7,9,2019,No,E Division One Day Grade
Randeep Brar,S Gill,7,6,2019,No,5th Grade
Raghu Sharma,Phillip Ross,7,8,2019,No,3rd Grade
Jun Singh,Cameron Lee,7,4,2019,No,5th Grade
David Van Wees,Chris Popoff,7,1,2019,No,E Division One Day Grade
TW DeRozario,B Adams,7,9,2019,No,C Division One Day Grade
Grant Carslake,B Jolley,7,8,2019,No,B Division One Day Grade
O Cranny,BE Cranny,7,5,2019,No,E Division One Day Grade
LH Berendsen,A Singh,7,8,2019,No,3rd Grade
Raghu Sharma,Curtis Stark,7,4,2019,No,3rd Grade
Hayden Candy,B Jolley,7,6,2019,No,C Division One Day Grade
Randeep Brar,Sandeep Brar,7,4,2019,No,5th Grade
Sandeep Brar,Jagdeep Brar,7,7,2019,No,5th Grade
Darren Johnson,LH Berendsen,7,6,2019,No,3rd Grade
Duane Crombie,Chris Popoff,7,6,2019,No,E Division One Day Grade
Geoff Colgan,A Aslam Jan,7,1,2019,No,B Division One Day Grade
Dov Morris,Brett Harrison,7,1,2019,No,5th Grade
Dan Leatham,Daniel Sims,7,8,2019,No,C Division One Day Grade
Sajan Hanjra,J Plowman,7,2,2019,No,E Division One Day Grade
Darren Franklin,Ziiyad Salle,7,7,2019,No,E Division One Day Grade
Dennis Freind,Darren Young,7,5,2019,No,B Division One Day Grade
Happee Boparai,Raghu Sharma,7,8,2020,No,A Division One Day Grade
Scott Barnard,Ryan Barndon,7,3,2020,No,B Division One Day Grade
Ryan Barndon,J Galhena,7,4,2020,No,B Division One Day Grade
John Taylor,Tim Galbraith,7,8,2020,No,E Division One Day Grade
Mandeep Singh,Bikram Singh,7,7,2020,No,A Division One Day Grade
J Naidoo,H Beasy,7,2,2020,No,E Division One Day Grade
Chris Popoff,David Van Wees,7,2,2020,No,F Division One Day Grade
Nilan Chandratilake,Sajan Hanjra,7,2,2020,No,F Division One Day Grade
Chris Popoff,Kyle Adams,7,6,2020,No,F Division One Day Grade
Mandeep Singh,Dan Leatham,7,5,2020,No,B Division One Day Grade
Dov Morris,Dan Leatham,7,6,2020,No,B Division One Day Grade
Davis Bode,J Naidoo,7,1,2020,No,E Division One Day Grade
Ash Yadav,Curtis Stark,7,1,2020,No,A Division One Day Grade
Adam Wreford,Nirbhai Sohi,7,7,2020,No,A Division One Day Grade
Curtis Stark,A Singh,7,2,2020,No,A Division One Day Grade
A Singh,Ross Baker,7,3,2020,No,A Division One Day Grade
Chris Popoff,Duane Crombie,7,4,2021,Yes,G Division One Day Grade
Raghu Sharma,Phillip Ross,7,6,2021,No,B Division One Day Grade
Scott Bretland,Tom Condello,7,9,2021,No,G Division One Day Grade
Clinton Reid,Brett Harrison,7,4,2021,No,B Division One Day Grade
Thanuja Jayakodi Arachchige,Garath Van Der Elst,7,9,2021,No,B Division One Day Grade
Ross Baker,G Singh,7,3,2021,No,B Division One Day Grade
Trent George Kennedy,Dan Leatham,7,6,2021,No,E Division One Day Grade
Dov Morris,Curtis Stark,7,1,2021,No,B Division One Day Grade
Raghu Sharma,G Singh,7,4,2021,No,B Division One Day Grade
G Singh,Phillip Ross,7,8,2021,No,B Division One Day Grade
Keith Zissis,Thomas Cross,7,1,2021,No,E Division One Day Grade
Ben McInnes,Dennis Freind,7,10,2021,No,E Division One Day Grade
Gavin Doull,Bruce Stark,7,6,2021,No,G Division One Day Grade
G Singh,Thanuja Jayakodi Arachchige,7,7,2021,No,B Division One Day Grade
Raghu Sharma,Scott Barnard,7,1,2021,No,B Division One Day Grade
Duane Crombie,Grant Carslake,7,8,2021,No,G Division One Day Grade
Darren Johnson,Dov Morris,7,2,2022,No,B Division One Day Grade
Nirbhai Sohi,John Taylor,7,3,2022,No,A Division One Day Grade
Paul Holmes,Daniel Lambrinidis,7,6,2022,No,D Division One Day Grade
Nirbhai Sohi,Gurdeep Singh,7,1,2022,No,A Division One Day Grade
Davis Bode,Mandeep Singh,7,6,2022,No,A Division One Day Grade
Curtis Stark,Thanuja Jayakodi Arachchige,7,6,2022,No,B Division One Day Grade
Ryan Barndon,Dov Morris,7,2,2022,No,B Division One Day Grade
Mandeep Singh,Ash Yadav,7,3,2022,No,A Division One Day Grade
Davis Bode,Brett Harrison,7,6,2022,No,A Division One Day Grade
Nilan Chandratilake,Gurpreet Brar,7,2,2022,No,G Division One Day Grade
Chris Popoff,Alex Hall,7,5,2022,No,G Division One Day Grade
Nirbhai Sohi,John Taylor,7,5,2022,No,A Division One Day Grade
Nathan Hearnes,Hayden Candy,7,4,2022,No,D Division One Day Grade
Mandeep Singh,Samuel Freind,7,8,2022,No,A Division One Day Grade
Nirbhai Sohi,Happee Boparai,7,5,2022,No,A Division One Day Grade
Oscar Benger,Angus Gow,7,7,2023,Yes,H Division One Day Grade
Amos Robinson,Dov Morris,7,3,2023,Yes,B Division One Day Grade
Ross Baker,Curtis Stark,7,6,2023,No,B Division One Day Grade
Gurdeep Singh,Trent George Kennedy,7,8,2023,No,A Division One Day Grade
Raghu Sharma,Ash Yadav,7,2,2023,No,A Division One Day Grade
Ross Baker,Dov Morris,7,6,2023,No,B Division One Day Grade
Amos Robinson,Angus Motherwell,7,4,2023,No,H Division One Day Grade
Ryan Barndon,Jagdeep Brar,7,7,2023,No,A Division One Day Grade
Curtis Stark,Vishnu Rajendran,7,4,2023,No,C Division One Day Grade
Curtis Stark,Clinton Reid,7,1,2023,No,C Division One Day Grade
Glenn Welton,Ross Baker,7,2,2023,No,B Division One Day Grade
Ryan Herbert,Jackson Delamare,7,10,2023,No,H Division One Day Grade
Bruce Stark,Mandeep Singh,7,10,2023,No,I Division One Day Grade
Gurdeep Singh,Samuel Freind,7,10,2023,No,A Division One Day Grade
Trent George Kennedy,Phillip Ross,7,9,2024,No,A Division One Day Grade
Darren Johnson,Ross Baker,7,2,2024,No,A Division One Day Grade
Dov Morris,Bailey Hampson,7,3,2024,No,H Division One Day Grade
James Knapton,David Van Wees,7,2,2024,No,H Division One Day Grade
Shishpal Rana,Ashan Udeshitha,7,8,2024,No,C Division One Day Grade
Ryker Newman,Aaron Robson,7,7,2024,No,C Division One Day Grade
Ryker Newman,Tony Bassett,7,8,2024,No,C Division One Day Grade
Brett Harrison,Bailey Hampson,7,5,2024,No,C Division One Day Grade
Keith Zissis,James Knapton,7,4,2024,No,H Division One Day Grade
Leon Burrows,Phillip Ross,7,10,2024,No,A Division One Day Grade
Curtis Stark,Shishpal Rana,7,8,2024,No,C Division One Day Grade
Hayden Young,Scott Barnard,7,6,2024,No,A Division One Day Grade
Aaron Robson,Darren Franklin,7,8,2025,No,I Division One Day Grade
Mandeep Grewal,Gino Giamboi,7,9,2025,No,I Division One Day Grade
Curtis Stark,Brett Harrison,7,2,2025,No,D Division One Day Grade
Clinton Reid,Curtis Stark,7,1,2025,No,D Division One Day Grade
Vishnu Rajendran,Ashan Udeshitha,7,7,2025,No,D Division One Day Grade
Adam Duffy,Campbell Bishop,7,7,2025,No,I Division One Day Grade
Missaka Wickramasinghe,Saliya Widanagamage,7,1,2025,No,H Division One Day Grade
Missaka Wickramasinghe,Manoj jayawardena,7,3,2025,No,H Division One Day Grade
Prabud Peduru Hewa,Missaka Wickramasinghe,7,2,2025,No,H Division One Day Grade
Mohamed Zainudeen,Missaka Wickramasinghe,7,2,2025,No,H Division One Day Grade
Clinton Reid,Campbell Bishop,7,6,2025,No,D Division One Day Grade
Bradley Younger,Nimesh Shamalka,7,4,2025,No,D Division One Day Grade
Scott Bretland,Dane Peake,7,3,2025,No,I Division One Day Grade
C Hayes,Ray Taylor,6,3,1963,No,1st Grade
Geoff Hamel,Brian Buttsworth,6,5,1963,No,1st Grade
Raymond Scott,C Hayes,6,1,1963,No,1st Grade
C Hayes,Raymond Scott,6,1,1963,No,1st Grade
Brian Buttsworth,Raymond Scott,6,1,1963,No,1st Grade
Raymond Scott,Dave Cosson,6,9,1963,No,1st Grade
Geoff Hamel,Alan Wilkins,6,9,1964,No,1st Grade
Keith Randell,Brian Buttsworth,6,4,1964,No,1st Grade
Brian Buttsworth,S Hunter,6,5,1964,No,1st Grade
Rob Wheeler,N McDiarmid,6,10,1965,No,1st Grade
Brian Buttsworth,Harry Varis,6,4,1965,No,1st Grade
Keith Randell,Brian Henville,6,3,1966,No,1st Grade
T Robertson,Richard Vigus,6,7,1966,No,1st Grade
T Robertson,Kevin Lock,6,9,1966,No,1st Grade
Bert Smith,Dave Cosson,6,7,1966,No,1st Grade
Grant Meredith,Greg Kent,6,10,1979,No,1st Grade
Shane Lee,Damien Sheridan,6,7,1992,No,1st Grade
Dennis Freind,Paul McNamara,6,7,1993,Yes,1st Grade
Colin Gotch,David Separovic,6,10,1993,No,1st Grade
Ian Blake,Graham Butler,6,2,1993,No,1st Grade
Justin Fisher,Graham Butler,6,3,1993,No,1st Grade
Ian Blake,Damian Thompson,6,1,1993,No,1st Grade
Dennis Freind,Peter McSweeney,6,8,1993,No,1st Grade
Barry Richardson,Dennis Freind,6,1,1993,No,1st Grade
Graham Butler,Ian Price,6,6,1993,No,1st Grade
Dennis Freind,Ron Gillespie,6,1,1993,No,1st Grade
Dennis Freind,Graham Butler,6,4,1993,No,1st Grade
Dennis Freind,Michael Allen,6,5,1993,No,1st Grade
Ian Blake,David Separovic,6,8,1993,No,1st Grade
Ken Hart,Charles Marlam,6,8,1994,No,1st Grade
Justin Fisher,Paul McNamara,6,6,1994,No,1st Grade
Jamie Chircop,Justin Fisher,6,6,1994,No,1st Grade
Ron Gillespie,Dennis Freind,6,3,1995,No,1st Grade
Dennis Freind,Mark Butler,6,8,1995,No,1st Grade
Geoff Colgan,Ron Gillespie,6,1,1995,No,1st Grade
Geoff Colgan,Gregory Smith,6,4,1995,No,1st Grade
Tim Reid,Gino Giamboi,6,9,1997,No,5th Grade
Paul McNamara,Shane Innes,6,2,1997,No,5th Grade
Ward Bond,Courtney Swift,6,10,1997,No,3rd Grade
Lee Blake,Keith DeSilva,6,7,1997,No,Metropolitan One Day
David Singh,Lee Blake,6,6,1997,No,Metropolitan One Day
Darren Young,Jason Boekleman,6,9,1997,No,1st Grade
Kevin Rowland,John Cottier,6,2,1997,No,3rd Grade
Wade Carruthers,Mark Pearson,6,7,1997,No,3rd Grade
Chris Henderson,David Singh,6,4,1997,No,7th Grade
Tim Reid,Charles Marlam,6,7,1997,No,3rd Grade
Rick McKenna,Chris Henderson,6,4,1997,No,5th Grade
Paul McNamara,Russell Gerreyn,6,6,1997,No,5th Grade
Ron Gillespie,Adam Bassett,6,1,1997,No,1st Grade
Alex Hall,Jeff West,6,2,1997,No,7th Grade
Alex Hall,Doug Osborne,6,3,1997,No,7th Grade
Gary Freind,John Lewis,6,1,1997,No,5th Grade
Courtney Swift,Mick OReilly,6,9,1997,No,5th Grade
Paul McNamara,Russell Gerreyn,6,3,1997,No,5th Grade
Jason Luckman,Trevor Craib,6,8,1997,No,Metropolitan One Day
Keith DeSilva,Alex Hall,6,1,1997,No,7th Grade
Keith DeSilva,Alex Hall,6,1,1997,No,7th Grade
Ward Bond,John Cottier,6,1,1997,No,3rd Grade
Kevin Rowland,Paul Richardson,6,5,1997,No,5th Grade
Barry Richardson,Gino Giamboi,6,8,1997,No,5th Grade
Kim Anderson,Len Peterson,6,6,1997,No,Metropolitan One Day
Christopher Jebb,Bruce West,6,6,1997,No,3rd Grade
Len Peterson,Trevor Craib,6,7,1997,No,Metropolitan One Day
Barry Richardson,Graham Bowman,6,8,1997,No,5th Grade
Bruce West,Shane Innes,6,6,1997,No,5th Grade
David Moralee,Glenn McKinnon,6,8,1997,No,Metropolitan One Day
Paul Dickson,Chris Whyte,6,1,1997,No,3rd Grade
David Brooks,David Singh,6,6,1997,No,5th Grade
Evan Standley,Tim Reid,6,8,1998,No,3rd Grade
Paul Dickson,Darren Holt,6,3,1998,No,3rd Grade
Guy Welton,Kyle Adams,6,7,1998,No,1st Grade
Bryce Alexander,Kyle Adams,6,6,1998,No,1st Grade
Bryce Alexander,Kevin Rowland,6,1,1998,No,1st Grade
Peter Bibby,Dennis Freind,6,9,1998,No,1st Grade
Graeme Dennis,Dennis Freind,6,10,1998,No,1st Grade
Keith DeSilva,Malcolm Feasey,6,9,1998,No,5th Grade
Warren Pearson,Darren Green,6,10,1998,No,3rd Grade
Alex Hall,Barry Richardson,6,6,1998,No,5th Grade
Barry Richardson,Mark Delane,6,5,1998,No,5th Grade
Bradley McManus,Bruce Stark,6,6,1998,No,3rd Grade
Daryl Pegrum,Alex Hall,6,6,1998,No,5th Grade
Gary Freind,Gary Burton,6,4,1998,No,5th Grade
Bruce Stark,Wade Carruthers,6,8,1998,No,3rd Grade
Gary Burton,John Lewis,6,3,1999,No,5th Grade
Ian Blake,Malcolm Feasey,6,6,1999,No,5th Grade
Nathan Whitney,Anthony Burke,6,8,1999,No,1st Grade
Darren Young,Jason Boekleman,6,10,1999,No,1st Grade
Gary Burton,Russell Gerreyn,6,1,1999,No,5th Grade
Gary Burton,Jeremy Davis,6,2,1999,No,5th Grade
Jeremy Davis,Lee Blake,6,3,1999,No,5th Grade
Glenn Sadler,Nahan Phelpes,6,8,1999,No,5th Grade
Glenn Sadler,Kim Anderson,6,5,1999,No,5th Grade
Evan Standley,Mark Butler,6,9,1999,No,1st Grade
Russell Gerreyn,Kim Anderson,6,3,1999,No,5th Grade
Mark Dickson,Wade Carruthers,6,7,1999,No,1st Grade
Gary Burton,Jason Cobb,6,3,1999,No,5th Grade
Anthony Libia,Gary Burton,6,1,1999,No,5th Grade
Marcus Nolan,Evan Standley,6,7,1999,No,1st Grade
Ross Baker,Mark Dickson,6,5,1999,No,1st Grade
Nahan Phelpes,Malcolm Feasey,6,10,1999,No,5th Grade
Nathan Whitney,Stephen Clarke,6,3,2000,No,1st Grade
Darren Young,Christopher Barnes,6,7,2000,No,1st Grade
Darren Young,Ryan Davis,6,1,2000,No,1st Grade
Darren Holt,Robbie Taylor,6,5,2001,No,1st Grade
Chris Whyte,Nathan Whitney,6,8,2001,No,1st Grade
Kevin Rowland,Robbie Taylor,6,7,2002,No,1st Grade
David Lenane,Anthony Burke,6,4,2002,No,1st Grade
Darren Young,Graeme Angwin,6,9,2002,No,1st Grade
Ron Gillespie,David Lenane,6,6,2002,No,1st Grade
David Lenane,Ron Gillespie,6,5,2003,No,1st Grade
Anthony Burke,Kyle Adams,6,1,2003,No,1st Grade
Kyle Adams,Mark Dickson,6,3,2003,No,1st Grade
Geoff Colgan,Craig Phillip,6,9,2003,No,1st Grade
Anthony Burke,Bryce Alexander,6,1,2003,No,1st Grade
Kyle Adams,Darren Holt,6,6,2003,No,1st Grade
Darren Young,Dennis Freind,6,9,2003,No,1st Grade
Geoff Colgan,Darren Young,6,2,2004,No,1st Grade
David Lenane,Luke Capper,6,5,2004,No,1st Grade
Darren Young,Anthony Burke,6,10,2004,No,1st Grade
Kyle Adams,Malcolm Williams,6,3,2004,No,1st Grade
Geoff Colgan,David Lenane,6,1,2004,No,1st Grade
Geoff Colgan,Malcolm Williams,6,2,2004,No,1st Grade
Glenn Andersson,Gregory Martin,6,7,2004,No,1st Grade
Geoff Colgan,Darren Holt,6,2,2004,No,1st Grade
Bruce Stark,Glenn Andersson,6,5,2004,No,1st Grade
Darren Young,Tony Bassett,6,9,2004,No,1st Grade
Dave Wilcox,Brett Harrison,6,3,2005,No,Metropolitan One Day
Gregory Martin,Darren Young,6,6,2005,No,1st Grade
Kim Anderson,Vikram Kalaimani,6,9,2005,No,8th Grade
Kim Anderson,Satish Krishnan,6,7,2005,No,8th Grade
Scott Powell,Neil Steadman,6,6,2005,No,Metropolitan One Day
Gregory Martin,Darren Young,6,6,2005,No,1st Grade
Jeff West,David Van Wees,6,3,2005,No,Metropolitan One Day
Mark Dickson,Gino Giamboi,6,7,2005,No,4th Grade
Matthew Sorensen,Ajigh RajaGopal,6,8,2005,No,8th Grade
Neil Steadman,Darren Hutchins,6,7,2005,No,8th Grade
Charles Marlam,Ward Bond,6,1,2005,No,4th Grade
Robbie Edwards,Jay Hindmarsh,6,7,2005,No,4th Grade
Ward Bond,Russell Normoyle,6,3,2005,No,4th Grade
Anthony Burke,Jeremy Davis,6,8,2005,No,1st Grade
Brett Harrison,Jason Moore,6,4,2005,No,Metropolitan One Day
Jason Carlyon,Jeff West,6,1,2005,No,8th Grade
Tariq Haroon,Bryce Alexander,6,4,2005,No,1st Grade
Tariq Haroon,Geoff Colgan,6,4,2005,No,1st Grade
Dennis Freind,Robbie Edwards,6,8,2005,No,4th Grade
Anthony Libia,Geoff Colgan,6,4,2005,No,1st Grade
Curtis Stark,Jay Hindmarsh,6,6,2005,No,4th Grade
Robbie Edwards,Ashley Edwards,6,8,2005,No,4th Grade
John Lewis,Darren Hutchins,6,2,2005,No,8th Grade
Darren Hutchins,Jason Carlyon,6,8,2005,No,8th Grade
Brett Harrison,Chris Robson,6,4,2005,No,Metropolitan One Day
Darren Young,Gregory Martin,6,5,2005,No,1st Grade
John Lewis,Raebern DSylva,6,3,2005,No,8th Grade
Jason Carlyon,John Lewis,6,9,2005,No,8th Grade
Vikram Kalaimani,Mark Stevens,6,1,2005,No,8th Grade
Mark Dickson,Gregory Martin,6,6,2005,No,1st Grade
Chris Robson,Brett Harrison,6,7,2006,No,2nd Grade
Bryce Alexander,David Van Wees,6,1,2006,No,2nd Grade
Gino Giamboi,Chris Robson,6,9,2006,No,2nd Grade
Darren Hutchins,Robbie Edwards,6,3,2006,No,5th Grade
Michael Gartell,Danny Bidgood,6,6,2006,No,8th Grade
Jarrod Worth,Danny Bidgood,6,4,2006,No,8th Grade
Jarrod Worth,Courtney Swift,6,4,2006,No,8th Grade
Paul Dickson,Christopher Jebb,6,4,2006,No,2nd Grade
Len Peterson,Courtney Swift,6,5,2006,No,8th Grade
Dennis Freind,Charles Marlam,6,1,2006,No,2nd Grade
Anthony Libia,Dave Dewhurst,6,9,2006,No,2nd Grade
Ben Santoro,Russell Gerreyn,6,5,2006,No,8th Grade
Scott Barnard,Christopher Jebb,6,4,2006,No,5th Grade
Scott Barnard,David Van Wees,6,5,2006,No,5th Grade
Danny Wildman,Danny Bidgood,6,1,2006,No,8th Grade
Courtney Swift,Jeff Stephenson,6,4,2006,No,8th Grade
Jason Carlyon,Robbie Edwards,6,3,2006,No,5th Grade
Brett Harrison,Dave Dewhurst,6,9,2006,No,2nd Grade
Russell Gerreyn,Neil Steadman,6,2,2006,No,5th Grade
Charles Marlam,Bryce Alexander,6,2,2006,No,2nd Grade
Anthony Libia,Dave Dewhurst,6,9,2006,No,2nd Grade
Charles Marlam,Ryan Barndon,6,2,2006,No,2nd Grade
Craig Bennett,Danny Wildman,6,6,2006,No,5th Grade
Bryce Alexander,Dave Dewhurst,6,9,2006,No,2nd Grade
Christopher Jebb,Craig Bennett,6,4,2006,No,5th Grade
John Lewis,Timothy Bailey,6,6,2006,No,8th Grade
John Taylor,Sam Finnigan,6,1,2006,No,8th Grade
Aaron Robson,Dave Dewhurst,6,10,2006,No,2nd Grade
Kevin Rowland,Michael Gartell,6,3,2006,No,5th Grade
Scott Barnard,Leon Burrows,6,1,2006,No,2nd Grade
Anthony Libia,Scott Barnard,6,9,2006,No,2nd Grade
Russell Gerreyn,David Van Wees,6,2,2006,No,5th Grade
Ryan Barndon,Anthony Libia,6,7,2007,No,3rd Grade
Russell Normoyle,Craig Bennett,6,5,2007,No,Metropolitan One Day
Len Peterson,Neil Steadman,6,9,2007,No,9th Grade
Curtis Stark,Bryce Alexander,6,2,2007,No,3rd Grade
Brett Harley,Timothy Bailey,6,8,2007,No,Metropolitan One Day
Scott Barnard,Aaron Robson,6,5,2007,No,6th Grade
Ben Loader,Russell Normoyle,6,2,2007,No,Metropolitan One Day
Ryan Shelton,Ben Loader,6,2,2007,No,Metropolitan One Day
Darren Hutchins,Gino Giamboi,6,8,2007,No,6th Grade
Ryan Barndon,Leon Burrows,6,1,2007,No,3rd Grade
Charles Marlam,Scott Barnard,6,3,2007,No,6th Grade
Gino Giamboi,Robbie Edwards,6,10,2007,No,6th Grade
Scott Powell,Dennis Freind,6,8,2007,No,3rd Grade
Brett Harrison,Ben Stephenson,6,6,2008,Yes,5th Grade
Adam Wreford,Scott Barnard,6,8,2008,Yes,5th Grade
Adam Wreford,Ben Stephenson,6,7,2008,No,5th Grade
Aaron Robson,Curtis Stark,6,6,2008,No,2nd Grade
Scott Powell,Tony Bassett,6,8,2008,No,2nd Grade
Bryce Alexander,Leon Burrows,6,1,2008,No,2nd Grade
Gino Giamboi,Robbie Edwards,6,10,2008,No,8th Grade
Paul Peos,S Kaul,6,2,2008,No,Metropolitan One Day
Darren Hutchins,Conor Breheny,6,5,2008,No,8th Grade
Arthur Vlahos,Steven Freind,6,5,2008,No,Metropolitan One Day
Arthur Vlahos,B White,6,6,2008,No,Metropolitan One Day
John Lewis,SK Krishnan,6,9,2008,No,Metropolitan One Day
Keith Zissis,SK Krishnan,6,9,2008,No,Metropolitan One Day
Keith Zissis,Paul Peos,6,1,2008,No,Metropolitan One Day
Sam Finnigan,Michael Peter,6,9,2008,No,2nd Grade
Charles Marlam,Paul McNamara,6,5,2008,No,5th Grade
Andrew Webley,Chris Mok,6,7,2008,No,5th Grade
L Hawkins,John Lewis,6,8,2008,No,Metropolitan One Day
Chris Mok,David Van Wees,6,8,2008,No,5th Grade
Aaron Robson,Andrew Webley,6,5,2008,No,5th Grade
Ben Stephenson,Matthew Hilleard,6,2,2008,No,8th Grade
David Van Wees,Russell Normoyle,6,8,2008,No,5th Grade
David Van Wees,Dennis Freind,6,9,2008,No,5th Grade
Scott Barnard,David Van Wees,6,5,2008,No,5th Grade
R Gipson,Tony Bassett,6,9,2009,Yes,2nd Grade
R Gipson,Dave Dewhurst,6,10,2009,Yes,2nd Grade
Kenneth Kelly,Courtney Swift,6,10,2009,No,Metropolitan One Day
John Taylor,Scott Barnard,6,5,2009,No,2nd Grade
David Van Wees,Scott Powell,6,6,2009,No,5th Grade
Darren Hutchins,Bryce Alexander,6,2,2009,No,7th Grade
Paul Peos,S Kaul,6,2,2009,No,Metropolitan One Day
Ryan Shelton,Ben Stephenson,6,1,2009,No,2nd Grade
Ryan Barndon,Sam Finnigan,6,9,2009,No,2nd Grade
Ryan Barndon,R Gipson,6,4,2009,No,2nd Grade
Brett Harrison,Michael Mani,6,9,2009,No,2nd Grade
Leon Okely,Darren Hutchins,6,8,2009,No,7th Grade
Ross Baker,Brett Harrison,6,4,2009,No,2nd Grade
Russell Gerreyn,Ash Eyre,6,3,2009,No,Metropolitan One Day
Dov Morris,Anthony Libia,6,3,2009,No,5th Grade
Scott Barnard,Andrew Webley,6,9,2009,No,5th Grade
Ryan Barndon,Sam Finnigan,6,7,2009,No,2nd Grade
Keith Zissis,Bryce Alexander,6,2,2009,No,5th Grade
Paul Dickson,Bryce Alexander,6,4,2010,No,7th Grade
Ben Stephenson,Ryan James,6,10,2010,No,2nd Grade
Ryan Barndon,Ross Baker,6,3,2010,No,2nd Grade
Dov Morris,Leon Burrows,6,1,2010,No,2nd Grade
Matt Behn,Brett Harrison,6,5,2010,No,2nd Grade
D Harris,Gino Giamboi,6,7,2010,No,7th Grade
Gino Giamboi,R McCormick,6,8,2010,No,7th Grade
Damien Senge,Matt Behn,6,6,2010,No,2nd Grade
Dennis Freind,Gino Giamboi,6,8,2010,No,7th Grade
Charles Marlam,Keith Zissis,6,2,2010,No,7th Grade
Lee Maas,Gino Giamboi,6,8,2010,No,7th Grade
Scott Powell,Bruce Stark,6,1,2010,No,5th Grade
Dov Morris,Matt Behn,6,1,2010,No,2nd Grade
Adam Wreford,Aaron Robson,6,7,2010,No,5th Grade
Damien Senge,Ryan Barndon,6,5,2010,No,2nd Grade
Bruce Stark,Paul Massara,6,3,2010,No,5th Grade
Scott Barnard,Aaron Robson,6,6,2010,No,5th Grade
Shane Shaw,Ryan James,6,7,2010,No,2nd Grade
David Van Wees,James Day,6,4,2011,No,6th Grade
Zack Van Wees,Timothy Gailbraith,6,8,2011,No,6th Grade
Bryce Alexander,Nathan Marrocco,6,6,2011,No,4th Grade
Scott Powell,Shane Shaw,6,3,2011,No,4th Grade
Shane Shaw,Bryce Alexander,6,4,2011,No,4th Grade
Aaron Robson,Dave Dewhurst,6,8,2011,No,4th Grade
Brett Harrison,Aaron Robson,6,7,2011,No,4th Grade
Leon Okely,Shane Shaw,6,2,2011,No,4th Grade
Dave Dewhurst,Michael Peter,6,10,2011,No,4th Grade
Leon Okely,Brett Harrison,6,5,2011,No,4th Grade
Dov Morris,Scott Barnard,6,2,2011,No,2nd Grade
Dennis Freind,Paul Massara,6,3,2011,No,4th Grade
Andrew Webley,R Morgan,6,9,2011,No,4th Grade
Ryan Barndon,Bryce Alexander,6,3,2011,No,2nd Grade
Sam Finnigan,Michael Mani,6,9,2011,No,2nd Grade
Mark Dickson,Jeff Stephenson,6,4,2011,No,Metropolitan One Day
Bryce Alexander,Andrew Webley,6,6,2011,No,2nd Grade
Paul Peos,Paul Dickson,6,1,2011,No,Metropolitan One Day
Leon Burrows,Ross Baker,6,4,2011,No,2nd Grade
Shane Shaw,Aaron Robson,6,2,2011,No,4th Grade
Paul Massara,Andrew Webley,6,6,2011,No,4th Grade
Scott Barnard,Leon Burrows,6,3,2011,No,2nd Grade
Sam Finnigan,Darren Johnson,6,4,2012,Yes,Metropolitan One Day
Daniel Atkinson,Michael Mani,6,7,2012,No,2nd Grade
Ben Stephenson,T Cox,6,10,2012,No,2nd Grade
P Wright,Darren Johnson,6,7,2012,No,2nd Grade
Darren Johnson,Ben Price,6,5,2012,No,2nd Grade
D Lennon,Simon Borrett,6,8,2012,No,6th Grade
Darren Johnson,Tony Bassett,6,5,2012,No,3rd Grade
Chris Mok,Ben Gatter,6,5,2012,No,6th Grade
David Van Wees,JA Winter,6,6,2012,No,3rd Grade
JL Dimond,Ben Gatter,6,6,2012,No,6th Grade
Ryan Barndon,Ross Baker,6,5,2012,No,2nd Grade
Dov Morris,Scott Barnard,6,6,2012,No,2nd Grade
Tony Bassett,Aaron Robson,6,6,2012,No,3rd Grade
James Day,Tony Bassett,6,4,2012,No,3rd Grade
Gino Giamboi,Sean Okley,6,10,2012,No,Metropolitan One Day
JD Krasenstein,Nathan Marrocco,6,3,2012,No,6th Grade
Nathan Marrocco,Ben Price,6,5,2012,No,3rd Grade
Scott Barnard,Alex Dowson,6,5,2012,No,2nd Grade
Dov Morris,Daniel Atkinson,6,3,2012,No,2nd Grade
James Day,Jake Finney,6,3,2012,No,6th Grade
Leon Burrows,Michael Mani,6,7,2012,No,2nd Grade
Ben Price,Jeff Stephenson,6,7,2012,No,3rd Grade
Timothy Gailbraith,Curtis Stark,6,2,2012,No,6th Grade
Keith Zissis,Chris Homer,6,2,2012,No,Metropolitan One Day
Josh Copping,Aaron Robson,6,6,2013,No,3rd Grade
Clinton Reid,Scott Barnard,6,2,2013,No,2nd Grade
Aaron Robson,Mick Andrews,6,8,2013,No,3rd Grade
Mayank Madan,Ben Gatter,6,8,2013,No,5th Grade
Mayank Madan,Jun Singh,6,8,2013,No,5th Grade
Jun Singh,Ben Gatter,6,9,2013,No,5th Grade
Happee Boparai,Karamjeet Singh,6,1,2013,No,Mercantile One Day
Russell Gerreyn,Alex Vlahos,6,2,2013,No,Metropolitan One Day
Chris Homer,Martin Burrow,6,4,2013,No,Metropolitan One Day
Jagdeep Brar,Mandeep Singh,6,5,2013,No,Mercantile One Day
Karamjeet Singh,Onka Singh,6,2,2013,No,Mercantile One Day
Scott Powell,Dave Dewhurst,6,9,2013,No,3rd Grade
Josh Taylor,Tony Bassett,6,8,2013,No,2nd Grade
Keith Zissis,Robbie Edwards,6,9,2013,No,Metropolitan One Day
C Hensley,Allan Carroll,6,5,2013,No,5th Grade
C Hensley,Simon Borrett,6,9,2013,No,5th Grade
Curtis Stark,Jake Finney,6,1,2013,No,2nd Grade
Anthony Sinclair,Gino Giamboi,6,8,2013,No,Metropolitan One Day
Chris Homer,Damien Senge,6,3,2013,No,Metropolitan One Day
Mandeep Singh,Devender Kumar,6,5,2013,No,Mercantile One Day
Happee Boparai,Yaadwinder Toor,6,2,2013,No,Mercantile One Day
AB Goodchild,Kenneth Kelly,6,6,2014,Yes,5th Grade
Martin Burrow,Devender Kumar,6,6,2014,Yes,3rd Grade
Martin Burrow,Conor Breheny,6,6,2014,No,5th Grade
Kirk Howes,Ben Stephenson,6,9,2014,No,2nd Grade
Scott Barnard,Clinton Reid,6,4,2014,No,2nd Grade
Paul Dickson,Scott Powell,6,5,2014,No,3rd Grade
Ash Eyre,J OBrien,6,9,2014,No,3rd Grade
Dov Morris,Leon Burrows,6,5,2014,No,2nd Grade
Leon Burrows,Timothy Gailbraith,6,8,2014,No,2nd Grade
Devender Kumar,Robbie Edwards,6,10,2014,No,3rd Grade
Ash Eyre,Devender Kumar,6,7,2014,No,3rd Grade
Chris Homer,Garath Van Der Elst,6,1,2014,No,5th Grade
Devender Kumar,Aaron Robson,6,7,2014,No,3rd Grade
Curtis Stark,Brett Harrison,6,3,2014,No,3rd Grade
Gurpreet Sidhu,S Gill,6,7,2014,No,Metropolitan One Day
Sandeep Brar,Yaadwinder Toor,6,2,2014,No,Metropolitan One Day
Chris Mok,Ben Gatter,6,9,2014,No,5th Grade
Devender Kumar,Damien Senge,6,5,2014,No,3rd Grade
Karamjeet Singh,Adam Wreford,6,7,2014,No,2nd Grade
James Ditchburn,Devender Kumar,6,2,2014,No,3rd Grade
Josh Copping,Brendan Miller,6,6,2014,No,3rd Grade
Josh Copping,Clinton Reid,6,5,2014,No,3rd Grade
AB Goodchild,Anthony Sinclair,6,7,2014,No,8th Grade
Karamdeep Brar,Gurpreet Sidhu,6,4,2015,Yes,7th Grade
R Amlani,Ben Gatter,6,9,2015,No,6th Grade
P Rados,Anthony Sinclair,6,5,2015,No,7th Grade
Karamjeet Singh,Dov Morris,6,2,2015,No,2nd Grade
Ryan Barndon,Mandeep Sidhu,6,10,2015,No,2nd Grade
David Van Wees,Mark Sinclair,6,4,2015,No,7th Grade
Ian Wilson,Brett Harrison,6,3,2015,No,2nd Grade
Bryce Alexander,AB Goodchild,6,3,2015,No,7th Grade
Keith Zissis,K Symons,6,1,2015,No,7th Grade
Clinton Reid,Russell Normoyle,6,8,2015,No,4th Grade
N Singh,Ryan Barndon,6,6,2015,No,2nd Grade
B Le Cras,K Natraj,6,9,2015,No,9th Grade
K Symons,Bryce Alexander,6,2,2015,No,7th Grade
Bryce Alexander,Kai Homer,6,3,2015,No,7th Grade
Tom Condello,Gino Giamboi,6,9,2015,No,7th Grade
Curtis Stark,Adam Lankester,6,1,2015,No,4th Grade
Garath Van Der Elst,J Moran,6,1,2015,No,9th Grade
K Bond,K Symons,6,7,2015,No,7th Grade
Matt Wilson,Ben Gatter,6,9,2015,No,6th Grade
Keith Zissis,Clinton Reid,6,3,2015,No,7th Grade
Grant Carslake,M Munish,6,6,2015,No,9th Grade
Dennis Freind,Gino Giamboi,6,9,2015,No,7th Grade
Ryan Barndon,Ian Wilson,6,2,2016,No,1st Grade
A Malik,James Ditchburn,6,6,2016,No,3rd Grade
Chris Mok,Chris Homer,6,2,2016,No,5th Grade
C Vaidya,R Rajana,6,5,2016,No,Metropolitan One Day
Darren Stride,Robbie Edwards,6,9,2016,No,6th Grade
Michael Peter,Tom Condello,6,7,2016,No,5th Grade
Courtney Swift,S Young,6,6,2016,No,Metropolitan One Day
Goppi Singh,K Murthy Dhansing,6,2,2016,No,Metropolitan One Day
Balram Chahal,Dennis Freind,6,2,2016,No,6th Grade
Keith Zissis,Ward Bond,6,6,2016,No,6th Grade
James Ditchburn,Grant Carslake,6,7,2016,No,9th Grade
Clinton Reid,Curtis Stark,6,1,2016,No,3rd Grade
Curtis Stark,Ryan Barndon,6,1,2016,No,3rd Grade
Brett Harrison,Balram Chahal,6,2,2016,No,5th Grade
Chris Homer,Balram Chahal,6,3,2016,No,5th Grade
Scott Barnard,R Edmonds,6,9,2016,No,3rd Grade
Scott Barnard,Ashley Edwards,6,10,2016,No,3rd Grade
C Vaidya,Chris Homer,6,1,2016,No,5th Grade
Scott Barnard,Brett Harrison,6,5,2016,No,3rd Grade
Chris Homer,C Vaidya,6,1,2016,No,5th Grade
Dennis Freind,Robbie Edwards,6,7,2016,No,6th Grade
James Day,JD Krasenstein,6,2,2016,No,9th Grade
JD Krasenstein,B Le Cras,6,1,2016,No,9th Grade
Curtis Stark,Brett Harrison,6,6,2016,No,3rd Grade
R Singhal,Y Rai,6,10,2016,No,5th Grade
David Van Wees,Grant Carslake,6,8,2017,No,7th Grade
David Van Wees,Robbie Edwards,6,10,2017,No,7th Grade
R Singhal,Bikram Singh,6,3,2017,No,5th Grade
Ross Baker,Robbie Edwards,6,6,2017,No,3rd Grade
Clinton Reid,Ryan Barndon,6,1,2017,No,1st Grade
Cameron Lee,M Power,6,8,2017,No,7th Grade
Leon Burrows,Kirk Howes,6,9,2017,No,1st Grade
Darren Johnson,Karamjeet Singh,6,4,2017,No,1st Grade
R Singhal,Mandeep Singh,6,5,2017,No,5th Grade
Dov Morris,David Van Wees,6,6,2017,No,7th Grade
Karamjeet Singh,Sam Finnigan,6,7,2017,No,1st Grade
Bikram Singh,Mandeep Singh,6,3,2017,No,5th Grade
Keith Zissis,Michael Peter,6,4,2017,No,7th Grade
G Fawell,Darren Stride,6,9,2017,No,7th Grade
Ross Baker,Ashley Edwards,6,9,2017,No,3rd Grade
Ryan Barndon,Phillip Ross,6,8,2017,No,1st Grade
Curtis Stark,Cameron Lee,6,1,2017,No,3rd Grade
Tim Galbraith,Dennis Freind,6,7,2017,No,3rd Grade
Robbie Edwards,John Taylor,6,10,2017,No,3rd Grade
Ross Baker,Russell Normoyle,6,7,2017,No,1st Grade
Alex Cox,Garath Van Der Elst,6,9,2017,No,7th Grade
Sam Finnigan,Michael Peter,6,5,2017,No,7th Grade
Brendan Millar,Garath Van Der Elst,6,1,2018,No,4th Grade
Dov Morris,A Malik,6,2,2018,No,2nd Grade
Ryan Barndon,Brad Walker,6,5,2018,No,2nd Grade
Daniel Atkinson,C Tilley,6,7,2018,No,2nd Grade
Paul McNamara,Darren Stride,6,6,2018,No,Mercantile One Day
Russell Normoyle,Adam Borrett,6,10,2018,No,2nd Grade
Paul Maindok,David Van Wees,6,1,2018,No,Mercantile One Day
Mark Sinclair,Brett Harrison,6,6,2018,No,Mercantile One Day
Jun Singh,Tony Bassett,6,9,2019,Yes,B Division One Day Grade
Sandeep Brar,Happee Boparai,6,2,2019,No,5th Grade
J Kendall,Nilan Chandratilake,6,6,2019,No,E Division One Day Grade
Hayden Candy,Cameron Lee,6,6,2019,No,C Division One Day Grade
Gurdeep Singh,Jun Singh,6,9,2019,No,5th Grade
Gurdeep Singh,MS Sidhu,6,10,2019,No,5th Grade
Darren Stride,R Singhal,6,9,2019,No,C Division One Day Grade
Brett Harrison,Jagdeep Brar,6,9,2019,No,5th Grade
Darren Stride,Tom Condello,6,7,2019,No,C Division One Day Grade
Happee Boparai,Bikram Singh,6,3,2019,No,5th Grade
Adam Duffy,Darren Young,6,3,2019,No,B Division One Day Grade
Happee Boparai,Gurdeep Singh,6,5,2019,No,5th Grade
Curtis Stark,LH Berendsen,6,7,2019,No,3rd Grade
Paul Maindok,David Van Wees,6,1,2019,No,C Division One Day Grade
Russell Normoyle,Phillip Ross,6,8,2019,No,3rd Grade
Darren Johnson,Dov Morris,6,3,2019,No,3rd Grade
A Aslam Jan,Darren Holt,6,3,2019,No,B Division One Day Grade
Garath Van Der Elst,S Pawday,6,9,2019,No,5th Grade
Hayden Candy,Dan Leatham,6,4,2019,No,C Division One Day Grade
Bruce Stark,David Van Wees,6,6,2019,No,E Division One Day Grade
Scott Barnard,Curtis Stark,6,1,2019,No,3rd Grade
Curtis Stark,Sam Finnigan,6,10,2019,No,3rd Grade
Curtis Stark,Darren Johnson,6,5,2019,No,3rd Grade
Duane Crombie,J Kendall,6,1,2019,No,E Division One Day Grade
Raghu Sharma,AJ Aslam,6,2,2019,No,B Division One Day Grade
Curtis Stark,Darren Johnson,6,1,2019,No,3rd Grade
Ross Baker,Darren Young,6,6,2019,No,B Division One Day Grade
Curtis Stark,Daniel Atkinson,6,3,2020,No,A Division One Day Grade
Chris Mok,John Taylor,6,4,2020,No,E Division One Day Grade
Darren Stride,N Gordon,6,10,2020,No,E Division One Day Grade
David Van Wees,Nilan Chandratilake,6,1,2020,No,F Division One Day Grade
Happee Boparai,Bikram Singh,6,7,2020,No,A Division One Day Grade
Mandeep Singh,Garath Van Der Elst,6,10,2020,No,A Division One Day Grade
Adam Wreford,Steven Freind,6,6,2020,No,E Division One Day Grade
Raghu Sharma,Adam Wreford,6,4,2020,No,A Division One Day Grade
Ash Yadav,Curtis Stark,6,1,2020,No,A Division One Day Grade
C Breheny,Brett Harrison,6,5,2020,No,E Division One Day Grade
Tim Galbraith,J Naidoo,6,1,2020,No,E Division One Day Grade
Mandeep Singh,Garath Van Der Elst,6,10,2020,No,B Division One Day Grade
Nilan Chandratilake,Justin Kickett,6,2,2020,No,F Division One Day Grade
Adam Wreford,Sam Finnigan,6,8,2020,No,A Division One Day Grade
A Singh,Happee Boparai,6,4,2020,No,A Division One Day Grade
Nilan Chandratilake,Chris Popoff,6,2,2021,Yes,G Division One Day Grade
G Singh,Garath Van Der Elst,6,9,2021,Yes,B Division One Day Grade
Paul Holmes,G Singh,6,6,2021,No,E Division One Day Grade
Scott Bretland,Grant Carslake,6,7,2021,No,G Division One Day Grade
Duane Crombie,Brayden Barnes,6,7,2021,No,G Division One Day Grade
Dov Morris,Keith Zissis,6,6,2021,No,E Division One Day Grade
Curtis Stark,Ryan Barndon,6,3,2021,No,B Division One Day Grade
Ross Baker,A Lankester,6,5,2021,No,B Division One Day Grade
Davis Bode,Happee Boparai,6,3,2021,No,A Division One Day Grade
Nirbhai Sohi,Samuel Freind,6,9,2021,No,A Division One Day Grade
Darren Franklin,Joe Morgan,6,10,2021,No,G Division One Day Grade
Keith Zissis,K Hay,6,3,2021,No,E Division One Day Grade
Ash Yadav,Happee Boparai,6,2,2021,No,A Division One Day Grade
Gavin Doull,Gurpreet Brar,6,5,2021,No,G Division One Day Grade
Adam Duffy,Tom Condello,6,9,2021,No,G Division One Day Grade
Chris Popoff,Aaron Robson,6,5,2021,No,G Division One Day Grade
Chris Popoff,Aaron Robson,6,5,2021,No,G Division One Day Grade
Adam Duffy,Tom Condello,6,9,2021,No,G Division One Day Grade
Ash Yadav,Nirbhai Sohi,6,1,2021,No,A Division One Day Grade
Jagdeep Brar,Samuel Freind,6,10,2021,No,A Division One Day Grade
Brett Harrison,Darren Johnson,6,2,2021,No,B Division One Day Grade
Samuel Freind,Pankaj Dhall,6,9,2022,Yes,A Division One Day Grade
Nathan Hearnes,Brett Harrison,6,4,2022,No,B Division One Day Grade
Vishnu Rajendran,David Chignell,6,9,2022,No,D Division One Day Grade
Vishnu Rajendran,Ash Eyre,6,6,2022,No,D Division One Day Grade
Phillip Ross,Ross Baker,6,7,2022,No,B Division One Day Grade
Glenn Welton,Dov Morris,6,2,2022,No,B Division One Day Grade
Curtis Stark,Jun Singh,6,5,2022,No,B Division One Day Grade
Davis Bode,Pankaj Dhall,6,9,2022,No,A Division One Day Grade
Davis Bode,Bikram Singh,6,7,2022,No,A Division One Day Grade
Nirbhai Sohi,Ash Yadav,6,2,2022,No,A Division One Day Grade
Garath Van Der Elst,Vishnu Rajendran,6,3,2022,No,D Division One Day Grade
Nirbhai Sohi,Ash Yadav,6,1,2022,No,A Division One Day Grade
Clinton Reid,Hayden Candy,6,4,2022,No,D Division One Day Grade
Gurpreet Brar,Tom Condello,6,6,2022,No,G Division One Day Grade
Jun Singh,James Ditchburn,6,7,2022,No,B Division One Day Grade
James Ditchburn,Russell Normoyle,6,8,2022,No,B Division One Day Grade
Ross Baker,Trent George Kennedy,6,6,2022,No,B Division One Day Grade
Trent George Kennedy,Brett Harrison,6,7,2022,No,B Division One Day Grade
Paul Holmes,Daniel Lambrinidis,6,4,2022,No,D Division One Day Grade
Cameron Lee,Clinton Reid,6,1,2022,No,D Division One Day Grade
Hayden Candy,Paul Holmes,6,6,2022,No,D Division One Day Grade
Paul Holmes,Daniel Lambrinidis,6,9,2022,No,D Division One Day Grade
Chris Popoff,Gurpreet Brar,6,5,2022,No,G Division One Day Grade
Tony Bassett,Ben McInnes,6,10,2022,No,B Division One Day Grade
John Taylor,Jagdeep Brar,6,8,2022,No,A Division One Day Grade
Bruce Stark,Gurpreet Brar,6,7,2023,Yes,I Division One Day Grade
Dov Morris,Sagar Lather,6,1,2023,No,A Division One Day Grade
Happee Boparai,Raghu Sharma,6,5,2023,No,A Division One Day Grade
Curtis Stark,Jun Singh,6,4,2023,No,C Division One Day Grade
Adam Duffy,Chris Popoff,6,2,2023,No,I Division One Day Grade
Adam Duffy,Aaron Robson,6,5,2023,No,I Division One Day Grade
Chris Popoff,Alex Hall,6,3,2023,No,I Division One Day Grade
Ross Baker,Nathan Hearnes,6,4,2023,No,B Division One Day Grade
Gurdeep Singh,Happee Boparai,6,5,2023,No,A Division One Day Grade
Gurdeep Singh,Sagar Lather,6,2,2023,No,A Division One Day Grade
Chris Popoff,Alex Hall,6,6,2023,No,I Division One Day Grade
Happee Boparai,Raghu Sharma,6,3,2023,No,A Division One Day Grade
Glenn Welton,Russell Normoyle,6,1,2023,No,B Division One Day Grade
Daniel Atkinson,Clinton Reid,6,9,2023,No,B Division One Day Grade
Alexio Yiannakis,Bailey Hampson,6,5,2023,No,H Division One Day Grade
Hayden Candy,Aroan Ajayakumar,6,6,2023,No,C Division One Day Grade
Dov Morris,Nathan Hearnes,6,5,2023,No,B Division One Day Grade
Duane Crombie,Luca Crombie,6,1,2023,No,I Division One Day Grade
Adam Wreford,Glenn Welton,6,1,2023,No,B Division One Day Grade
Mandeep Singh,Gurdeep Singh,6,6,2023,No,A Division One Day Grade
Bruce Stark,Gurpreet Brar,6,8,2023,No,I Division One Day Grade
Bruce Stark,Tom Condello,6,9,2023,No,I Division One Day Grade
Happee Boparai,Ash Yadav,6,1,2023,No,A Division One Day Grade
Glenn Welton,Russell Normoyle,6,1,2023,No,B Division One Day Grade
Kirk Howes,Russell Normoyle,6,1,2024,No,A Division One Day Grade
Darren Johnson,Ryker Newman,6,4,2024,No,A Division One Day Grade
Adam Duffy,Nilan Chandratilake,6,2,2024,No,I Division One Day Grade
Ross Baker,David Cameron,6,4,2024,No,A Division One Day Grade
Glenn Welton,Russell Normoyle,6,1,2024,No,A Division One Day Grade
Curtis Stark,Bradley Younger,6,2,2024,No,C Division One Day Grade
Darren Franklin,Mike Whehella,6,7,2024,No,I Division One Day Grade
Josh Taylor,Kirk Howes,6,6,2024,No,A Division One Day Grade
Josh Taylor,Kirk Howes,6,7,2024,No,A Division One Day Grade
Ross Baker,David Cameron,6,6,2024,No,A Division One Day Grade
David Van Wees,Koopa Walsh,6,10,2024,No,H Division One Day Grade
Daniel Sims,Vishnu Rajendran,6,5,2024,No,C Division One Day Grade
Vishnu Rajendran,Brett Harrison,6,6,2024,No,C Division One Day Grade
Clinton Reid,Cameron Lee,6,2,2025,No,D Division One Day Grade
Dennis Freind,Raguvaran Sukumar,6,8,2025,No,I Division One Day Grade
Chris Popoff,Nilan Chandratilake,6,2,2025,No,I Division One Day Grade
Prabud Peduru Hewa,Prashan Herath,6,8,2025,No,H Division One Day Grade
Nilan Chandratilake,Scott Bretland,6,3,2025,No,I Division One Day Grade
Prabud Peduru Hewa,Nuwan Jayathma Liyanaarachchi Liyana Arachchige,6,8,2025,No,H Division One Day Grade
Dov Morris,Darren Johnson,6,1,2025,No,A Division One Day Grade
Jordan Egan,Ryker Newman,6,7,2025,No,A Division One Day Grade
Darren Johnson,Aiyush Suhasaria,6,3,2025,No,A Division One Day Grade
Maxim Crombie,Luca Crombie,6,6,2025,No,I Division One Day Grade
Jun Singh,Ryker Newman,6,2,2025,No,D Division One Day Grade
Chris Popoff,Scott Bretland,6,2,2025,No,I Division One Day Grade
Prabud Peduru Hewa,Mohamed Zainudeen,6,1,2025,No,H Division One Day Grade
M Leeder,Dave Ralston,5,4,1963,Yes,1st Grade
Brian Buttsworth,F Woods,5,5,1963,No,1st Grade
Harry Varis,Dave Ralston,5,7,1963,No,1st Grade
Raymond Scott,Barry Armstrong,5,5,1963,No,1st Grade
Raymond Scott,Fred Buttsworth,5,3,1963,No,1st Grade
Keith Randell,Alan Wilkins,5,8,1964,Yes,1st Grade
Brian Buttsworth,Fred Buttsworth,5,2,1964,No,1st Grade
N McDiarmid,Rob Wheeler,5,8,1964,No,1st Grade
Keith Randell,M Leeder,5,2,1964,No,1st Grade
Keith Randell,Harry Varis,5,3,1965,No,1st Grade
Keith Randell,Harry Varis,5,4,1965,No,1st Grade
Keith Randell,Ralph Brockman,5,2,1966,No,1st Grade
Alan Wilkins,Bert Smith,5,4,1966,No,1st Grade
Brian Henville,Richard Vigus,5,10,1966,No,1st Grade
Damien Sheridan,Rodney Chaney,5,9,1992,Yes,1st Grade
Dennis Freind,Damian Thompson,5,6,1992,No,1st Grade
Damian Thompson,Graham Butler,5,3,1992,No,1st Grade
Shane Lee,Colin Gotch,5,2,1992,No,1st Grade
Peter McSweeney,Dennis Freind,5,8,1993,No,1st Grade
Justin Fisher,Ron Gillespie,5,3,1993,No,1st Grade
Dennis Freind,Ian Price,5,8,1993,No,1st Grade
Dennis Freind,Ian Blake,5,3,1993,No,1st Grade
Gary Freind,Gary Chivers,5,1,1994,No,1st Grade
Justin Fisher,Ward Bond,5,7,1994,No,1st Grade
Ron Gillespie,Justin Fisher,5,3,1994,No,1st Grade
Paul McNamara,Ken Hart,5,7,1994,No,1st Grade
Ken Hart,David Separovic,5,10,1994,No,1st Grade
Gregory Smith,Peter Bibby,5,8,1995,Yes,1st Grade
Bruce Stark,Ian Blake,5,5,1995,No,1st Grade
Chris Whyte,Robert Fay,5,2,1995,No,1st Grade
Dennis Freind,Robert Fay,5,6,1995,No,1st Grade
Robert Fay,Gregory Smith,5,5,1995,No,1st Grade
Paul Dickson,Dennis Freind,5,1,1995,No,1st Grade
Craig Sherlock,James Bourne,5,10,1997,Yes,Metropolitan One Day
Dennis Freind,Peter Bibby,5,8,1997,Yes,1st Grade
Len Peterson,Lee Hall,5,9,1997,Yes,Metropolitan One Day
Brett Harris,Graeme Dennis,5,10,1997,Yes,1st Grade
Keith DeSilva,James Bourne,5,1,1997,No,Metropolitan One Day
Bruce Stark,Tim Reid,5,6,1997,No,5th Grade
Trevor Craib,Richard Sturgess,5,9,1997,No,Metropolitan One Day
Craig Sherlock,Alex Hall,5,3,1997,No,Metropolitan One Day
Trevor Craib,Richard Sturgess,5,9,1997,No,Metropolitan One Day
Shane Innes,Kevin Rowland,5,4,1997,No,5th Grade
Bruce Stark,David Jones,5,7,1997,No,5th Grade
Craig Sherlock,Lee Blake,5,7,1997,No,7th Grade
Gary Freind,Paul McNamara,5,3,1997,No,5th Grade
John Cottier,Chris Whyte,5,1,1997,No,3rd Grade
Len Peterson,Jason Luckman,5,6,1997,No,Metropolitan One Day
Russell Gerreyn,Warren Pearson,5,8,1997,No,5th Grade
Jason Luckman,Trevor Craib,5,8,1997,No,Metropolitan One Day
Christopher Jebb,Mark Dickson,5,7,1997,No,3rd Grade
John Lewis,Mark Stevens,5,1,1997,No,Metropolitan One Day
John Lewis,Craig Sherlock,5,4,1997,No,Metropolitan One Day
John Lewis,Len Peterson,5,5,1997,No,Metropolitan One Day
Shane Innes,Barry Richardson,5,7,1997,No,5th Grade
David Moralee,Trevor Craib,5,6,1997,No,Metropolitan One Day
David Moralee,David Sheppard,5,4,1997,No,Metropolitan One Day
David Brooks,Terry Holbrook,5,6,1997,No,5th Grade
Gino Giamboi,Paul Richardson,5,9,1997,No,5th Grade
Paul Richardson,Darren Green,5,10,1997,No,5th Grade
David Brooks,Bruce West,5,3,1997,No,5th Grade
Len Peterson,Glenn Sadler,5,9,1998,No,5th Grade
Dennis Freind,Guy Welton,5,1,1998,No,1st Grade
Christopher Jebb,Mark Butler,5,9,1998,No,3rd Grade
Adam Bassett,Guy Welton,5,3,1998,No,1st Grade
Peter Bibby,David Jones,5,9,1998,No,1st Grade
Darren Holt,Warren Pearson,5,2,1998,No,3rd Grade
Kevin Rowland,Ron Gillespie,5,1,1998,No,1st Grade
Malcolm Feasey,J Franklin,5,10,1998,No,5th Grade
Barry Richardson,J Franklin,5,6,1998,No,5th Grade
Courtney Swift,Malcolm Feasey,5,9,1998,No,5th Grade
Peter Bibby,John Cottier,5,2,1998,No,3rd Grade
Marcus Nolan,David Jones,5,10,1998,No,1st Grade
Kevin Rowland,Darren Holt,5,1,1998,No,1st Grade
Kevin Rowland,Darren Holt,5,1,1998,No,1st Grade
Peter Bibby,Graeme Dennis,5,9,1998,No,3rd Grade
Craig Sherlock,John Lewis,5,3,1998,No,5th Grade
Paul Dickson,Bradley McManus,5,2,1998,No,3rd Grade
Gary Burton,John Cottier,5,3,1998,No,5th Grade
Bryce Alexander,Ross Baker,5,4,1999,No,1st Grade
Keith Manea,Steve Morgan,5,7,1999,No,3rd Grade
Keith Manea,Jason Boekleman,5,10,1999,No,3rd Grade
Gary Burton,Andrew Sorenson,5,10,1999,No,5th Grade
Marcus Nolan,Evan Standley,5,5,1999,No,1st Grade
Kyle Adams,Darren Holt,5,3,1999,No,1st Grade
Nahan Phelpes,Glenn Sadler,5,5,1999,No,5th Grade
Glenn Sadler,Courtney Swift,5,8,1999,No,5th Grade
Wade Carruthers,Mark Butler,5,9,1999,No,1st Grade
Mark Butler,Courtney Swift,5,10,1999,No,1st Grade
Geoff Colgan,Marcus Nolan,5,6,1999,No,1st Grade
Bryce Alexander,Jason Alexander,5,4,1999,No,1st Grade
Ross Baker,Marcus Nolan,5,6,1999,No,1st Grade
Marcus Nolan,Peter Byrne,5,10,1999,No,1st Grade
Evan Standley,Mark Dickson,5,8,1999,No,1st Grade
Gary Burton,Jeremy Davis,5,4,1999,No,5th Grade
Gary Burton,Mark Dennis,5,6,2000,No,5th Grade
Gregory Martin,Charles Marlam,5,4,2000,No,1st Grade
Darren Holt,Nathan Whitney,5,7,2001,No,1st Grade
Dennis Freind,Kyle Adams,5,1,2001,No,1st Grade
Stephen Clarke,Kyle Adams,5,2,2002,No,1st Grade
Geoff Colgan,Darren Holt,5,3,2002,No,1st Grade
Darren Holt,Anthony Burke,5,2,2002,No,1st Grade
Darren Young,Gregory Martin,5,8,2002,No,1st Grade
Kyle Adams,Robbie Taylor,5,3,2002,No,1st Grade
Darren Young,David Lenane,5,8,2003,No,1st Grade
Darren Young,Gregory Martin,5,8,2003,No,1st Grade
Geoff Colgan,Ian Blake,5,10,2003,No,1st Grade
David Lenane,Gregory Martin,5,7,2003,No,1st Grade
Darren Young,Dennis Freind,5,10,2003,No,1st Grade
Darren Young,Gregory Martin,5,8,2003,No,1st Grade
Kyle Adams,David Hutchinson,5,8,2004,No,1st Grade
Kyle Adams,Malcolm Williams,5,2,2004,No,1st Grade
Kyle Adams,Darren Young,5,2,2004,No,1st Grade
Bryce Alexander,Gregory Martin,5,7,2004,No,1st Grade
Geoff Colgan,Kyle Adams,5,1,2004,No,1st Grade
Darren Young,Jeremy Davis,5,9,2004,No,1st Grade
Glenn Andersson,Darren Young,5,8,2004,No,1st Grade
Curtis Stark,Robbie Edwards,5,9,2005,No,1st Grade
Mark Stevens,Cameron Gerreyn,5,3,2005,No,8th Grade
Darren Young,Anthony Burke,5,7,2005,No,1st Grade
Jeff West,Bruce Stark,5,2,2005,No,4th Grade
Jeff West,Jason Alexander,5,4,2005,No,4th Grade
Dennis Freind,Gino Giamboi,5,8,2005,No,4th Grade
Charles Marlam,Anthony Burke,5,6,2005,No,1st Grade
Mark Dickson,Gino Giamboi,5,7,2005,No,4th Grade
Raebern DSylva,Mark Stevens,5,2,2005,No,8th Grade
Bruce Stark,Gregory Martin,5,5,2005,No,1st Grade
John Lewis,Mark Stevens,5,2,2005,No,8th Grade
Anthony Burke,Gino Giamboi,5,10,2005,No,1st Grade
Ajigh RajaGopal,Felix Machado,5,6,2005,No,8th Grade
Scott Powell,Lee Travis,5,10,2005,No,Metropolitan One Day
Andre Gabriel,Dennis Freind,5,10,2005,No,1st Grade
Bruce West,Curtis Stark,5,4,2005,No,4th Grade
Tim Reid,Aaron Robson,5,3,2005,No,Metropolitan One Day
Scott Barnard,Jay Hindmarsh,5,10,2005,No,4th Grade
Russell Normoyle,Robbie Edwards,5,8,2005,No,4th Grade
Ryan Barndon,Jason Alexander,5,3,2005,No,4th Grade
Russell Gerreyn,Mark Stevens,5,9,2005,No,8th Grade
Russell Gerreyn,Neil Steadman,5,6,2005,No,8th Grade
Mark Dickson,Russell Normoyle,5,9,2005,No,1st Grade
Jeff West,Ajigh RajaGopal,5,7,2005,No,8th Grade
Curtis Stark,Bruce West,5,8,2005,No,1st Grade
Bruce Stark,Darren Young,5,4,2005,No,1st Grade
Neil Steadman,Ashley Edwards,5,10,2005,No,4th Grade
Anthony Morgan,Aaron Robson,5,5,2005,No,Metropolitan One Day
Courtney Swift,Vikram Kalaimani,5,9,2005,No,8th Grade
Mark Dickson,Darren Young,5,7,2005,No,1st Grade
Scott Powell,Anthony Libia,5,5,2006,No,2nd Grade
Scott Powell,Anthony Libia,5,5,2006,No,2nd Grade
Christopher Jebb,Michael Gartell,5,5,2006,No,8th Grade
Ben Santoro,Neil Steadman,5,3,2006,No,8th Grade
Paul Dickson,Kevin Rowland,5,4,2006,No,2nd Grade
Scott Barnard,Curtis Stark,5,2,2006,No,5th Grade
Dennis Freind,Scott Powell,5,4,2006,No,2nd Grade
David Van Wees,Darren Hutchins,5,8,2006,No,5th Grade
Scott Powell,Aaron Robson,5,7,2006,No,2nd Grade
Scott Powell,Aaron Robson,5,7,2006,No,2nd Grade
Scott Barnard,Curtis Stark,5,2,2006,No,5th Grade
Paul Dickson,Scott Powell,5,5,2006,No,2nd Grade
Russell Gerreyn,Jarrod Worth,5,3,2006,No,5th Grade
Scott Powell,Gino Giamboi,5,7,2006,No,2nd Grade
Russell Gerreyn,Ryan Barndon,5,2,2006,No,5th Grade
Robbie Edwards,Ashley Edwards,5,10,2006,No,5th Grade
John Taylor,Timothy Bailey,5,3,2006,No,8th Grade
Scott Barnard,Ryan Barndon,5,2,2006,No,2nd Grade
Curtis Stark,Paul Dickson,5,4,2006,No,2nd Grade
Gino Giamboi,Michael Gartell,5,2,2006,No,5th Grade
John Lewis,Dean Carter,5,5,2006,No,8th Grade
John Taylor,Jeff Stephenson,5,2,2006,No,8th Grade
Scott Barnard,Paul Dickson,5,4,2006,No,2nd Grade
Kevin Rowland,Ryan Barndon,5,1,2006,No,2nd Grade
David Van Wees,Curtis Stark,5,3,2006,No,5th Grade
Scott Powell,Robert McKrill,5,8,2007,No,6th Grade
Timothy Bailey,Matt Bailey,5,8,2007,No,Metropolitan One Day
Simon Wilson,Steven Freind,5,6,2007,No,Metropolitan One Day
Simon Wilson,Brett Harley,5,4,2007,No,Metropolitan One Day
Ben Loader,Chris Mok,5,4,2007,No,Metropolitan One Day
John Lewis,Aaron Robson,5,8,2007,No,9th Grade
Paul Dickson,Raghu Gopalan,5,1,2007,No,9th Grade
Chris Mok,Jeff Stephenson,5,6,2007,No,9th Grade
Chris Mok,Cassis Van Wees,5,2,2007,No,9th Grade
Gino Giamboi,Robbie Edwards,5,10,2007,No,6th Grade
Len Peterson,Raghu Gopalan,5,9,2007,No,9th Grade
Bruce Stark,Ben Loader,5,2,2007,No,Metropolitan One Day
Russell Gerreyn,Cassis Van Wees,5,1,2007,No,9th Grade
Scott Barnard,Aaron Robson,5,5,2007,No,6th Grade
Darren Hutchins,Charles Marlam,5,2,2007,No,6th Grade
Chris Mok,Steven Freind,5,1,2007,No,Metropolitan One Day
David Van Wees,Paul Dickson,5,1,2007,No,6th Grade
Anthony Libia,Dave Dewhurst,5,8,2007,No,3rd Grade
Steve Moore,Robbie Edwards,5,10,2007,No,6th Grade
Leon Burrows,Anthony Libia,5,2,2007,No,3rd Grade
Scott Powell,Craig Bennett,5,6,2007,No,3rd Grade
Paul Dickson,Scott Barnard,5,3,2007,No,6th Grade
Chris Mok,Nathan Freind,5,9,2008,Yes,8th Grade
Ryan Shelton,I Cruttenden,5,1,2008,No,Metropolitan One Day
Darren Hutchins,Anthony Libia,5,2,2008,No,8th Grade
Bryce Alexander,Leon Burrows,5,1,2008,No,2nd Grade
Steven Freind,Jacob Paternostro,5,5,2008,No,8th Grade
Jeff Stephenson,Timothy Gailbraith,5,5,2008,No,8th Grade
Brett Noble,M Webster,5,4,2008,No,Metropolitan One Day
Timothy Gailbraith,Chris Mok,5,1,2008,No,8th Grade
MD Rowe,Nicko Zissis,5,8,2008,No,Metropolitan One Day
Conor Breheny,Sam Finnigan,5,7,2008,No,8th Grade
Steven Freind,B White,5,9,2008,No,Metropolitan One Day
Anthony Libia,Sam Finnigan,5,5,2008,No,8th Grade
JD Paternostro,Kevin Rowland,5,2,2008,No,8th Grade
Bryce Alexander,Ryan Shelton,5,1,2008,No,2nd Grade
Charles Marlam,Brett Harrison,5,4,2008,No,5th Grade
Leon Burrows,Craig Bennett,5,6,2008,No,2nd Grade
Nathan Freind,Gino Giamboi,5,9,2008,No,8th Grade
Keith Zissis,Alex Vlahos,5,1,2008,No,Metropolitan One Day
Mark Stevens,D Batanares,5,5,2008,No,Metropolitan One Day
Bryce Alexander,Leon Burrows,5,1,2008,No,2nd Grade
Sam Finnigan,Tony Bassett,5,9,2008,No,2nd Grade
Leon Okely,BA Parkes,5,9,2009,Yes,Metropolitan One Day
Dennis Freind,Michael Peter,5,10,2009,Yes,5th Grade
T Dias,Adam Spencer,5,4,2009,No,7th Grade
Matthew Hilleard,David Van Wees,5,3,2009,No,5th Grade
Russell Gerreyn,Ryan Shelton,5,3,2009,No,Metropolitan One Day
AE Earle,Adam Spencer,5,5,2009,No,7th Grade
Anthony Libia,Scott Barnard,5,5,2009,No,5th Grade
David Van Wees,Timothy Gailbraith,5,8,2009,No,5th Grade
Alex Vlahos,Daniel Allsop,5,9,2009,No,Metropolitan One Day
Ryan Shelton,Shane Shaw,5,1,2009,No,2nd Grade
Russell Gerreyn,Alex Vlahos,5,4,2009,No,Metropolitan One Day
Charles Marlam,JD Paternostro,5,6,2009,No,7th Grade
David Van Wees,Curtis Stark,5,6,2009,No,5th Grade
Ryan Barndon,Leon Burrows,5,2,2009,No,2nd Grade
David Van Wees,Anthony Libia,5,8,2009,No,5th Grade
David Van Wees,Andrew Webley,5,9,2009,No,5th Grade
David Van Wees,Scott Powell,5,5,2009,No,5th Grade
Paul Peos,JD Paternostro,5,6,2009,No,Metropolitan One Day
Anthony Libia,Shane Shaw,5,4,2009,No,5th Grade
Dennis Freind,Andrew Webley,5,9,2009,No,5th Grade
R Gipson,Brett Harrison,5,4,2009,No,2nd Grade
Anthony Libia,Craig Bennett,5,5,2009,No,5th Grade
Paul Peos,Matthew Hilleard,5,2,2009,No,Metropolitan One Day
Dov Morris,Anthony Libia,5,3,2009,No,7th Grade
R Gipson,Michael Mani,5,3,2009,No,2nd Grade
Bryce Alexander,Gino Giamboi,5,9,2009,No,7th Grade
Bryce Alexander,Anthony Libia,5,4,2009,No,7th Grade
Tony Bassett,Michael Mani,5,9,2009,No,2nd Grade
Adam Wreford,Michael Mani,5,9,2009,No,2nd Grade
Scott Barnard,Michael Peter,5,10,2009,No,5th Grade
John Taylor,Tony Bassett,5,7,2009,No,2nd Grade
Sam Finnigan,R Gipson,5,5,2009,No,2nd Grade
Michael Mani,Ben Stephenson,5,9,2010,Yes,2nd Grade
Matt Behn,Tony Bassett,5,6,2010,No,2nd Grade
Dov Morris,Ryan Barndon,5,2,2010,No,2nd Grade
Daniel Allsop,M Van Dooren,5,9,2010,No,7th Grade
Dov Morris,Leon Burrows,5,1,2010,No,2nd Grade
Scott Powell,Curtis Stark,5,2,2010,No,5th Grade
Dennis Freind,Lee Maas,5,7,2010,No,7th Grade
Brett Harrison,Aaron Robson,5,7,2010,No,5th Grade
Paul Peos,Sam Finnigan,5,3,2010,No,Metropolitan One Day
Dov Morris,Leon Burrows,5,1,2010,No,2nd Grade
Dov Morris,Leon Burrows,5,1,2010,No,2nd Grade
D Harris,Aaron Robson,5,6,2010,No,5th Grade
J Eyre,M Zanotti,5,3,2010,No,Metropolitan One Day
Paul Massara,Leon Okely,5,3,2011,No,4th Grade
Aaron Robson,Andrew Webley,5,6,2011,No,4th Grade
Adam Wreford,Ben Stephenson,5,8,2011,No,2nd Grade
James Day,David Van Wees,5,1,2011,No,6th Grade
Scott Powell,Ben Price,5,2,2011,No,4th Grade
Dave Dewhurst,Michael Peter,5,10,2011,No,4th Grade
Brett Harrison,Sam Finnigan,5,8,2011,No,4th Grade
Dennis Freind,Charles Marlam,5,2,2011,No,6th Grade
Sean Okley,David Van Wees,5,6,2011,No,6th Grade
David Van Wees,Timothy Gailbraith,5,7,2011,No,6th Grade
Leon Burrows,Scott Barnard,5,2,2011,No,2nd Grade
Brett Harrison,Aaron Robson,5,7,2011,No,4th Grade
Dov Morris,Scott Barnard,5,2,2011,No,2nd Grade
Paul Dickson,Russell Gerreyn,5,1,2011,No,Metropolitan One Day
Ryan Barndon,Paul Massara,5,6,2011,No,2nd Grade
Bryce Alexander,Ross Baker,5,3,2011,No,2nd Grade
Bryce Alexander,Ryan Barndon,5,4,2011,No,2nd Grade
Clinton Reid,Aaron Robson,5,6,2011,No,4th Grade
Alex Vlahos,Keith Zissis,5,3,2011,No,Metropolitan One Day
D Winning,Conor Breheny,5,3,2011,No,6th Grade
Paul Dickson,Keith Zissis,5,2,2011,No,Metropolitan One Day
Bryce Alexander,Sam Finnigan,5,6,2011,No,2nd Grade
Ash Eyre,Mark Dickson,5,5,2011,No,Metropolitan One Day
Steve Moore,Courtney Swift,5,8,2011,No,Metropolitan One Day
Zack Van Wees,Mitch Sidon,5,10,2011,No,Metropolitan One Day
Keith Zissis,Mark Dickson,5,5,2011,No,Metropolitan One Day
David Van Wees,Conor Breheny,5,4,2011,No,6th Grade
Gino Giamboi,R Morgan,5,7,2011,No,Metropolitan One Day
Daniel Atkinson,Russell Normoyle,5,8,2012,No,2nd Grade
Dennis Freind,Sam Finnigan,5,4,2012,No,3rd Grade
Paul Dickson,Ben Price,5,1,2012,No,3rd Grade
Andrew Webley,Dave Dewhurst,5,9,2012,No,3rd Grade
Scott Barnard,P Wright,5,3,2012,No,2nd Grade
Darren Hutchins,Simon Borrett,5,8,2012,No,6th Grade
A Coleman,Kai Homer,5,6,2012,No,Metropolitan One Day
Dov Morris,Clinton Reid,5,1,2012,No,2nd Grade
David Van Wees,Aaron Robson,5,7,2012,No,3rd Grade
Chris Mok,Ben Gatter,5,7,2012,No,6th Grade
Ben Gatter,Sean Okley,5,8,2012,No,6th Grade
Scott Barnard,James Day,5,5,2012,No,2nd Grade
Ash Eyre,Ian Wilson,5,4,2012,No,Metropolitan One Day
Curtis Stark,James Day,5,1,2012,No,6th Grade
Ross Baker,Ryan Barndon,5,5,2012,No,2nd Grade
JL Dimond,Ben Gatter,5,8,2012,No,6th Grade
Scott Powell,Michael Peter,5,9,2013,Yes,3rd Grade
Graeme Pryce,James Day,5,1,2013,No,5th Grade
Kirk Howes,Gino Giamboi,5,6,2013,No,Metropolitan One Day
Curtis Stark,Brett Harrison,5,2,2013,No,3rd Grade
Paul Peos,Chris Homer,5,3,2013,No,Metropolitan One Day
Jeff Stephenson,Garath Van Der Elst,5,2,2013,No,5th Grade
Conor Breheny,Justin Joyce,5,4,2013,No,Metropolitan One Day
Dave Dewhurst,Michael Peter,5,10,2013,No,3rd Grade
Devender Kumar,Harbhinder Sandhu,5,8,2013,No,Mercantile One Day
Mandeep Singh,S Gill,5,8,2013,No,Mercantile One Day
Happee Boparai,Mandeep Singh,5,4,2013,No,Mercantile One Day
Aaron Robson,Dave Dewhurst,5,10,2013,No,3rd Grade
Sam Finnigan,Scott Powell,5,3,2013,No,3rd Grade
Chris Mok,Alex Roberts,5,8,2013,No,5th Grade
Chris Mok,Mick Andrews,5,9,2013,No,5th Grade
Josh Taylor,Dennis Freind,5,10,2013,No,2nd Grade
Scott Barnard,Ross Baker,5,4,2013,No,2nd Grade
Karamjeet Singh,Gurpreet Sidhu,5,5,2013,No,Mercantile One Day
Jeff Stephenson,Conor Breheny,5,3,2013,No,5th Grade
Keith Zissis,Lee Maas,5,10,2013,No,Metropolitan One Day
Keith Zissis,Jack Vlahos,5,5,2013,No,Metropolitan One Day
David Van Wees,Andrew Webley,5,8,2013,No,3rd Grade
Clinton Reid,Cory DeJager,5,3,2013,No,3rd Grade
Michael Peter,Scott Powell,5,5,2013,No,3rd Grade
Daniel Atkinson,Scott Powell,5,4,2013,No,3rd Grade
Jake Finney,Dov Morris,5,2,2013,No,2nd Grade
Gino Giamboi,Dennis Freind,5,9,2014,No,3rd Grade
K Brown,Jeff Stephenson,5,9,2014,No,8th Grade
K Brown,David Van Wees,5,10,2014,No,8th Grade
David Singh,D Sharma,5,8,2014,No,Metropolitan One Day
Jagdeep Brar,S Gill,5,5,2014,No,Metropolitan One Day
Dennis Freind,Adam Lankester,5,3,2014,No,5th Grade
Sandeep Brar,Randeep Brar,5,3,2014,No,Metropolitan One Day
Brendan Miller,Josh Copping,5,5,2014,No,3rd Grade
Chris Homer,Gino Giamboi,5,8,2014,No,5th Grade
Gary Freind,Bryce Alexander,5,5,2014,No,8th Grade
Devender Kumar,Kai Homer,5,9,2014,No,3rd Grade
Scott Powell,M Norton,5,3,2014,No,3rd Grade
Russell Gerreyn,Bryce Alexander,5,3,2014,No,8th Grade
Josh Copping,Aaron Robson,5,4,2014,No,3rd Grade
Brett Harrison,Josh Copping,5,4,2014,No,3rd Grade
Sam Finnigan,C Puff,5,6,2014,No,5th Grade
C Puff,Ben Gatter,5,9,2014,No,5th Grade
Ian Wilson,Devender Kumar,5,7,2014,No,3rd Grade
JD Krasenstein,Conor Breheny,5,5,2014,No,5th Grade
Dov Morris,Ross Baker,5,3,2014,No,2nd Grade
Goppi Singh,Bikram Singh,5,9,2014,No,Metropolitan One Day
Ranjit Singh,S Gill,5,7,2014,No,Metropolitan One Day
Sandeep Brar,Paul Dickson,5,3,2014,No,Metropolitan One Day
Happee Boparai,Harbhinder Sandhu,5,4,2014,No,Metropolitan One Day
Martin Burrow,Kai Homer,5,4,2014,No,5th Grade
Michael Peter,Chris Mok,5,7,2014,No,5th Grade
Grant Carslake,M Martin,5,8,2014,No,5th Grade
Clinton Reid,Curtis Stark,5,1,2014,No,3rd Grade
Dennis Freind,K Symons,5,1,2014,No,8th Grade
Paul Dickson,Mark Sinclair,5,6,2014,No,8th Grade
Chris Homer,Martin Burrow,5,2,2014,No,5th Grade
C Puff,Ben Gatter,5,9,2014,No,5th Grade
Happee Boparai,S Gill,5,4,2014,No,Metropolitan One Day
Ben Stephenson,Tom Condello,5,10,2014,No,8th Grade
Paul Dickson,AB Goodchild,5,3,2014,No,8th Grade
Happee Boparai,Sandeep Brar,5,2,2014,No,Metropolitan One Day
Gary Freind,David Van Wees,5,5,2014,No,8th Grade
Sandeep Brar,Onka Singh,5,3,2014,No,Metropolitan One Day
Randeep Brar,H Batth,5,6,2014,No,Metropolitan One Day
James Ditchburn,Dave Dewhurst,5,10,2015,Yes,2nd Grade
Conor Breheny,Darren Stride,5,9,2015,Yes,9th Grade
P Rados,Grant Carslake,5,5,2015,No,9th Grade
David Van Wees,D Tingey,5,7,2015,No,7th Grade
D Tingey,Gino Giamboi,5,8,2015,No,7th Grade
Tony Bassett,Robbie Edwards,5,10,2015,No,4th Grade
Martin Burrow,Robbie Edwards,5,10,2015,No,4th Grade
Devender Kumar,Martin Burrow,5,8,2015,No,4th Grade
Brett Harrison,R Singhal,5,5,2015,No,4th Grade
R Singhal,Sam Finnigan,5,6,2015,No,4th Grade
Ben Gatter,Robbie Edwards,5,10,2015,No,6th Grade
AB Goodchild,Anthony Sinclair,5,6,2015,No,7th Grade
Karamjeet Singh,Leon Burrows,5,7,2015,No,2nd Grade
Kai Homer,Mandeep Sidhu,5,10,2015,No,4th Grade
Martin Burrow,Grant Carslake,5,5,2015,No,9th Grade
Aaron Robson,Dave Dewhurst,5,10,2015,No,4th Grade
Dov Morris,Brett Harrison,5,2,2015,No,2nd Grade
Ross Baker,Ryan Barndon,5,5,2015,No,2nd Grade
Jake Finney,Ross Baker,5,4,2015,No,2nd Grade
Gino Giamboi,Tom Condello,5,8,2015,No,7th Grade
Clinton Reid,John Taylor,5,5,2015,No,6th Grade
Clinton Reid,Chris Mok,5,3,2015,No,6th Grade
Curtis Stark,Brett Harrison,5,7,2015,No,4th Grade
Garath Van Der Elst,Goppi Singh,5,1,2015,No,9th Grade
Martin Burrow,B Le Cras,5,8,2015,No,9th Grade
Ross Baker,N Singh,5,5,2015,No,2nd Grade
Karamjeet Singh,Leon Burrows,5,6,2015,No,2nd Grade
Ian Wilson,Ross Baker,5,4,2015,No,2nd Grade
Scott Barnard,Brendan Millar,5,4,2016,No,3rd Grade
A Malik,R Edmonds,5,7,2016,No,3rd Grade
Tyrone Allen,Adam Borrett,5,9,2016,No,3rd Grade
Jun Singh,Cameron Lee,5,2,2016,No,6th Grade
C Vaidya,S Wagh,5,3,2016,No,Metropolitan One Day
Chris Mok,Clinton Reid,5,4,2016,No,5th Grade
Dov Morris,Curtis Stark,5,1,2016,No,3rd Grade
Courtney Swift,Cameron Lee,5,8,2016,No,9th Grade
I Morawiec,Y Rai,5,8,2016,No,Metropolitan One Day
Karamjeet Singh,Leon Burrows,5,7,2016,No,1st Grade
L Johnson,Courtney Swift,5,3,2016,No,9th Grade
Garath Van Der Elst,Jun Singh,5,2,2016,No,5th Grade
Dennis Freind,Keith Zissis,5,3,2016,No,6th Grade
K Bond,Grant Carslake,5,6,2016,No,6th Grade
Brad Walker,DA Allsop,5,9,2016,No,5th Grade
Brendan Millar,Brett Harrison,5,6,2016,No,3rd Grade
Curtis Stark,A Malik,5,1,2016,No,3rd Grade
P Singh,Courtney Swift,5,5,2016,No,Metropolitan One Day
Michael Peter,Karamdeep Brar,5,6,2016,No,5th Grade
C Puff,R Edmonds,5,8,2016,No,3rd Grade
Gino Giamboi,Darren Stride,5,9,2016,No,6th Grade
James Ditchburn,Phillip Ross,5,5,2016,No,9th Grade
James Ditchburn,B Le Cras,5,6,2016,No,9th Grade
Jake Finney,Dov Morris,5,1,2016,No,1st Grade
R Singhal,Mandeep Singh,5,8,2016,No,5th Grade
Darren Johnson,Leon Burrows,5,7,2016,No,1st Grade
Phillip Ross,Cameron Lee,5,7,2016,No,9th Grade
Jake Finney,Brendan Millar,5,3,2016,No,1st Grade
Dennis Freind,AB Goodchild,5,6,2016,No,6th Grade
Chris Homer,James Ditchburn,5,5,2016,No,5th Grade
Kirk Howes,Adam Wreford,5,9,2016,No,1st Grade
Garath Van Der Elst,Dennis Freind,5,3,2016,No,6th Grade
JD Krasenstein,AB Kalimeris,5,7,2016,No,9th Grade
Mandeep Singh,S Young,5,8,2016,No,5th Grade
Chris Mok,Bruce Stark,5,8,2016,No,3rd Grade
Clinton Reid,Darren Johnson,5,3,2016,No,3rd Grade
Chris Mok,C Puff,5,6,2016,No,3rd Grade
A Malik,R Singhal,5,7,2016,No,5th Grade
James Day,Phillip Ross,5,2,2016,No,9th Grade
Brett Harrison,A Malik,5,2,2016,No,5th Grade
A Malik,Clinton Reid,5,3,2016,No,5th Grade
S Gill,Mandeep Singh,5,7,2017,Yes,5th Grade
Russell Normoyle,Minish Diniadan,5,8,2017,No,1st Grade
James Day,Cameron Lee,5,4,2017,No,7th Grade
Darren Holt,Garath Van Der Elst,5,6,2017,No,7th Grade
Darren Johnson,Karamjeet Singh,5,5,2017,No,1st Grade
Curtis Stark,Scott Barnard,5,2,2017,No,1st Grade
Mandeep Singh,C Singh,5,9,2017,No,5th Grade
Karamjeet Singh,Ross Baker,5,6,2017,No,1st Grade
Chris Mok,Adam Borrett,5,10,2017,No,1st Grade
Adam Lankester,Darren Johnson,5,3,2017,No,1st Grade
Brett Harrison,A Corrie,5,4,2017,No,3rd Grade
Chris Homer,Conor Breheny,5,5,2017,No,3rd Grade
Mark Sinclair,Garath Van Der Elst,5,4,2017,No,7th Grade
Darren Johnson,Ross Baker,5,6,2017,No,1st Grade
Scott Barnard,Darren Johnson,5,3,2017,No,1st Grade
Darren Johnson,Karamjeet Singh,5,4,2017,No,1st Grade
Paul Maindok,Mark Sinclair,5,2,2017,No,7th Grade
James Ditchburn,Phillip Ross,5,6,2017,No,3rd Grade
Ryan Barndon,Adam Borrett,5,10,2017,No,1st Grade
R Singhal,Mandeep Singh,5,9,2017,No,5th Grade
Chris Homer,Jun Singh,5,4,2017,No,5th Grade
Dov Morris,Ross Baker,5,6,2017,No,1st Grade
David Van Wees,James Day,5,1,2017,No,7th Grade
A Malik,Darren Johnson,5,3,2018,No,2nd Grade
Bikram Singh,Karamdeep Brar,5,9,2018,No,4th Grade
Curtis Stark,Adam Lankester,5,1,2018,No,2nd Grade
S Gill,Karamdeep Brar,5,10,2018,No,4th Grade
Keith Zissis,Hayden Candy,5,1,2018,No,Mercantile One Day
Karamdeep Brar,Jun Singh,5,8,2018,No,4th Grade
Cameron Lee,Dennis Freind,5,6,2018,No,4th Grade
Mandeep Singh,K Symons,5,9,2018,No,4th Grade
Raghu Sharma,S Gill,5,6,2018,No,4th Grade
Curtis Stark,Adam Lankester,5,1,2018,No,2nd Grade
Adam Lankester,Dov Morris,5,3,2018,No,2nd Grade
Mark Sinclair,Keith Zissis,5,2,2018,No,Mercantile One Day
Jun Singh,Robbie Edwards,5,10,2018,No,4th Grade
Keith Zissis,Goppi Singh,5,7,2018,No,Mercantile One Day
Keith Zissis,Hayden Candy,5,5,2018,No,Mercantile One Day
Chris Mok,Adam Borrett,5,10,2018,No,2nd Grade
Mark Sinclair,Paul McNamara,5,8,2018,No,Mercantile One Day
Darren Johnson,Dov Morris,5,1,2018,No,2nd Grade
Paul McNamara,Darren Stride,5,9,2019,Yes,E Division One Day Grade
Geoff Colgan,Ash Eyre,5,8,2019,Yes,B Division One Day Grade
Clinton Reid,Tom Condello,5,10,2019,Yes,C Division One Day Grade
W Abbas,S Pawday,5,10,2019,No,3rd Grade
Jun Singh,Bikram Singh,5,8,2019,No,5th Grade
Garath Van Der Elst,Paul McNamara,5,8,2019,No,E Division One Day Grade
Garath Van Der Elst,Graeme Angwin,5,2,2019,No,B Division One Day Grade
Brett Harrison,Sam Finnigan,5,5,2019,No,B Division One Day Grade
Bruce Stark,David Van Wees,5,6,2019,No,E Division One Day Grade
A Singh,Phillip Ross,5,9,2019,No,3rd Grade
Happee Boparai,Randeep Brar,5,3,2019,No,5th Grade
Graeme Angwin,Garath Van Der Elst,5,8,2019,No,B Division One Day Grade
Darren Young,Geoff Colgan,5,1,2019,No,B Division One Day Grade
Ross Baker,LH Berendsen,5,5,2019,No,3rd Grade
A Singh,S Pawday,5,10,2019,No,3rd Grade
Curtis Stark,Ryan Barndon,5,6,2019,No,3rd Grade
Dennis Freind,Tony Bassett,5,7,2019,No,B Division One Day Grade
Darren Johnson,Brendan Millar,5,3,2019,No,3rd Grade
Darren Young,AJ Aslam,5,3,2019,No,B Division One Day Grade
Nirbhai Sohi,Happee Boparai,5,4,2019,No,5th Grade
Keith Zissis,Dan Leatham,5,6,2019,No,C Division One Day Grade
Garath Van Der Elst,Sajan Hanjra,5,8,2019,No,5th Grade
Chris Popoff,Bruce Stark,5,5,2019,No,E Division One Day Grade
Bruce Stark,Ziiyad Salle,5,7,2019,No,E Division One Day Grade
Daniel Sims,G Fawell,5,9,2019,No,C Division One Day Grade
Daniel Sims,Dennis Freind,5,10,2019,No,C Division One Day Grade
Dennis Freind,Jun Singh,5,6,2019,No,B Division One Day Grade
Darren Young,Mandeep Singh,5,7,2019,No,B Division One Day Grade
Daniel Atkinson,Raghu Sharma,5,3,2020,No,A Division One Day Grade
Jagdeep Brar,Nirbhai Sohi,5,9,2020,No,A Division One Day Grade
Ross Baker,Jagdeep Brar,5,7,2020,No,A Division One Day Grade
J Naidoo,John Taylor,5,4,2020,No,E Division One Day Grade
Parminder Sandhu,Darren Franklin,5,8,2020,No,F Division One Day Grade
Clinton Reid,Cameron Lee,5,2,2020,No,B Division One Day Grade
Justin Kickett,Adam Duffy,5,6,2020,No,F Division One Day Grade
Nilan Chandratilake,David Van Wees,5,1,2020,No,F Division One Day Grade
Mandeep Singh,Phillip Ross,5,9,2020,No,B Division One Day Grade
Dov Morris,Raghu Sharma,5,3,2021,No,B Division One Day Grade
Raghu Sharma,Gurpreet Brar,5,8,2021,No,B Division One Day Grade
Dov Morris,Dan Leatham,5,7,2021,No,E Division One Day Grade
Chris Popoff,Bruce Stark,5,3,2021,No,G Division One Day Grade
Dan Leatham,Rylan Candy,5,9,2021,No,E Division One Day Grade
Clinton Reid,A Lankester,5,5,2021,No,B Division One Day Grade
Darren Franklin,Grant Carslake,5,8,2021,No,G Division One Day Grade
Nilan Chandratilake,Chris Popoff,5,2,2021,No,G Division One Day Grade
Mandeep Singh,Jagdeep Brar,5,6,2021,No,A Division One Day Grade
Keith Zissis,Nathan Hearnes,5,2,2021,No,E Division One Day Grade
Nilan Chandratilake,Thomas Cross,5,1,2021,No,E Division One Day Grade
G Singh,Thanuja Jayakodi Arachchige,5,7,2021,No,B Division One Day Grade
Thomas Cross,Brett Harrison,5,2,2021,No,E Division One Day Grade
Nirbhai Sohi,Ash Yadav,5,2,2021,No,A Division One Day Grade
Thanuja Jayakodi Arachchige,David Hallows,5,9,2021,No,B Division One Day Grade
Duane Crombie,Aaron Robson,5,7,2021,No,G Division One Day Grade
Ross Baker,Jun Singh,5,6,2022,Yes,B Division One Day Grade
Vishnu Rajendran,Daniel Lambrinidis,5,7,2022,Yes,D Division One Day Grade
Davis Bode,Bikram Singh,5,7,2022,Yes,A Division One Day Grade
Mandeep Singh,Bikram Singh,5,7,2022,Yes,A Division One Day Grade
John Taylor,Ash Yadav,5,7,2022,Yes,A Division One Day Grade
Phillip Ross,Ryan James,5,10,2022,No,B Division One Day Grade
Clinton Reid,Daniel Lambrinidis,5,3,2022,No,D Division One Day Grade
Vishnu Rajendran,David Chignell,5,6,2022,No,D Division One Day Grade
Nirbhai Sohi,Gurdeep Singh,5,1,2022,No,A Division One Day Grade
Bikram Singh,Samuel Freind,5,9,2022,No,A Division One Day Grade
Nirbhai Sohi,Thanuja Jayakodi Arachchige,5,2,2022,No,A Division One Day Grade
Vishnu Rajendran,Garath Van Der Elst,5,8,2022,No,D Division One Day Grade
David Van Wees,Aaron Robson,5,1,2022,No,G Division One Day Grade
Chris Popoff,Jun Singh,5,4,2022,No,G Division One Day Grade
Gurdeep Singh,Mandeep Singh,5,2,2022,No,A Division One Day Grade
Courtney Swift,Cameron Lee,5,2,2022,No,D Division One Day Grade
Jun Singh,James Ditchburn,5,5,2022,No,B Division One Day Grade
Davis Bode,Thanuja Jayakodi Arachchige,5,9,2022,No,A Division One Day Grade
Cameron Lee,Paul Holmes,5,5,2022,No,D Division One Day Grade
Curtis Stark,Darren Johnson,5,3,2022,No,B Division One Day Grade
John Taylor,Bikram Singh,5,7,2022,No,A Division One Day Grade
Ross Baker,Daniel Atkinson,5,8,2023,Yes,B Division One Day Grade
Ash Yadav,Nirbhai Sohi,5,3,2023,No,A Division One Day Grade
Ash Yadav,Happee Boparai,5,4,2023,No,A Division One Day Grade
Jagdeep Brar,Mandeep khokhar,5,7,2023,No,A Division One Day Grade
Chris Popoff,Tom Condello,5,10,2023,No,I Division One Day Grade
Tom Parkinson,Amos Robinson,5,2,2023,No,H Division One Day Grade
Happee Boparai,Gurdeep Singh,5,1,2023,No,A Division One Day Grade
Vishnu Rajendran,Dan Leatham,5,7,2023,No,C Division One Day Grade
Gurdeep Singh,Kirk Howes,5,7,2023,No,A Division One Day Grade
Ross Baker,Dov Morris,5,4,2023,No,B Division One Day Grade
Raghu Sharma,Mandeep Singh,5,3,2023,No,A Division One Day Grade
Nilan Chandratilake,Aaron Robson,5,4,2023,No,I Division One Day Grade
Nirbhai Sohi,Ash Yadav,5,6,2023,No,A Division One Day Grade
Ross Baker,Davis Bode,5,6,2023,No,B Division One Day Grade
Ian Glover,Daniel Delanty,5,10,2024,Yes,I Division One Day Grade
Ashan Udeshitha,Carl Singh,5,10,2024,Yes,C Division One Day Grade
Clinton Reid,Daniel Sims,5,2,2024,No,C Division One Day Grade
Scott Bretland,Mike Whehella,5,7,2024,No,I Division One Day Grade
daniel spencer,Ryan Herbert,5,9,2024,No,H Division One Day Grade
David Van Wees,daniel spencer,5,4,2024,No,H Division One Day Grade
Mike Whehella,Kevin Bishop,5,8,2024,No,I Division One Day Grade
Brett Harrison,Vishnu Rajendran,5,3,2024,No,C Division One Day Grade
Davis Bode,Clinton Reid,5,1,2024,No,C Division One Day Grade
Bruce Stark,Shishpal Rana,5,9,2024,No,I Division One Day Grade
Vishnu Rajendran,Jun Singh,5,5,2024,No,C Division One Day Grade
Dov Morris,Cooper Ilich King,5,8,2024,No,H Division One Day Grade
Vishnu Rajendran,Shishpal Rana,5,7,2024,No,C Division One Day Grade
Clinton Reid,Vishnu Rajendran,5,4,2024,No,C Division One Day Grade
Russell Normoyle,Darren Johnson,5,3,2024,No,A Division One Day Grade
Leon Burrows,Kirk Howes,5,6,2025,No,A Division One Day Grade
Curtis Stark,Bradley Younger,5,2,2025,No,D Division One Day Grade
Manav Patel,Trent George Kennedy,5,7,2025,No,D Division One Day Grade
Mandeep Grewal,Campbell Robson,5,10,2025,No,I Division One Day Grade
Mohamed Zainudeen,Prabud Peduru Hewa,5,1,2025,No,H Division One Day Grade
Vihanga Silva,Prashan Herath,5,9,2025,No,H Division One Day Grade
Saliya Widanagamage,Vihanga Silva,5,5,2025,No,H Division One Day Grade
Vishnu Rajendran,Alex Hall,5,6,2025,No,D Division One Day Grade
Manav Patel,Tom Condello,5,2,2025,No,D Division One Day Grade
Adam Duffy,Darren Franklin,5,8,2025,No,I Division One Day Grade
Kusal Walliwala Gamage,Manula Rajakaruna,5,10,2025,No,H Division One Day Grade
Adam Duffy,Nilan Chandratilake,5,2,2025,No,I Division One Day Grade
Clinton Reid,Curtis Stark,5,1,2025,No,D Division One Day Grade
Kevin Bishop,Tom Condello,5,9,2025,No,I Division One Day Grade
Kirk Howes,Trent George Kennedy,5,9,2025,No,A Division One Day Grade
Chamod Dilshan Happawana Vithanage,Nuwan Jayathma Liyanaarachchi Liyana Arachchige,5,9,2025,No,H Division One Day Grade
Daniel Sims,Brett Harrison,5,2,2025,No,D Division One Day Grade
Daniel Sims,Vishnu Rajendran,5,3,2025,No,D Division One Day Grade
Nimesh Shamalka,Keith Zissis,5,5,2025,No,D Division One Day Grade
Aaron Robson,Tom Condello,5,7,2025,No,I Division One Day Grade
C Hayes,Alby Braun,4,2,1963,No,1st Grade
C Hayes,F Woods,4,4,1963,No,1st Grade
Geoff Hamel,Ray Taylor,4,7,1963,No,1st Grade
Geoff Hamel,M Leeder,4,3,1963,No,1st Grade
M Leeder,Brian France,4,4,1963,No,1st Grade
Ray Taylor,M Law,4,7,1964,No,1st Grade
Keith Randell,N McDiarmid,4,7,1964,No,1st Grade
Keith Randell,Dave Cosson,4,5,1964,No,1st Grade
Keith Randell,Barry Armstrong,4,3,1964,No,1st Grade
Keith Randell,Dave Cosson,4,6,1964,No,1st Grade
Kevin Lock,Dave Cosson,4,9,1965,No,1st Grade
Keith Randell,Alan Wilkins,4,3,1965,No,1st Grade
Brian Buttsworth,Geoff Hamel,4,5,1965,No,1st Grade
A Green,Ralph Brockman,4,3,1966,No,1st Grade
Keith Randell,Ralph Brockman,4,2,1966,No,1st Grade
Bill Bridges,Greg Kent,4,3,1979,No,1st Grade
Dennis Freind,Ian Blake,4,5,1992,No,1st Grade
Dennis Freind,Phil Greatrix,4,8,1992,No,1st Grade
Damian Thompson,Colin Gotch,4,7,1992,No,1st Grade
Chris Dobson,Shane Ferdinadus,4,9,1992,No,1st Grade
Shane Lee,Damien Sheridan,4,9,1992,No,1st Grade
Ian Blake,Gary Chivers,4,1,1992,No,1st Grade
Ian Blake,Dennis Freind,4,2,1992,No,1st Grade
Ian Blake,Colin Gotch,4,7,1993,No,1st Grade
Dennis Freind,Geoff OMeara,4,9,1993,No,1st Grade
Ron Gillespie,Shane Ferdinadus,4,4,1993,No,1st Grade
Ron Gillespie,Dennis Freind,4,4,1993,No,1st Grade
Mark Dickson,Cameron Briscoe,4,5,1993,No,1st Grade
Dennis Freind,Ian Blake,4,5,1993,No,1st Grade
Stephen Clarke,Barry Richardson,4,1,1993,No,1st Grade
Gary Chivers,Justin Fisher,4,1,1993,No,1st Grade
Graham Butler,Justin Fisher,4,5,1993,No,1st Grade
Darren Mackie,Ward Bond,4,6,1994,No,1st Grade
Dennis Freind,Lance Ferguson,4,9,1994,No,1st Grade
Graham Butler,Paul McNamara,4,6,1994,No,1st Grade
Paul Dickson,Jeff Stephenson,4,6,1994,No,1st Grade
Murray Quarrell,David Sheppard,4,10,1994,No,1st Grade
Paul Dickson,Ian Blake,4,4,1994,No,1st Grade
David Separovic,Dennis Freind,4,10,1994,No,1st Grade
Ian Blake,Peter McSweeney,4,6,1995,No,1st Grade
Ian Price,Gary Freind,4,10,1995,No,1st Grade
Dennis Freind,Gary Freind,4,7,1995,No,1st Grade
Peter McSweeney,Gary Freind,4,8,1995,No,1st Grade
Tim Reid,David Jones,4,8,1997,Yes,3rd Grade
John Lewis,Doug Osborne,4,6,1997,No,7th Grade
Brett Tester,Nathan Whitney,4,6,1997,No,4th Grade
Bruce Stark,Ian Blake,4,2,1997,No,Metropolitan One Day
Terry Holbrook,Gino Giamboi,4,3,1997,No,5th Grade
Gino Giamboi,Bruce Stark,4,5,1997,No,5th Grade
Christopher Jebb,Ward Bond,4,5,1997,No,3rd Grade
James Bourne,Trevor Craib,4,8,1997,No,Metropolitan One Day
Adam Bassett,Ron Gillespie,4,3,1997,No,1st Grade
Darren Green,Graeme Dennis,4,10,1997,No,3rd Grade
Mark ONeill,Lee Blake,4,2,1997,No,Metropolitan One Day
Bryce Alexander,Courtney Swift,4,9,1997,No,7th Grade
Adam Bassett,Paul Dickson,4,2,1997,No,1st Grade
Paul Richardson,Jeff West,4,10,1997,No,7th Grade
Mick OReilly,Alex Hall,4,1,1997,No,7th Grade
Alex Hall,Keith DeSilva,4,4,1997,No,7th Grade
Rodney Taylor,Shane Innes,4,1,1997,No,3rd Grade
Gino Giamboi,Tony Carrier,4,7,1997,No,5th Grade
Brett Harris,Mark Butler,4,9,1997,No,1st Grade
Geoff Colgan,Mark Dickson,4,3,1997,No,1st Grade
Geoff Colgan,Brett Harris,4,4,1997,No,1st Grade
David Singh,Tim Reid,4,5,1997,No,5th Grade
Tim Reid,Bruce West,4,6,1997,No,5th Grade
Jason Luckman,James Bourne,4,10,1997,No,Metropolitan One Day
Jason Alexander,Mark Stevens,4,1,1997,No,Metropolitan One Day
Barry Richardson,Gino Giamboi,4,8,1997,No,5th Grade
Ward Bond,Christopher Jebb,4,5,1997,No,3rd Grade
Mark Dickson,Chris Whyte,4,7,1997,No,3rd Grade
Keith DeSilva,John Eyres,4,2,1997,No,7th Grade
Mick OReilly,Richard Sturgess,4,7,1997,No,7th Grade
Kim Anderson,Trevor Craib,4,7,1997,No,Metropolitan One Day
Jason Luckman,Alex Hall,4,9,1997,No,Metropolitan One Day
Darren Young,Jason Boekleman,4,9,1997,No,1st Grade
David Brooks,Rodney Taylor,4,3,1997,No,3rd Grade
Glenn McKinnon,James Bourne,4,9,1997,No,Metropolitan One Day
Gary Freind,Alex Hall,4,2,1997,No,5th Grade
Alex Hall,Paul Richardson,4,3,1997,No,5th Grade
David Singh,Darren Green,4,10,1997,No,5th Grade
David Singh,Warren Pearson,4,6,1998,No,5th Grade
Shane Innes,David Rye,4,3,1998,No,5th Grade
Adam Bassett,Mark Dickson,4,4,1998,No,1st Grade
Barry Richardson,David Gulberti,4,2,1998,No,5th Grade
Barry Richardson,Doug Osborne,4,8,1998,No,5th Grade
Dennis Freind,David Jones,4,10,1998,No,1st Grade
Dennis Freind,Darren Green,4,10,1998,No,1st Grade
Kevin Rowland,Adam Bassett,4,3,1998,No,1st Grade
Geoff Colgan,Mark Dickson,4,5,1998,No,3rd Grade
Bruce Stark,Christopher Jebb,4,6,1998,No,3rd Grade
Warren Pearson,Darren Green,4,10,1998,No,3rd Grade
Barry Richardson,Gino Giamboi,4,7,1998,No,5th Grade
Tim Reid,Bryce Alexander,4,3,1998,No,3rd Grade
John Lewis,Joel Duschka,4,8,1998,No,5th Grade
Christopher Jebb,Graeme Dennis,4,9,1998,No,3rd Grade
Russell Gerreyn,John Lewis,4,2,1999,No,5th Grade
Nahan Phelpes,Glenn Sadler,4,8,1999,No,5th Grade
Russell Gerreyn,Gary Burton,4,1,1999,No,5th Grade
Anthony Libia,Malcolm Feasey,4,9,1999,No,5th Grade
Lee Blake,Bruce West,4,4,1999,No,5th Grade
Evan Standley,Mark Dickson,4,6,1999,No,1st Grade
Gary Burton,Len Peterson,4,2,1999,No,5th Grade
Gary Burton,Russell Gerreyn,4,3,1999,No,5th Grade
Ross Baker,Bryce Alexander,4,5,1999,No,1st Grade
Darren Young,Christopher Barnes,4,8,1999,No,1st Grade
Glenn Sadler,Malcolm Feasey,4,10,1999,No,5th Grade
Anthony Sinclair,Malcolm Feasey,4,10,2000,No,5th Grade
Nathan Whitney,Darren Young,4,6,2000,No,1st Grade
Darren Young,Charles Marlam,4,3,2000,No,1st Grade
Ryan Kershaw,Gregory Martin,4,9,2000,No,1st Grade
Kevin Rowland,Geoff Colgan,4,1,2001,No,1st Grade
Darren Holt,Ross Baker,4,4,2001,No,1st Grade
Geoff Colgan,Ross Baker,4,5,2001,No,1st Grade
David Lenane,Chris Whyte,4,6,2001,No,1st Grade
Robbie Taylor,Anthony Burke,4,9,2002,No,1st Grade
Stephen Clarke,Darren Young,4,1,2002,No,1st Grade
Nathan Whitney,David Lenane,4,6,2002,No,1st Grade
Chris Whyte,Craig Phillip,4,10,2003,No,1st Grade
Gregory Martin,Dennis Freind,4,9,2003,No,1st Grade
Anthony Burke,Ron Gillespie,4,3,2003,No,1st Grade
David Lenane,Glenn Andersson,4,6,2003,No,1st Grade
Kyle Adams,Gregory Martin,4,4,2003,No,1st Grade
Darren Holt,Ron Gillespie,4,6,2003,No,1st Grade
Darren Holt,Darren Young,4,7,2003,No,1st Grade
Gregory Martin,Anthony Burke,4,10,2004,No,1st Grade
Anthony Burke,Bruce Stark,4,6,2004,No,1st Grade
Geoff Colgan,David Lenane,4,1,2004,No,1st Grade
Darren Young,Glenn Andersson,4,7,2004,No,1st Grade
Anthony Burke,Andre Gabriel,4,10,2005,Yes,1st Grade
Dennis Freind,Jay Hindmarsh,4,9,2005,No,4th Grade
John Lewis,Ajigh RajaGopal,4,6,2005,No,8th Grade
Brian Norman,Jeff West,4,1,2005,No,4th Grade
Bryce Alexander,Gregory Martin,4,5,2005,No,1st Grade
Darren Young,Jeremy Davis,4,8,2005,No,1st Grade
Geoff Colgan,Bryce Alexander,4,1,2005,No,1st Grade
Ross Baker,Gregory Martin,4,5,2005,No,1st Grade
Lee Travis,Graeme Dennis,4,9,2005,No,Metropolitan One Day
Charles Marlam,Jeremy Davis,4,7,2005,No,1st Grade
Charles Marlam,Gregory Martin,4,4,2005,No,1st Grade
Scott Barnard,Neil Steadman,4,9,2005,No,4th Grade
Peter Bibby,Vikram Kalaimani,4,9,2005,No,Metropolitan One Day
Scott Barnard,Sarfaraz Samnakay,4,2,2005,No,4th Grade
Jay Hindmarsh,Neil Steadman,4,9,2005,No,4th Grade
David Van Wees,Brad Kimber,4,5,2005,No,Metropolitan One Day
Brad Kimber,Lee Travis,4,6,2005,No,Metropolitan One Day
Andrew Symons,Darren Hutchins,4,5,2005,No,8th Grade
Russell Gerreyn,Glenn Andersson,4,3,2005,No,8th Grade
Joshua Wells,Grant Cross,4,6,2005,No,4th Grade
Bruce West,Scott Barnard,4,6,2005,No,4th Grade
Bruce West,Joshua Wells,4,7,2005,No,4th Grade
Bruce West,Robbie Edwards,4,8,2005,No,4th Grade
Aaron Robson,Mark Stevens,4,8,2005,No,Metropolitan One Day
Justin Davis,Robbie Edwards,4,8,2005,No,4th Grade
Aaron Robson,Brad Kimber,4,5,2005,No,Metropolitan One Day
Jeff West,Ajigh RajaGopal,4,4,2005,No,8th Grade
Bruce Stark,Bruce West,4,3,2005,No,4th Grade
Jeff West,Scott Powell,4,2,2005,No,8th Grade
Lee Travis,Brad Kimber,4,9,2005,No,Metropolitan One Day
Scott Barnard,Russell Normoyle,4,7,2005,No,4th Grade
Dennis Freind,Curtis Stark,4,4,2005,No,4th Grade
Aaron Robson,David Van Wees,4,4,2005,No,Metropolitan One Day
Tariq Haroon,Gregory Martin,4,6,2005,No,1st Grade
Darren Young,Anthony Burke,4,8,2005,No,1st Grade
Aaron Robson,Brad Kimber,4,7,2005,No,Metropolitan One Day
Aaron Robson,David Van Wees,4,6,2005,No,Metropolitan One Day
Ajigh RajaGopal,Neil Steadman,4,8,2005,No,8th Grade
Curtis Stark,Scott Barnard,4,3,2005,No,4th Grade
Jason Carlyon,Vikram Kalaimani,4,10,2005,No,8th Grade
Anthony Morgan,Scott Powell,4,4,2005,No,Metropolitan One Day
Vikram Kalaimani,Glenn Andersson,4,3,2005,No,8th Grade
Robbie Edwards,Ashley Edwards,4,8,2005,No,4th Grade
Brett Harrison,Anthony Morgan,4,2,2005,No,Metropolitan One Day
Chris Robson,Alan McGuinness,4,4,2005,No,Metropolitan One Day
James Vellios,Mark Stevens,4,7,2006,Yes,8th Grade
Robbie Edwards,Kevin Rowland,4,5,2006,Yes,5th Grade
Curtis Stark,Satish Krishnan,4,9,2006,No,5th Grade
Mark Stevens,Ben Stephenson,4,1,2006,No,8th Grade
Curtis Stark,Robbie Edwards,4,1,2006,No,5th Grade
Gino Giamboi,David Van Wees,4,8,2006,No,2nd Grade
Dennis Freind,Paul Dickson,4,3,2006,No,2nd Grade
Bryce Alexander,Paul Dickson,4,3,2006,No,2nd Grade
Len Peterson,Danny Wildman,4,7,2006,No,8th Grade
Robbie Edwards,Ashley Edwards,4,10,2006,No,5th Grade
Scott Powell,Anthony Libia,4,8,2006,No,2nd Grade
Ajigh RajaGopal,Len Peterson,4,8,2006,No,8th Grade
Kevin Rowland,Paul Dickson,4,3,2006,No,2nd Grade
Sam Finnigan,Simon Wilson,4,2,2006,No,8th Grade
David Van Wees,Bryce Alexander,4,3,2006,No,2nd Grade
Russell Gerreyn,Scott Barnard,4,1,2006,No,5th Grade
Michael Gartell,Craig Bennett,4,5,2006,No,5th Grade
Charles Marlam,Paul Dickson,4,4,2006,No,2nd Grade
John Taylor,Mark Stevens,4,1,2006,No,8th Grade
Christopher Jebb,David Van Wees,4,6,2006,No,5th Grade
Ashley Edwards,Robbie Edwards,4,10,2006,No,5th Grade
Anthony Libia,Ryan Barndon,4,6,2006,No,2nd Grade
John Taylor,Aaron Robson,4,4,2006,No,2nd Grade
Anthony Libia,Dave Dewhurst,4,10,2006,No,2nd Grade
Aaron Robson,Dennis Freind,4,9,2006,No,2nd Grade
Matt Bailey,John Lewis,4,5,2007,No,9th Grade
Timothy Bailey,Courtney Swift,4,10,2007,No,9th Grade
Raghu Gopalan,Russell Gerreyn,4,1,2007,No,9th Grade
Anthony Libia,Robbie Edwards,4,8,2007,No,3rd Grade
David Van Wees,Brett Harrison,4,1,2007,No,6th Grade
Ben Stephenson,Russell Normoyle,4,3,2007,No,Metropolitan One Day
Len Peterson,Matthew Sorensen,4,8,2007,No,9th Grade
Kevin Rowland,Leigh Spencer,4,5,2007,No,6th Grade
Chris Mok,John Marion,4,10,2007,No,Metropolitan One Day
Jeff Stephenson,Simon Wilson,4,3,2007,No,Metropolitan One Day
Darren Hutchins,Robbie Edwards,4,9,2007,No,6th Grade
Kenneth Kelly,Russell Normoyle,4,7,2007,No,6th Grade
Sam Finnigan,Brett Harley,4,4,2007,No,Metropolitan One Day
Len Peterson,Matthew Sorensen,4,8,2007,No,9th Grade
Cassis Van Wees,Christopher Jebb,4,4,2007,No,9th Grade
Russell Gerreyn,Brett Harrison,4,2,2007,No,6th Grade
Ben Stephenson,Kenneth Kelly,4,6,2007,No,9th Grade
Leon Burrows,Curtis Stark,4,2,2007,No,3rd Grade
Chris Mok,John Marion,4,10,2007,No,Metropolitan One Day
Paul Dickson,Charles Marlam,4,3,2007,No,6th Grade
Scott Powell,Craig Bennett,4,7,2007,No,3rd Grade
Scott Powell,Tony Bassett,4,8,2007,No,3rd Grade
Christopher Jebb,Chris Robson,4,5,2007,No,9th Grade
Chris Robson,Cassis Van Wees,4,6,2007,No,9th Grade
Chris Mok,Raghu Gopalan,4,7,2007,No,Metropolitan One Day
S Kristen,Mark Stevens,4,8,2007,No,Metropolitan One Day
Charles Marlam,Aaron Robson,4,5,2007,No,6th Grade
Dennis Freind,Tony Bassett,4,10,2007,No,3rd Grade
Russell Normoyle,Gino Giamboi,4,9,2007,No,6th Grade
Scott Powell,Curtis Stark,4,7,2007,No,3rd Grade
Aaron Robson,Russell Normoyle,4,7,2007,No,6th Grade
Ian Gamble,Jeff Stephenson,4,9,2008,Yes,8th Grade
Scott Powell,Aaron Robson,4,6,2008,Yes,2nd Grade
Scott Powell,Dennis Freind,4,8,2008,Yes,2nd Grade
Anthony Libia,Steven Freind,4,5,2008,No,8th Grade
Ian Gamble,Daniel Allsop,4,8,2008,No,8th Grade
Russell Gerreyn,Scott Barnard,4,1,2008,No,Metropolitan One Day
Ryan Shelton,Scott Powell,4,3,2008,No,2nd Grade
Matthew Hilleard,A Spencer,4,3,2008,No,8th Grade
Jeff Stephenson,Arthur Vlahos,4,4,2008,No,Metropolitan One Day
Aaron Robson,Russell Normoyle,4,7,2008,No,2nd Grade
Bryce Alexander,Leon Burrows,4,1,2008,No,2nd Grade
D Geary,JD Paternostro,4,6,2008,No,Metropolitan One Day
Ryan Barndon,Craig Bennett,4,4,2008,No,2nd Grade
Scott Barnard,Ryan Barndon,4,2,2008,No,2nd Grade
Charles Marlam,David Van Wees,4,5,2008,No,5th Grade
Leon Burrows,Dennis Freind,4,9,2008,No,2nd Grade
Steven Freind,A Spencer,4,2,2008,No,8th Grade
Craig Bennett,Scott Powell,4,5,2008,No,2nd Grade
Jeff Stephenson,Adam Spencer,4,3,2008,No,8th Grade
Peter Vlahos,Mark Stevens,4,8,2008,No,Metropolitan One Day
Ben Stephenson,Darren Hutchins,4,1,2008,No,8th Grade
Jack Vlahos,Daniel Allsop,4,5,2009,No,Metropolitan One Day
Paul McNamara,L Boss,4,6,2009,No,7th Grade
Ben Stephenson,Matthew Hilleard,4,1,2009,No,5th Grade
T Dias,Paul McNamara,4,3,2009,No,7th Grade
T Dias,Adam Spencer,4,4,2009,No,7th Grade
Keith Zissis,Russell Gerreyn,4,2,2009,No,Metropolitan One Day
Leon Okely,Jeff Stephenson,4,7,2009,No,7th Grade
Bryce Alexander,AE Earle,4,5,2009,No,7th Grade
Tony Bassett,Sam Finnigan,4,8,2009,No,2nd Grade
David Van Wees,Aaron Robson,4,6,2009,No,5th Grade
Andrew Webley,Dave Dewhurst,4,9,2009,No,5th Grade
Shane Shaw,Leon Burrows,4,3,2009,No,2nd Grade
Matthew Hilleard,Shane Shaw,4,3,2009,No,5th Grade
Matthew Hilleard,Dov Morris,4,2,2009,No,5th Grade
Ryan Shelton,R Gipson,4,2,2009,No,2nd Grade
Damien Senge,Ash Eyre,4,4,2009,No,Metropolitan One Day
Ben Stephenson,Ryan Shelton,4,9,2009,No,2nd Grade
Scott Barnard,Dennis Freind,4,8,2009,No,5th Grade
Steven Freind,Russell Normoyle,4,5,2009,No,7th Grade
Ryan Barndon,Leon Burrows,4,1,2009,No,2nd Grade
Dov Morris,Shane Shaw,4,2,2009,No,7th Grade
Tony Bassett,Dave Dewhurst,4,10,2009,No,2nd Grade
Sam Finnigan,Brett Harrison,4,4,2009,No,2nd Grade
Brett Harrison,Ryan Barndon,4,6,2009,No,2nd Grade
R Gipson,Ross Baker,4,2,2009,No,2nd Grade
Ryan Shelton,R Gipson,4,1,2009,No,2nd Grade
Craig Bennett,Scott Powell,4,5,2009,No,5th Grade
Ryan Shelton,Leon Burrows,4,1,2009,No,2nd Grade
Tony Bassett,R Morgan,4,7,2010,Yes,2nd Grade
L English,JA Timos,4,9,2010,Yes,7th Grade
Gino Giamboi,L English,4,8,2010,No,7th Grade
Andrew Webley,Michael Peter,4,10,2010,No,5th Grade
Leon Okely,Michael Peter,4,10,2010,No,5th Grade
Dennis Freind,Jeff Stephenson,4,3,2010,No,7th Grade
Steven Freind,Charles Marlam,4,2,2010,No,7th Grade
Ben Stephenson,Tony Bassett,4,10,2010,No,2nd Grade
Paul Peos,Russell Gerreyn,4,1,2010,No,Metropolitan One Day
Lee Maas,J Hill,4,10,2010,No,Metropolitan One Day
T Bambury,C Woods,4,6,2010,No,Metropolitan One Day
Dov Morris,Scott Barnard,4,2,2010,No,2nd Grade
Curtis Stark,Brett Harrison,4,4,2010,No,5th Grade
Bruce Stark,Scott Powell,4,2,2010,No,5th Grade
Bruce Stark,Matthew Hilleard,4,5,2010,No,5th Grade
Dennis Freind,Timothy Gailbraith,4,6,2010,No,7th Grade
Dennis Freind,Andrew Webley,4,7,2010,No,7th Grade
Ross Baker,Leon Burrows,4,4,2010,No,2nd Grade
Charles Marlam,Paul Dickson,4,1,2010,No,7th Grade
JL Dimond,J Hill,4,4,2010,No,7th Grade
Ryan Barndon,Michael Mani,4,9,2010,No,2nd Grade
Michael Mani,Ben Stephenson,4,10,2010,No,2nd Grade
Paul Peos,Russell Gerreyn,4,2,2010,No,Metropolitan One Day
Timothy Gailbraith,JL Dimond,4,8,2010,No,7th Grade
Ash Eyre,J Eyre,4,3,2010,No,Metropolitan One Day
Dov Morris,Ross Baker,4,3,2010,No,2nd Grade
Clinton Reid,JA Timos,4,4,2011,Yes,Metropolitan One Day
Leon Burrows,Curtis Stark,4,4,2011,No,2nd Grade
Clinton Reid,M Dewhurst,4,6,2011,No,Metropolitan One Day
Keith Zissis,Ryan Shelton,4,1,2011,No,Metropolitan One Day
Dennis Freind,Leon Okely,4,2,2011,No,4th Grade
Leon Okely,Bryce Alexander,4,4,2011,No,4th Grade
Damien Senge,Ross Baker,4,3,2011,No,2nd Grade
Nathan Marrocco,Aaron Robson,4,7,2011,No,4th Grade
Paul Dickson,Clinton Reid,4,2,2011,No,Metropolitan One Day
Dennis Freind,Leon Okely,4,1,2011,No,4th Grade
Curtis Stark,Bryce Alexander,4,3,2011,No,4th Grade
James Day,Chris Mok,4,2,2011,No,6th Grade
Ryan James,Matt Wilson,4,6,2011,No,6th Grade
Charles Marlam,Conor Breheny,4,4,2011,No,6th Grade
Brett Harrison,Andrew Webley,4,7,2011,No,4th Grade
Leon Okely,Clinton Reid,4,4,2011,No,4th Grade
Ryan Barndon,Adam Wreford,4,8,2011,No,2nd Grade
Kenneth Kelly,Zack Van Wees,4,10,2011,No,Metropolitan One Day
Ross Baker,Damien Senge,4,5,2011,No,2nd Grade
Kenneth Kelly,Jack Vlahos,4,7,2011,No,Metropolitan One Day
Dennis Freind,Clinton Reid,4,1,2011,No,4th Grade
Ryan Barndon,Ross Baker,4,4,2011,No,2nd Grade
Matt Wilson,Sean Okley,4,10,2011,No,6th Grade
Scott Powell,Dennis Freind,4,2,2011,No,4th Grade
Keith Zissis,Paul Dickson,4,1,2011,No,Metropolitan One Day
Paul Dickson,Damien Senge,4,2,2011,No,Metropolitan One Day
Chris Mok,Daniel Allsop,4,8,2011,No,6th Grade
Gino Giamboi,Lee Maas,4,8,2011,No,Metropolitan One Day
Jack Vlahos,Lee Maas,4,9,2011,No,Metropolitan One Day
Leon Burrows,Michael Mani,4,8,2011,No,2nd Grade
Ryan Barndon,Scott Barnard,4,2,2011,No,2nd Grade
Ian Wilson,Lee Maas,4,9,2012,Yes,Metropolitan One Day
Brett Harrison,Dennis Freind,4,3,2012,No,3rd Grade
Bruce Stark,Lee Maas,4,9,2012,No,6th Grade
S Kumar,Charles Marlam,4,1,2012,No,Metropolitan One Day
P Wright,Matt Wilson,4,9,2012,No,2nd Grade
Dov Morris,Scott Barnard,4,1,2012,No,2nd Grade
Scott Barnard,P Wright,4,2,2012,No,2nd Grade
Ryan Barndon,Ben Stephenson,4,4,2012,No,2nd Grade
JD Krasenstein,Mandeep Singh,4,5,2012,No,6th Grade
Chris Homer,Kim Anderson,4,4,2012,No,Metropolitan One Day
JD Krasenstein,Darren Hutchins,4,3,2012,No,6th Grade
Darren Johnson,DV Kalphas,4,2,2012,No,3rd Grade
Ben Price,James Day,4,6,2012,No,2nd Grade
Clinton Reid,Leon Burrows,4,3,2012,No,2nd Grade
Chris Homer,Michael Peter,4,5,2012,No,Metropolitan One Day
JD Krasenstein,Timothy Gailbraith,4,1,2012,No,6th Grade
Alex Dowson,Chris Mok,4,6,2012,No,6th Grade
Scott Barnard,Ross Baker,4,4,2012,No,2nd Grade
Russell Normoyle,DV Kalphas,4,7,2012,No,2nd Grade
Timothy Gailbraith,Simon Borrett,4,10,2012,No,6th Grade
Curtis Stark,Simon Borrett,4,6,2012,No,6th Grade
Sam Finnigan,Russell Gerreyn,4,1,2012,No,Metropolitan One Day
Charles Marlam,T Cox,4,1,2012,No,3rd Grade
Russell Normoyle,Leon Burrows,4,6,2012,No,2nd Grade
Paul Peos,Russell Gerreyn,4,1,2012,No,Metropolitan One Day
Mandeep Singh,Yaadwinder Toor,4,6,2013,Yes,Mercantile One Day
Mandeep Singh,Gurpreet Sidhu,4,7,2013,Yes,Mercantile One Day
Harbhinder Sandhu,G Vasanth,4,9,2013,No,Metropolitan One Day
Josh Copping,Alex Roberts,4,8,2013,No,3rd Grade
R Morgan,Kai Homer,4,5,2013,No,5th Grade
Curtis Stark,Conor Breheny,4,5,2013,No,3rd Grade
Mandeep Singh,Gurpreet Sidhu,4,8,2013,No,Mercantile One Day
Yaadwinder Toor,Karamjeet Singh,4,3,2013,No,Mercantile One Day
Ash Eyre,Mayank Madan,4,5,2013,No,5th Grade
Devender Kumar,S Gill,4,2,2013,No,Mercantile One Day
Keith Zissis,Alex Vlahos,4,2,2013,No,Metropolitan One Day
Chris Homer,Gino Giamboi,4,7,2013,No,Metropolitan One Day
Leon Burrows,Scott Powell,4,7,2013,No,3rd Grade
David Van Wees,Conor Breheny,4,3,2013,No,5th Grade
Russell Gerreyn,Alex Vlahos,4,2,2013,No,Metropolitan One Day
Mayank Madan,Anthony Sinclair,4,8,2013,No,Metropolitan One Day
Happee Boparai,Karamjeet Singh,4,1,2013,No,Mercantile One Day
Devender Kumar,S Gill,4,8,2013,No,Mercantile One Day
Randeep Brar,Karamdeep Brar,4,3,2013,No,Mercantile One Day
Ross Baker,Tony Bassett,4,6,2013,No,2nd Grade
Josh Copping,Alex Dowson,4,6,2013,No,3rd Grade
Alex Dowson,Aaron Robson,4,7,2013,No,3rd Grade
Ben Stephenson,Andrew Webley,4,6,2013,No,5th Grade
Damien Senge,Tony Bassett,4,4,2013,No,3rd Grade
Damien Senge,Aaron Robson,4,5,2013,No,3rd Grade
Jake Finney,Dov Morris,4,2,2013,No,2nd Grade
Jeff Stephenson,C Hensley,4,4,2013,No,5th Grade
Sam Finnigan,Russell Normoyle,4,7,2013,No,2nd Grade
Adam Wreford,Timothy Gailbraith,4,10,2013,No,2nd Grade
Daniel Atkinson,Russell Normoyle,4,7,2013,No,2nd Grade
Keith Zissis,Kirk Howes,4,4,2013,No,Metropolitan One Day
Gino Giamboi,Anthony Sinclair,4,9,2013,No,Metropolitan One Day
Brett Harrison,Josh Copping,4,3,2013,No,3rd Grade
Kirk Howes,Michael Peter,4,10,2013,No,3rd Grade
Mandeep Sidhu,Jagdeep Brar,4,10,2013,No,Mercantile One Day
Scott Barnard,Jake Finney,4,1,2013,No,2nd Grade
David Van Wees,Gino Giamboi,4,8,2014,Yes,8th Grade
Brett Harrison,Devender Kumar,4,9,2014,Yes,3rd Grade
Anthony Sinclair,AB Goodchild,4,9,2014,Yes,8th Grade
Michael Peter,Grant Carslake,4,7,2014,Yes,5th Grade
Michael Peter,Gino Giamboi,4,8,2014,No,3rd Grade
Russell Gerreyn,Bryce Alexander,4,2,2014,No,8th Grade
Martin Burrow,Jun Singh,4,5,2014,No,5th Grade
Scott Barnard,Josh Copping,4,5,2014,No,2nd Grade
S Gill,Harbhinder Sandhu,4,7,2014,No,Metropolitan One Day
Bryce Alexander,R Amlani,4,3,2014,No,8th Grade
Garath Van Der Elst,Chris Homer,4,1,2014,No,5th Grade
Garath Van Der Elst,A Anand,4,3,2014,No,5th Grade
Adam Wreford,Kirk Howes,4,9,2014,No,2nd Grade
Brendan Miller,Lee Maas,4,8,2014,No,3rd Grade
Curtis Stark,Kai Homer,4,1,2014,No,3rd Grade
I Morawiec,Gary Freind,4,3,2014,No,8th Grade
Sandeep Brar,Happee Boparai,4,2,2014,No,Metropolitan One Day
Yaadwinder Toor,S Gill,4,2,2014,No,Metropolitan One Day
S Gill,Jun Singh,4,8,2014,No,Metropolitan One Day
Dov Morris,Ryan Barndon,4,6,2014,No,2nd Grade
Randeep Brar,Gurpreet Sidhu,4,5,2014,No,Metropolitan One Day
Adam Lankester,R Morgan,4,2,2014,No,5th Grade
Scott Powell,David Van Wees,4,3,2014,No,3rd Grade
JD Krasenstein,Ash Eyre,4,6,2014,No,5th Grade
Curtis Stark,Brendan Miller,4,2,2014,No,3rd Grade
Mandeep Singh,Ranjit Singh,4,6,2014,No,Metropolitan One Day
Michael Peter,C Puff,4,6,2014,No,5th Grade
Sandeep Brar,Happee Boparai,4,1,2014,No,Metropolitan One Day
Paul Dickson,Anthony Sinclair,4,7,2014,No,8th Grade
Paul Dickson,Keith Zissis,4,5,2014,No,8th Grade
Ian Wilson,Damien Senge,4,6,2014,No,2nd Grade
Gurpreet Sidhu,Karamdeep Brar,4,9,2014,No,Metropolitan One Day
James Ditchburn,Curtis Stark,4,4,2014,No,3rd Grade
Matt Wilson,Michael Mani,4,10,2014,No,2nd Grade
K Symons,Bryce Alexander,4,2,2014,No,8th Grade
Leon Burrows,Ryan Barndon,4,4,2014,No,2nd Grade
Randeep Brar,S Gill,4,8,2014,No,Metropolitan One Day
Brett Harrison,Adam Wreford,4,6,2015,Yes,2nd Grade
Ash Eyre,Tony Bassett,4,9,2015,No,4th Grade
R Amlani,Chris Mok,4,7,2015,No,6th Grade
Grant Carslake,Jun Singh,4,5,2015,No,9th Grade
Darren Stride,GA Carslake,4,7,2015,No,9th Grade
Karamjeet Singh,Leon Burrows,4,6,2015,No,2nd Grade
Jake Finney,Karamjeet Singh,4,6,2015,No,2nd Grade
Goppi Singh,Martin Burrow,4,4,2015,No,9th Grade
R Kempanna,Devender Kumar,4,7,2015,No,9th Grade
Brad Walker,Michael Peter,4,5,2015,No,6th Grade
Brett Harrison,Sandeep Brar,4,4,2015,No,2nd Grade
Michael Mani,Adam Wreford,4,9,2015,No,2nd Grade
Adam Wreford,Timothy Gailbraith,4,10,2015,No,2nd Grade
B Le Cras,Gino Giamboi,4,7,2015,No,7th Grade
Dov Morris,Ian Wilson,4,2,2015,No,2nd Grade
Adam Lankester,Scott Barnard,4,3,2015,No,4th Grade
Russell Normoyle,Aaron Robson,4,9,2015,No,4th Grade
Sandeep Brar,Ross Baker,4,3,2015,No,2nd Grade
Jun Singh,Z Zerron,4,3,2015,No,9th Grade
Sandeep Brar,Michael Mani,4,8,2015,No,2nd Grade
K Natraj,Darren Stride,4,9,2015,No,9th Grade
Darren Stride,R Sandhu,4,10,2015,No,9th Grade
Michael Mani,Kirk Howes,4,9,2016,Yes,1st Grade
Ryan Barndon,Jake Finney,4,1,2016,No,1st Grade
Grant Carslake,AB Goodchild,4,6,2016,No,6th Grade
Scott Barnard,Darren Johnson,4,4,2016,No,3rd Grade
AB Goodchild,Dennis Freind,4,7,2016,No,6th Grade
Courtney Swift,L Ashforth,4,9,2016,No,9th Grade
S Young,Happee Boparai,4,5,2016,No,Metropolitan One Day
Goppi Singh,Martin Burrow,4,3,2016,No,9th Grade
Goppi Singh,AB Kalimeris,4,4,2016,No,9th Grade
Goppi Singh,Darren Stride,4,5,2016,No,9th Grade
Balram Chahal,Dennis Freind,4,2,2016,No,6th Grade
L Johnson,AB Kalimeris,4,2,2016,No,9th Grade
Paul Ridley,Ross Baker,4,4,2016,No,1st Grade
David Van Wees,Balram Chahal,4,1,2016,No,6th Grade
S Young,Karamdeep Brar,4,8,2016,No,5th Grade
Cameron Lee,AB Kalimeris,4,7,2016,No,9th Grade
Mark Sinclair,K Natraj,4,3,2016,No,6th Grade
Jake Finney,Ross Baker,4,6,2016,No,1st Grade
Gino Giamboi,Robbie Edwards,4,10,2016,No,6th Grade
Ryan Barndon,M Munish,4,7,2016,No,1st Grade
Keith Zissis,Mark Sinclair,4,4,2016,No,6th Grade
Scott Barnard,Darren Johnson,4,3,2016,No,1st Grade
Phillip Ross,D Bowman,4,5,2016,No,9th Grade
Dennis Freind,Keith Zissis,4,4,2016,No,6th Grade
Darren Johnson,Brett Harrison,4,5,2016,No,3rd Grade
Garath Van Der Elst,Adam Lankester,4,2,2016,No,6th Grade
Grant Carslake,R Clifton James,4,6,2016,No,9th Grade
Scott Powell,C Puff,4,5,2016,No,6th Grade
C Puff,Tom Condello,4,6,2016,No,6th Grade
C Puff,Cameron Lee,4,8,2016,No,6th Grade
Clinton Reid,R Singhal,4,5,2016,No,5th Grade
Scott Barnard,Adam Wreford,4,7,2017,No,1st Grade
Scott Barnard,C Puff,4,8,2017,No,1st Grade
David Van Wees,AB Kalimeris,4,7,2017,No,7th Grade
A Corrie,James Ditchburn,4,8,2017,No,3rd Grade
Chris Homer,Brett Harrison,4,5,2017,No,3rd Grade
Dov Morris,Adam Lankester,4,1,2017,No,1st Grade
Goppi Singh,TW DeRozario,4,10,2017,No,5th Grade
Curtis Stark,Garath Van Der Elst,4,1,2017,No,3rd Grade
A Malik,Karamjeet Singh,4,6,2017,No,1st Grade
Grant Carslake,B Le Cras,4,8,2017,No,3rd Grade
Adam Borrett,Karamdeep Brar,4,5,2017,No,3rd Grade
Karamdeep Brar,Tom Condello,4,6,2017,No,3rd Grade
C Vaidya,R Singhal,4,4,2017,No,5th Grade
C Vaidya,Bikram Singh,4,2,2017,No,5th Grade
Paul Maindok,Chris Homer,4,4,2017,No,3rd Grade
James Day,David Van Wees,4,1,2017,No,7th Grade
James Day,Keith Zissis,4,2,2017,No,7th Grade
AB Kalimeris,I Morawiec,4,8,2017,No,7th Grade
G Minhas,Karamdeep Brar,4,8,2017,No,5th Grade
Cameron Lee,Robbie Edwards,4,8,2017,No,3rd Grade
Ryan Barndon,Phillip Ross,4,8,2017,No,1st Grade
Scott Barnard,Darren Johnson,4,3,2017,No,1st Grade
Adam Lankester,Darren Johnson,4,1,2017,No,1st Grade
David Van Wees,Keith Zissis,4,2,2017,No,7th Grade
Karamjeet Singh,Y Rai,4,9,2017,No,1st Grade
Mark Sinclair,Keith Zissis,4,3,2017,No,7th Grade
Bikram Singh,Happee Boparai,4,4,2017,No,5th Grade
Chris Homer,Tom Condello,4,7,2017,No,3rd Grade
James Ditchburn,Tom Condello,4,7,2017,No,3rd Grade
Chris Homer,S Gill,4,4,2017,No,5th Grade
Ross Baker,Brett Harrison,4,4,2017,No,3rd Grade
Paul Maindok,David Van Wees,4,4,2017,No,7th Grade
Chris Homer,Karamdeep Brar,4,8,2017,No,5th Grade
Ross Baker,Adam Borrett,4,9,2017,No,1st Grade
Garath Van Der Elst,Anthony Sinclair,4,8,2017,No,7th Grade
Michael Peter,David Van Wees,4,7,2017,No,7th Grade
Adam Borrett,Alan Edwards,4,10,2018,Yes,2nd Grade
Dov Morris,Darren Johnson,4,3,2018,No,2nd Grade
Jun Singh,Jun Singh,4,8,2018,No,Mercantile One Day
Mark Sinclair,Dennis Freind,4,7,2018,No,Mercantile One Day
Garath Van Der Elst,Phillip Ross,4,1,2018,No,4th Grade
Curtis Stark,Sam Finnigan,4,7,2018,No,2nd Grade
Raghu Sharma,Jun Singh,4,4,2018,No,4th Grade
Mark Sinclair,Cameron Lee,4,5,2018,No,Mercantile One Day
Phillip Ross,Chris Mok,4,7,2018,No,2nd Grade
Chris Mok,Dennis Freind,4,9,2018,No,2nd Grade
C Vaidya,Bikram Singh,4,8,2018,No,4th Grade
Karamdeep Brar,Courtney Swift,4,9,2018,No,4th Grade
Adam Lankester,Dov Morris,4,2,2018,No,2nd Grade
Brett Harrison,Mark Sinclair,4,3,2018,No,Mercantile One Day
C Vaidya,Mandeep Singh,4,7,2018,No,4th Grade
Daniel Atkinson,Ryan Barndon,4,5,2018,No,2nd Grade
David Van Wees,Jun Singh,4,7,2018,No,Mercantile One Day
Curtis Stark,Darren Johnson,4,2,2018,No,2nd Grade
Paul Maindok,Keith Zissis,4,3,2018,No,Mercantile One Day
Raghu Sharma,Ryan Barndon,4,4,2019,No,3rd Grade
Raghu Sharma,Phillip Ross,4,6,2019,No,3rd Grade
Daniel Sims,David Van Wees,4,2,2019,No,E Division One Day Grade
Darren Holt,David Lenane,4,6,2019,No,B Division One Day Grade
Paul McNamara,R Singhal,4,1,2019,No,E Division One Day Grade
J Trichilo,Robbie Edwards,4,10,2019,No,E Division One Day Grade
Garath Van Der Elst,Graeme Angwin,4,1,2019,No,B Division One Day Grade
Garath Van Der Elst,David Lenane,4,4,2019,No,B Division One Day Grade
Happee Boparai,Gurdeep Singh,4,8,2019,No,5th Grade
Phillip Ross,S Pawday,4,10,2019,No,3rd Grade
Graeme Angwin,Geoff Colgan,4,1,2019,No,B Division One Day Grade
Brett Harrison,Bikram Singh,4,7,2019,No,5th Grade
Brendan Millar,Curtis Stark,4,1,2019,No,3rd Grade
Phillip Ross,Paul Maindok,4,8,2019,No,3rd Grade
Adam Lankester,Paul Maindok,4,1,2019,No,B Division One Day Grade
Brett Harrison,Cameron Lee,4,3,2019,No,5th Grade
J Kendall,B Adams,4,10,2019,No,C Division One Day Grade
A Singh,Grant Carslake,4,10,2019,No,3rd Grade
John Taylor,Craig Bennett,4,9,2019,No,B Division One Day Grade
Mandeep Singh,Sajan Hanjra,4,6,2019,No,5th Grade
Clinton Reid,Dan Leatham,4,4,2019,No,C Division One Day Grade
Darren Stride,Tom Condello,4,9,2019,No,C Division One Day Grade
Darren Stride,G Fawell,4,10,2019,No,C Division One Day Grade
Ash Eyre,Jun Singh,4,5,2019,No,B Division One Day Grade
S Gill,Jagdeep Brar,4,7,2019,No,5th Grade
Chris Popoff,Darren Franklin,4,6,2019,No,E Division One Day Grade
Nilan Chandratilake,Bruce Stark,4,2,2019,No,E Division One Day Grade
Dov Morris,Nirbhai Sohi,4,2,2019,No,5th Grade
Daniel Sims,Dan Leatham,4,4,2019,No,C Division One Day Grade
Cameron Lee,David Hallows,4,8,2019,No,C Division One Day Grade
John Taylor,Darren Stride,4,9,2020,Yes,E Division One Day Grade
Curtis Stark,Ross Baker,4,5,2020,No,A Division One Day Grade
David Van Wees,Justin Kickett,4,2,2020,No,F Division One Day Grade
Karamdeep Brar,Tom Condello,4,7,2020,No,F Division One Day Grade
Gurpreet Brar,Simon Ward,4,9,2020,No,B Division One Day Grade
Ash Yadav,Curtis Stark,4,1,2020,No,A Division One Day Grade
Mandeep Singh,Jagdeep Brar,4,9,2020,No,A Division One Day Grade
Brett Harrison,John Taylor,4,4,2020,No,E Division One Day Grade
N Gordon,Darren Stride,4,9,2020,No,E Division One Day Grade
Ash Yadav,Curtis Stark,4,1,2020,No,A Division One Day Grade
Ash Yadav,Daniel Atkinson,4,2,2020,No,A Division One Day Grade
Adam Duffy,Darren Franklin,4,7,2020,No,F Division One Day Grade
Adam Duffy,Chris Popoff,4,5,2020,No,F Division One Day Grade
Curtis Stark,Dennis Freind,4,10,2020,No,A Division One Day Grade
Ash Yadav,A Singh,4,1,2020,No,A Division One Day Grade
Nilan Chandratilake,David Van Wees,4,1,2020,No,F Division One Day Grade
Parminder Sandhu,Adam Duffy,4,4,2020,No,F Division One Day Grade
Adam Duffy,David Van Wees,4,6,2021,Yes,G Division One Day Grade
Mandeep Singh,Samuel Freind,4,8,2021,Yes,A Division One Day Grade
Gurpreet Brar,Grant Carslake,4,9,2021,Yes,E Division One Day Grade
Nirbhai Sohi,John Taylor,4,5,2021,No,A Division One Day Grade
Dov Morris,Cameron Lee,4,2,2021,No,B Division One Day Grade
Scott Bretland,Parminder Sandhu,4,3,2021,No,G Division One Day Grade
Jun Singh,G Singh,4,6,2021,No,B Division One Day Grade
Ash Yadav,Darren Johnson,4,1,2021,No,A Division One Day Grade
Dan Leatham,Gurpreet Brar,4,8,2021,No,E Division One Day Grade
Dov Morris,Hayden Candy,4,4,2021,No,E Division One Day Grade
Gurpreet Brar,Robbie Edwards,4,10,2021,No,E Division One Day Grade
Dan Leatham,Ryan James,4,8,2021,No,E Division One Day Grade
Curtis Stark,J Galhena,4,2,2021,No,B Division One Day Grade
Chris Popoff,R Singhal,4,5,2021,No,G Division One Day Grade
Mandeep Singh,Nirbhai Sohi,4,5,2021,No,A Division One Day Grade
Dov Morris,Curtis Stark,4,1,2021,No,B Division One Day Grade
Jun Singh,Ross Baker,4,2,2021,No,B Division One Day Grade
Gavin Doull,Mandeep Singh,4,9,2021,No,G Division One Day Grade
Phillip Ross,Ben McInnes,4,8,2021,No,E Division One Day Grade
Ben McInnes,Rylan Candy,4,9,2021,No,E Division One Day Grade
Jagdeep Brar,Adam Wreford,4,7,2021,No,A Division One Day Grade
Curtis Stark,Bikram Singh,4,1,2021,No,A Division One Day Grade
Curtis Stark,Happee Boparai,4,3,2021,No,A Division One Day Grade
G Singh,Raghu Sharma,4,5,2021,No,B Division One Day Grade
Bikram Singh,Pankaj Dhall,4,8,2022,Yes,A Division One Day Grade
Aaron Robson,Tom Condello,4,7,2022,Yes,G Division One Day Grade
Bruce Stark,Tom Condello,4,7,2022,Yes,G Division One Day Grade
Aaron Robson,Darren Franklin,4,7,2022,Yes,G Division One Day Grade
Vishnu Rajendran,Garath Van Der Elst,4,10,2022,Yes,D Division One Day Grade
Raghu Sharma,Bikram Singh,4,5,2022,No,A Division One Day Grade
Curtis Stark,Dov Morris,4,2,2022,No,B Division One Day Grade
Grant Carslake,Nathan Hearnes,4,2,2022,No,D Division One Day Grade
Nathan Hearnes,Paul Holmes,4,3,2022,No,D Division One Day Grade
Cameron Lee,Rylan Candy,4,1,2022,No,D Division One Day Grade
Daniel Sims,Phillip Ross,4,7,2022,No,B Division One Day Grade
Phillip Ross,Ben McInnes,4,8,2022,No,B Division One Day Grade
Tom Condello,Joe Morgan,4,9,2022,No,G Division One Day Grade
Darren Johnson,Jun Singh,4,4,2022,No,B Division One Day Grade
Davis Bode,Mandeep Singh,4,5,2022,No,A Division One Day Grade
Gurpreet Brar,Mandeep Singh,4,9,2022,No,G Division One Day Grade
Mandeep Singh,Thanuja Jayakodi Arachchige,4,9,2022,No,A Division One Day Grade
Cameron Lee,Daniel Lambrinidis,4,7,2022,No,D Division One Day Grade
Curtis Stark,Glenn Welton,4,2,2022,No,B Division One Day Grade
Vishnu Rajendran,Rylan Candy,4,6,2022,No,D Division One Day Grade
Davis Bode,Gurdeep Singh,4,1,2022,No,A Division One Day Grade
Nilan Chandratilake,Scott Bretland,4,2,2022,No,G Division One Day Grade
Adam Duffy,Scott Bretland,4,2,2023,No,I Division One Day Grade
Darren Franklin,Mandeep Singh,4,8,2023,No,I Division One Day Grade
Gurdeep Singh,Mandeep Singh,4,8,2023,No,A Division One Day Grade
Kai Homer,Jun Singh,4,4,2023,No,C Division One Day Grade
Jagdeep Brar,Happee Boparai,4,7,2023,No,A Division One Day Grade
Kai Homer,Ryker Newman,4,7,2023,No,C Division One Day Grade
Gurdeep Singh,Jagdeep Brar,4,8,2023,No,A Division One Day Grade
Cameron Lee,Daniel Sims,4,1,2023,No,C Division One Day Grade
Alexio Yiannakis,Tom Parkinson,4,6,2023,No,H Division One Day Grade
Jun Singh,Daniel Lambrinidis,4,7,2023,No,C Division One Day Grade
Glenn Welton,Ross Baker,4,2,2023,No,B Division One Day Grade
Glenn Welton,Daniel Atkinson,4,3,2023,No,B Division One Day Grade
Oliver Diaz,Will Hudson,4,4,2023,No,H Division One Day Grade
Will Hudson,Ryan Herbert,4,9,2023,No,H Division One Day Grade
Ash Yadav,Sagar Lather,4,2,2023,No,A Division One Day Grade
Nirbhai Sohi,Gurdeep Singh,4,8,2023,No,A Division One Day Grade
Darren Johnson,Adam Wreford,4,3,2024,No,A Division One Day Grade
Darren Johnson,Brett Harrison,4,7,2024,No,A Division One Day Grade
Ryker Newman,Phillip Ross,4,9,2024,No,A Division One Day Grade
Dov Morris,Spiro Kalafatas,4,4,2024,No,H Division One Day Grade
Curtis Stark,Shishpal Rana,4,4,2024,No,C Division One Day Grade
Keith Zissis,Kevin Bishop,4,9,2024,No,I Division One Day Grade
Keith Zissis,Mike Whehella,4,7,2024,No,I Division One Day Grade
Darren Johnson,Josh Taylor,4,1,2024,No,A Division One Day Grade
Oliver Diaz,Ryan Herbert,4,8,2024,No,H Division One Day Grade
Curtis Stark,Moran Robert Dedman Nielsen,4,8,2024,No,C Division One Day Grade
Clinton Reid,Ryker Newman,4,2,2024,No,C Division One Day Grade
Adam Duffy,Chris Popoff,4,1,2024,No,I Division One Day Grade
Davis Bode,Darren Johnson,4,6,2024,No,A Division One Day Grade
Missaka Wickramasinghe,Lakmal Madushanka Madawala Maddumage Don,4,4,2025,No,H Division One Day Grade
Scott Bretland,Bruce Stark,4,3,2025,No,I Division One Day Grade
Clinton Reid,Ashan Udeshitha,4,4,2025,No,D Division One Day Grade
Kirk Howes,SUNNY PRADHAN,4,7,2025,No,A Division One Day Grade
Dov Morris,Leon Burrows,4,5,2025,No,A Division One Day Grade
Dennis Freind,Shishpal Rana,4,6,2025,No,I Division One Day Grade
Thanuja Jayakodi Arachchige,Daniel Sims,4,9,2025,No,A Division One Day Grade
Bradley Younger,Vipula Wakkumbura,4,6,2025,No,D Division One Day Grade
Kevin Bishop,Aaron Robson,4,4,2025,No,I Division One Day Grade
Mohamed Zainudeen,Chamod Dilshan Happawana Vithanage,4,2,2025,No,H Division One Day Grade
Lakmal Madushanka Madawala Maddumage Don,Nuwan Jayathma Liyanaarachchi Liyana Arachchige,4,7,2025,No,H Division One Day Grade
Scott Barnard,Keith Zissis,4,8,2025,No,D Division One Day Grade
Ryan Barndon,Brett Harrison,4,3,2025,No,D Division One Day Grade
Saliya Widanagamage,Manoj jayawardena,4,2,2025,No,H Division One Day Grade
Vihanga Silva,Kusal Walliwala Gamage,4,10,2025,No,H Division One Day Grade
Vishnu Rajendran,Tom Condello,4,6,2025,No,D Division One Day Grade
Prashan Herath,Nuwan Jayathma Liyanaarachchi Liyana Arachchige,4,10,2025,No,H Division One Day Grade
Prashan Herath,Nuwan Jayathma Liyanaarachchi Liyana Arachchige,4,9,2025,No,H Division One Day Grade
Prashan Herath,Manula Rajakaruna,4,10,2025,No,H Division One Day Grade
Thanuja Jayakodi Arachchige,Kevin Bishop,4,10,2025,No,D Division One Day Grade
Alex Cox,Bradley Younger,4,2,2025,No,D Division One Day Grade
Manoj jayawardena,Chamod Dilshan Happawana Vithanage,4,5,2025,No,H Division One Day Grade
Brian Buttsworth,Dave Ralston,3,2,1963,No,1st Grade
Fred Buttsworth,Brian France,3,4,1963,No,1st Grade
Brian France,Geoff Hamel,3,2,1964,No,1st Grade
Keith Randell,Geoff Hamel,3,1,1965,No,1st Grade
Alan Wilkins,Rob Wheeler,3,8,1965,No,1st Grade
Brian Buttsworth,Alan Wilkins,3,1,1965,No,1st Grade
Brian Buttsworth,Alan Wilkins,3,1,1965,No,1st Grade
Harry Varis,Dave Cosson,3,7,1965,No,1st Grade
Harry Varis,Rob Wheeler,3,8,1965,No,1st Grade
Keith Randell,Bert Smith,3,6,1966,Yes,1st Grade
T Robertson,Richard Vigus,3,9,1966,Yes,1st Grade
Brian Buttsworth,Alan Wilkins,3,1,1966,No,1st Grade
G Ashworth,Bert Smith,3,6,1966,No,1st Grade
Richard Vigus,Dave Cosson,3,9,1966,No,1st Grade
Dave Cosson,Kevin Lock,3,10,1966,No,1st Grade
Alan Wilkins,Brian Henville,3,3,1966,No,1st Grade
Justin Fisher,Colin Gotch,3,1,1992,No,1st Grade
Graham Butler,Ian Blake,3,5,1992,No,1st Grade
Phil Greatrix,Shane Ferdinadus,3,2,1992,No,1st Grade
Phil Greatrix,Damian Thompson,3,4,1992,No,1st Grade
Shane Ferdinadus,David Separovic,3,10,1992,No,1st Grade
Graham Butler,Colin Gotch,3,5,1992,No,1st Grade
Gregory Fahl,Justin Fisher,3,3,1993,No,1st Grade
Colin Gotch,Dennis Freind,3,8,1993,No,1st Grade
Dennis Freind,Justin Fisher,3,6,1993,No,1st Grade
Ian Price,Cameron Briscoe,3,9,1993,No,1st Grade
Ron Gillespie,Ian Blake,3,4,1993,No,1st Grade
Dennis Freind,Shane Ferdinadus,3,8,1993,No,1st Grade
Shane Ferdinadus,David Separovic,3,10,1993,No,1st Grade
Len Peterson,Mark Butler,3,8,1994,No,1st Grade
Paul McNamara,David Separovic,3,9,1994,No,1st Grade
Ken Hart,Graham Butler,3,5,1994,No,1st Grade
Paul Dickson,Ken Hart,3,1,1994,No,1st Grade
Ken Hart,Paul Dickson,3,1,1994,No,1st Grade
David Separovic,Jeff West,3,10,1995,Yes,1st Grade
Dennis Freind,Bruce Stark,3,4,1995,No,1st Grade
Gary Freind,Adam Wright,3,8,1995,No,1st Grade
Paul Dickson,Chris Whyte,3,2,1995,No,1st Grade
Chris Whyte,Dennis Freind,3,4,1995,No,1st Grade
Ian Price,Mark Butler,3,9,1995,No,1st Grade
Robert Fay,Ian Price,3,7,1995,No,1st Grade
Chris Whyte,Gregory Smith,3,4,1995,No,1st Grade
Paul Dickson,Geoff Colgan,3,2,1995,No,1st Grade
Chris Whyte,Gary Freind,3,9,1995,No,1st Grade
Darren Young,M Colbert,3,8,1997,Yes,1st Grade
Richard Sturgess,John Eyres,3,4,1997,Yes,7th Grade
Barry Richardson,Bruce Stark,3,4,1997,No,Metropolitan One Day
Gary Freind,Charles Marlam,3,3,1997,No,3rd Grade
Ward Bond,Darren Green,3,9,1997,No,3rd Grade
Brett Tester,Glenn Andersson,3,5,1997,No,4th Grade
Graham Bowman,Trevor Craib,3,4,1997,No,Metropolitan One Day
John Cottier,Charles Marlam,3,3,1997,No,3rd Grade
David Jones,Graham Bowman,3,8,1997,No,5th Grade
Courtney Swift,James Bourne,3,6,1997,No,Metropolitan One Day
Jason Luckman,Glenn McKinnon,3,8,1997,No,Metropolitan One Day
Darren Young,Nathan Whitney,3,8,1997,No,1st Grade
David Moralee,Jason Luckman,3,6,1997,No,Metropolitan One Day
Danny Toohey,Ian Blake,3,6,1997,No,7th Grade
Ian Blake,Doug Osborne,3,7,1997,No,7th Grade
Charles Marlam,Chris Whyte,3,5,1997,No,3rd Grade
David Singh,Russell Gerreyn,3,7,1997,No,5th Grade
Kevin Rowland,David Singh,3,4,1997,No,5th Grade
Mick OReilly,Russell Gerreyn,3,6,1997,No,7th Grade
Paul Richardson,Bruce West,3,6,1997,No,5th Grade
Jeff West,S Kitching,3,9,1997,No,7th Grade
Trevor Craib,David Moralee,3,6,1997,No,Metropolitan One Day
Alex Hall,John Eyres,3,1,1997,No,7th Grade
Doug Osborne,Jeff West,3,7,1997,No,7th Grade
David Singh,David Brooks,3,5,1997,No,5th Grade
David Jones,Evan Standley,3,4,1997,No,3rd Grade
Doug Osborne,Jeff West,3,9,1997,No,7th Grade
Craig Sherlock,Russell Gerreyn,3,2,1997,No,7th Grade
Barry Richardson,Darren Green,3,10,1997,No,5th Grade
Barry Richardson,Len Peterson,3,1,1998,No,5th Grade
Shane Innes,Andrew Sorenson,3,10,1998,No,5th Grade
Evan Standley,Mark Pearson,3,8,1998,No,3rd Grade
Kevin Rowland,Darren Holt,3,4,1998,No,3rd Grade
Kevin Rowland,John Cottier,3,1,1998,No,3rd Grade
Evan Standley,Mark Butler,3,9,1998,No,1st Grade
Peter Bibby,Darren Green,3,10,1998,No,1st Grade
David Brooks,David Singh,3,2,1998,No,5th Grade
Guy Welton,Mark Dickson,3,5,1998,No,1st Grade
David Brooks,Evan Standley,3,4,1998,No,5th Grade
Darren Green,Graeme Dennis,3,10,1998,No,3rd Grade
Michael Petrie,Marcus Nolan,3,7,1998,No,3rd Grade
Rodney Taylor,Wade Carruthers,3,8,1998,No,3rd Grade
Keith DeSilva,Courtney Swift,3,8,1998,No,5th Grade
Kyle Adams,Adam Bassett,3,3,1998,No,1st Grade
Darren Holt,Kyle Adams,3,1,1998,No,1st Grade
Mark Dickson,Christopher Jebb,3,5,1998,No,3rd Grade
Mark Dickson,Peter Bibby,3,7,1998,No,3rd Grade
Chris Whyte,Mark Butler,3,10,1999,Yes,1st Grade
Kyle Adams,Bryce Alexander,3,2,1999,No,1st Grade
Wade Carruthers,Mark Butler,3,10,1999,No,1st Grade
Gary Burton,Lee Blake,3,3,1999,No,5th Grade
Mark Dickson,Marcus Nolan,3,8,1999,No,1st Grade
Bryce Alexander,Mark Dickson,3,6,1999,No,1st Grade
Gary Burton,Ian Blake,3,4,1999,No,5th Grade
Ian Blake,Tony Zimbulis,3,9,1999,No,5th Grade
Tony Zimbulis,Ken Hart,3,10,1999,No,5th Grade
Darren Holt,Geoff Colgan,3,3,1999,No,1st Grade
Darren Holt,Ross Baker,3,4,1999,No,1st Grade
Keith Manea,Anthony Burke,3,8,1999,No,1st Grade
Geoff Colgan,Evan Standley,3,7,1999,No,1st Grade
Kyle Adams,Geoff Colgan,3,3,1999,No,1st Grade
Glenn Sadler,Nahan Phelpes,3,8,1999,No,5th Grade
Nahan Phelpes,Len Peterson,3,9,1999,No,5th Grade
Jason Boekleman,Anthony Burke,3,10,2000,No,1st Grade
Jason Boekleman,Christopher Barnes,3,7,2000,No,1st Grade
Kyle Adams,Robbie Taylor,3,5,2001,No,1st Grade
Robbie Taylor,Kevin Rowland,3,6,2001,No,1st Grade
Nathan Whitney,Anthony Burke,3,9,2001,No,1st Grade
Kevin Rowland,Darren Young,3,8,2002,No,1st Grade
Stephen Clarke,Kyle Adams,3,2,2002,No,1st Grade
Geoff Colgan,Stephen Clarke,3,1,2002,No,1st Grade
Graeme Angwin,Geoff Colgan,3,6,2002,No,1st Grade
Anthony Burke,Kyle Adams,3,2,2002,No,1st Grade
Gregory Martin,Chris Whyte,3,9,2003,No,1st Grade
David Lenane,Darren Young,3,7,2003,No,1st Grade
Anthony Burke,Dennis Freind,3,2,2003,No,1st Grade
Anthony Burke,Kyle Adams,3,2,2003,No,1st Grade
Kyle Adams,Bryce Alexander,3,2,2003,No,1st Grade
Darren Young,Anthony Libia,3,2,2003,No,1st Grade
Anthony Burke,Bruce Stark,3,4,2003,No,1st Grade
Kyle Adams,Geoff Colgan,3,7,2003,No,1st Grade
Anthony Burke,Bryce Alexander,3,1,2003,No,1st Grade
Bruce Stark,Anthony Burke,3,9,2004,Yes,1st Grade
Geoff Colgan,Kyle Adams,3,2,2004,No,1st Grade
Darren Holt,Malcolm Williams,3,4,2004,No,1st Grade
Malcolm Williams,Luke Capper,3,3,2004,No,1st Grade
Geoff Colgan,David Lenane,3,1,2004,No,1st Grade
Anthony Burke,Jeremy Davis,3,10,2004,No,1st Grade
Geoff Colgan,Anthony Burke,3,1,2004,No,1st Grade
Darren Young,Jeremy Davis,3,10,2004,No,1st Grade
Peter Bibby,Brad Kimber,3,10,2005,Yes,Metropolitan One Day
Russell Gerreyn,Mark Stevens,3,1,2005,No,8th Grade
Vikram Kalaimani,Ajigh RajaGopal,3,10,2005,No,8th Grade
Jeremy Davis,Robbie Edwards,3,9,2005,No,1st Grade
Ryan Barndon,Curtis Stark,3,4,2005,No,4th Grade
Geoff Colgan,Charles Marlam,3,2,2005,No,1st Grade
Ward Bond,Ryan Barndon,3,4,2005,No,4th Grade
Brad Kimber,Chris Robson,3,7,2005,No,Metropolitan One Day
Brad Kimber,Jay Hindmarsh,3,8,2005,No,Metropolitan One Day
Jay Hindmarsh,Graeme Dennis,3,8,2005,No,4th Grade
Andre Gabriel,Robbie Edwards,3,10,2005,No,1st Grade
Jeremy Davis,Russell Normoyle,3,8,2005,No,1st Grade
Andrew Symons,Russell Gerreyn,3,4,2005,No,8th Grade
Raebern DSylva,Andrew Symons,3,2,2005,No,8th Grade
Ward Bond,Robbie Edwards,3,6,2005,No,4th Grade
Neil Steadman,Matthew Sorensen,3,7,2005,No,8th Grade
Felix Machado,Satish Krishnan,3,7,2005,No,8th Grade
Scott Powell,Aaron Robson,3,8,2005,No,Metropolitan One Day
Sharjeel Ashraf,Tariq Haroon,3,3,2005,No,1st Grade
Curtis Stark,Robbie Edwards,3,8,2005,No,4th Grade
Jason Carlyon,Jeff West,3,1,2005,No,8th Grade
Bryce Alexander,Justin Davis,3,6,2005,No,1st Grade
David Van Wees,Alan McGuinness,3,5,2005,No,Metropolitan One Day
Dennis Freind,Bruce Stark,3,2,2005,No,4th Grade
Curtis Stark,Russell Normoyle,3,7,2005,No,4th Grade
Russell Gerreyn,Courtney Swift,3,10,2005,No,8th Grade
Darren Young,Anthony Burke,3,8,2005,No,1st Grade
Anthony Libia,Sharjeel Ashraf,3,2,2005,No,1st Grade
Aaron Robson,Anthony Morgan,3,6,2005,No,Metropolitan One Day
Anthony Libia,Sharjeel Ashraf,3,2,2005,No,1st Grade
Chris Robson,Dave Dewhurst,3,5,2005,No,Metropolitan One Day
Geoff Colgan,Gregory Martin,3,4,2005,No,1st Grade
John Lewis,Mark Stevens,3,1,2005,No,8th Grade
Felix Machado,Courtney Swift,3,6,2005,No,8th Grade
Alan McGuinness,David Van Wees,3,9,2005,No,Metropolitan One Day
Michael Gartell,Chris Robson,3,2,2005,No,Metropolitan One Day
Sharjeel Ashraf,Tariq Haroon,3,3,2005,No,1st Grade
Anthony Libia,Scott Barnard,3,1,2005,No,4th Grade
Jeff Stephenson,Neil Steadman,3,3,2006,No,8th Grade
Kevin Rowland,Bryce Alexander,3,2,2006,No,2nd Grade
Kevin Rowland,Bryce Alexander,3,2,2006,No,2nd Grade
Curtis Stark,Chris Robson,3,3,2006,No,5th Grade
Christopher Jebb,Darren Hutchins,3,5,2006,No,5th Grade
Daryl Pegrum,Jarrod Ebert,3,7,2006,No,5th Grade
Len Peterson,Ben Santoro,3,2,2006,No,8th Grade
Courtney Swift,Jason Carlyon,3,7,2006,No,8th Grade
Len Peterson,Mark Stevens,3,2,2006,No,8th Grade
Dennis Freind,Bryce Alexander,3,2,2006,No,2nd Grade
Gino Giamboi,Dennis Freind,3,9,2006,No,2nd Grade
Len Peterson,Jason Dewar,3,6,2006,No,8th Grade
John Lewis,Michael Gartell,3,1,2006,No,5th Grade
David Van Wees,Ashley Edwards,3,10,2006,No,5th Grade
Cassis Van Wees,Ashley Edwards,3,10,2006,No,5th Grade
Paul Dickson,Brett Harrison,3,4,2006,No,2nd Grade
Michael Gartell,Satish Krishnan,3,9,2006,No,8th Grade
Ben Stephenson,Courtney Swift,3,3,2006,No,8th Grade
David Van Wees,Brett Harrison,3,1,2006,No,2nd Grade
Christopher Jebb,Darren Hutchins,3,5,2006,No,5th Grade
Sam Finnigan,Ajigh RajaGopal,3,9,2006,No,8th Grade
Russell Gerreyn,Brett Harrison,3,2,2006,No,5th Grade
Charles Marlam,Scott Barnard,3,1,2006,No,2nd Grade
John Taylor,Timothy Bailey,3,3,2006,No,8th Grade
Leon Burrows,Bryce Alexander,3,5,2006,No,2nd Grade
Christopher Jebb,Gino Giamboi,3,7,2006,No,5th Grade
John Taylor,Curtis Stark,3,4,2006,No,2nd Grade
Darren Hutchins,Gino Giamboi,3,7,2006,No,5th Grade
Charles Marlam,Leon Burrows,3,1,2006,No,2nd Grade
Russell Gerreyn,Kevin Rowland,3,1,2006,No,5th Grade
Nathan Freind,Chris Homer,3,8,2007,Yes,Metropolitan One Day
David Van Wees,Steve Moore,3,4,2007,No,6th Grade
Raghu Gopalan,Taylor Heath,3,2,2007,No,9th Grade
Christopher Jebb,Satish Krishnan,3,5,2007,No,9th Grade
Courtney Swift,Len Peterson,3,7,2007,No,9th Grade
Simon Wilson,Timothy Gailbraith,3,4,2007,No,Metropolitan One Day
Ryan Barndon,Tony Bassett,3,7,2007,No,3rd Grade
Ryan Barndon,Anthony Libia,3,7,2007,No,3rd Grade
Ryan Barndon,Tony Bassett,3,8,2007,No,3rd Grade
Ryan Barndon,Dave Dewhurst,3,9,2007,No,3rd Grade
Chris Mok,Cassis Van Wees,3,5,2007,No,Metropolitan One Day
Neil Steadman,Ajigh RajaGopal,3,5,2007,No,9th Grade
Satish Krishnan,Courtney Swift,3,7,2007,No,9th Grade
David Van Wees,Charles Marlam,3,3,2007,No,6th Grade
David Van Wees,Brett Harrison,3,1,2007,No,6th Grade
Jeff Stephenson,Ben Stephenson,3,1,2007,No,9th Grade
Christopher Jebb,Neil Steadman,3,5,2007,No,9th Grade
Cassis Van Wees,Kenneth Kelly,3,3,2007,No,9th Grade
Ben Stephenson,Satish Krishnan,3,7,2007,No,9th Grade
Tony Bassett,Dennis Freind,3,10,2007,No,3rd Grade
Russell Gerreyn,Jeff Stephenson,3,1,2007,No,9th Grade
Russell Gerreyn,Paul McNamara,3,3,2007,No,9th Grade
Steven Freind,Ajigh RajaGopal,3,6,2007,No,Metropolitan One Day
Steven Freind,Nathan Freind,3,8,2007,No,Metropolitan One Day
S Kristen,James Vellios,3,9,2007,No,Metropolitan One Day
Anthony Libia,Scott Powell,3,5,2007,No,3rd Grade
Bryce Alexander,John Taylor,3,4,2007,No,3rd Grade
Steven Freind,Matt Bailey,3,6,2008,No,8th Grade
D Batanares,M Padrotto,3,5,2008,No,Metropolitan One Day
Conor Breheny,Darren Hutchins,3,6,2008,No,8th Grade
Brett Harrison,Adam Wreford,3,7,2008,No,5th Grade
Chris Mok,Matthew Hilleard,3,2,2008,No,8th Grade
Gino Giamboi,Robbie Edwards,3,10,2008,No,8th Grade
Conor Breheny,Gino Giamboi,3,6,2008,No,8th Grade
Zack Van Wees,Neil Steadman,3,9,2008,No,Metropolitan One Day
Leon Burrows,Scott Powell,3,5,2008,No,2nd Grade
Adam Wreford,Steve Moore,3,9,2008,No,5th Grade
Nathan Freind,Timothy Bailey,3,8,2008,No,8th Grade
JD Paternostro,Bruce Stark,3,3,2008,No,8th Grade
Nathan Freind,Michael Peter,3,8,2008,No,8th Grade
Ian Gamble,JD Paternostro,3,6,2008,No,8th Grade
Keith Zissis,John Lewis,3,5,2008,No,Metropolitan One Day
Matthew Hilleard,Darren Hutchins,3,6,2008,No,8th Grade
Ryan Barndon,Leon Burrows,3,3,2008,No,2nd Grade
Ben Stephenson,Robbie Edwards,3,5,2008,No,8th Grade
Ben Stephenson,Courtney Swift,3,6,2008,No,8th Grade
Jeff Stephenson,Matthew Hilleard,3,4,2008,No,8th Grade
Jeff Stephenson,Bryce Alexander,3,1,2008,No,8th Grade
Ben Loader,Steven Freind,3,1,2008,No,5th Grade
Gino Giamboi,JD Paternostro,3,9,2008,No,8th Grade
Leon Burrows,Curtis Stark,3,2,2008,No,2nd Grade
Sam Finnigan,Dave Dewhurst,3,10,2008,No,2nd Grade
Bryce Alexander,Ryan Shelton,3,1,2008,No,2nd Grade
Leon Burrows,Scott Powell,3,5,2008,No,2nd Grade
David Van Wees,Timothy Gailbraith,3,6,2008,No,5th Grade
Gino Giamboi,Ryan James,3,8,2009,No,7th Grade
David Van Wees,Andrew Webley,3,4,2009,No,5th Grade
Leon Okely,Robbie Edwards,3,8,2009,No,7th Grade
Russell Gerreyn,S Kaul,3,4,2009,No,Metropolitan One Day
S Kaul,Kenneth Kelly,3,5,2009,No,Metropolitan One Day
David Van Wees,Andrew Webley,3,5,2009,No,5th Grade
R Gipson,Brett Harrison,3,5,2009,No,2nd Grade
Dennis Freind,Andrew Webley,3,9,2009,No,5th Grade
Darren Hutchins,Gino Giamboi,3,9,2009,No,7th Grade
Scott Barnard,Dov Morris,3,1,2009,No,5th Grade
Adam Wreford,Sam Finnigan,3,8,2009,No,2nd Grade
Tony Bassett,Dave Dewhurst,3,10,2009,No,2nd Grade
Jack Vlahos,Courtney Swift,3,8,2009,No,Metropolitan One Day
Brett Harrison,Sam Finnigan,3,6,2009,No,2nd Grade
Scott Powell,Arthur Vlahos,3,5,2009,No,Metropolitan One Day
Russell Gerreyn,Jack Vlahos,3,8,2009,No,Metropolitan One Day
Ben Stephenson,Tony Bassett,3,7,2009,No,2nd Grade
Tony Bassett,Sam Finnigan,3,8,2009,No,2nd Grade
Scott Powell,Aaron Robson,3,6,2009,No,5th Grade
Timothy Gailbraith,Leon Okely,3,8,2010,No,5th Grade
Dennis Freind,Charles Marlam,3,1,2010,No,7th Grade
T Dias,Timothy Gailbraith,3,7,2010,No,5th Grade
Tony Bassett,Michael Mani,3,7,2010,No,2nd Grade
Scott Powell,Matthew Hilleard,3,1,2010,No,5th Grade
Russell Gerreyn,Keith Zissis,3,3,2010,No,Metropolitan One Day
David Van Wees,R Morgan,3,6,2010,No,7th Grade
C Woods,JA Timos,3,7,2010,No,Metropolitan One Day
Dov Morris,Ryan Barndon,3,1,2010,No,2nd Grade
Timothy Gailbraith,Gino Giamboi,3,7,2010,No,7th Grade
Damien Senge,Tony Bassett,3,8,2010,No,2nd Grade
Bryce Alexander,Andrew Webley,3,6,2010,No,7th Grade
Paul Peos,Ward Bond,3,2,2010,No,Metropolitan One Day
Leon Burrows,Ryan Barndon,3,5,2010,No,2nd Grade
Dennis Freind,David Van Wees,3,2,2010,No,7th Grade
Dennis Freind,Andrew Webley,3,6,2010,No,7th Grade
Darcy Boyle,Russell Gerreyn,3,6,2010,No,Metropolitan One Day
Damien Senge,Tony Bassett,3,7,2010,No,2nd Grade
Paul Peos,Lee Maas,3,4,2010,No,Metropolitan One Day
Matt Behn,Tony Bassett,3,7,2010,No,2nd Grade
Leon Okely,Clinton Reid,3,4,2011,No,4th Grade
Dov Morris,Brett Harrison,3,6,2011,No,2nd Grade
Matt Wilson,Timothy Gailbraith,3,7,2011,No,6th Grade
Bryce Alexander,Aaron Robson,3,5,2011,No,4th Grade
Dov Morris,Ryan Barndon,3,3,2011,No,2nd Grade
Ryan Barndon,Michael Mani,3,8,2011,No,2nd Grade
Charles Marlam,Ash Eyre,3,3,2011,No,Metropolitan One Day
Leon Okely,Shane Shaw,3,3,2011,No,4th Grade
Bryce Alexander,Brett Harrison,3,6,2011,No,4th Grade
Ryan Barndon,Scott Barnard,3,7,2011,No,2nd Grade
Dennis Freind,Clinton Reid,3,4,2011,No,4th Grade
Gino Giamboi,Kenneth Kelly,3,6,2011,No,Metropolitan One Day
Keith Zissis,Paul Peos,3,1,2011,No,Metropolitan One Day
Conor Breheny,Ben Gatter,3,7,2011,No,6th Grade
Brett Harrison,Andrew Webley,3,6,2011,No,4th Grade
Chris Mok,Ryan James,3,5,2011,No,6th Grade
Clinton Reid,Ben Price,3,2,2011,No,4th Grade
Ryan Barndon,Scott Barnard,3,3,2011,No,2nd Grade
Bryce Alexander,Adam Wreford,3,7,2011,No,2nd Grade
Paul Dickson,Brett Harrison,3,2,2012,No,3rd Grade
P Wright,Russell Normoyle,3,8,2012,No,2nd Grade
Brett Harrison,David Van Wees,3,7,2012,No,3rd Grade
JD Krasenstein,Curtis Stark,3,2,2012,No,6th Grade
Paul Peos,Ash Eyre,3,3,2012,No,Metropolitan One Day
Keith Zissis,Paul Peos,3,1,2012,No,Metropolitan One Day
Darren Hutchins,Timothy Gailbraith,3,6,2012,No,6th Grade
Ben Price,Sam Finnigan,3,5,2012,No,2nd Grade
Scott Barnard,Ben Price,3,5,2012,No,2nd Grade
Ben Stephenson,Michael Mani,3,10,2012,No,2nd Grade
Dennis Freind,Sean Okley,3,10,2012,No,Metropolitan One Day
Bruce Stark,D Lennon,3,7,2012,No,6th Grade
JL Dimond,Curtis Stark,3,3,2012,No,6th Grade
S Kumar,L Pollard,3,2,2012,No,Metropolitan One Day
John Taylor,JL Dimond,3,5,2012,No,6th Grade
Lee Maas,Ben Gatter,3,6,2012,No,6th Grade
Graeme Pryce,Ben Price,3,2,2012,No,3rd Grade
Tony Bassett,Darren Johnson,3,5,2012,No,3rd Grade
Paul Peos,Chris Homer,3,1,2012,No,6th Grade
JD Krasenstein,Curtis Stark,3,2,2012,No,6th Grade
Darren Johnson,Kirk Howes,3,3,2012,No,Metropolitan One Day
Dennis Freind,Michael Peter,3,10,2012,No,3rd Grade
James Day,Paul Dickson,3,1,2012,No,6th Grade
Bryce Alexander,Robbie Edwards,3,9,2012,No,3rd Grade
Keith Zissis,Chris Homer,3,2,2012,No,Metropolitan One Day
Kai Homer,David Van Wees,3,6,2013,No,5th Grade
Josh Copping,Ben Stephenson,3,7,2013,No,3rd Grade
Curtis Stark,Scott Powell,3,1,2013,No,3rd Grade
Russell Normoyle,Dennis Freind,3,9,2013,No,2nd Grade
Scott Barnard,Josh Taylor,3,3,2013,No,2nd Grade
Ross Baker,Adam Wreford,3,7,2013,No,2nd Grade
Mandeep Singh,Mandeep Sidhu,3,8,2013,No,Mercantile One Day
Josh Taylor,Russell Normoyle,3,6,2013,No,2nd Grade
Chris Mok,David Van Wees,3,2,2013,No,5th Grade
G McMillan,Kirk Howes,3,5,2013,No,Metropolitan One Day
G McMillan,Lee Maas,3,9,2013,No,Metropolitan One Day
Lee Maas,Russell Gerreyn,3,10,2013,No,Metropolitan One Day
Yaadwinder Toor,Happee Boparai,3,1,2013,No,Mercantile One Day
Bruce Stark,Dave Dewhurst,3,9,2013,No,3rd Grade
Cory DeJager,Aaron Robson,3,7,2013,No,3rd Grade
Kai Homer,Kirk Howes,3,5,2013,No,5th Grade
Anthony Sinclair,Jack Vlahos,3,9,2013,No,Metropolitan One Day
Tony Bassett,Gino Giamboi,3,9,2013,No,2nd Grade
Andrew Webley,Mick Andrews,3,8,2013,No,5th Grade
Keith Zissis,Chris Homer,3,3,2013,No,Metropolitan One Day
Scott Barnard,Timothy Gailbraith,3,2,2013,No,2nd Grade
Aaron Robson,Michael Peter,3,9,2013,No,3rd Grade
Sam Finnigan,Brett Harrison,3,2,2013,No,3rd Grade
Ross Baker,Josh Taylor,3,6,2013,No,2nd Grade
Happee Boparai,Randeep Brar,3,2,2013,No,Mercantile One Day
Ben Stephenson,David Van Wees,3,4,2013,No,3rd Grade
Ryan Barndon,Adam Wreford,3,7,2013,No,2nd Grade
Daniel Atkinson,Adam Wreford,3,9,2013,No,2nd Grade
Gino Giamboi,Robbie Edwards,3,8,2013,No,Metropolitan One Day
Cory DeJager,Aaron Robson,3,8,2013,No,3rd Grade
Dennis Freind,Gary Freind,3,10,2014,No,3rd Grade
Grant Carslake,Lee Maas,3,9,2014,No,5th Grade
Grant Carslake,Chris Mok,3,10,2014,No,5th Grade
Jagdeep Brar,S Gill,3,5,2014,No,Metropolitan One Day
V Bath,Randeep Brar,3,2,2014,No,Metropolitan One Day
Conor Breheny,Kenneth Kelly,3,7,2014,No,5th Grade
Gary Freind,Grant Carslake,3,5,2014,No,8th Grade
Happee Boparai,Randeep Brar,3,3,2014,No,Metropolitan One Day
Kai Homer,Bruce Stark,3,1,2014,No,3rd Grade
M Norton,Josh Copping,3,5,2014,No,3rd Grade
Ross Baker,Leon Burrows,3,5,2014,No,2nd Grade
Dov Morris,Leon Burrows,3,8,2014,No,2nd Grade
Ben Stephenson,Robbie Edwards,3,10,2014,No,3rd Grade
Ash Eyre,Ben Gatter,3,8,2014,No,5th Grade
Mandeep Singh,Goppi Singh,3,6,2014,No,Metropolitan One Day
Michael Peter,Conor Breheny,3,5,2014,No,5th Grade
Sandeep Brar,Happee Boparai,3,2,2014,No,Metropolitan One Day
Ian Wilson,Karamjeet Singh,3,6,2014,No,2nd Grade
Scott Barnard,Dov Morris,3,2,2014,No,2nd Grade
Martin Burrow,Michael Peter,3,6,2014,No,5th Grade
Grant Carslake,Lee Maas,3,9,2014,No,5th Grade
Ian Wilson,Karamjeet Singh,3,4,2014,No,2nd Grade
Josh Copping,Brett Harrison,3,6,2014,No,3rd Grade
Happee Boparai,Mandeep Singh,3,2,2014,No,Metropolitan One Day
Jake Finney,Leon Burrows,3,2,2014,No,2nd Grade
Keith Zissis,K Symons,3,1,2014,No,8th Grade
Tony Bassett,Dave Dewhurst,3,10,2015,Yes,2nd Grade
Brett Harrison,Ashley Edwards,3,9,2015,Yes,4th Grade
Dennis Freind,Karamdeep Brar,3,3,2015,No,7th Grade
Jake Finney,Dov Morris,3,2,2015,No,2nd Grade
B Le Cras,Lee Maas,3,7,2015,No,9th Grade
Z Taylor,Darren Stride,3,2,2015,No,9th Grade
Adam Wreford,Kirk Howes,3,9,2015,No,2nd Grade
Chris Homer,Devender Kumar,3,6,2015,No,4th Grade
Paul Dickson,Michael Peter,3,6,2015,No,6th Grade
Mandeep Singh,Paul Dickson,3,1,2015,No,7th Grade
Scott Barnard,Jake Finney,3,1,2015,No,2nd Grade
Brett Harrison,Chris Homer,3,3,2015,No,4th Grade
Keith Zissis,Karamdeep Brar,3,3,2015,No,7th Grade
Brett Harrison,Sandeep Brar,3,6,2015,No,4th Grade
AB Goodchild,J McColl,3,7,2015,No,7th Grade
Martin Burrow,Ranjit Singh,3,5,2015,No,9th Grade
M Munish,Paul Dickson,3,6,2015,No,6th Grade
Grant Carslake,D Tingey,3,9,2015,No,9th Grade
Goppi Singh,K Natraj,3,1,2015,No,9th Grade
Sandeep Brar,Clinton Reid,3,7,2015,No,4th Grade
Clinton Reid,Ben Gatter,3,8,2015,No,4th Grade
Dov Morris,Adam Lankester,3,1,2015,No,2nd Grade
Jake Finney,Adam Lankester,3,1,2015,No,2nd Grade
Brad Walker,K Francis,3,6,2015,No,4th Grade
Bryce Alexander,B Le Cras,3,6,2015,No,7th Grade
Goppi Singh,P Rados,3,1,2015,No,9th Grade
Leon Burrows,James Ditchburn,3,9,2015,No,2nd Grade
Scott Barnard,Brad Walker,3,4,2015,No,4th Grade
Chris Homer,Brett Harrison,3,5,2015,No,4th Grade
Brett Harrison,Brendan Miller,3,6,2015,No,4th Grade
Adam Lankester,Craig Bennett,3,4,2015,No,4th Grade
Tom Condello,Gino Giamboi,3,9,2015,No,7th Grade
Keith Zissis,Bryce Alexander,3,2,2015,No,7th Grade
Brett Harrison,Tony Bassett,3,7,2016,Yes,3rd Grade
R Singhal,Tony Bassett,3,6,2016,Yes,5th Grade
Curtis Stark,Scott Barnard,3,3,2016,No,3rd Grade
M Munish,A Malik,3,5,2016,No,3rd Grade
Chris Mok,Tom Condello,3,8,2016,No,5th Grade
A Kovac,Tony Bassett,3,6,2016,No,5th Grade
Balram Chahal,David Van Wees,3,1,2016,No,6th Grade
Mandeep Singh,Brad Walker,3,6,2016,No,5th Grade
James Ditchburn,Brett Harrison,3,7,2016,No,3rd Grade
Michael Peter,AB Kalimeris,3,5,2016,No,5th Grade
R Sandhu,Keith Zissis,3,7,2016,No,6th Grade
Goppi Singh,P Singh,3,4,2016,No,Metropolitan One Day
Anthony Sinclair,Darren Stride,3,9,2016,No,6th Grade
Goppi Singh,Curtis Stark,3,1,2016,No,3rd Grade
Cameron Lee,L Ashforth,3,8,2016,No,9th Grade
Ash Eyre,Keith Zissis,3,3,2016,No,6th Grade
Curtis Stark,Dov Morris,3,1,2016,No,3rd Grade
Gino Giamboi,Robbie Edwards,3,10,2016,No,6th Grade
Goppi Singh,James Day,3,1,2016,No,9th Grade
Ryan Barndon,Ross Baker,3,4,2016,No,1st Grade
Dennis Freind,AB Goodchild,3,4,2016,No,6th Grade
JD Krasenstein,R Sandhu,3,9,2016,No,9th Grade
AB Goodchild,Keith Zissis,3,4,2016,No,6th Grade
Keith Zissis,AB Kalimeris,3,5,2016,No,6th Grade
Chris Homer,Garath Van Der Elst,3,1,2016,No,5th Grade
AB Kalimeris,Bryce Alexander,3,5,2016,No,6th Grade
Scott Barnard,Josh Demarte,3,4,2016,No,1st Grade
C Vaidya,R Singhal,3,5,2017,No,5th Grade
David Van Wees,Chris Mok,3,4,2017,No,7th Grade
Garath Van Der Elst,David Van Wees,3,1,2017,No,7th Grade
David Van Wees,Darren Stride,3,9,2017,No,7th Grade
S Gill,Karamdeep Brar,3,8,2017,No,5th Grade
S Gill,Goppi Singh,3,9,2017,No,5th Grade
Scott Barnard,Darren Johnson,3,3,2017,No,1st Grade
James Day,Keith Zissis,3,3,2017,No,7th Grade
R Singhal,Randeep Brar,3,2,2017,No,5th Grade
David Van Wees,Mark Sinclair,3,4,2017,No,7th Grade
Ryan Barndon,A Malik,3,5,2017,No,1st Grade
Michael Peter,R Singhal,3,6,2017,No,5th Grade
G Minhas,Goppi Singh,3,10,2017,No,5th Grade
Adam Lankester,Scott Barnard,3,2,2017,No,1st Grade
Michael Peter,C Vaidya,3,4,2017,No,5th Grade
Karamdeep Brar,Jun Singh,3,5,2017,No,5th Grade
Mark Sinclair,D Bowman,3,7,2017,No,7th Grade
S Gill,Bikram Singh,3,2,2017,No,5th Grade
Ryan Barndon,Sam Finnigan,3,6,2017,No,1st Grade
Mark Sinclair,Keith Zissis,3,4,2017,No,7th Grade
Chris Mok,Garath Van Der Elst,3,6,2017,No,7th Grade
Karamdeep Brar,Alan Edwards,3,9,2017,No,5th Grade
Bikram Singh,Darren Stride,3,7,2017,No,5th Grade
Mandeep Singh,Goppi Singh,3,8,2017,No,5th Grade
Jun Singh,Chris Mok,3,7,2018,No,2nd Grade
Jun Singh,Darren Stride,3,9,2018,No,Mercantile One Day
Bikram Singh,R Singhal,3,7,2018,No,4th Grade
C Vaidya,Happee Boparai,3,6,2018,No,4th Grade
Dov Morris,Ryan Barndon,3,4,2018,No,2nd Grade
Daniel Atkinson,Jun Singh,3,6,2018,No,2nd Grade
Mark Sinclair,Ziiyad Salle,3,8,2018,No,Mercantile One Day
C Vaidya,Bikram Singh,3,8,2018,No,4th Grade
Paul Maindok,Paul McNamara,3,1,2018,No,Mercantile One Day
Chris Mok,Alan Edwards,3,10,2018,No,2nd Grade
Raghu Sharma,Clinton Reid,3,1,2018,No,4th Grade
Paul Maindok,Clinton Reid,3,2,2018,No,Mercantile One Day
Ryan Barndon,Russell Normoyle,3,5,2018,No,2nd Grade
Phillip Ross,Chris Mok,3,9,2018,No,2nd Grade
Mark Sinclair,D Bowman,3,6,2018,No,Mercantile One Day
David Van Wees,D Bowman,3,7,2018,No,Mercantile One Day
David Lenane,Sam Finnigan,3,8,2019,No,B Division One Day Grade
Garath Van Der Elst,W Abbas,3,5,2019,No,B Division One Day Grade
A Webley,Chris Mok,3,10,2019,No,B Division One Day Grade
Clinton Reid,Keith Zissis,3,3,2019,No,C Division One Day Grade
Randeep Brar,Jun Singh,3,8,2019,No,5th Grade
Keith Zissis,Darren Stride,3,8,2019,No,C Division One Day Grade
Keith Zissis,Paul McNamara,3,6,2019,No,C Division One Day Grade
Gurdeep Singh,A Corrie,3,4,2019,No,E Division One Day Grade
Nilan Chandratilake,Gurdeep Singh,3,6,2019,No,E Division One Day Grade
Dan Leatham,Daniel Sims,3,1,2019,No,C Division One Day Grade
Brett Harrison,Gurdeep Singh,3,8,2019,No,5th Grade
Phillip Ross,S Pawday,3,10,2019,No,3rd Grade
Raghu Sharma,Darren Johnson,3,2,2019,No,3rd Grade
Dennis Freind,David Van Wees,3,6,2019,No,B Division One Day Grade
J Kendall,Karamdeep Brar,3,6,2019,No,C Division One Day Grade
Duane Crombie,TW DeRozario,3,7,2019,No,E Division One Day Grade
Dov Morris,Curtis Stark,3,1,2019,No,3rd Grade
D Bowman,B Adams,3,9,2019,No,E Division One Day Grade
Keith Zissis,Darren Stride,3,8,2019,No,C Division One Day Grade
Duane Crombie,J Trichilo,3,3,2019,No,E Division One Day Grade
Keith Zissis,Cameron Lee,3,2,2019,No,C Division One Day Grade
Geoff Colgan,Jun Singh,3,3,2019,No,B Division One Day Grade
Geoff Colgan,John Taylor,3,4,2019,No,B Division One Day Grade
Cameron Lee,TW DeRozario,3,9,2019,No,C Division One Day Grade
Chris Mok,Davis Bode,3,1,2020,No,E Division One Day Grade
Chris Popoff,Adam Duffy,3,4,2020,No,F Division One Day Grade
Alex Cox,Adam Duffy,3,2,2020,No,F Division One Day Grade
Adam Wreford,H Beasy,3,7,2020,No,E Division One Day Grade
Bikram Singh,Jagdeep Brar,3,8,2020,No,A Division One Day Grade
Bikram Singh,Happee Boparai,3,7,2020,No,A Division One Day Grade
Sam Finnigan,David Hallows,3,10,2020,No,E Division One Day Grade
J Galhena,Daniel Sims,3,8,2020,No,B Division One Day Grade
Mandeep Singh,Daniel Sims,3,8,2020,No,B Division One Day Grade
Parminder Sandhu,Justin Kickett,3,5,2020,No,F Division One Day Grade
Raghu Sharma,Hayden Candy,3,4,2021,No,B Division One Day Grade
Dan Leatham,J Cuthbert,3,9,2021,No,E Division One Day Grade
Chris Mok,Davis Bode,3,3,2021,No,A Division One Day Grade
Davis Bode,John Taylor,3,2,2021,No,A Division One Day Grade
Nirbhai Sohi,Curtis Stark,3,1,2021,No,A Division One Day Grade
Paul Holmes,J Cuthbert,3,8,2021,No,E Division One Day Grade
Paul Holmes,Grant Carslake,3,9,2021,No,E Division One Day Grade
Happee Boparai,G Singh,3,7,2021,No,A Division One Day Grade
K Hay,D Hay,3,1,2021,No,E Division One Day Grade
Gavin Doull,Mandeep Singh,3,10,2021,No,G Division One Day Grade
Nirbhai Sohi,John Taylor,3,2,2021,No,A Division One Day Grade
Nirbhai Sohi,Davis Bode,3,3,2021,No,A Division One Day Grade
Darren Johnson,G Singh,3,5,2021,No,B Division One Day Grade
Vishnu Rajendran,Robbie Edwards,3,10,2022,Yes,D Division One Day Grade
Grant Carslake,Vishnu Rajendran,3,5,2022,No,D Division One Day Grade
Mandeep Singh,Raghu Sharma,3,5,2022,No,A Division One Day Grade
Nirbhai Sohi,Jagdeep Brar,3,5,2022,No,A Division One Day Grade
Happee Boparai,Mandeep Singh,3,6,2022,No,A Division One Day Grade
Bruce Stark,Darren Franklin,3,6,2022,No,G Division One Day Grade
Dov Morris,Thanuja Jayakodi Arachchige,3,8,2022,No,A Division One Day Grade
Jun Singh,Scott Barnard,3,6,2022,No,B Division One Day Grade
Mandeep Singh,Happee Boparai,3,4,2022,No,A Division One Day Grade
Happee Boparai,Jagdeep Brar,3,7,2022,No,A Division One Day Grade
Nilan Chandratilake,Duane Crombie,3,3,2022,No,G Division One Day Grade
Adam Duffy,Nilan Chandratilake,3,1,2022,No,G Division One Day Grade
John Taylor,Samuel Freind,3,9,2022,No,A Division One Day Grade
Nirbhai Sohi,Pankaj Dhall,3,4,2022,No,A Division One Day Grade
Gurdeep Singh,Samuel Freind,3,10,2023,Yes,A Division One Day Grade
Gurdeep Singh,Kirk Howes,3,8,2023,Yes,A Division One Day Grade
Sagar Lather,Mandeep Singh,3,5,2023,Yes,A Division One Day Grade
Mandeep Singh,Samuel Freind,3,10,2023,Yes,A Division One Day Grade
Bruce Stark,Mandeep Singh,3,8,2023,Yes,I Division One Day Grade
Jagdeep Brar,Mandeep Singh,3,9,2023,No,A Division One Day Grade
Daniel Lambrinidis,Ryker Newman,3,8,2023,No,C Division One Day Grade
Brett Harrison,Judd Diletti,3,9,2023,No,B Division One Day Grade
Dov Morris,Ross Baker,3,3,2023,No,B Division One Day Grade
Sagar Lather,Jagdeep Brar,3,1,2023,No,A Division One Day Grade
Sagar Lather,Raghu Sharma,3,2,2023,No,A Division One Day Grade
Gurdeep Singh,Bikram Singh,3,6,2023,No,A Division One Day Grade
Chris Popoff,Darren Franklin,3,9,2023,No,I Division One Day Grade
Dov Morris,Clinton Reid,3,8,2023,No,B Division One Day Grade
Paul Holmes,Ryker Newman,3,8,2023,No,C Division One Day Grade
Russell Normoyle,Dov Morris,3,2,2023,No,B Division One Day Grade
Curtis Stark,Hayden Candy,3,5,2023,No,C Division One Day Grade
Will Hudson,James Beardmore,3,8,2023,No,H Division One Day Grade
Nirbhai Sohi,Raghu Sharma,3,5,2023,No,A Division One Day Grade
Happee Boparai,Sagar Lather,3,1,2023,No,A Division One Day Grade
Pankaj Dhall,Jagdeep Brar,3,10,2023,No,A Division One Day Grade
Amos Robinson,Tom Parkinson,3,1,2023,No,H Division One Day Grade
Brett Harrison,Clinton Reid,3,6,2023,No,C Division One Day Grade
Happee Boparai,Sagar Lather,3,1,2023,No,A Division One Day Grade
Nirbhai Sohi,Vinit Kumar,3,5,2023,No,A Division One Day Grade
Nirbhai Sohi,Raghu Sharma,3,6,2023,No,A Division One Day Grade
Keith Zissis,Paul Holmes,3,4,2024,Yes,I Division One Day Grade
Trent George Kennedy,Moran Robert Dedman Nielsen,3,9,2024,Yes,C Division One Day Grade
Paul Holmes,Curtis Stark,3,5,2024,No,C Division One Day Grade
Darren Johnson,David Cameron,3,5,2024,No,A Division One Day Grade
Shishpal Rana,Vishnu Rajendran,3,5,2024,No,C Division One Day Grade
Samuel Weston,David Van Wees,3,1,2024,No,H Division One Day Grade
Keith Zissis,Shishpal Rana,3,6,2024,No,I Division One Day Grade
Daniel Leatham,Paul Holmes,3,2,2024,No,H Division One Day Grade
Moran Robert Dedman Nielsen,Dev Baswan,3,8,2024,No,A Division One Day Grade
Clinton Reid,Brett Harrison,3,2,2024,No,C Division One Day Grade
Ross Baker,Kirk Howes,3,8,2024,No,A Division One Day Grade
Clinton Reid,Jun Singh,3,2,2024,No,C Division One Day Grade
Clinton Reid,Ryker Newman,3,1,2024,No,C Division One Day Grade
Manoj jayawardena,Achinda Kasthuri Arachchi,3,8,2025,No,D Division One Day Grade
Raguvaran Sukumar,Darren Franklin,3,9,2025,No,I Division One Day Grade
Lakmal Madushanka Madawala Maddumage Don,Chamod Dilshan Happawana Vithanage,3,3,2025,No,H Division One Day Grade
Chamod Dilshan Happawana Vithanage,Manoj jayawardena,3,4,2025,No,H Division One Day Grade
Saliya Widanagamage,Manoj jayawardena,3,4,2025,No,H Division One Day Grade
Glenn Welton,Darren Johnson,3,1,2025,No,A Division One Day Grade
Curtis Stark,Scott Bretland,3,3,2025,No,D Division One Day Grade
Scott Bretland,Vishnu Rajendran,3,4,2025,No,D Division One Day Grade
Missaka Wickramasinghe,Mohamed Zainudeen,3,1,2025,No,H Division One Day Grade
Darren Johnson,Kirk Howes,3,2,2025,No,A Division One Day Grade
Prashan Herath,Kusal Walliwala Gamage,3,9,2025,No,H Division One Day Grade
Adam Duffy,Gino Giamboi,3,6,2025,No,I Division One Day Grade
Dane Peake,Raguvaran Sukumar,3,4,2025,No,I Division One Day Grade
Kevin Bishop,Mandeep Grewal,3,10,2025,No,I Division One Day Grade
Prabud Peduru Hewa,Missaka Wickramasinghe,3,2,2025,No,H Division One Day Grade
Ross Baker,Keshav Tewari,3,4,2025,No,A Division One Day Grade
Adam Duffy,Chris Popoff,3,1,2025,No,I Division One Day Grade
Nilan Chandratilake,Scott Bretland,3,3,2025,No,I Division One Day Grade
Ray Taylor,Geoff Hamel,2,4,1963,No,1st Grade
Geoff Hamel,Alby Braun,2,8,1963,No,1st Grade
Geoff Hamel,Barry Armstrong,2,10,1963,No,1st Grade
Brian Buttsworth,Raymond Scott,2,1,1963,No,1st Grade
Fred Buttsworth,Alby Braun,2,6,1963,No,1st Grade
Brian Buttsworth,Dave Cosson,2,10,1963,No,1st Grade
Brian Buttsworth,Dave Cosson,2,3,1964,No,1st Grade
Brian France,Geoff Hamel,2,2,1964,No,1st Grade
Keith Randell,Alan Wilkins,2,5,1965,No,1st Grade
Keith Randell,Geoff Hamel,2,3,1965,No,1st Grade
Geoff Hamel,Bert Smith,2,4,1965,No,1st Grade
Bert Smith,Harry Varis,2,5,1965,No,1st Grade
Harry Varis,Rob Wheeler,2,6,1965,No,1st Grade
Alan Wilkins,N McDiarmid,2,3,1965,No,1st Grade
Ralph Brockman,Brian Henville,2,5,1966,No,1st Grade
Bert Smith,T Robertson,2,8,1966,No,1st Grade
T Robertson,Harry Varis,2,7,1966,No,1st Grade
Brian Henville,Kevin Lock,2,9,1966,No,1st Grade
Stephen DenRidder,Damian Thompson,2,2,1992,No,1st Grade
Dennis Freind,Ian Blake,2,7,1992,No,1st Grade
Ian Blake,Dennis Freind,2,7,1992,No,1st Grade
Damian Thompson,Ian Blake,2,4,1992,No,1st Grade
Ian Blake,Colin Gotch,2,5,1992,No,1st Grade
Gary Chivers,Justin Fisher,2,1,1992,No,1st Grade
Gregory Fahl,Justin Fisher,2,2,1993,No,1st Grade
Dennis Freind,Ian Price,2,9,1993,No,1st Grade
Ian Blake,Graham Butler,2,3,1993,No,1st Grade
Gino Giamboi,Ron Gillespie,2,2,1994,No,1st Grade
Charles Marlam,Murray Quarrell,2,8,1994,No,1st Grade
Justin Fisher,Graham Butler,2,4,1994,No,1st Grade
Ian Blake,Lance Ferguson,2,6,1994,No,1st Grade
Paul Dickson,Jamie Chircop,2,2,1994,No,1st Grade
Gregory Smith,Kim Anderson,2,6,1995,No,1st Grade
James Bourne,A Needle,2,10,1997,Yes,Metropolitan One Day
Russell Gerreyn,Paul McNamara,2,1,1997,No,5th Grade
Christopher Jebb,Ward Bond,2,6,1997,No,3rd Grade
Jason Alexander,John Kelly,2,4,1997,No,Metropolitan One Day
David Jones,Tony Carrier,2,7,1997,No,3rd Grade
Bruce Stark,Wade Carruthers,2,6,1997,No,5th Grade
Darren Young,M Colbert,2,8,1997,No,1st Grade
Keith DeSilva,Chris Henderson,2,2,1997,No,7th Grade
Glenn McKinnon,Shane Manners,2,9,1997,No,Metropolitan One Day
John Lewis,Bruce West,2,1,1997,No,5th Grade
John Cottier,Wade Carruthers,2,2,1997,No,3rd Grade
Lee Hall,Mick OReilly,2,10,1997,No,Metropolitan One Day
Trevor Craib,Jason Luckman,2,7,1997,No,Metropolitan One Day
Courtney Swift,Andrew Sorenson,2,9,1997,No,5th Grade
Tony Carrier,Courtney Swift,2,8,1997,No,5th Grade
Mark Dickson,Chris Whyte,2,8,1997,No,3rd Grade
Terry Holbrook,Alex Hall,2,5,1997,No,Metropolitan One Day
Mark Dickson,Mark Pearson,2,9,1997,No,3rd Grade
David Singh,Gino Giamboi,2,5,1997,No,5th Grade
Gary Freind,Ken Hart,2,2,1997,No,5th Grade
Paul Dickson,Tim Reid,2,4,1997,No,3rd Grade
John Cottier,David Singh,2,4,1997,No,5th Grade
Gary Freind,Kevin Rowland,2,1,1997,No,5th Grade
David Moralee,Paul Richardson,2,4,1997,No,Metropolitan One Day
Mark Stevens,Lee Blake,2,2,1997,No,Metropolitan One Day
Kevin Rowland,John Cottier,2,3,1997,No,5th Grade
Trevor Craib,Jason Luckman,2,7,1997,No,Metropolitan One Day
Mark Stevens,Murray Quarrell,2,1,1997,No,Metropolitan One Day
Bruce Stark,David Jones,2,8,1997,No,3rd Grade
John Cottier,David Brooks,2,5,1997,No,5th Grade
Kevin Rowland,David Brooks,2,2,1997,No,5th Grade
Sean McKenner,Warren Pearson,2,9,1998,Yes,3rd Grade
John Cottier,Bruce Stark,2,2,1998,No,3rd Grade
Mark Butler,Darren Green,2,10,1998,No,3rd Grade
Warren Pearson,Tim Reid,2,9,1998,No,3rd Grade
Warren Pearson,Darren Green,2,9,1998,No,3rd Grade
Gino Giamboi,Mark Delane,2,8,1998,No,5th Grade
Gino Giamboi,Robert McKrill,2,8,1998,No,5th Grade
Peter Bibby,John Cottier,2,3,1998,No,3rd Grade
David Jones,Warren Pearson,2,9,1998,No,3rd Grade
Kevin Rowland,Darren Holt,2,1,1998,No,1st Grade
Paul Butler,Keith DeSilva,2,3,1998,No,5th Grade
Paul Butler,Barry Richardson,2,4,1998,No,5th Grade
Gino Giamboi,Alex Hall,2,5,1998,No,5th Grade
Tim Reid,Peter Bibby,2,4,1998,No,3rd Grade
Paul Butler,Alex Hall,2,3,1998,No,5th Grade
Alex Hall,Courtney Swift,2,9,1998,No,5th Grade
Adam Bassett,Evan Standley,2,5,1998,No,1st Grade
Joel Duschka,Courtney Swift,2,9,1998,No,5th Grade
Barry Richardson,John Lewis,2,7,1998,No,5th Grade
Christopher Jebb,Darren Green,2,10,1998,No,3rd Grade
Courtney Swift,Malcolm Feasey,2,10,1998,No,5th Grade
Brett Harris,Darren Holt,2,1,1999,No,1st Grade
Darren Holt,Bruce Stark,2,2,1999,No,1st Grade
Malcolm Feasey,Courtney Swift,2,10,1999,No,5th Grade
Kyle Adams,Ross Baker,2,4,1999,No,1st Grade
Nathan Whitney,Gregory Martin,2,6,1999,No,1st Grade
Lee Blake,Daryl Pegrum,2,8,1999,No,5th Grade
Darren Holt,Ross Baker,2,6,1999,No,1st Grade
Marcus Nolan,Evan Standley,2,7,1999,No,1st Grade
Glenn Sadler,Malcolm Feasey,2,7,1999,No,5th Grade
Dennis Freind,Jason Alexander,2,1,1999,No,1st Grade
Dennis Freind,Mark Dickson,2,6,1999,No,1st Grade
Keith Manea,Christopher Barnes,2,7,1999,No,1st Grade
Jeremy Davis,Len Peterson,2,8,1999,No,5th Grade
Len Peterson,Malcolm Feasey,2,9,1999,No,5th Grade
Kim Anderson,Len Peterson,2,9,1999,No,5th Grade
Gary Burton,Russell Gerreyn,2,3,1999,No,5th Grade
Gary Burton,Nahan Phelpes,2,3,1999,No,5th Grade
Gary Burton,Ian Blake,2,4,1999,No,5th Grade
Anthony Burke,Jay Holland,2,10,2000,Yes,1st Grade
Gary Burton,Anthony Sinclair,2,9,2000,No,5th Grade
Darren Young,Jason Boekleman,2,9,2000,No,1st Grade
Christopher Barnes,Anthony Burke,2,10,2000,No,1st Grade
Gregory Martin,Christopher Barnes,2,7,2000,No,1st Grade
Stephen Clarke,Gregory Martin,2,4,2000,No,1st Grade
Ryan Kershaw,Gregory Martin,2,3,2000,No,1st Grade
Darren Young,Anthony Burke,2,8,2000,No,1st Grade
Darren Young,Ryan Davis,2,1,2000,No,1st Grade
Darren Young,Gregory Martin,2,2,2000,No,1st Grade
Darren Holt,Darren Young,2,8,2001,Yes,1st Grade
Kevin Rowland,Geoff Colgan,2,1,2001,No,1st Grade
Ross Baker,Robbie Taylor,2,7,2001,No,1st Grade
David Lenane,Chris Whyte,2,7,2001,No,1st Grade
Stephen Clarke,Bryce Alexander,2,2,2001,No,1st Grade
Robbie Taylor,Mark Butler,2,10,2002,Yes,1st Grade
Kyle Adams,Darren Holt,2,4,2002,No,1st Grade
Stephen Clarke,Kyle Adams,2,2,2002,No,1st Grade
Darren Holt,David Lenane,2,4,2002,No,1st Grade
Nathan Whitney,David Lenane,2,4,2002,No,1st Grade
Nathan Whitney,David Lenane,2,5,2002,No,1st Grade
Geoff Colgan,Chris Whyte,2,7,2002,No,1st Grade
Darren Young,Gregory Martin,2,8,2003,Yes,1st Grade
Kyle Adams,Bruce Stark,2,4,2003,No,1st Grade
Kyle Adams,Gregory Martin,2,8,2003,No,1st Grade
David Lenane,Ron Gillespie,2,5,2003,No,1st Grade
Kyle Adams,Ron Gillespie,2,3,2003,No,1st Grade
Darren Holt,David Lenane,2,4,2003,No,1st Grade
Kyle Adams,Glenn Andersson,2,6,2004,No,1st Grade
Luke Capper,David Lenane,2,6,2004,No,1st Grade
Darren Young,Darren Holt,2,3,2004,No,1st Grade
Darren Holt,Malcolm Williams,2,4,2004,No,1st Grade
Darren Holt,Gregory Martin,2,3,2004,No,1st Grade
Darren Holt,Anthony Burke,2,4,2004,No,1st Grade
Anthony Burke,Bruce Stark,2,5,2004,No,1st Grade
Satish Krishnan,Ajigh RajaGopal,2,9,2005,Yes,8th Grade
Mark Stevens,Kim Anderson,2,3,2005,No,8th Grade
Mark Stevens,John Lewis,2,4,2005,No,8th Grade
Ajigh RajaGopal,Courtney Swift,2,7,2005,No,8th Grade
Jeff West,Curtis Stark,2,5,2005,No,4th Grade
Mark Stevens,Kim Anderson,2,3,2005,No,8th Grade
Kim Anderson,Cameron Gerreyn,2,4,2005,No,8th Grade
Mark Dickson,Gino Giamboi,2,9,2005,No,4th Grade
Charles Marlam,Darren Young,2,5,2005,No,1st Grade
Sarfaraz Samnakay,Charles Marlam,2,3,2005,No,1st Grade
Scott Barnard,Neil Steadman,2,10,2005,No,4th Grade
Ryan Barndon,Andre Gabriel,2,2,2005,No,4th Grade
Raebern DSylva,Darren Hutchins,2,3,2005,No,8th Grade
Dave Dewhurst,Graeme Dennis,2,10,2005,No,Metropolitan One Day
Scott Powell,David Van Wees,2,4,2005,No,Metropolitan One Day
Neil Steadman,Satish Krishnan,2,8,2005,No,8th Grade
Jeff West,Darren Hutchins,2,1,2005,No,8th Grade
Andrew Symons,Vikram Kalaimani,2,3,2005,No,8th Grade
Robbie Edwards,Jay Hindmarsh,2,9,2005,No,4th Grade
Brett Harrison,Michael Gartell,2,1,2005,No,Metropolitan One Day
David Van Wees,Michael Gartell,2,1,2005,No,Metropolitan One Day
Tariq Haroon,Gregory Martin,2,6,2005,No,1st Grade
Jason Carlyon,Russell Gerreyn,2,2,2005,No,8th Grade
Russell Gerreyn,David Van Wees,2,5,2005,No,8th Grade
Brad Kimber,Robert McKrill,2,8,2005,No,Metropolitan One Day
David Van Wees,Dave Dewhurst,2,6,2005,No,Metropolitan One Day
Lee Travis,Ajigh RajaGopal,2,10,2005,No,Metropolitan One Day
Matthew Sorensen,Felix Machado,2,9,2005,No,8th Grade
Scott Barnard,Dennis Freind,2,4,2005,No,4th Grade
John Lewis,Russell Gerreyn,2,4,2005,No,8th Grade
Mark Dickson,Curtis Stark,2,9,2005,No,1st Grade
Mark Dickson,Russell Normoyle,2,10,2005,No,1st Grade
Bruce Stark,Sharjeel Ashraf,2,1,2005,No,1st Grade
Matthew Sorensen,Courtney Swift,2,7,2005,No,8th Grade
Brett Harrison,Chris Robson,2,3,2005,No,Metropolitan One Day
Dave Dewhurst,Brad Kimber,2,8,2005,No,Metropolitan One Day
Chris Robson,Dave Dewhurst,2,6,2005,No,Metropolitan One Day
Darren Green,Graeme Dennis,2,10,2006,No,2nd Grade
Darren Green,Graeme Dennis,2,10,2006,No,2nd Grade
Jarrod Ebert,Ashley Edwards,2,8,2006,No,5th Grade
Ryan Barndon,Jarrod Ebert,2,6,2006,No,5th Grade
Ben Santoro,Cassis Van Wees,2,9,2006,No,8th Grade
Mark Stevens,Len Peterson,2,3,2006,No,8th Grade
Len Peterson,Neil Steadman,2,4,2006,No,8th Grade
Len Peterson,Jarrod Worth,2,8,2006,No,8th Grade
Mark Stevens,Jarrod Worth,2,6,2006,No,8th Grade
Christopher Jebb,Ajigh RajaGopal,2,7,2006,No,5th Grade
Jeff Stephenson,Neil Steadman,2,8,2006,No,8th Grade
Dave Dewhurst,Scott Powell,2,6,2006,No,2nd Grade
Courtney Swift,Damian Bourke,2,5,2006,No,8th Grade
Ajigh RajaGopal,Danny Wildman,2,9,2006,No,5th Grade
Danny Wildman,Ajigh RajaGopal,2,8,2006,No,5th Grade
Sam Finnigan,James Vellios,2,10,2006,No,8th Grade
Brett Harrison,Michael Gartell,2,4,2006,No,5th Grade
David Van Wees,Robbie Edwards,2,7,2006,No,5th Grade
Cameron Gerreyn,Michael Gartell,2,2,2006,No,5th Grade
Darren Hutchins,Ashley Edwards,2,9,2006,No,5th Grade
Cameron Gerreyn,Michael Gartell,2,2,2006,No,5th Grade
Michael Gartell,John Lewis,2,3,2006,No,5th Grade
Kevin Rowland,Adam Spencer,2,4,2006,No,5th Grade
Aaron Robson,Paul Dickson,2,6,2006,No,2nd Grade
Leon Burrows,Jeremy Davis,2,5,2006,No,2nd Grade
Darren Hutchins,Robbie Edwards,2,9,2006,No,5th Grade
David Van Wees,Chris Robson,2,3,2007,No,6th Grade
Robbie Edwards,Ashley Edwards,2,10,2007,No,3rd Grade
Scott Barnard,Paul Dickson,2,5,2007,No,3rd Grade
Alex Hall,Simon Wilson,2,3,2007,No,9th Grade
John Marion,Chris Mok,2,10,2007,No,Metropolitan One Day
John Taylor,Ryan Barndon,2,6,2007,No,3rd Grade
Russell Normoyle,John Lewis,2,6,2007,No,9th Grade
Paul Dickson,Charles Marlam,2,2,2007,No,9th Grade
Timothy Gailbraith,Taylor Heath,2,9,2007,No,Metropolitan One Day
Charles Marlam,Russell Normoyle,2,5,2007,No,6th Grade
Brett Harrison,Paul Dickson,2,2,2007,No,6th Grade
Darren Hutchins,Steve Moore,2,7,2007,No,6th Grade
Scott Powell,Anthony Libia,2,6,2007,No,3rd Grade
Dennis Freind,Dave Dewhurst,2,10,2007,No,3rd Grade
Courtney Swift,Matthew Sorensen,2,10,2007,No,9th Grade
Ben Loader,Timothy Bailey,2,5,2007,No,Metropolitan One Day
John Taylor,Ryan Barndon,2,4,2007,No,3rd Grade
Chris Mok,Michael Unwin,2,9,2007,No,Metropolitan One Day
Craig Fernie,Matt Bailey,2,8,2007,No,Metropolitan One Day
Ben Stephenson,Ashley Edwards,2,7,2007,No,9th Grade
Scott Barnard,Darren Hutchins,2,6,2007,No,6th Grade
Tony Bassett,Dennis Freind,2,9,2007,No,3rd Grade
Timothy Gailbraith,Ben Loader,2,3,2007,No,Metropolitan One Day
Neil Steadman,Matthew Sorensen,2,8,2007,No,9th Grade
Steven Freind,Clinton Reid,2,1,2007,No,Metropolitan One Day
Chris Mok,Nathan Freind,2,7,2007,No,Metropolitan One Day
Bryce Alexander,Scott Powell,2,5,2007,No,3rd Grade
Kevin Rowland,Paul Dickson,2,1,2007,No,6th Grade
Ben Loader,Brett Harrison,2,4,2008,No,5th Grade
Leon Burrows,Curtis Stark,2,3,2008,No,2nd Grade
Timothy Gailbraith,Dennis Freind,2,8,2008,No,2nd Grade
Anthony Libia,Michael Peter,2,6,2008,No,8th Grade
Paul Dickson,Ben Loader,2,1,2008,No,5th Grade
Ben Loader,Charles Marlam,2,2,2008,No,5th Grade
I Cruttenden,D Batanares,2,2,2008,No,Metropolitan One Day
Ben Stephenson,Satish Krishnan,2,9,2008,No,5th Grade
ND Jones,Zack Van Wees,2,8,2008,No,Metropolitan One Day
Jeff Stephenson,Steven Freind,2,4,2008,No,8th Grade
Ben Stephenson,Kevin Rowland,2,2,2008,No,8th Grade
A Spencer,Nathan Freind,2,7,2008,No,8th Grade
Russell Gerreyn,M Webster,2,4,2008,No,Metropolitan One Day
Jeff Stephenson,JD Paternostro,2,1,2008,No,8th Grade
Ryan Shelton,Scott Barnard,2,1,2008,No,2nd Grade
Paul Peos,Alex Vlahos,2,3,2008,No,Metropolitan One Day
Steve Moore,Dave Dewhurst,2,10,2008,No,2nd Grade
B White,John Lewis,2,8,2008,No,Metropolitan One Day
Steven Freind,Adam Wreford,2,1,2008,No,5th Grade
Keith Zissis,Paul Peos,2,1,2008,No,Metropolitan One Day
P Notaras,B Wapshott,2,10,2008,No,Metropolitan One Day
Scott Barnard,Ryan Shelton,2,1,2008,No,2nd Grade
Jeff Stephenson,Ryan James,2,6,2009,No,7th Grade
Leon Burrows,Bryce Alexander,2,5,2009,No,2nd Grade
Brett Harrison,Bryce Alexander,2,5,2009,No,2nd Grade
Adam Spencer,Leon Okely,2,6,2009,No,7th Grade
Jack Vlahos,Kenneth Kelly,2,6,2009,No,Metropolitan One Day
Kenneth Kelly,Daniel Allsop,2,7,2009,No,Metropolitan One Day
Bryce Alexander,Charles Marlam,2,4,2009,No,7th Grade
Leon Okely,Gino Giamboi,2,7,2009,No,7th Grade
Leon Burrows,Brett Harrison,2,5,2009,No,2nd Grade
Ben Stephenson,Shane Shaw,2,2,2009,No,2nd Grade
Damien Senge,S Kaul,2,5,2009,No,Metropolitan One Day
Jack Vlahos,Lee Maas,2,10,2009,No,Metropolitan One Day
Dov Morris,David Van Wees,2,2,2009,No,5th Grade
R Gipson,John Taylor,2,3,2009,No,2nd Grade
Paul Peos,Matthew Hilleard,2,2,2009,No,Metropolitan One Day
Kenneth Kelly,Lee Maas,2,9,2009,No,Metropolitan One Day
Dov Morris,Shane Shaw,2,2,2009,No,7th Grade
Curtis Stark,Dov Morris,2,1,2009,No,7th Grade
Ryan Shelton,John Taylor,2,2,2009,No,2nd Grade
Ryan Shelton,Ross Baker,2,2,2009,No,2nd Grade
Bryce Alexander,Timothy Gailbraith,2,8,2009,No,7th Grade
Adam Wreford,Tony Bassett,2,8,2009,No,2nd Grade
Scott Barnard,Andrew Webley,2,9,2009,No,5th Grade
Leon Burrows,Scott Barnard,2,5,2010,Yes,2nd Grade
Keith Zissis,T Dias,2,2,2010,No,7th Grade
Scott Powell,Curtis Stark,2,2,2010,No,5th Grade
Dennis Freind,Paul Dickson,2,2,2010,No,7th Grade
Andrew Webley,Leon Okely,2,9,2010,No,5th Grade
Scott Powell,Matthew Hilleard,2,1,2010,No,5th Grade
Timothy Gailbraith,L English,2,6,2010,No,7th Grade
Steven Freind,Jeff Stephenson,2,2,2010,No,7th Grade
Keith Zissis,Darcy Boyle,2,1,2010,No,Metropolitan One Day
Dennis Freind,L English,2,4,2010,No,7th Grade
JA Timos,Steve Moore,2,10,2010,No,Metropolitan One Day
Paul Peos,T Bambury,2,4,2010,No,Metropolitan One Day
Dov Morris,Ryan Barndon,2,1,2010,No,2nd Grade
Matthew Hilleard,Timothy Gailbraith,2,4,2010,No,7th Grade
Adam Wreford,Ash Eyre,2,7,2010,No,5th Grade
Ryan Barndon,Damien Senge,2,2,2010,No,2nd Grade
Matt Behn,Michael Mani,2,9,2010,No,2nd Grade
Leon Burrows,Ross Baker,2,3,2010,No,2nd Grade
Leon Burrows,Tony Bassett,2,6,2010,No,2nd Grade
Curtis Stark,Adam Wreford,2,3,2010,No,5th Grade
Paul Peos,J MacRae,2,2,2010,No,Metropolitan One Day
Scott Powell,Curtis Stark,2,1,2010,No,5th Grade
Mark Dickson,Gino Giamboi,2,6,2011,Yes,Metropolitan One Day
Dov Morris,Leon Burrows,2,1,2011,No,2nd Grade
Aaron Robson,Andrew Webley,2,7,2011,No,4th Grade
Dov Morris,Ryan Barndon,2,2,2011,No,2nd Grade
Charles Marlam,David Van Wees,2,1,2011,No,6th Grade
Charles Marlam,Mitch Sidon,2,3,2011,No,6th Grade
Clinton Reid,Mark Dickson,2,3,2011,No,Metropolitan One Day
Ben Price,Paul Massara,2,3,2011,No,4th Grade
Shane Shaw,Paul Massara,2,4,2011,No,4th Grade
Dennis Freind,Curtis Stark,2,2,2011,No,4th Grade
James Day,Ryan James,2,4,2011,No,6th Grade
Curtis Stark,Brett Harrison,2,4,2011,No,4th Grade
Paul Dickson,Sam Finnigan,2,2,2011,No,Metropolitan One Day
Curtis Stark,Dennis Freind,2,1,2011,No,4th Grade
Dennis Freind,Leon Okely,2,2,2011,No,4th Grade
Brett Harrison,Russell Normoyle,2,8,2011,No,4th Grade
Lee Maas,Jack Vlahos,2,8,2011,No,Metropolitan One Day
Lee Maas,Kenneth Kelly,2,9,2011,No,Metropolitan One Day
Jack Vlahos,Lee Maas,2,8,2011,No,Metropolitan One Day
Conor Breheny,Chris Mok,2,4,2011,No,6th Grade
Chris Mok,Timothy Gailbraith,2,9,2011,No,6th Grade
David Van Wees,Ryan James,2,5,2011,No,6th Grade
Shane Shaw,Paul Massara,2,5,2011,No,4th Grade
Scott Powell,Ben Price,2,2,2011,No,4th Grade
Ash Eyre,Gino Giamboi,2,6,2011,No,Metropolitan One Day
Michael Peter,Aaron Robson,2,10,2011,No,4th Grade
Ross Baker,Bryce Alexander,2,5,2011,No,2nd Grade
JD Krasenstein,Daniel Allsop,2,7,2012,No,6th Grade
Scott Barnard,Daniel Atkinson,2,3,2012,No,2nd Grade
Dov Morris,Ryan Barndon,2,1,2012,No,2nd Grade
JA Winter,Aaron Robson,2,7,2012,No,3rd Grade
Charles Marlam,Chris Homer,2,5,2012,No,Metropolitan One Day
Paul Dickson,Aaron Robson,2,7,2012,No,3rd Grade
David Van Wees,Dave Dewhurst,2,9,2012,No,3rd Grade
Dave Dewhurst,Dennis Freind,2,10,2012,No,3rd Grade
Lee Maas,N Gordon,2,4,2012,No,6th Grade
Lee Maas,Robbie Edwards,2,7,2012,No,6th Grade
Aaron Robson,DV Kalphas,2,2,2012,No,3rd Grade
Clinton Reid,Scott Barnard,2,2,2012,No,2nd Grade
Ryan Barndon,Russell Normoyle,2,1,2012,No,2nd Grade
Lee Maas,Chris Mok,2,7,2012,No,6th Grade
Chris Mok,Gino Giamboi,2,8,2012,No,6th Grade
Gino Giamboi,Daniel Allsop,2,9,2012,No,6th Grade
Dov Morris,Keith Zissis,2,1,2012,No,2nd Grade
Charles Marlam,Bryce Alexander,2,2,2012,No,3rd Grade
Bryce Alexander,Nathan Marrocco,2,3,2012,No,3rd Grade
Chris Homer,Darren Johnson,2,2,2012,No,Metropolitan One Day
Alex Dowson,Russell Normoyle,2,6,2012,No,2nd Grade
Robbie Edwards,Michael Peter,2,10,2012,No,3rd Grade
Jake Finney,Paul Dickson,2,6,2012,No,6th Grade
Jake Finney,Simon Borrett,2,7,2012,No,6th Grade
Daniel Atkinson,Alex Dowson,2,4,2012,No,2nd Grade
Jeff Stephenson,Robbie Edwards,2,9,2012,No,3rd Grade
Ash Eyre,J Basher,2,5,2012,No,Metropolitan One Day
Mandeep Singh,Mandeep Sidhu,2,10,2013,Yes,Mercantile One Day
Randeep Brar,Harbhinder Sandhu,2,7,2013,Yes,Mercantile One Day
Gurpreet Sidhu,Jagdeep Brar,2,9,2013,Yes,Mercantile One Day
James Day,Paul Dickson,2,3,2013,No,5th Grade
Jack Vlahos,Lee Maas,2,9,2013,No,Metropolitan One Day
Lee Maas,Russell Gerreyn,2,10,2013,No,Metropolitan One Day
Josh Taylor,David Van Wees,2,8,2013,No,5th Grade
Dov Morris,Ryan Barndon,2,1,2013,No,2nd Grade
Matt Wilson,Timothy Gailbraith,2,9,2013,No,2nd Grade
Damien Senge,Cory DeJager,2,3,2013,No,3rd Grade
Clinton Reid,Dennis Freind,2,6,2013,No,2nd Grade
Mick Andrews,Lee Maas,2,9,2013,No,5th Grade
Sam Finnigan,Scott Powell,2,2,2013,No,3rd Grade
David Van Wees,Mayank Madan,2,3,2013,No,5th Grade
David Van Wees,JD Krasenstein,2,4,2013,No,5th Grade
Scott Barnard,Ross Baker,2,4,2013,No,2nd Grade
Happee Boparai,Gurpreet Sidhu,2,1,2013,No,Mercantile One Day
Ryan Barndon,Adam Wreford,2,8,2013,No,2nd Grade
Keith Zissis,Ash Eyre,2,4,2013,No,Metropolitan One Day
Aaron Robson,Michael Peter,2,9,2013,No,3rd Grade
C Hensley,Ben Gatter,2,8,2013,No,5th Grade
Russell Normoyle,Tony Bassett,2,9,2013,No,2nd Grade
Mandeep Sidhu,Jagdeep Brar,2,3,2013,No,Mercantile One Day
David Van Wees,Aaron Robson,2,6,2013,No,3rd Grade
Dov Morris,Scott Barnard,2,3,2013,No,2nd Grade
Cory DeJager,Brett Harrison,2,2,2013,No,3rd Grade
Michael Peter,Daniel Atkinson,2,6,2013,No,3rd Grade
Tony Bassett,Timothy Gailbraith,2,10,2013,No,2nd Grade
Jake Finney,Dov Morris,2,2,2013,No,2nd Grade
Josh Taylor,Kirk Howes,2,9,2013,No,2nd Grade
Devender Kumar,Sam Finnigan,2,8,2014,Yes,3rd Grade
Keith Zissis,Josh Copping,2,5,2014,No,3rd Grade
Conor Breheny,AB Goodchild,2,6,2014,No,5th Grade
Chris Mok,Ben Gatter,2,9,2014,No,5th Grade
Keith Zissis,David Van Wees,2,5,2014,No,8th Grade
Brendan Miller,Chris Homer,2,5,2014,No,3rd Grade
Dov Morris,Damien Senge,2,7,2014,No,2nd Grade
Clinton Reid,Kevin Rowland,2,1,2014,No,2nd Grade
Josh Copping,Brett Harrison,2,6,2014,No,3rd Grade
M Norton,James Ditchburn,2,4,2014,No,3rd Grade
Garath Van Der Elst,D Diletti,2,4,2014,No,5th Grade
Leon Burrows,Kirk Howes,2,10,2014,No,2nd Grade
C Puff,Lee Maas,2,10,2014,No,5th Grade
Gurpreet Sidhu,Mandeep Singh,2,6,2014,No,Metropolitan One Day
Garath Van Der Elst,Lee Maas,2,9,2014,No,5th Grade
Scott Powell,Curtis Stark,2,2,2014,No,3rd Grade
Conor Breheny,Michael Peter,2,7,2014,No,5th Grade
Randeep Brar,Mandeep Singh,2,5,2014,No,Metropolitan One Day
K Symons,Michael Mani,2,2,2014,No,8th Grade
K Symons,Anthony Sinclair,2,3,2014,No,8th Grade
Ross Baker,Ian Wilson,2,4,2014,No,2nd Grade
Michael Peter,Chris Homer,2,4,2014,No,5th Grade
Scott Powell,Devender Kumar,2,4,2014,No,3rd Grade
Josh Copping,Aaron Robson,2,8,2014,No,3rd Grade
Matt Wilson,Adam Wreford,2,9,2014,No,2nd Grade
Mandeep Sidhu,Harbhinder Sandhu,2,7,2014,No,Metropolitan One Day
Clinton Reid,Brett Harrison,2,6,2014,No,3rd Grade
Brett Harrison,Timothy Gailbraith,2,7,2014,No,3rd Grade
Aaron Robson,Josh Copping,2,4,2014,No,3rd Grade
Bryce Alexander,Anthony Sinclair,2,5,2014,No,8th Grade
Clinton Reid,James Ditchburn,2,1,2014,No,3rd Grade
Randeep Brar,S Gill,2,6,2014,No,Metropolitan One Day
Gino Giamboi,Tom Condello,2,10,2014,No,8th Grade
Gino Giamboi,Robbie Edwards,2,10,2015,Yes,7th Grade
Lee Maas,R singh,2,8,2015,No,9th Grade
K Natraj,Ben Gatter,2,6,2015,No,6th Grade
Goppi Singh,P Singh,2,3,2015,No,9th Grade
Grant Carslake,P Singh,2,4,2015,No,9th Grade
Jun Singh,B Le Cras,2,7,2015,No,9th Grade
Dennis Freind,Kevin Rowland,2,2,2015,No,6th Grade
Goppi Singh,Timothy Gailbraith,2,5,2015,No,9th Grade
R Singhal,James Ditchburn,2,8,2015,No,4th Grade
MG Armstrong,Ben Gatter,2,9,2015,No,6th Grade
David Van Wees,AB Goodchild,2,5,2015,No,7th Grade
Brett Harrison,C Puff,2,8,2015,No,4th Grade
Chris Homer,Josh Copping,2,5,2015,No,4th Grade
Garath Van Der Elst,Chris Mok,2,2,2015,No,6th Grade
Jun Singh,K Natraj,2,5,2015,No,9th Grade
Curtis Stark,Brendan Miller,2,1,2015,No,4th Grade
Kai Homer,Robbie Edwards,2,9,2015,No,4th Grade
Dennis Freind,Gino Giamboi,2,9,2015,No,7th Grade
Michael Mani,Timothy Gailbraith,2,9,2015,No,2nd Grade
Ryan Barndon,Adam Lankester,2,1,2015,No,2nd Grade
R Singhal,Gurpreet Sidhu,2,3,2015,No,6th Grade
Tom Condello,Robbie Edwards,2,10,2015,No,7th Grade
Keith Zissis,Aaron Robson,2,6,2015,No,7th Grade
B Le Cras,K Natraj,2,8,2015,No,9th Grade
R Edmonds,Tyrone Allen,2,8,2016,No,3rd Grade
K Natraj,Y Rai,2,6,2016,No,9th Grade
Chris Mok,A Kovac,2,7,2016,No,5th Grade
Happee Boparai,R Singhal,2,6,2016,No,Metropolitan One Day
Chris Mok,Tyrone Allen,2,8,2016,No,3rd Grade
Jun Singh,Tony Bassett,2,4,2016,No,5th Grade
J Rudrapuriaa,S Wagh,2,4,2016,No,Metropolitan One Day
R Singhal,S Young,2,5,2016,No,Metropolitan One Day
Mandeep Singh,Michael Peter,2,4,2016,No,5th Grade
Courtney Swift,Y Rai,2,7,2016,No,Metropolitan One Day
Brett Harrison,Tyrone Allen,2,5,2016,No,3rd Grade
Mark Sinclair,Aaron Robson,2,4,2016,No,6th Grade
Mark Sinclair,Darren Stride,2,5,2016,No,6th Grade
Cameron Lee,D Truslove,2,9,2016,No,9th Grade
D Bowman,A Kovac,2,2,2016,No,9th Grade
A Kovac,I Morawiec,2,3,2016,No,9th Grade
Kirk Howes,Ashley Edwards,2,10,2016,No,1st Grade
Mark Sinclair,AB Goodchild,2,5,2016,No,6th Grade
R Singhal,Karamdeep Brar,2,3,2016,No,5th Grade
Darren Johnson,Brendan Millar,2,3,2016,No,1st Grade
Ross Baker,Leon Burrows,2,6,2016,No,1st Grade
Ross Baker,M Munish,2,8,2016,No,1st Grade
Ash Eyre,Mark Sinclair,2,2,2016,No,6th Grade
Scott Barnard,Sam Finnigan,2,6,2016,No,3rd Grade
Ryan Barndon,Paul Ridley,2,3,2016,No,1st Grade
R Singhal,Y Rai,2,10,2016,No,5th Grade
Paul Ridley,M Munish,2,7,2016,No,1st Grade
Phillip Ross,Grant Carslake,2,5,2016,No,9th Grade
Courtney Swift,R Sandhu,2,8,2016,No,9th Grade
C Puff,Clinton Reid,2,1,2016,No,3rd Grade
D Truslove,D Tingey,2,10,2016,No,9th Grade
Robbie Edwards,L Ashforth,2,10,2016,No,6th Grade
David Van Wees,Robbie Edwards,2,8,2016,No,6th Grade
AB Kalimeris,David Van Wees,2,6,2016,No,6th Grade
M Munish,Ross Baker,2,4,2016,No,1st Grade
Brad Walker,Brendan Millar,2,5,2016,No,3rd Grade
Chris Homer,R Singhal,2,5,2016,No,5th Grade
Josh Demarte,Paul Ridley,2,5,2016,No,1st Grade
C Puff,Gino Giamboi,2,7,2016,No,6th Grade
Scott Powell,Bryce Alexander,2,4,2016,No,6th Grade
Cameron Lee,AB Kalimeris,2,9,2016,No,9th Grade
S Young,Karamdeep Brar,2,9,2017,No,5th Grade
S Gill,Robbie Edwards,2,10,2017,No,5th Grade
Tim Galbraith,Chris Homer,2,3,2017,No,3rd Grade
Adam Lankester,Darren Johnson,2,2,2017,No,1st Grade
Tom Condello,Adam Borrett,2,5,2017,No,3rd Grade
Adam Borrett,Darren Stride,2,4,2017,No,3rd Grade
Mandeep Singh,R Singhal,2,6,2017,No,5th Grade
R Singhal,Mandeep Singh,2,7,2017,No,5th Grade
Scott Barnard,Darren Johnson,2,3,2017,No,1st Grade
Clinton Reid,Brett Harrison,2,2,2017,No,3rd Grade
Brad Walker,Sam Finnigan,2,4,2017,No,3rd Grade
Garath Van Der Elst,M Power,2,5,2017,No,7th Grade
Ryan Barndon,Phillip Ross,2,8,2017,No,1st Grade
Phillip Ross,Chris Mok,2,9,2017,No,1st Grade
Jun Singh,Cameron Lee,2,4,2017,No,3rd Grade
Darren Johnson,Dov Morris,2,2,2017,No,1st Grade
A Malik,Ross Baker,2,6,2017,No,1st Grade
Happee Boparai,AB Kalimeris,2,6,2017,No,5th Grade
R Singhal,Bikram Singh,2,3,2017,No,5th Grade
Cameron Lee,Phillip Ross,2,5,2017,No,3rd Grade
Curtis Stark,Cameron Lee,2,2,2017,No,3rd Grade
G Fawell,Richard James,2,7,2017,No,7th Grade
Ross Baker,Tom Condello,2,7,2017,No,3rd Grade
Ross Baker,Bruce Stark,2,5,2017,No,3rd Grade
Ryan Barndon,A Malik,2,6,2017,No,1st Grade
Brett Harrison,Karamdeep Brar,2,2,2017,No,5th Grade
Mark Sinclair,Michael Peter,2,5,2017,No,7th Grade
Brett Harrison,Bikram Singh,2,2,2017,No,5th Grade
Tim Galbraith,D Bowman,2,6,2017,No,3rd Grade
Michael Peter,Craig Bennett,2,7,2017,No,7th Grade
Jun Singh,Robbie Edwards,2,10,2018,No,2nd Grade
Jun Singh,Jun Singh,2,3,2018,No,Mercantile One Day
Raghu Sharma,Goppi Singh,2,6,2018,No,Mercantile One Day
Sam Finnigan,Adam Wreford,2,8,2018,No,2nd Grade
Adam Lankester,Jun Singh,2,5,2018,No,2nd Grade
Darren Stride,Ziiyad Salle,2,10,2018,No,Mercantile One Day
R Singhal,Jun Singh,2,3,2018,No,4th Grade
Dov Morris,Brad Walker,2,4,2018,No,2nd Grade
Dov Morris,Chris Mok,2,3,2018,No,2nd Grade
Daniel Atkinson,Alan Edwards,2,10,2018,No,2nd Grade
Cameron Lee,Jun Singh,2,3,2018,No,4th Grade
K Symons,Karamdeep Brar,2,10,2018,No,4th Grade
Jun Singh,Darren Stride,2,9,2018,No,4th Grade
K Symons,Jun Singh,2,8,2018,No,4th Grade
Paul McNamara,Brett Harrison,2,7,2018,No,Mercantile One Day
Paul Maindok,Keith Zissis,2,3,2018,No,Mercantile One Day
Dennis Freind,Bikram Singh,2,4,2018,No,4th Grade
David Van Wees,Darren Stride,2,8,2018,No,Mercantile One Day
Darren Young,Mandeep Singh,2,8,2019,Yes,B Division One Day Grade
Robbie Taylor,Duane Crombie,2,5,2019,No,B Division One Day Grade
Chris Mok,Alex Cox,2,10,2019,No,B Division One Day Grade
Daniel Sims,Hayden Candy,2,3,2019,No,E Division One Day Grade
J Trichilo,Bruce Stark,2,5,2019,No,E Division One Day Grade
Happee Boparai,Sandeep Brar,2,1,2019,No,5th Grade
J Trichilo,Gurdeep Singh,2,3,2019,No,E Division One Day Grade
Raghu Sharma,Ross Baker,2,6,2019,No,3rd Grade
Sandeep Brar,Ls Buttar,2,1,2019,No,5th Grade
Brett Harrison,Cameron Lee,2,5,2019,No,5th Grade
Daniel Sims,Keith Zissis,2,4,2019,No,C Division One Day Grade
Darren Stride,Karamdeep Brar,2,7,2019,No,C Division One Day Grade
Darren Stride,Tom Condello,2,8,2019,No,C Division One Day Grade
Randeep Brar,Ash Yadav,2,3,2019,No,5th Grade
Raghu Sharma,Darren Johnson,2,2,2019,No,3rd Grade
Raghu Sharma,Sandeep Brar,2,3,2019,No,3rd Grade
Phillip Ross,S Pawday,2,9,2019,No,3rd Grade
Curtis Stark,Darren Johnson,2,2,2019,No,3rd Grade
J Kendall,TW DeRozario,2,8,2019,No,C Division One Day Grade
Paul McNamara,Darren Stride,2,6,2019,No,C Division One Day Grade
John Taylor,W Abbas,2,6,2019,No,B Division One Day Grade
Bruce Stark,Nilan Chandratilake,2,1,2019,No,E Division One Day Grade
Bruce Stark,J Trichilo,2,2,2019,No,E Division One Day Grade
A Aslam Jan,Geoff Colgan,2,1,2019,No,B Division One Day Grade
O Cranny,Ziiyad Salle,2,8,2019,No,E Division One Day Grade
Ryan Barndon,A Singh,2,8,2019,No,3rd Grade
Jun Singh,W Abbas,2,7,2019,No,B Division One Day Grade
Gurdeep Singh,Karamdeep Brar,2,9,2019,No,5th Grade
Jun Singh,W Abbas,2,8,2019,No,B Division One Day Grade
Jun Singh,Mandeep Singh,2,9,2019,No,B Division One Day Grade
Darren Johnson,Grant Carslake,2,2,2019,No,3rd Grade
Duane Crombie,Chris Popoff,2,5,2019,No,E Division One Day Grade
Clinton Reid,Hayden Candy,2,2,2019,No,C Division One Day Grade
Adam Wreford,N Gordon,2,9,2020,Yes,E Division One Day Grade
Tom Condello,Ziiyad Salle,2,10,2020,Yes,F Division One Day Grade
Chris Mok,H Beasy,2,8,2020,No,E Division One Day Grade
Justin Kickett,Duane Crombie,2,4,2020,No,F Division One Day Grade
Curtis Stark,Mandeep Singh,2,8,2020,No,A Division One Day Grade
J Naidoo,Brett Harrison,2,3,2020,No,E Division One Day Grade
Daniel Atkinson,Ross Baker,2,4,2020,No,A Division One Day Grade
Dov Morris,Scott Barnard,2,2,2020,No,B Division One Day Grade
Bruce Stark,Grant Carslake,2,5,2020,No,F Division One Day Grade
J Naidoo,John Taylor,2,4,2020,No,E Division One Day Grade
J Naidoo,N Gordon,2,2,2020,No,E Division One Day Grade
Tim Galbraith,J Naidoo,2,1,2020,No,E Division One Day Grade
Happee Boparai,Bikram Singh,2,5,2020,No,A Division One Day Grade
Parminder Sandhu,Ziiyad Salle,2,7,2020,No,F Division One Day Grade
Chris Popoff,Parminder Sandhu,2,4,2020,No,F Division One Day Grade
Ash Yadav,Curtis Stark,2,1,2020,No,A Division One Day Grade
Parminder Sandhu,Sajan Hanjra,2,3,2020,No,F Division One Day Grade
Sajan Hanjra,Justin Kickett,2,4,2020,No,F Division One Day Grade
Justin Kickett,Chris Popoff,2,5,2020,No,F Division One Day Grade
Davis Bode,Darren Stride,2,2,2020,No,E Division One Day Grade
David Van Wees,Grant Carslake,2,9,2020,No,F Division One Day Grade
Ash Yadav,Darren Johnson,2,2,2021,No,A Division One Day Grade
J Cuthbert,Robbie Edwards,2,10,2021,No,E Division One Day Grade
Scott Bretland,Mandeep Singh,2,6,2021,No,G Division One Day Grade
Dov Morris,Trent George Kennedy,2,5,2021,No,E Division One Day Grade
Nirbhai Sohi,Jagdeep Brar,2,8,2021,No,A Division One Day Grade
Phillip Ross,Thanuja Jayakodi Arachchige,2,8,2021,No,B Division One Day Grade
Nirbhai Sohi,Mandeep Singh,2,2,2021,No,A Division One Day Grade
Keith Zissis,Paul Holmes,2,4,2021,No,E Division One Day Grade
Happee Boparai,Adam Wreford,2,8,2021,No,A Division One Day Grade
Davis Bode,Samuel Freind,2,1,2021,No,A Division One Day Grade
Jun Singh,G Singh,2,3,2021,No,B Division One Day Grade
Gavin Doull,Duane Crombie,2,3,2021,No,G Division One Day Grade
Dov Morris,Daniel Sims,2,4,2021,No,E Division One Day Grade
Darren Johnson,Clinton Reid,2,4,2021,No,B Division One Day Grade
Chris Popoff,Gurpreet Brar,2,4,2021,No,G Division One Day Grade
Chris Popoff,Gurpreet Brar,2,4,2021,No,G Division One Day Grade
Dan Leatham,Paul Holmes,2,3,2021,No,E Division One Day Grade
Nilan Chandratilake,Parminder Sandhu,2,1,2021,No,G Division One Day Grade
Paul Holmes,David Hallows,2,10,2022,Yes,D Division One Day Grade
Nilan Chandratilake,Clinton Reid,2,5,2022,No,B Division One Day Grade
Gurpreet Brar,Thanuja Jayakodi Arachchige,2,8,2022,No,B Division One Day Grade
Jagdeep Brar,Adam Wreford,2,7,2022,No,A Division One Day Grade
Nathan Hearnes,Vishnu Rajendran,2,5,2022,No,D Division One Day Grade
Bikram Singh,Adam Wreford,2,8,2022,No,A Division One Day Grade
Tony Bassett,CJ Liyanage,2,10,2022,No,B Division One Day Grade
Darren Johnson,WI Drummond,2,3,2022,No,B Division One Day Grade
Ben McInnes,Dennis Freind,2,10,2022,No,B Division One Day Grade
Jagdeep Brar,Gurdeep Singh,2,6,2022,No,A Division One Day Grade
Adam Duffy,Nilan Chandratilake,2,1,2022,No,G Division One Day Grade
Clinton Reid,Hayden Candy,2,2,2022,No,D Division One Day Grade
Curtis Stark,Darren Johnson,2,2,2022,No,B Division One Day Grade
Curtis Stark,Tony Bassett,2,9,2022,No,B Division One Day Grade
Curtis Stark,Ross Baker,2,2,2022,No,B Division One Day Grade
Vishnu Rajendran,Grant Carslake,2,7,2022,No,D Division One Day Grade
Vishnu Rajendran,David Van Wees,2,9,2022,No,D Division One Day Grade
Vishnu Rajendran,David Chignell,2,10,2022,No,D Division One Day Grade
Courtney Swift,Clinton Reid,2,1,2022,No,D Division One Day Grade
Glenn Welton,Ryan Barndon,2,2,2022,No,B Division One Day Grade
Phillip Ross,CJ Liyanage,2,8,2022,No,B Division One Day Grade
Ash Yadav,Raghu Sharma,2,2,2022,No,A Division One Day Grade
Darren Johnson,Kirk Howes,2,9,2022,No,B Division One Day Grade
Nilan Chandratilake,Jun Singh,2,2,2022,No,G Division One Day Grade
Cameron Lee,Daniel Sims,2,1,2022,No,D Division One Day Grade
Glenn Welton,Dov Morris,2,1,2022,No,B Division One Day Grade
Glenn Welton,Darren Johnson,2,3,2023,No,B Division One Day Grade
Nathan Hearnes,Russell Normoyle,2,4,2023,No,B Division One Day Grade
Daniel Lambrinidis,Vishnu Rajendran,2,7,2023,No,C Division One Day Grade
Ben McInnes,Dev Baswan,2,8,2023,No,B Division One Day Grade
Scott Bretland,Alex Hall,2,3,2023,No,I Division One Day Grade
Angus Motherwell,Rory Wallace,2,5,2023,No,H Division One Day Grade
Sagar Lather,Gurdeep Singh,2,1,2023,No,A Division One Day Grade
Nirbhai Sohi,Happee Boparai,2,4,2023,No,A Division One Day Grade
Vinit Kumar,Bikram Singh,2,7,2023,No,A Division One Day Grade
Tom Condello,Darren Franklin,2,10,2023,No,I Division One Day Grade
Daniel Atkinson,Scott Barnard,2,7,2023,No,B Division One Day Grade
Tom Parkinson,Will Hudson,2,7,2023,No,H Division One Day Grade
Will Hudson,Ryan Herbert,2,9,2023,No,H Division One Day Grade
Happee Boparai,Gurdeep Singh,2,1,2023,No,A Division One Day Grade
Bikram Singh,Gurdeep Singh,2,6,2023,No,A Division One Day Grade
Jun Singh,Ryker Newman,2,6,2023,No,C Division One Day Grade
Kai Homer,Dov Morris,2,4,2023,No,B Division One Day Grade
Dov Morris,Leon Burrows,2,8,2023,No,B Division One Day Grade
Will Hudson,James Beardmore,2,5,2023,No,H Division One Day Grade
Nilan Chandratilake,Alex Hall,2,3,2023,No,I Division One Day Grade
Nirbhai Sohi,Kirk Howes,2,5,2023,No,A Division One Day Grade
Gurdeep Singh,Jagdeep Brar,2,9,2023,No,A Division One Day Grade
Hayden Candy,Aum Patni,2,9,2023,No,C Division One Day Grade
Kai Homer,Daniel Sims,2,1,2023,No,C Division One Day Grade
Dov Morris,oscar weston,2,8,2024,Yes,H Division One Day Grade
Leon Burrows,Phillip Ross,2,10,2024,Yes,A Division One Day Grade
Russell Normoyle,Glenn Welton,2,2,2024,No,A Division One Day Grade
Tom Condello,Darren Franklin,2,7,2024,No,I Division One Day Grade
Tom Condello,Grant Carslake,2,9,2024,No,I Division One Day Grade
David Cameron,Kirk Howes,2,6,2024,No,A Division One Day Grade
Phillip Ross,Moran Robert Dedman Nielsen,2,10,2024,No,A Division One Day Grade
Bradley Younger,Kirk Howes,2,7,2024,No,A Division One Day Grade
Kirk Howes,Ryker Newman,2,8,2024,No,A Division One Day Grade
daniel spencer,Oliver Diaz,2,8,2024,No,H Division One Day Grade
Tom Condello,Darren Franklin,2,6,2024,No,I Division One Day Grade
Keith Zissis,Tom Condello,2,8,2024,No,I Division One Day Grade
Brett Harrison,Spiro Kalafatas,2,6,2024,No,C Division One Day Grade
Darren Johnson,Nathan Hearnes,2,4,2024,No,A Division One Day Grade
Mike Whehella,Robbie Edwards,2,10,2024,No,C Division One Day Grade
James Knapton,Paul Holmes,2,5,2024,No,H Division One Day Grade
Russell Normoyle,Ross Baker,2,3,2024,No,A Division One Day Grade
Darren Johnson,Glenn Welton,2,1,2024,No,A Division One Day Grade
Chris Popoff,Aaron Robson,2,1,2024,No,I Division One Day Grade
Dov Morris,Keith Zissis,2,1,2024,No,H Division One Day Grade
Dov Morris,Spiro Kalafatas,2,7,2024,No,H Division One Day Grade
Clinton Reid,Bradley Younger,2,3,2024,No,C Division One Day Grade
Clinton Reid,Brett Harrison,2,1,2024,No,C Division One Day Grade
Brett Harrison,Moran Robert Dedman Nielsen,2,7,2024,No,C Division One Day Grade
Chris Popoff,Scott Bretland,2,3,2024,No,I Division One Day Grade
Chris Popoff,Alex Hall,2,4,2024,No,I Division One Day Grade
Vishnu Rajendran,Ashan Udeshitha,2,6,2024,No,C Division One Day Grade
R Howell,Phillip Ross,2,9,2024,No,A Division One Day Grade
Josh Taylor,David Cameron,2,4,2024,No,A Division One Day Grade
Clinton Reid,Brett Harrison,2,5,2024,No,C Division One Day Grade
Trent George Kennedy,Robert Edwards,2,10,2024,No,C Division One Day Grade
Darren Johnson,Hayden Young,2,5,2024,No,A Division One Day Grade
Kusal Walliwala Gamage,Nuwan Jayathma Liyanaarachchi Liyana Arachchige,2,10,2025,No,H Division One Day Grade
Prashan Herath,Kusal Walliwala Gamage,2,9,2025,No,H Division One Day Grade
Aaron Robson,Dennis Freind,2,5,2025,No,I Division One Day Grade
Darren Johnson,Ryan Barndon,2,1,2025,No,A Division One Day Grade
Vihanga Silva,Prashan Herath,2,9,2025,No,H Division One Day Grade
Chamod Dilshan Happawana Vithanage,Saliya Widanagamage,2,3,2025,No,H Division One Day Grade
Jordan Egan,David Cameron,2,5,2025,No,A Division One Day Grade
Brett Harrison,Ashan Udeshitha,2,3,2025,No,D Division One Day Grade
Jordan Egan,Dev Baswan,2,8,2025,No,A Division One Day Grade
Keith Zissis,Carl Singh,2,10,2025,No,D Division One Day Grade
Gino Giamboi,Campbell Bishop,2,7,2025,No,I Division One Day Grade
Kevin Bishop,Tom Condello,2,10,2025,No,I Division One Day Grade
Manoj jayawardena,Prabud Peduru Hewa,2,4,2025,No,H Division One Day Grade
Darren Franklin,Tom Condello,2,9,2025,No,I Division One Day Grade
Curtis Stark,Dov Morris,2,2,2025,No,D Division One Day Grade
Dane Peake,Maxim Crombie,2,5,2025,No,I Division One Day Grade
Chamod Dilshan Happawana Vithanage,Prashan Herath,2,8,2025,No,H Division One Day Grade
Vishnu Rajendran,Kevin Bishop,2,9,2025,No,D Division One Day Grade
Davis Bode,Leon Burrows,2,1,2025,No,A Division One Day Grade
Mandeep Grewal,Campbell Robson,2,10,2025,No,I Division One Day Grade
Fred Buttsworth,M Leeder,1,7,1963,No,1st Grade
Raymond Scott,E Cooley,1,10,1963,No,1st Grade
Brian Buttsworth,Dave Ralston,1,8,1963,No,1st Grade
Harry Varis,Rob Wheeler,1,9,1964,Yes,1st Grade
Geoff Hamel,Kevin Lock,1,9,1964,No,1st Grade
Harry Varis,N McDiarmid,1,10,1965,No,1st Grade
Brian Henville,Harry Varis,1,5,1965,No,1st Grade
Brian Buttsworth,Harry Varis,1,6,1965,No,1st Grade
Brian Buttsworth,Rob Wheeler,1,3,1965,No,1st Grade
Brian Henville,Dave Cosson,1,8,1966,No,1st Grade
Ian Blake,Damian Thompson,1,4,1992,No,1st Grade
Stephen DenRidder,Justin Fisher,1,1,1992,No,1st Grade
Matthew Smith,Shane Lee,1,1,1992,No,1st Grade
Ian Blake,Graham Butler,1,2,1993,No,1st Grade
Ian Blake,Shane Ferdinadus,1,6,1993,No,1st Grade
Ian Price,David Separovic,1,9,1993,No,1st Grade
Dennis Freind,Cameron Briscoe,1,6,1993,No,1st Grade
Dennis Freind,Shane Ferdinadus,1,2,1993,No,1st Grade
Ian Blake,Robert Bond,1,10,1993,No,1st Grade
Dennis Freind,Gary Chivers,1,1,1993,No,1st Grade
Gary Freind,Mark Butler,1,1,1994,No,1st Grade
Dennis Freind,Graham Butler,1,4,1994,No,1st Grade
Gary Chivers,David Separovic,1,9,1994,No,1st Grade
Dennis Freind,Gino Giamboi,1,1,1994,No,1st Grade
Graham Butler,Paul Dickson,1,5,1994,No,1st Grade
Paul McNamara,Gary Chivers,1,8,1994,No,1st Grade
Paul Dickson,Graham Butler,1,4,1994,No,1st Grade
Ron Gillespie,Justin Fisher,1,3,1994,No,1st Grade
Paul Dickson,Chris Dobson,1,3,1994,No,1st Grade
Dennis Freind,David Separovic,1,7,1994,No,1st Grade
Ian Blake,Peter McSweeney,1,6,1995,No,1st Grade
Paul Dickson,Gregory Smith,1,2,1995,No,1st Grade
Dennis Freind,Ian Price,1,7,1995,No,1st Grade
Robert Fay,Geoff Colgan,1,3,1995,No,1st Grade
Chris Whyte,Ian Blake,1,2,1995,No,1st Grade
Paul Dickson,Stephen Clarke,1,1,1995,No,1st Grade
Paul Dickson,Ron Gillespie,1,4,1995,No,1st Grade
Keith DeSilva,Mick OReilly,1,8,1997,No,Metropolitan One Day
Keith DeSilva,Graham Bowman,1,3,1997,No,Metropolitan One Day
Tony Carrier,Mark Pearson,1,8,1997,No,3rd Grade
Tim Reid,Bruce West,1,3,1997,No,5th Grade
M Colbert,Jason Boekleman,1,9,1997,No,1st Grade
Dennis Freind,Peter Bibby,1,7,1997,No,1st Grade
Keith DeSilva,Lee Blake,1,2,1997,No,Metropolitan One Day
Chris Henderson,Richard Sturgess,1,10,1997,No,7th Grade
David Singh,Alan Edwards,1,6,1997,No,Metropolitan One Day
Bryce Alexander,Paul Richardson,1,6,1997,No,7th Grade
Keith DeSilva,David Gulberti,1,3,1997,No,7th Grade
Mick OReilly,Alex Hall,1,1,1997,No,7th Grade
Keith DeSilva,Paul Richardson,1,5,1997,No,7th Grade
Kevin Rowland,Mark Stevens,1,2,1997,No,Metropolitan One Day
Bruce West,David Singh,1,6,1997,No,5th Grade
Gino Giamboi,Mick OReilly,1,10,1997,No,5th Grade
Lee Blake,Mark Stevens,1,3,1997,No,Metropolitan One Day
Lee Blake,Ken Hart,1,3,1997,No,Metropolitan One Day
Ken Hart,Terry Holbrook,1,4,1997,No,Metropolitan One Day
Graham Bowman,Robert McKrill,1,10,1997,No,5th Grade
Courtney Swift,Andrew Sorenson,1,10,1997,No,7th Grade
Gino Giamboi,Tony Carrier,1,9,1997,No,5th Grade
R Colley,Jason Luckman,1,8,1997,No,Metropolitan One Day
Russell Gerreyn,Richard Sturgess,1,3,1997,No,7th Grade
Charles Marlam,Evan Standley,1,4,1997,No,3rd Grade
Murray Quarrell,Jason Luckman,1,8,1997,No,Metropolitan One Day
Barry Richardson,Mick OReilly,1,7,1997,No,5th Grade
Mick OReilly,Richard Sturgess,1,8,1997,No,5th Grade
Shane Innes,David Singh,1,4,1997,No,5th Grade
Mick OReilly,Darren Green,1,9,1997,No,5th Grade
John Lewis,Craig Sherlock,1,1,1997,No,7th Grade
R Colley,Jason Luckman,1,8,1997,No,Metropolitan One Day
Christopher Jebb,David Jones,1,7,1997,No,3rd Grade
Christopher Jebb,Mark Pearson,1,8,1997,No,3rd Grade
Christopher Jebb,Tony Carrier,1,9,1997,No,3rd Grade
Len Peterson,Murray Quarrell,1,5,1997,No,Metropolitan One Day
Matthew Arthurson,Gregory Martin,1,3,1997,No,1st Grade
Lee Blake,Jeff West,1,9,1997,No,7th Grade
Bruce West,John Cottier,1,4,1997,No,5th Grade
John Eyres,John Lewis,1,4,1997,No,7th Grade
Glenn Sadler,Malcolm Feasey,1,10,1998,Yes,5th Grade
Gary Burton,Alex Hall,1,6,1998,Yes,5th Grade
Bryce Alexander,Kyle Adams,1,3,1998,No,1st Grade
John Cottier,Kevin Rowland,1,1,1998,No,3rd Grade
Brett Harris,Darren Green,1,10,1998,No,1st Grade
John Cottier,Paul Dickson,1,2,1998,No,3rd Grade
Evan Standley,Ron Gillespie,1,8,1998,No,1st Grade
Warren Pearson,Christopher Jebb,1,7,1998,No,3rd Grade
John Cottier,Kevin Rowland,1,1,1998,No,3rd Grade
Dennis Freind,Kevin Rowland,1,1,1998,No,1st Grade
Dennis Freind,Mark Dickson,1,4,1998,No,1st Grade
Dennis Freind,Bryce Alexander,1,2,1998,No,1st Grade
Michael Petrie,Warren Pearson,1,8,1998,No,3rd Grade
Craig Sherlock,Tim Reid,1,1,1998,No,3rd Grade
Bryce Alexander,Kevin Rowland,1,1,1998,No,1st Grade
Bryce Alexander,Peter Bibby,1,7,1998,No,1st Grade
Rodney Taylor,Wade Carruthers,1,5,1998,No,3rd Grade
Wade Carruthers,John Cottier,1,6,1998,No,3rd Grade
Kevin Rowland,Guy Welton,1,4,1998,No,1st Grade
David Gulberti,Peter Bibby,1,3,1998,No,3rd Grade
Ashley Trow,Gino Giamboi,1,4,1998,No,5th Grade
Paul Butler,Barry Richardson,1,4,1998,No,5th Grade
John Lewis,Gino Giamboi,1,4,1998,No,5th Grade
John Lewis,Courtney Swift,1,5,1998,No,5th Grade
Alex Hall,Gino Giamboi,1,8,1998,No,5th Grade
Joel Duschka,Malcolm Feasey,1,10,1998,No,5th Grade
Paul Dickson,Tim Reid,1,2,1998,No,3rd Grade
Mark Dickson,Bruce Stark,1,5,1998,No,3rd Grade
Terry Holbrook,Malcolm Feasey,1,9,1999,Yes,5th Grade
Kyle Adams,Mark Butler,1,10,1999,Yes,1st Grade
Ian Blake,Nahan Phelpes,1,7,1999,No,5th Grade
Gary Burton,Russell Gerreyn,1,1,1999,No,5th Grade
Ryan Kershaw,Anthony Burke,1,4,1999,No,1st Grade
Kyle Adams,Wade Carruthers,1,8,1999,No,1st Grade
Darren Holt,Kyle Adams,1,3,1999,No,1st Grade
Bruce West,Ian Blake,1,5,1999,No,5th Grade
Kyle Adams,Bryce Alexander,1,2,1999,No,1st Grade
Glenn Sadler,Anthony Libia,1,6,1999,No,5th Grade
Glenn Sadler,Lee Blake,1,7,1999,No,5th Grade
Geoff Colgan,Bryce Alexander,1,4,1999,No,1st Grade
Gary Burton,Glenn Sadler,1,1,1999,No,5th Grade
Ian Blake,Kim Anderson,1,5,1999,No,5th Grade
Dennis Freind,Kyle Adams,1,1,1999,No,1st Grade
Nathan Whitney,Keith Manea,1,6,1999,No,1st Grade
Glenn Sadler,Anthony Libia,1,4,1999,No,5th Grade
Geoff Colgan,Darren Holt,1,2,1999,No,1st Grade
Christopher Barnes,Anthony Burke,1,9,1999,No,1st Grade
Anthony Burke,Jason Boekleman,1,10,1999,No,1st Grade
Kim Anderson,Nahan Phelpes,1,6,1999,No,5th Grade
Ross Baker,Bryce Alexander,1,4,1999,No,1st Grade
Kyle Adams,Darren Holt,1,2,1999,No,1st Grade
Gary Burton,Ian Blake,1,2,1999,No,5th Grade
Geoff Colgan,Ross Baker,1,4,1999,No,1st Grade
Ross Baker,Darren Holt,1,7,1999,No,1st Grade
Glenn Sadler,Nahan Phelpes,1,8,1999,No,5th Grade
Gary Burton,Phil Kenney,1,7,2000,No,5th Grade
Stephen Clarke,Nathan Whitney,1,3,2000,No,1st Grade
Keith Manea,Christopher Barnes,1,6,2000,No,1st Grade
Nathan Whitney,Charles Marlam,1,4,2000,No,1st Grade
N Samules,Jason Boekleman,1,8,2000,No,1st Grade
Stephen Clarke,Darren Young,1,1,2000,No,1st Grade
Darren Young,Stephen Clarke,1,1,2000,No,1st Grade
Jay Holland,Jason Boekleman,1,8,2000,No,1st Grade
Anthony Burke,Dennis Freind,1,10,2001,No,1st Grade
Geoff Colgan,Kevin Rowland,1,1,2001,No,1st Grade
Anthony Burke,Dennis Freind,1,10,2001,No,1st Grade
Robbie Taylor,Gregory Martin,1,6,2001,No,1st Grade
Geoff Colgan,Darren Holt,1,2,2001,No,1st Grade
David Lenane,Kevin Rowland,1,6,2001,No,1st Grade
Kevin Rowland,Stephen Clarke,1,1,2001,No,1st Grade
Darren Holt,Geoff Colgan,1,5,2002,No,1st Grade
Stephen Clarke,Darren Young,1,1,2002,No,1st Grade
Darren Holt,Robbie Taylor,1,5,2002,No,1st Grade
Warren Pearson,Anthony Burke,1,7,2002,No,1st Grade
David Lenane,Gregory Martin,1,7,2002,No,1st Grade
Darren Holt,Anthony Burke,1,1,2003,No,1st Grade
Jason Alexander,Gregory Martin,1,7,2003,No,1st Grade
Ron Gillespie,Chris Whyte,1,6,2003,No,1st Grade
Anthony Burke,Jason Alexander,1,1,2003,No,1st Grade
Bryce Alexander,David Lenane,1,4,2003,No,1st Grade
Kyle Adams,Bryce Alexander,1,2,2003,No,1st Grade
Kyle Adams,Glenn Andersson,1,6,2003,No,1st Grade
Anthony Burke,Bryce Alexander,1,1,2003,No,1st Grade
Kyle Adams,Geoff Colgan,1,7,2003,No,1st Grade
Geoff Colgan,Darren Young,1,8,2003,No,1st Grade
Anthony Burke,Bryce Alexander,1,1,2003,No,1st Grade
Anthony Burke,Darren Young,1,8,2004,No,1st Grade
Bryce Alexander,Kyle Adams,1,2,2004,No,1st Grade
Darren Young,Mick Byrne,1,10,2004,No,1st Grade
Gregory Martin,David Lenane,1,7,2004,No,1st Grade
Darren Young,Bryce Alexander,1,4,2004,No,1st Grade
Darren Young,Kyle Adams,1,5,2004,No,1st Grade
Malcolm Williams,Bryce Alexander,1,4,2004,No,1st Grade
Darren Young,Bruce Stark,1,8,2004,No,1st Grade
Gregory Martin,Darren Young,1,10,2004,No,1st Grade
Bruce Stark,Gregory Martin,1,6,2004,No,1st Grade
Sarfaraz Samnakay,Charles Marlam,1,3,2005,No,1st Grade
Vikram Kalaimani,Courtney Swift,1,8,2005,No,8th Grade
Aaron Robson,Barry Richardson,1,6,2005,No,Metropolitan One Day
Courtney Swift,Len Peterson,1,8,2005,No,8th Grade
Mark Stevens,Satish Krishnan,1,2,2005,No,8th Grade
Jeff West,Scott Barnard,1,3,2005,No,4th Grade
Kim Anderson,Len Peterson,1,5,2005,No,8th Grade
Graeme Dennis,Matthew Sullivan,1,10,2005,No,Metropolitan One Day
Mark Dickson,Peter Westgate,1,8,2005,No,4th Grade
Felix Machado,Satish Krishnan,1,5,2005,No,8th Grade
Felix Machado,Matthew Sorensen,1,6,2005,No,8th Grade
Andre Gabriel,Mark Dickson,1,6,2005,No,4th Grade
Ryan Barndon,Ward Bond,1,3,2005,No,4th Grade
Mark Dickson,Ashley Edwards,1,7,2005,No,4th Grade
Mark Dennis,Anthony Morgan,1,5,2005,No,Metropolitan One Day
Jeremy Davis,Andre Gabriel,1,9,2005,No,1st Grade
Ajigh RajaGopal,Courtney Swift,1,8,2005,No,8th Grade
Bryce Alexander,Kevin Rowland,1,2,2005,No,1st Grade
David Van Wees,Lee Travis,1,4,2005,No,Metropolitan One Day
Glenn Andersson,Courtney Swift,1,8,2005,No,8th Grade
Curtis Stark,Daniel Munachen,1,8,2005,No,1st Grade
Robbie Edwards,Jason Alexander,1,8,2005,No,4th Grade
Charles Marlam,Scott Barnard,1,1,2005,No,4th Grade
Scott Barnard,Jason Alexander,1,2,2005,No,4th Grade
Bryce Alexander,Kevin Rowland,1,2,2005,No,1st Grade
Jeff West,Jason Carlyon,1,1,2005,No,8th Grade
Charles Marlam,Bruce Stark,1,1,2005,No,4th Grade
Charles Marlam,Bruce West,1,3,2005,No,4th Grade
Robbie Edwards,Gino Giamboi,1,9,2005,No,4th Grade
Bruce Stark,Charles Marlam,1,1,2005,No,4th Grade
Anthony Burke,Jeremy Davis,1,9,2005,No,1st Grade
Curtis Stark,Bruce Stark,1,5,2005,No,4th Grade
Kevin Rowland,Anthony Libia,1,1,2005,No,1st Grade
Geoff Colgan,Mark Dickson,1,5,2005,No,1st Grade
Curtis Stark,Jason Alexander,1,5,2005,No,4th Grade
Russell Gerreyn,Darren Hutchins,1,5,2005,No,8th Grade
John Lewis,Jason Carlyon,1,2,2005,No,8th Grade
Aaron Robson,Lee Travis,1,7,2005,No,Metropolitan One Day
Chris Robson,Michael Gartell,1,1,2005,No,Metropolitan One Day
David Van Wees,Brad Kimber,1,8,2005,No,Metropolitan One Day
Brett Harrison,Scott Powell,1,1,2005,No,Metropolitan One Day
Brett Harrison,Michael Gartell,1,2,2005,No,Metropolitan One Day
Curtis Stark,Ryan Barndon,1,2,2005,No,4th Grade
Russell Normoyle,Graeme Dennis,1,8,2005,No,1st Grade
Anthony Morgan,Alan McGuinness,1,7,2005,No,Metropolitan One Day
Bruce Stark,Geoff Colgan,1,3,2005,No,1st Grade
Neil Steadman,Robert McKrill,1,9,2005,No,4th Grade
Curtis Stark,Gino Giamboi,1,10,2005,No,1st Grade
Courtney Swift,Ajigh RajaGopal,1,8,2005,No,8th Grade
Ryan Barndon,Neil Steadman,1,8,2005,No,4th Grade
Chris Robson,Scott Powell,1,5,2005,No,Metropolitan One Day
Anthony Libia,Darren Green,1,9,2006,No,2nd Grade
Kevin Rowland,David Van Wees,1,1,2006,No,2nd Grade
Kevin Rowland,David Van Wees,1,1,2006,No,2nd Grade
Anthony Libia,Darren Green,1,9,2006,No,2nd Grade
Ben Stephenson,Jeff Stephenson,1,2,2006,No,8th Grade
Len Peterson,Jarrod Worth,1,3,2006,No,8th Grade
Michael Gartell,Courtney Swift,1,7,2006,No,8th Grade
Daryl Pegrum,Ryan Barndon,1,5,2006,No,5th Grade
Paul Dickson,Anthony Libia,1,3,2006,No,2nd Grade
Brett Harrison,Gino Giamboi,1,8,2006,No,2nd Grade
Dennis Freind,Brett Harrison,1,4,2006,No,2nd Grade
Courtney Swift,Jason Carlyon,1,6,2006,No,8th Grade
Curtis Stark,Joshua Wells,1,4,2006,No,5th Grade
Scott Powell,David Van Wees,1,6,2006,No,2nd Grade
Damian Bourke,Michael Gartell,1,4,2006,No,8th Grade
Ben Stephenson,Sam Finnigan,1,1,2006,No,8th Grade
Charles Marlam,Bryce Alexander,1,3,2006,No,2nd Grade
Robbie Edwards,Neil Steadman,1,4,2006,No,5th Grade
Russell Gerreyn,Jarrod Worth,1,1,2006,No,5th Grade
Danny Wildman,Robbie Edwards,1,7,2006,No,5th Grade
Sam Finnigan,Satish Krishnan,1,8,2006,No,8th Grade
John Taylor,Simon Wilson,1,4,2006,No,8th Grade
Bryce Alexander,Dennis Freind,1,7,2006,No,2nd Grade
Robbie Edwards,Darren Hutchins,1,8,2006,No,5th Grade
Dean Carter,Ajigh RajaGopal,1,10,2006,No,8th Grade
Simon Wilson,Damian Bourke,1,4,2006,No,8th Grade
Gino Giamboi,Darren Hutchins,1,8,2006,No,5th Grade
John Lewis,Robbie Edwards,1,9,2006,No,5th Grade
Craig Bennett,Gino Giamboi,1,7,2006,No,5th Grade
Leon Burrows,Paul Dickson,1,4,2006,No,2nd Grade
Leon Burrows,Curtis Stark,1,2,2006,No,2nd Grade
Curtis Stark,Ashley Edwards,1,1,2006,No,5th Grade
Curtis Stark,Robbie Edwards,1,4,2006,No,5th Grade
Jeremy Davis,Anthony Libia,1,6,2006,No,2nd Grade
David Van Wees,Darren Hutchins,1,2,2007,No,6th Grade
Scott Powell,Grant Cross,1,8,2007,No,6th Grade
Ben Loader,Steven Freind,1,3,2007,No,9th Grade
Steven Freind,Matt Bailey,1,4,2007,No,9th Grade
Curtis Stark,Russell Normoyle,1,4,2007,No,3rd Grade
Robbie Edwards,Ashley Edwards,1,9,2007,No,3rd Grade
Steven Freind,Timothy Bailey,1,7,2007,No,Metropolitan One Day
Taylor Heath,Christopher Jebb,1,4,2007,No,9th Grade
Charles Marlam,Russell Normoyle,1,3,2007,No,9th Grade
Satish Krishnan,Len Peterson,1,10,2007,No,9th Grade
Russell Gerreyn,Taylor Heath,1,1,2007,No,9th Grade
Gino Giamboi,Steve Moore,1,9,2007,No,6th Grade
Ben Loader,Steven Freind,1,3,2007,No,Metropolitan One Day
Ben Loader,Timothy Bailey,1,6,2007,No,Metropolitan One Day
Ben Loader,Matt Bailey,1,8,2007,No,Metropolitan One Day
Ben Stephenson,Courtney Swift,1,8,2007,No,9th Grade
Daryl Pegrum,Ben Stephenson,1,5,2007,No,9th Grade
Gino Giamboi,Steve Moore,1,8,2007,No,6th Grade
Brett Harrison,Scott Barnard,1,4,2007,No,6th Grade
David Van Wees,Brett Harrison,1,4,2007,No,6th Grade
Steve Moore,Gino Giamboi,1,9,2007,No,6th Grade
Ryan Barndon,Curtis Stark,1,2,2007,No,3rd Grade
Steven Freind,Matt Bailey,1,7,2007,No,Metropolitan One Day
Chris Mok,S Kristen,1,6,2007,No,Metropolitan One Day
Nathan Freind,Raghu Gopalan,1,9,2007,No,Metropolitan One Day
Charles Marlam,Scott Barnard,1,2,2007,No,6th Grade
Chris Mok,Darrell Wilson,1,5,2007,No,Metropolitan One Day
Ben Stephenson,Cassis Van Wees,1,5,2007,No,9th Grade
Ben Stephenson,Paul McNamara,1,2,2007,No,9th Grade
Ben Stephenson,JD Paternostro,1,4,2008,Yes,8th Grade
Leon Burrows,Timothy Gailbraith,1,7,2008,No,2nd Grade
Ryan Barndon,Leon Burrows,1,1,2008,No,2nd Grade
Brett Harrison,David Van Wees,1,5,2008,No,5th Grade
Steven Freind,Michael Peter,1,7,2008,No,8th Grade
Scott Powell,Craig Bennett,1,3,2008,No,2nd Grade
Matthew Hilleard,Darren Hutchins,1,1,2008,No,8th Grade
Ben Loader,Brett Harrison,1,4,2008,No,5th Grade
David Van Wees,Ben Stephenson,1,9,2008,No,5th Grade
Leon Burrows,Ryan Shelton,1,2,2008,No,2nd Grade
Scott Powell,Craig Bennett,1,6,2008,No,2nd Grade
ND Jones,Neil Steadman,1,9,2008,No,Metropolitan One Day
Paul Peos,Alex Vlahos,1,4,2008,No,Metropolitan One Day
Aaron Robson,Tony Bassett,1,8,2008,No,2nd Grade
Gino Giamboi,Nathan Freind,1,9,2008,No,8th Grade
Chris Mok,Timothy Gailbraith,1,1,2008,No,8th Grade
Paul Dickson,Brett Harrison,1,5,2008,No,5th Grade
Steven Freind,Anthony Libia,1,3,2008,No,8th Grade
Nathan Freind,Robbie Edwards,1,9,2008,No,8th Grade
JD Paternostro,T Vlahos,1,8,2008,No,Metropolitan One Day
Ben Stephenson,Steven Freind,1,1,2008,No,8th Grade
A Spencer,Gino Giamboi,1,5,2008,No,8th Grade
Ian Gamble,Jeff Stephenson,1,7,2008,No,8th Grade
Ben Stephenson,John Lewis,1,8,2008,No,Metropolitan One Day
Russell Gerreyn,Robbie Edwards,1,6,2008,No,Metropolitan One Day
Leon Burrows,Curtis Stark,1,4,2008,No,2nd Grade
Steve Moore,Timothy Gailbraith,1,10,2008,No,5th Grade
Zack Van Wees,B White,1,7,2008,No,Metropolitan One Day
Gino Giamboi,Robbie Edwards,1,10,2008,No,8th Grade
Jeff Stephenson,Ben Stephenson,1,1,2008,No,8th Grade
Ben Loader,Brett Harrison,1,3,2008,No,2nd Grade
Dennis Freind,Charles Marlam,1,4,2008,No,5th Grade
Andrew Webley,Justin Dimond,1,8,2008,No,5th Grade
Justin Dimond,Timothy Bailey,1,10,2008,No,5th Grade
Paul Peos,Curtis Stark,1,2,2008,No,Metropolitan One Day
Ben Stephenson,Shane Shaw,1,2,2008,No,8th Grade
Bryce Alexander,Leon Burrows,1,1,2008,No,2nd Grade
Ben Stephenson,Darren Hutchins,1,1,2008,No,8th Grade
Jeff Stephenson,Adam Spencer,1,6,2008,No,8th Grade
Paul Dickson,Scott Barnard,1,4,2008,No,5th Grade
Scott Barnard,David Van Wees,1,5,2008,No,5th Grade
Ben Loader,Scott Barnard,1,4,2008,No,5th Grade
Paul McNamara,BA Parkes,1,10,2009,Yes,Metropolitan One Day
Aaron Robson,Dennis Freind,1,9,2009,Yes,5th Grade
Gino Giamboi,JA Skowron,1,9,2009,No,7th Grade
T Dias,Darren Hutchins,1,3,2009,No,7th Grade
Darren Hutchins,T Dias,1,2,2009,No,7th Grade
Matthew Hilleard,Ross Baker,1,2,2009,No,5th Grade
Charles Marlam,Darren Hutchins,1,1,2009,No,7th Grade
Paul Peos,Alex Vlahos,1,4,2009,No,Metropolitan One Day
Russell Gerreyn,Paul Dickson,1,3,2009,No,Metropolitan One Day
Ryan Shelton,Ryan Barndon,1,1,2009,No,2nd Grade
Dennis Freind,Curtis Stark,1,8,2009,No,5th Grade
Aaron Robson,Andrew Webley,1,9,2009,No,5th Grade
Dov Morris,David Van Wees,1,2,2009,No,5th Grade
Curtis Stark,Ryan James,1,1,2009,No,7th Grade
Damien Senge,Arthur Vlahos,1,3,2009,No,Metropolitan One Day
Ryan Shelton,Dave Dewhurst,1,10,2009,No,2nd Grade
Bryce Alexander,Steven Freind,1,4,2009,No,7th Grade
Paul Peos,Ash Eyre,1,3,2009,No,Metropolitan One Day
Kenneth Kelly,Steve Moore,1,7,2009,No,Metropolitan One Day
Charles Marlam,Anthony Libia,1,4,2009,No,5th Grade
Russell Gerreyn,Lee Maas,1,9,2009,No,Metropolitan One Day
Anthony Libia,T Dias,1,5,2009,No,7th Grade
Curtis Stark,Shane Shaw,1,2,2009,No,7th Grade
Brett Harrison,Adam Wreford,1,5,2009,No,2nd Grade
Adam Wreford,Dave Dewhurst,1,10,2009,No,2nd Grade
Scott Barnard,Dov Morris,1,7,2009,No,5th Grade
Michael Mani,Dave Dewhurst,1,10,2009,No,2nd Grade
John Taylor,Brett Harrison,1,6,2009,No,2nd Grade
Timothy Gailbraith,Andrew Webley,1,8,2010,No,5th Grade
Dov Morris,Ryan Barndon,1,2,2010,No,2nd Grade
Dov Morris,Ross Baker,1,5,2010,No,2nd Grade
Scott Powell,Curtis Stark,1,2,2010,No,5th Grade
Shane Shaw,Aaron Robson,1,6,2010,No,5th Grade
Jeff Stephenson,J Walker,1,4,2010,No,7th Grade
Jeff Stephenson,Timothy Gailbraith,1,5,2010,No,7th Grade
Paul Peos,Russell Gerreyn,1,3,2010,No,Metropolitan One Day
JA Timos,Lee Maas,1,9,2010,No,Metropolitan One Day
Dov Morris,Leon Burrows,1,4,2010,No,2nd Grade
Matt Behn,Leon Okely,1,7,2010,No,2nd Grade
JL Dimond,Robbie Edwards,1,10,2010,No,7th Grade
Dov Morris,Matt Behn,1,4,2010,No,2nd Grade
Leon Burrows,Sam Finnigan,1,7,2010,No,2nd Grade
Damien Senge,Sam Finnigan,1,8,2010,No,2nd Grade
Damien Senge,Ryan Barndon,1,4,2010,No,2nd Grade
Lee Maas,Nicko Zissis,1,6,2010,No,Metropolitan One Day
J MacRae,David Van Wees,1,2,2010,No,7th Grade
Aaron Robson,Dave Dewhurst,1,7,2010,No,5th Grade
J Eyre,Lee Maas,1,5,2010,No,Metropolitan One Day
Keith Zissis,Paul Peos,1,1,2010,No,Metropolitan One Day
Paul Peos,Ash Eyre,1,2,2010,No,Metropolitan One Day
Curtis Stark,Scott Barnard,1,2,2010,No,5th Grade
David Van Wees,Chris Mok,1,2,2011,No,6th Grade
Mark Dickson,P Curtis,1,6,2011,No,Metropolitan One Day
Keith Zissis,Peter Vlahos,1,2,2011,No,Metropolitan One Day
Ross Baker,Shane Shaw,1,5,2011,No,2nd Grade
Keith Zissis,Mark Dickson,1,4,2011,No,Metropolitan One Day
Paul Dickson,Russell Gerreyn,1,1,2011,No,Metropolitan One Day
Ryan Barndon,Damien Senge,1,7,2011,No,2nd Grade
Bryce Alexander,Brett Harrison,1,7,2011,No,4th Grade
Andrew Webley,Mitch Sidon,1,4,2011,No,6th Grade
Ryan James,Timothy Gailbraith,1,5,2011,No,6th Grade
Mark Dickson,P Curtis,1,6,2011,No,Metropolitan One Day
Keith Zissis,Ryan James,1,2,2011,No,6th Grade
Alex Vlahos,Ash Eyre,1,4,2011,No,Metropolitan One Day
Dennis Freind,Shane Shaw,1,2,2011,No,4th Grade
D Winning,Ryan James,1,6,2011,No,6th Grade
Brett Harrison,R Morgan,1,9,2011,No,4th Grade
David Van Wees,Ryan James,1,1,2011,No,6th Grade
Sam Finnigan,Russell Normoyle,1,8,2011,No,2nd Grade
Paul Massara,Ben Price,1,5,2011,No,4th Grade
Zack Van Wees,Lee Maas,1,10,2011,No,Metropolitan One Day
Ryan James,Charles Marlam,1,4,2011,No,6th Grade
Ryan James,D Winning,1,2,2011,No,6th Grade
Gino Giamboi,Zack Van Wees,1,9,2011,No,Metropolitan One Day
Daniel Allsop,Ben Gatter,1,10,2011,No,6th Grade
Ash Eyre,Michael Mani,1,9,2012,Yes,2nd Grade
Graeme Pryce,Ben Price,1,2,2012,No,3rd Grade
JD Krasenstein,Bruce Stark,1,5,2012,No,6th Grade
Daniel Atkinson,Darren Johnson,1,6,2012,No,2nd Grade
Curtis Stark,JD Krasenstein,1,3,2012,No,6th Grade
Damien Senge,Scott Barnard,1,2,2012,No,2nd Grade
Kim Anderson,Sam Finnigan,1,6,2012,No,Metropolitan One Day
Lee Maas,Mandeep Singh,1,9,2012,No,6th Grade
Graeme Pryce,Brett Harrison,1,2,2012,No,3rd Grade
JD Krasenstein,Curtis Stark,1,2,2012,No,6th Grade
D Lennon,Lee Maas,1,9,2012,No,6th Grade
S Kumar,Chris Homer,1,1,2012,No,Metropolitan One Day
Ben Gatter,Lee Maas,1,9,2012,No,6th Grade
Graeme Pryce,Leon Okely,1,1,2012,No,3rd Grade
JL Dimond,Kirk Howes,1,4,2012,No,6th Grade
Dennis Freind,Michael Peter,1,10,2012,No,3rd Grade
Russell Normoyle,T Cox,1,8,2012,No,2nd Grade
Bruce Stark,Timothy Gailbraith,1,7,2012,No,6th Grade
Timothy Gailbraith,Simon Borrett,1,8,2012,No,6th Grade
N Gordon,Simon Borrett,1,9,2012,No,6th Grade
Ben Price,T Cox,1,3,2012,No,3rd Grade
T Cox,Aaron Robson,1,6,2012,No,3rd Grade
Ross Baker,Scott Barnard,1,4,2012,No,2nd Grade
Scott Barnard,Russell Normoyle,1,5,2012,No,2nd Grade
Clinton Reid,Alex Dowson,1,3,2012,No,2nd Grade
Dennis Freind,JL Dimond,1,7,2012,No,6th Grade
Dennis Freind,Ben Gatter,1,8,2012,No,6th Grade
Ben Gatter,Simon Borrett,1,9,2012,No,6th Grade
Daniel Atkinson,Aaron Robson,1,7,2013,Yes,3rd Grade
James Day,Chris Homer,1,2,2013,No,5th Grade
Adam Wreford,Timothy Gailbraith,1,8,2013,No,2nd Grade
Curtis Stark,James Day,1,4,2013,No,3rd Grade
Michael Mani,Aaron Robson,1,7,2013,No,3rd Grade
Karamjeet Singh,Mandeep Singh,1,6,2013,No,Mercantile One Day
Bryce Alexander,Ash Eyre,1,5,2013,No,Metropolitan One Day
D Diletti,JD Krasenstein,1,1,2013,No,5th Grade
Chris Homer,RA Kobryn Coletti,1,8,2013,No,Metropolitan One Day
Dennis Freind,Russell Normoyle,1,7,2013,No,2nd Grade
R Morgan,Jeff Stephenson,1,7,2013,No,5th Grade
Mark Sinclair,Gino Giamboi,1,6,2013,No,Metropolitan One Day
Mandeep Singh,Harbhinder Sandhu,1,8,2013,No,Mercantile One Day
Happee Boparai,S Gill,1,2,2013,No,Mercantile One Day
Andrew Webley,Dave Dewhurst,1,9,2013,No,3rd Grade
Anthony Sinclair,Gino Giamboi,1,10,2013,No,Metropolitan One Day
Mayank Madan,G McMillan,1,4,2013,No,Metropolitan One Day
Paul Dickson,Conor Breheny,1,3,2013,No,5th Grade
David Van Wees,Steven Freind,1,1,2013,No,5th Grade
Mick Andrews,Chris Mok,1,10,2013,No,5th Grade
Keith Zissis,Ross Baker,1,3,2013,No,2nd Grade
Ross Baker,Leon Burrows,1,5,2013,No,2nd Grade
JD Krasenstein,Darren Hutchins,1,6,2013,No,5th Grade
Curtis Stark,Brett Harrison,1,2,2013,No,3rd Grade
Chris Homer,Anthony Sinclair,1,4,2013,No,Metropolitan One Day
Damien Senge,Michael Peter,1,7,2013,No,3rd Grade
Andrew Webley,Colin Dickson,1,9,2013,No,5th Grade
Conor Breheny,Ben Stephenson,1,5,2013,No,5th Grade
Keith Zissis,Ian Wilson,1,5,2013,No,Metropolitan One Day
James Day,Graeme Pryce,1,1,2013,No,5th Grade
David Van Wees,Martin Burrow,1,4,2013,No,5th Grade
Mick Andrews,Ben Gatter,1,10,2013,No,5th Grade
James Day,Graeme Pryce,1,1,2013,No,5th Grade
David Van Wees,Martin Burrow,1,4,2013,No,5th Grade
Josh Taylor,Timothy Gailbraith,1,9,2013,No,2nd Grade
Randeep Brar,Harbhinder Sandhu,1,4,2013,No,Mercantile One Day
Clinton Reid,JD Krasenstein,1,1,2013,No,3rd Grade
JD Krasenstein,Brett Harrison,1,2,2013,No,3rd Grade
JD Krasenstein,Ben Stephenson,1,3,2013,No,3rd Grade
Ryan Barndon,Ross Baker,1,4,2013,No,2nd Grade
Paul Dickson,Jun Singh,1,4,2013,No,Metropolitan One Day
Scott Powell,Josh Copping,1,4,2013,No,3rd Grade
Kai Homer,G McMillan,1,1,2013,No,Metropolitan One Day
Anthony Sinclair,Lee Maas,1,10,2013,No,Metropolitan One Day
Kirk Howes,Russell Gerreyn,1,6,2013,No,Metropolitan One Day
Josh Copping,Kirk Howes,1,8,2013,No,3rd Grade
Adam Wreford,Tony Bassett,1,9,2013,No,2nd Grade
Josh Taylor,Tony Bassett,1,8,2013,No,2nd Grade
Chris Homer,Ben Gatter,1,3,2014,No,5th Grade
Sandeep Brar,Randeep Brar,1,1,2014,No,Metropolitan One Day
Ash Eyre,Aaron Robson,1,8,2014,No,3rd Grade
Martin Burrow,AB Goodchild,1,5,2014,No,5th Grade
Randeep Brar,Jagdeep Brar,1,3,2014,No,Metropolitan One Day
Jagdeep Brar,Devender Kumar,1,4,2014,No,Metropolitan One Day
R Amlani,Michael Peter,1,5,2014,No,8th Grade
S Gill,V Patel,1,6,2014,No,Metropolitan One Day
Karamjeet Singh,Curtis Stark,1,7,2014,No,2nd Grade
Kenneth Kelly,Chris Mok,1,8,2014,No,5th Grade
Adam Lankester,AB Goodchild,1,6,2014,No,5th Grade
Dov Morris,Kirk Howes,1,9,2014,No,2nd Grade
Lee Maas,Michael Peter,1,9,2014,No,3rd Grade
Dennis Freind,Martin Burrow,1,2,2014,No,5th Grade
C Puff,Conor Breheny,1,5,2014,No,5th Grade
Randeep Brar,D Sharma,1,9,2014,No,Metropolitan One Day
Conor Breheny,Dennis Freind,1,7,2014,No,3rd Grade
Sandeep Brar,S Gill,1,1,2014,No,Metropolitan One Day
R Gill,Harbhinder Sandhu,1,8,2014,No,Metropolitan One Day
Mandeep Sidhu,Karamdeep Brar,1,10,2014,No,Metropolitan One Day
Karamjeet Singh,Adam Wreford,1,8,2014,No,2nd Grade
Clinton Reid,Dov Morris,1,2,2014,No,2nd Grade
Bryce Alexander,David Van Wees,1,5,2014,No,8th Grade
Clinton Reid,Scott Barnard,1,1,2014,No,2nd Grade
Mandeep Sidhu,Karamdeep Brar,1,10,2014,No,Metropolitan One Day
Adam Lankester,Conor Breheny,1,4,2014,No,5th Grade
Mandeep Singh,Karamjeet Singh,1,6,2014,No,2nd Grade
Anthony Sinclair,Bryce Alexander,1,4,2014,No,8th Grade
Randeep Brar,Gurpreet Sidhu,1,4,2014,No,Metropolitan One Day
Scott Barnard,Karamjeet Singh,1,1,2014,No,2nd Grade
Keith Zissis,Paul Dickson,1,3,2014,No,8th Grade
Paul Dickson,Dennis Freind,1,4,2014,No,8th Grade
Chris Homer,Chris Mok,1,4,2014,No,5th Grade
Scott Powell,Clinton Reid,1,1,2014,No,3rd Grade
Jake Finney,Leon Burrows,1,2,2014,No,2nd Grade
Randeep Brar,Mandeep Singh,1,4,2014,No,Metropolitan One Day
Sandeep Brar,Happee Boparai,1,1,2014,No,Metropolitan One Day
AB Goodchild,Gino Giamboi,1,9,2014,No,8th Grade
Scott Barnard,Brendan Miller,1,3,2015,No,2nd Grade
Ranjit Singh,Goppi Singh,1,1,2015,No,9th Grade
Karamjeet Singh,Leon Burrows,1,5,2015,No,2nd Grade
P Rados,DA Allsop,1,7,2015,No,9th Grade
P Rados,Z Taylor,1,9,2015,No,7th Grade
Karamjeet Singh,Ian Wilson,1,3,2015,No,2nd Grade
Gurpreet Sidhu,K Natraj,1,4,2015,No,6th Grade
B Le Cras,Darren Stride,1,7,2015,No,9th Grade
Curtis Stark,Scott Barnard,1,2,2015,No,4th Grade
Sandeep Brar,Clinton Reid,1,7,2015,No,4th Grade
Clinton Reid,Tony Bassett,1,8,2015,No,4th Grade
Grant Carslake,Darren Stride,1,10,2015,No,9th Grade
Dennis Freind,Tom Condello,1,10,2015,No,7th Grade
Scott Barnard,Karamjeet Singh,1,5,2015,No,2nd Grade
Conor Breheny,K Natraj,1,7,2015,No,9th Grade
Aaron Robson,Ashley Edwards,1,10,2015,No,4th Grade
Brendan Miller,Clinton Reid,1,7,2015,No,4th Grade
Jun Singh,Martin Burrow,1,4,2015,No,9th Grade
Keith Zissis,K Symons,1,1,2015,No,7th Grade
Darren Stride,GA Carslake,1,10,2015,No,9th Grade
J Moran,Jun Singh,1,2,2015,No,9th Grade
Tom Condello,Robbie Edwards,1,10,2015,No,7th Grade
Michael Mani,Adam Wreford,1,9,2015,No,2nd Grade
Adam Lankester,Sam Finnigan,1,3,2015,No,4th Grade
Ian Wilson,Sandeep Brar,1,6,2015,No,2nd Grade
Garath Van Der Elst,Jun Singh,1,2,2015,No,9th Grade
Timothy Gailbraith,R Singhal,1,1,2015,No,6th Grade
Dov Morris,Sandeep Brar,1,2,2015,No,2nd Grade
Sandeep Brar,Ian Wilson,1,3,2015,No,2nd Grade
A Malik,Sam Finnigan,1,7,2016,No,3rd Grade
Garath Van Der Elst,Mandeep Singh,1,4,2016,No,5th Grade
Brendan Millar,M Munish,1,4,2016,No,3rd Grade
Garath Van Der Elst,Chris Mok,1,1,2016,No,5th Grade
R Rajana,A Samsheer,1,6,2016,No,Metropolitan One Day
R Rajana,D Roshun Ali,1,7,2016,No,Metropolitan One Day
J Rudrapuriaa,Y Rai,1,9,2016,No,Metropolitan One Day
D Truslove,L Ashforth,1,6,2016,No,9th Grade
Brad Walker,Karamdeep Brar,1,8,2016,No,5th Grade
Brad Walker,Mandeep Singh,1,3,2016,No,5th Grade
K Natraj,R Singhal,1,4,2016,No,Metropolitan One Day
Kirk Howes,Adam Wreford,1,10,2016,No,1st Grade
Chris Mok,Ashley Edwards,1,10,2016,No,3rd Grade
Keith Zissis,Anthony Sinclair,1,7,2016,No,6th Grade
James Ditchburn,AB Kalimeris,1,9,2016,No,9th Grade
Kirk Howes,Adam Wreford,1,9,2016,No,1st Grade
R Singhal,Karamdeep Brar,1,9,2016,No,5th Grade
R Singhal,Y Rai,1,10,2016,No,5th Grade
Brad Walker,Tyrone Allen,1,3,2016,No,3rd Grade
Cameron Lee,D Bowman,1,7,2016,No,9th Grade
C Vaidya,Brad Walker,1,4,2016,No,5th Grade
Brad Walker,R Singhal,1,5,2016,No,5th Grade
Darren Johnson,Karamjeet Singh,1,6,2016,No,1st Grade
David Van Wees,Keith Zissis,1,4,2016,No,6th Grade
Darren Stride,Robbie Edwards,1,10,2016,No,6th Grade
Ryan Barndon,Karamjeet Singh,1,5,2016,No,1st Grade
Tony Bassett,Ashley Edwards,1,10,2016,No,3rd Grade
Clinton Reid,Darren Johnson,1,2,2016,No,3rd Grade
Jun Singh,AB Goodchild,1,2,2016,No,6th Grade
Chris Mok,Tyrone Allen,1,7,2016,No,3rd Grade
K Murthy Dhansing,Balram Chahal,1,7,2016,No,5th Grade
JD Krasenstein,Courtney Swift,1,4,2016,No,9th Grade
Grant Carslake,Robbie Edwards,1,9,2017,Yes,3rd Grade
Jun Singh,Garath Van Der Elst,1,3,2017,No,7th Grade
Karamjeet Singh,Adam Wreford,1,8,2017,No,1st Grade
Clinton Reid,Darren Johnson,1,2,2017,No,1st Grade
C Singh,TW DeRozario,1,7,2017,No,5th Grade
Tom Condello,B Le Cras,1,8,2017,No,3rd Grade
Karamjeet Singh,Leon Burrows,1,9,2017,No,1st Grade
Phillip Ross,Adam Wreford,1,9,2017,No,1st Grade
Karamjeet Singh,Adam Borrett,1,10,2017,No,1st Grade
R Singhal,G Minhas,1,1,2017,No,5th Grade
G Fawell,Anthony Sinclair,1,8,2017,No,7th Grade
Russell Normoyle,James Ditchburn,1,5,2017,No,3rd Grade
David Van Wees,Craig Bennett,1,1,2017,No,7th Grade
S Gill,R Singhal,1,5,2017,No,5th Grade
Ryan Barndon,W Roberts Wiseman,1,7,2017,No,1st Grade
David Van Wees,Paul Maindok,1,2,2017,No,7th Grade
Ryan Barndon,Brendan Millar,1,7,2017,No,1st Grade
Scott Barnard,Ryan Barndon,1,5,2017,No,1st Grade
Curtis Stark,Alex Cox,1,2,2017,No,3rd Grade
Ross Baker,Darren Stride,1,9,2017,No,3rd Grade
Chris Mok,Dennis Freind,1,10,2017,No,7th Grade
R Singhal,Karamdeep Brar,1,10,2018,Yes,4th Grade
Jun Singh,Sam Finnigan,1,6,2018,No,2nd Grade
Raghu Sharma,Jun Singh,1,7,2018,No,Mercantile One Day
Raghu Sharma,Karamdeep Brar,1,8,2018,No,4th Grade
Mark Sinclair,Jun Singh,1,7,2018,No,Mercantile One Day
Cameron Lee,R Singhal,1,2,2018,No,4th Grade
Brett Harrison,David Van Wees,1,7,2018,No,Mercantile One Day
Mark Sinclair,Kai Homer,1,4,2018,No,Mercantile One Day
C Vaidya,Karamdeep Brar,1,9,2018,No,4th Grade
Mandeep Singh,C Tilley,1,8,2018,No,4th Grade
Keith Zissis,Brett Harrison,1,4,2018,No,Mercantile One Day
Keith Zissis,David Van Wees,1,7,2018,No,Mercantile One Day
Russell Normoyle,Sam Finnigan,1,7,2018,No,2nd Grade
Darren Stride,Goppi Singh,1,9,2018,No,Mercantile One Day
S Gill,Mandeep Singh,1,5,2018,No,4th Grade
Ryan Barndon,Kai Homer,1,4,2018,No,2nd Grade
Ryan Barndon,Paul Maindok,1,5,2018,No,2nd Grade
Hayden Candy,Brett Harrison,1,6,2018,No,Mercantile One Day
Paul Maindok,Clinton Reid,1,2,2018,No,Mercantile One Day
Hayden Candy,Mark Sinclair,1,5,2018,No,Mercantile One Day
Garath Van Der Elst,Jun Singh,1,1,2018,No,4th Grade
Grant Carslake,S Pawday,1,10,2019,Yes,3rd Grade
Cameron Lee,Darren Stride,1,6,2019,Yes,C Division One Day Grade
I  CHAHAL,Karamdeep Brar,1,9,2019,Yes,5th Grade
Tom Condello,G Fawell,1,9,2019,Yes,C Division One Day Grade
Sam Finnigan,Chris Mok,1,9,2019,No,B Division One Day Grade
Happee Boparai,Jagdeep Brar,1,6,2019,No,5th Grade
David Lenane,W Abbas,1,8,2019,No,B Division One Day Grade
Geoff Colgan,Brett Harrison,1,4,2019,No,B Division One Day Grade
Randeep Brar,Jagdeep Brar,1,7,2019,No,5th Grade
S Gill,I  CHAHAL,1,7,2019,No,5th Grade
Darren Stride,TW DeRozario,1,10,2019,No,C Division One Day Grade
Clinton Reid,Darren Stride,1,9,2019,No,C Division One Day Grade
Cameron Lee,Randeep Brar,1,5,2019,No,5th Grade
Happee Boparai,Jun Singh,1,3,2019,No,5th Grade
Graeme Angwin,David Hallows,1,6,2019,No,B Division One Day Grade
Paul Maindok,B Jolley,1,9,2019,No,3rd Grade
Curtis Stark,Ryan Barndon,1,2,2019,No,3rd Grade
Bikram Singh,Gurdeep Singh,1,5,2019,No,5th Grade
DA Allsop,Chris Mok,1,9,2019,No,B Division One Day Grade
Paul McNamara,Darren Young,1,2,2019,No,B Division One Day Grade
Duane Crombie,Nilan Chandratilake,1,2,2019,No,C Division One Day Grade
J Kendall,Ziiyad Salle,1,9,2019,No,C Division One Day Grade
J Kendall,Darren Stride,1,4,2019,No,C Division One Day Grade
Paul Maindok,Daniel Sims,1,2,2019,No,C Division One Day Grade
Darren Stride,Karamdeep Brar,1,7,2019,No,C Division One Day Grade
Raghu Sharma,A Corrie,1,7,2019,No,3rd Grade
Dov Morris,Raghu Sharma,1,4,2019,No,3rd Grade
Clinton Reid,Darren Stride,1,6,2019,No,C Division One Day Grade
Clinton Reid,Hayden Candy,1,3,2019,No,C Division One Day Grade
J Kendall,Nilan Chandratilake,1,1,2019,No,E Division One Day Grade
Clinton Reid,Daniel Sims,1,2,2019,No,C Division One Day Grade
S Gill,Gurdeep Singh,1,8,2019,No,5th Grade
Cameron Lee,R Singhal,1,3,2019,No,C Division One Day Grade
AJ Aslam,John Taylor,1,3,2019,No,B Division One Day Grade
Darren Young,Jun Singh,1,6,2019,No,B Division One Day Grade
J Trichilo,Sajan Hanjra,1,1,2019,No,E Division One Day Grade
W Abbas,Geoff Colgan,1,2,2019,No,B Division One Day Grade
Clinton Reid,Daniel Sims,1,3,2019,No,C Division One Day Grade
Brett Harrison,John Taylor,1,4,2020,Yes,E Division One Day Grade
Jagdeep Brar,Nirbhai Sohi,1,9,2020,Yes,A Division One Day Grade
J Galhena,Dan Leatham,1,8,2020,No,B Division One Day Grade
Ash Yadav,Bikram Singh,1,4,2020,No,A Division One Day Grade
Grant Carslake,Gurdeep Singh,1,4,2020,No,F Division One Day Grade
Ross Baker,Bikram Singh,1,6,2020,No,A Division One Day Grade
Ryan Barndon,Gurpreet Brar,1,7,2020,No,B Division One Day Grade
John Taylor,Adam Wreford,1,7,2020,No,E Division One Day Grade
Nilan Chandratilake,Justin Kickett,1,1,2020,No,F Division One Day Grade
Nilan Chandratilake,Sajan Hanjra,1,2,2020,No,F Division One Day Grade
Sajan Hanjra,Chris Popoff,1,3,2020,No,F Division One Day Grade
Sajan Hanjra,David Van Wees,1,4,2020,No,F Division One Day Grade
Sajan Hanjra,Bruce Stark,1,5,2020,No,F Division One Day Grade
Bruce Stark,Grant Carslake,1,6,2020,No,F Division One Day Grade
Bruce Stark,Tom Condello,1,7,2020,No,F Division One Day Grade
Tom Condello,Darren Franklin,1,8,2020,No,F Division One Day Grade
Tom Condello,Ziiyad Salle,1,9,2020,No,F Division One Day Grade
Tom Condello,Joe Morgan,1,10,2020,No,F Division One Day Grade
Adam Wreford,H Beasy,1,8,2020,No,E Division One Day Grade
J Naidoo,C Breheny,1,3,2020,No,E Division One Day Grade
Curtis Stark,Ross Baker,1,4,2020,No,A Division One Day Grade
Dov Morris,Gurpreet Brar,1,7,2020,No,B Division One Day Grade
Chris Popoff,O Cranny,1,4,2020,No,F Division One Day Grade
Nilan Chandratilake,Chris Popoff,1,3,2020,No,F Division One Day Grade
Cameron Lee,Hayden Candy,1,3,2020,No,B Division One Day Grade
Ash Yadav,A Singh,1,2,2020,No,A Division One Day Grade
Chris Popoff,Tom Condello,1,10,2020,No,F Division One Day Grade
Davis Bode,Ash Yadav,1,1,2021,No,A Division One Day Grade
Scott Barnard,Jun Singh,1,2,2021,No,B Division One Day Grade
Paul Holmes,Hayden Candy,1,4,2021,No,E Division One Day Grade
Scott Bretland,Duane Crombie,1,4,2021,No,G Division One Day Grade
Jun Singh,J Galhena,1,3,2021,No,B Division One Day Grade
Ash Yadav,Chris Mok,1,2,2021,No,A Division One Day Grade
Dan Leatham,Gurpreet Brar,1,7,2021,No,E Division One Day Grade
Ash Yadav,Davis Bode,1,1,2021,No,A Division One Day Grade
Ash Yadav,Nirbhai Sohi,1,1,2021,No,A Division One Day Grade
Nirbhai Sohi,Samuel Freind,1,2,2021,No,A Division One Day Grade
Nilan Chandratilake,Nathan Hearnes,1,3,2021,No,E Division One Day Grade
G Singh,Darren Johnson,1,6,2021,No,B Division One Day Grade
Gavin Doull,Bruce Stark,1,6,2021,No,G Division One Day Grade
Garath Van Der Elst,Thanuja Jayakodi Arachchige,1,6,2021,No,G Division One Day Grade
Tom Condello,Mandeep Singh,1,10,2021,No,G Division One Day Grade
Tom Condello,Mandeep Singh,1,10,2021,No,G Division One Day Grade
Clinton Reid,Jun Singh,1,5,2021,No,B Division One Day Grade
Clinton Reid,G Singh,1,6,2021,No,B Division One Day Grade
G Singh,Brett Harrison,1,6,2021,No,B Division One Day Grade
Gavin Doull,Parminder Sandhu,1,1,2021,No,G Division One Day Grade
Gavin Doull,Aaron Robson,1,7,2021,No,G Division One Day Grade
Keith Zissis,Dan Leatham,1,1,2021,No,E Division One Day Grade
Darren Johnson,Ryan Barndon,1,4,2021,No,B Division One Day Grade
Davis Bode,Mandeep Singh,1,4,2021,No,A Division One Day Grade
Samuel Freind,Thanuja Jayakodi Arachchige,1,10,2022,Yes,A Division One Day Grade
Ross Baker,Nilan Chandratilake,1,4,2022,No,B Division One Day Grade
Clinton Reid,Courtney Swift,1,1,2022,No,D Division One Day Grade
Nilan Chandratilake,Adam Duffy,1,1,2022,No,G Division One Day Grade
Scott Bretland,Brayden Barnes,1,6,2022,No,G Division One Day Grade
Nilan Chandratilake,Scott Bretland,1,3,2022,No,G Division One Day Grade
Chris Popoff,Scott Bretland,1,3,2022,No,G Division One Day Grade
Vishnu Rajendran,Garath Van Der Elst,1,7,2022,No,D Division One Day Grade
Phillip Ross,Tony Bassett,1,7,2022,No,B Division One Day Grade
Cameron Lee,Garath Van Der Elst,1,1,2022,No,D Division One Day Grade
Garath Van Der Elst,Dan Leatham,1,2,2022,No,D Division One Day Grade
Garath Van Der Elst,Robbie Edwards,1,10,2022,No,D Division One Day Grade
Joe Morgan,Danny Toohey,1,10,2022,No,G Division One Day Grade
Nirbhai Sohi,Davis Bode,1,6,2022,No,A Division One Day Grade
Davis Bode,Adam Wreford,1,8,2022,No,A Division One Day Grade
Ash Yadav,Raghu Sharma,1,4,2022,No,A Division One Day Grade
Nirbhai Sohi,Raghu Sharma,1,2,2022,No,A Division One Day Grade
Davis Bode,Samuel Freind,1,8,2022,No,A Division One Day Grade
Alex Hall,Aaron Robson,1,4,2022,No,G Division One Day Grade
Alex Hall,Darren Franklin,1,5,2022,No,G Division One Day Grade
Curtis Stark,WI Drummond,1,2,2022,No,B Division One Day Grade
Curtis Stark,Darren Johnson,1,3,2022,No,B Division One Day Grade
Raghu Sharma,Mandeep Singh,1,3,2022,No,A Division One Day Grade
Curtis Stark,Ryan Barndon,1,2,2022,No,B Division One Day Grade
Jun Singh,Duane Crombie,1,3,2022,No,G Division One Day Grade
Pankaj Dhall,John Taylor,1,6,2022,No,A Division One Day Grade
Ross Baker,Russell Normoyle,1,4,2022,No,B Division One Day Grade
Hayden Candy,Dennis Freind,1,9,2023,Yes,C Division One Day Grade
Gurdeep Singh,Vijay Lather,1,9,2023,No,A Division One Day Grade
Gurdeep Singh,Thanuja Jayakodi Arachchige,1,10,2023,No,A Division One Day Grade
Nathan Hearnes,Ross Baker,1,5,2023,No,B Division One Day Grade
Glenn Welton,Darren Johnson,1,4,2023,No,B Division One Day Grade
Kai Homer,Aum Patni,1,4,2023,No,C Division One Day Grade
Scott Bretland,Gurpreet Brar,1,2,2023,No,I Division One Day Grade
Scott Bretland,Grant Carslake,1,5,2023,No,I Division One Day Grade
Chris Popoff,Nilan Chandratilake,1,4,2023,No,I Division One Day Grade
Chris Popoff,Bruce Stark,1,8,2023,No,I Division One Day Grade
Gurdeep Singh,Bikram Singh,1,6,2023,No,A Division One Day Grade
Gurdeep Singh,Nirbhai Sohi,1,4,2023,No,A Division One Day Grade
Adam Duffy,Chris Popoff,1,1,2023,No,I Division One Day Grade
Chris Popoff,Scott Bretland,1,2,2023,No,I Division One Day Grade
Paul Holmes,Daniel Lambrinidis,1,9,2023,No,C Division One Day Grade
Cameron Lee,Jun Singh,1,3,2023,No,C Division One Day Grade
Nirbhai Sohi,Happee Boparai,1,5,2023,No,A Division One Day Grade
Ryan Barndon,Bikram Singh,1,6,2023,No,A Division One Day Grade
Hayden Candy,Ryker Newman,1,6,2023,No,C Division One Day Grade
Chris Popoff,Duane Crombie,1,2,2023,No,I Division One Day Grade
Bikram Singh,Kirk Howes,1,10,2023,No,A Division One Day Grade
Ryker Newman,Curtis Stark,1,3,2023,No,C Division One Day Grade
Vinit Kumar,Kirk Howes,1,9,2023,No,A Division One Day Grade
Glenn Welton,Russell Normoyle,1,1,2023,No,B Division One Day Grade
Tony Bassett,Ben McInnes,1,10,2023,No,B Division One Day Grade
Jun Singh,Phillip Ross,1,8,2023,No,C Division One Day Grade
Jun Singh,Aroan Ajayakumar,1,9,2023,No,C Division One Day Grade
Jun Singh,Hayden Candy,1,7,2023,No,C Division One Day Grade
Kirk Howes,Nirbhai Sohi,1,4,2023,No,A Division One Day Grade
Adam Duffy,Chris Popoff,1,1,2023,No,I Division One Day Grade
Hayden Candy,Aroan Ajayakumar,1,10,2023,No,C Division One Day Grade
Cameron Lee,Curtis Stark,1,3,2023,No,C Division One Day Grade
Ross Baker,Adam Wreford,1,7,2023,No,B Division One Day Grade
Ashan Udeshitha,Robbie Edwards,1,10,2024,No,C Division One Day Grade
James Knapton,Cooper Ilich King,1,1,2024,No,H Division One Day Grade
Samuel Freind,Curtis Stark,1,1,2024,No,C Division One Day Grade
Curtis Stark,Dov Morris,1,2,2024,No,C Division One Day Grade
Bradley Younger,Daniel Sims,1,2,2024,No,C Division One Day Grade
Kevin Bishop,Ian Glover,1,10,2024,No,I Division One Day Grade
Nathan Hearnes,David Cameron,1,5,2024,No,A Division One Day Grade
Alex Hall,Bruce Stark,1,6,2024,No,I Division One Day Grade
Scott Barnard,David Cameron,1,1,2024,No,A Division One Day Grade
Clinton Reid,Robbie Edwards,1,3,2024,No,C Division One Day Grade
Moran Robert Dedman Nielsen,Robbie Edwards,1,10,2024,No,C Division One Day Grade
Curtis Stark,Vishnu Rajendran,1,5,2024,No,C Division One Day Grade
Hayden Young,Clinton Reid,1,1,2024,No,C Division One Day Grade
Ryker Newman,Brett Harrison,1,3,2024,No,C Division One Day Grade
Daniel Sims,Phillip Ross,1,9,2024,No,A Division One Day Grade
Rusiru Pitiyage,Mohamed Zainudeen,1,1,2025,No,H Division One Day Grade
Aaron Robson,Raguvaran Sukumar,1,5,2025,No,I Division One Day Grade
Scott Bretland,Darren Franklin,1,4,2025,No,I Division One Day Grade
Shishpal Rana,Mandeep Grewal,1,6,2025,No,I Division One Day Grade
Darren Franklin,Gino Giamboi,1,9,2025,No,I Division One Day Grade
Ross Baker,Ryan Barndon,1,8,2025,No,A Division One Day Grade
Glenn Welton,Dov Morris,1,2,2025,No,A Division One Day Grade
Prabud Peduru Hewa,Prashan Herath,1,9,2025,No,H Division One Day Grade
Saliya Widanagamage,Manoj jayawardena,1,3,2025,No,H Division One Day Grade
Lakmal Madushanka Madawala Maddumage Don,Vihanga Silva,1,6,2025,No,H Division One Day Grade
Aiyush Suhasaria,Ross Baker,1,5,2025,No,A Division One Day Grade
Kusal Walliwala Gamage,Manula Rajakaruna,1,9,2025,No,H Division One Day Grade
Vihanga Silva,Nuwan Jayathma Liyanaarachchi Liyana Arachchige,1,8,2025,No,H Division One Day Grade
Tom Condello,Keith Zissis,1,7,2025,No,D Division One Day Grade
Davis Bode,Curtis Stark,1,2,2025,No,A Division One Day Grade
Ross Baker,Jordan Egan,1,5,2025,No,A Division One Day Grade
Dennis Freind,Robbie Edwards,1,9,2025,No,D Division One Day Grade
Darren Franklin,Mandeep Grewal,1,9,2025,No,I Division One Day Grade
Nilan Chandratilake,Dane Peake,1,4,2025,No,I Division One Day Grade
Harry Varis,Dave Cosson,0,9,1963,No,1st Grade
C Hayes,Brian France,0,3,1963,No,1st Grade
Geoff Hamel,F Woods,0,8,1963,No,1st Grade
Dave Ralston,Geoff Hamel,0,4,1963,No,1st Grade
Geoff Hamel,N Hepbard,0,5,1963,No,1st Grade
Geoff Hamel,Dave Cosson,0,6,1963,No,1st Grade
Brian Buttsworth,Dave Ralston,0,2,1963,No,1st Grade
Fred Buttsworth,Barry Armstrong,0,10,1963,No,1st Grade
Fred Buttsworth,Dave Cosson,0,8,1963,No,1st Grade
Brian France,Fred Buttsworth,0,4,1963,No,1st Grade
Brian Buttsworth,Raymond Scott,0,1,1963,No,1st Grade
Keith Randell,Brian France,0,9,1964,No,1st Grade
Dave Cosson,Barry Armstrong,0,4,1964,No,1st Grade
Keith Randell,Brian France,0,9,1964,No,1st Grade
Brian France,Brian Buttsworth,0,3,1964,No,1st Grade
Barry Armstrong,Harry Varis,0,6,1964,No,1st Grade
Keith Randell,Barry Armstrong,0,7,1964,No,1st Grade
Kevin Lock,Dave Cosson,0,10,1964,No,1st Grade
Harry Varis,Alan Wilkins,0,6,1965,Yes,1st Grade
Keith Randell,Bert Smith,0,4,1965,No,1st Grade
Keith Randell,Brian Henville,0,4,1965,No,1st Grade
Brian Buttsworth,A Green,0,2,1965,No,1st Grade
Brian Henville,A Green,0,1,1966,No,1st Grade
A Green,Rob Wheeler,0,2,1966,No,1st Grade
Keith Randell,T Robertson,0,6,1966,No,1st Grade
G Ashworth,Brian Henville,0,5,1966,No,1st Grade
Brian Buttsworth,Ralph Brockman,0,2,1966,No,1st Grade
Ralph Brockman,G Ashworth,0,4,1966,No,1st Grade
T Robertson,G Ashworth,0,6,1966,No,1st Grade
Alan Wilkins,Bert Smith,0,4,1966,No,1st Grade
Peter MacDonald,Bill Bridges,0,1,1979,No,1st Grade
Bill Bridges,Adrian Scott,0,2,1979,No,1st Grade
Ken Cardy,Bill Bridges,0,1,1979,No,1st Grade
Graham Butler,Dennis Freind,0,4,1992,No,1st Grade
Dennis Freind,R Campbell,0,9,1992,No,1st Grade
Dennis Freind,Ian Blake,0,2,1992,No,1st Grade
Phil Greatrix,Colin Gotch,0,6,1992,No,1st Grade
Graham Butler,Shane Ferdinadus,0,5,1992,No,1st Grade
Ian Blake,Shane Ferdinadus,0,6,1992,No,1st Grade
Justin Fisher,Phil Greatrix,0,1,1992,No,1st Grade
Damien Sheridan,David Separovic,0,10,1992,No,1st Grade
Colin Gotch,Shane Lee,0,7,1992,No,1st Grade
Shane Lee,Chris Dobson,0,8,1992,No,1st Grade
Dennis Freind,Damian Thompson,0,3,1992,No,1st Grade
Cameron Briscoe,Justin Fisher,0,5,1992,No,1st Grade
Gregory Fahl,Gary Chivers,0,1,1993,No,1st Grade
Paul McNamara,Ian Price,0,5,1993,No,1st Grade
Paul McNamara,Ian Blake,0,6,1993,No,1st Grade
Shane Ferdinadus,Peter McSweeney,0,5,1993,No,1st Grade
Shane Ferdinadus,Dennis Freind,0,6,1993,No,1st Grade
Ron Gillespie,Ian Price,0,5,1993,No,1st Grade
Justin Fisher,Gary Chivers,0,1,1993,No,1st Grade
Ian Blake,Dennis Freind,0,6,1993,No,1st Grade
Dennis Freind,Ian Blake,0,2,1993,No,1st Grade
Justin Fisher,Ward Bond,0,4,1993,No,1st Grade
Robert Bond,Paul McNamara,0,10,1994,Yes,1st Grade
Gary Chivers,Dennis Freind,0,2,1994,No,1st Grade
Paul McNamara,Gary Chivers,0,7,1994,No,1st Grade
Dennis Freind,Paul McNamara,0,6,1994,No,1st Grade
Graham Butler,Gary Freind,0,2,1994,No,1st Grade
Gary Freind,Dennis Freind,0,3,1994,No,1st Grade
Dennis Freind,Ron Gillespie,0,4,1994,No,1st Grade
Paul Dickson,Gary Freind,0,8,1994,No,1st Grade
Gary Freind,Dennis Freind,0,2,1994,No,1st Grade
Justin Fisher,Dennis Freind,0,2,1994,No,1st Grade
Dennis Freind,Graham Butler,0,3,1994,No,1st Grade
Ken Hart,Shane Ferdinadus,0,7,1994,No,1st Grade
Ken Hart,Ron Gillespie,0,4,1994,No,1st Grade
Justin Fisher,Lance Ferguson,0,7,1994,No,1st Grade
Ken Hart,Ron Gillespie,0,2,1994,No,1st Grade
Dennis Freind,Robert Fay,0,4,1995,Yes,1st Grade
Paul Dickson,Kevin Rowland,0,1,1995,No,1st Grade
Gary Freind,Adam Wright,0,8,1995,No,1st Grade
Paul Dickson,Kevin Rowland,0,1,1995,No,1st Grade
Mark Butler,Adam Wright,0,9,1995,No,1st Grade
Adam Wright,Gary Freind,0,10,1995,No,1st Grade
Ian Price,Adam Wright,0,8,1995,No,1st Grade
Robert Fay,Ian Blake,0,6,1995,No,1st Grade
Gregory Smith,Kyle Adams,0,7,1995,No,1st Grade
Paul Dickson,Geoff Colgan,0,2,1995,No,1st Grade
Paul Dickson,Ron Gillespie,0,3,1995,No,1st Grade
Dennis Freind,Paul Dickson,0,1,1995,No,1st Grade
Paul Dickson,Gregory Smith,0,2,1995,No,1st Grade
Geoff Colgan,Stephen Clarke,0,5,1995,No,1st Grade
Geoff Colgan,Chris Whyte,0,7,1995,No,1st Grade
Paul Dickson,Craig Wear,0,2,1995,No,1st Grade
David Singh,Jason Luckman,0,10,1997,Yes,Metropolitan One Day
Barry Richardson,Richard Sturgess,0,2,1997,No,Metropolitan One Day
Rick McKenna,James Bourne,0,7,1997,No,Metropolitan One Day
Paul McNamara,Paul Richardson,0,3,1997,No,5th Grade
Bruce West,Chris Henderson,0,6,1997,No,5th Grade
Chris Henderson,David Jones,0,7,1997,No,5th Grade
David Singh,Richard Sturgess,0,9,1997,No,Metropolitan One Day
Christopher Gerreyn,Tony Carrier,0,7,1997,No,3rd Grade
Terry Ward,Christopher Jebb,0,4,1997,No,3rd Grade
Mark Pearson,Courtney Swift,0,10,1997,No,3rd Grade
Trevor Craib,Jason Luckman,0,10,1997,No,Metropolitan One Day
Darren Holt,Bruce Stark,0,5,1997,No,5th Grade
Anthony Wallwork,Mark Butler,0,10,1997,No,1st Grade
Paul Dickson,Mark Butler,0,2,1997,No,1st Grade
Tim Reid,Shane Innes,0,3,1997,No,5th Grade
Graham Bowman,Andrew Sorenson,0,10,1997,No,5th Grade
Richard Sturgess,Jason Luckman,0,10,1997,No,Metropolitan One Day
Paul Dickson,Adam Bassett,0,1,1997,No,1st Grade
Chris Henderson,James Bourne,0,7,1997,No,Metropolitan One Day
Christopher Jebb,Wade Carruthers,0,6,1997,No,3rd Grade
James Bourne,Trevor Craib,0,7,1997,No,Metropolitan One Day
Chris Henderson,Doug Osborne,0,7,1997,No,7th Grade
Chris Henderson,David Gulberti,0,3,1997,No,7th Grade
Bryce Alexander,Lee Blake,0,7,1997,No,7th Grade
Bryce Alexander,Jeff West,0,10,1997,No,7th Grade
Murray Quarrell,David Singh,0,2,1997,No,Metropolitan One Day
Glenn McKinnon,Anthony Sinclair,0,10,1997,No,Metropolitan One Day
Charles Marlam,David Jones,0,8,1997,No,3rd Grade
David Jones,Tony Carrier,0,9,1997,No,3rd Grade
Tony Carrier,Darren Green,0,10,1997,No,3rd Grade
Graham Bowman,Gino Giamboi,0,8,1997,No,5th Grade
Nathan Whitney,M Colbert,0,9,1997,No,1st Grade
Dennis Freind,Adam Bassett,0,1,1997,No,1st Grade
David Moralee,R Colley,0,5,1997,No,Metropolitan One Day
Doug Osborne,Paul Richardson,0,8,1997,No,7th Grade
Craig Sherlock,Danny Toohey,0,5,1997,No,7th Grade
Darren Young,Nathan Whitney,0,8,1997,No,1st Grade
Nathan Whitney,M Colbert,0,9,1997,No,1st Grade
Paul Calcott,James Bourne,0,9,1997,No,Metropolitan One Day
Andrew Sorenson,Kim Anderson,0,10,1997,No,5th Grade
Russell Gerreyn,Gino Giamboi,0,4,1997,No,5th Grade
Brett Harris,Peter Bibby,0,7,1997,No,1st Grade
Brett Harris,Anthony Wallwork,0,8,1997,No,1st Grade
Paul McNamara,Kevin Rowland,0,3,1997,No,5th Grade
Trevor Craib,Paul Calcott,0,9,1997,No,Metropolitan One Day
Graham Bowman,Gino Giamboi,0,9,1997,No,5th Grade
Charles Marlam,Ward Bond,0,4,1997,No,3rd Grade
Chris Whyte,David Jones,0,10,1997,No,3rd Grade
John Lewis,Kevin Rowland,0,2,1997,No,5th Grade
Tony Carrier,Robert McKrill,0,10,1997,No,5th Grade
Bruce West,Barry Richardson,0,7,1997,No,5th Grade
Bruce West,Barry Richardson,0,7,1997,No,5th Grade
Shane Innes,Kevin Rowland,0,4,1997,No,5th Grade
Trevor Craib,Jason Luckman,0,8,1997,No,Metropolitan One Day
Trevor Craib,Paul Calcott,0,9,1997,No,Metropolitan One Day
Trevor Craib,David Sheppard,0,10,1997,No,Metropolitan One Day
Kim Anderson,Darren Green,0,5,1997,No,Metropolitan One Day
Mark Stevens,Lee Blake,0,2,1997,No,Metropolitan One Day
Lee Blake,Jeff West,0,3,1997,No,Metropolitan One Day
N Culbert,R McLean,0,9,1997,No,4th Grade
R Colley,Paul Calcott,0,9,1997,No,Metropolitan One Day
R Colley,James Bourne,0,10,1997,No,Metropolitan One Day
Jeff West,Andrew Sorenson,0,10,1997,No,7th Grade
Shane Innes,John Cottier,0,3,1997,No,5th Grade
Paul Dickson,Kyle Adams,0,3,1997,No,3rd Grade
Lee Blake,Len Peterson,0,5,1997,No,Metropolitan One Day
Mark Pearson,Tony Carrier,0,9,1997,No,3rd Grade
Alex Hall,James Bourne,0,10,1997,No,Metropolitan One Day
Kevin Rowland,Mick OReilly,0,2,1997,No,5th Grade
Paul Dickson,David Brooks,0,1,1997,No,3rd Grade
Bruce Stark,David Jones,0,3,1997,No,3rd Grade
Christopher Jebb,Jeff Healy,0,10,1997,No,3rd Grade
John Lewis,Craig Sherlock,0,1,1997,No,7th Grade
Christopher Jebb,Tim Reid,0,6,1997,No,3rd Grade
Jeff West,Andrew Sorenson,0,10,1997,No,7th Grade
Alex Hall,Gregory Leahy,0,10,1997,No,Metropolitan One Day
Craig Sherlock,Russell Gerreyn,0,2,1997,No,7th Grade
John Eyres,Keith DeSilva,0,4,1997,No,7th Grade
Jason Luckman,Glenn McKinnon,0,8,1997,No,Metropolitan One Day
David Moralee,Jason Luckman,0,7,1997,No,Metropolitan One Day
James Bourne,Gregory Leahy,0,10,1997,No,Metropolitan One Day
Matthew Arthurson,Anthony Burke,0,2,1997,No,1st Grade
Barry Richardson,Paul Richardson,0,8,1997,No,5th Grade
John Lewis,David Gulberti,0,5,1997,No,7th Grade
Richard Sturgess,Jeff West,0,9,1997,No,7th Grade
Gary Freind,Kevin Rowland,0,1,1997,No,5th Grade
Gary Freind,Kevin Rowland,0,1,1997,No,5th Grade
David Brooks,John Cottier,0,4,1997,No,5th Grade
David Singh,Barry Richardson,0,7,1997,No,5th Grade
Ron Gillespie,Mark Dickson,0,5,1998,No,1st Grade
Guy Welton,Bryce Alexander,0,2,1998,No,1st Grade
Len Peterson,Andrew Sorenson,0,10,1998,No,5th Grade
Barry Richardson,Shane Innes,0,2,1998,No,5th Grade
Wade Carruthers,Len Peterson,0,8,1998,No,5th Grade
John Cottier,Bruce Stark,0,3,1998,No,3rd Grade
John Cottier,Michael Petrie,0,4,1998,No,3rd Grade
Michael Petrie,Evan Standley,0,5,1998,No,3rd Grade
Mark Dickson,Brett Harris,0,7,1998,No,1st Grade
Mark Dickson,Michael Petrie,0,6,1998,No,1st Grade
Dennis Freind,Adam Bassett,0,1,1998,No,1st Grade
Craig Sherlock,A Skinner,0,3,1998,No,5th Grade
Glenn Sadler,Robert McKrill,0,9,1998,No,5th Grade
Tim Reid,Darren Green,0,10,1998,No,3rd Grade
Brett Harris,Bruce Stark,0,5,1998,No,3rd Grade
Len Peterson,Robert McKrill,0,10,1998,No,5th Grade
Dennis Freind,Kevin Rowland,0,5,1998,No,1st Grade
Graeme Dennis,Robert McKrill,0,6,1998,No,5th Grade
Malcolm Feasey,David Brooks,0,10,1998,No,5th Grade
Warren Pearson,Wade Carruthers,0,8,1998,No,3rd Grade
David Brooks,Barry Richardson,0,1,1998,No,5th Grade
Bryce Alexander,Adam Bassett,0,2,1998,No,1st Grade
Bryce Alexander,Guy Welton,0,3,1998,No,1st Grade
Guy Welton,Paul Dickson,0,4,1998,No,1st Grade
Guy Welton,Peter Bibby,0,6,1998,No,1st Grade
David Jones,Graeme Dennis,0,10,1998,No,1st Grade
Mark Delane,Malcolm Feasey,0,9,1998,No,5th Grade
Marcus Nolan,Doug Osborne,0,2,1998,No,5th Grade
Wade Carruthers,Warren Pearson,0,9,1998,No,3rd Grade
Peter Bibby,Rodney Taylor,0,4,1998,No,3rd Grade
Alex Hall,Mark Dickson,0,3,1998,No,5th Grade
Mark Butler,Graeme Dennis,0,9,1998,No,1st Grade
Gary Freind,Gino Giamboi,0,6,1998,No,5th Grade
Gino Giamboi,Mark Delane,0,7,1998,No,5th Grade
Daryl Pegrum,Gary Freind,0,4,1998,No,5th Grade
Keith DeSilva,Wade Carruthers,0,9,1998,No,3rd Grade
Keith DeSilva,Darren Green,0,10,1998,No,3rd Grade
Peter Bibby,Wade Carruthers,0,6,1998,No,3rd Grade
Peter Bibby,Darren Green,0,9,1998,No,3rd Grade
Wade Carruthers,Warren Pearson,0,9,1998,No,3rd Grade
Marcus Nolan,Mark Butler,0,8,1998,No,1st Grade
Adam Bassett,Brett Harris,0,5,1998,No,1st Grade
Warren Pearson,Andrew Sorenson,0,10,1998,No,3rd Grade
David Brooks,Tim Reid,0,3,1998,No,3rd Grade
Ron Gillespie,Paul Calcott,0,9,1998,No,5th Grade
John Lewis,Craig Sherlock,0,2,1998,No,5th Grade
Barry Richardson,Gino Giamboi,0,8,1998,No,5th Grade
Gino Giamboi,Malcolm Feasey,0,9,1998,No,5th Grade
Gino Giamboi,Courtney Swift,0,10,1998,No,5th Grade
Bryce Alexander,Mark Dickson,0,4,1998,No,3rd Grade
Bruce Stark,Joel Duschka,0,7,1998,No,3rd Grade
Bryce Alexander,Mark Dickson,0,4,1998,No,3rd Grade
Warren Pearson,John Lewis,0,8,1998,No,5th Grade
Barry Richardson,Ron Gillespie,0,5,1998,No,5th Grade
Mark Dickson,Anthony Burke,0,9,1999,Yes,1st Grade
Jason Cobb,Glenn Sadler,0,4,1999,No,5th Grade
Ross Baker,Mark Dickson,0,5,1999,No,1st Grade
Kyle Adams,Bryce Alexander,0,3,1999,No,1st Grade
Keith Manea,Shaun Woods,0,9,1999,No,3rd Grade
Bruce Stark,Bryce Alexander,0,3,1999,No,1st Grade
Nahan Phelpes,Andrew Sorenson,0,10,1999,No,5th Grade
Russell Gerreyn,Mark DMello,0,2,1999,No,5th Grade
Kyle Adams,Jason Alexander,0,1,1999,No,1st Grade
Gregory Martin,Christopher Barnes,0,6,1999,No,1st Grade
Anthony Burke,Darren Young,0,9,1999,No,1st Grade
Kyle Adams,Jason Alexander,0,1,1999,No,1st Grade
Russell Gerreyn,Len Peterson,0,2,1999,No,5th Grade
Nathan Whitney,Ryan Kershaw,0,3,1999,No,1st Grade
Ross Baker,Kyle Adams,0,7,1999,No,1st Grade
Evan Standley,Marcus Nolan,0,2,1999,No,1st Grade
John Lewis,Russell Gerreyn,0,1,1999,No,5th Grade
John Lewis,Jeremy Davis,0,2,1999,No,5th Grade
Anthony Libia,Gary Burton,0,7,1999,No,5th Grade
Bryce Alexander,Wade Carruthers,0,4,1999,No,1st Grade
Darren Holt,Bryce Alexander,0,2,1999,No,1st Grade
Dennis Freind,Darren Holt,0,2,1999,No,1st Grade
Glenn Sadler,Malcolm Feasey,0,10,1999,No,5th Grade
Evan Standley,Mark Dickson,0,7,1999,No,1st Grade
Bryce Alexander,Kyle Adams,0,1,1999,No,1st Grade
Wade Carruthers,Mark Butler,0,8,1999,No,1st Grade
Ian Blake,Mark DMello,0,7,1999,No,5th Grade
Ian Blake,Lee Blake,0,8,1999,No,5th Grade
Jason Cobb,Ian Blake,0,4,1999,No,5th Grade
Kyle Adams,Geoff Colgan,0,1,1999,No,1st Grade
Marcus Nolan,Mark Butler,0,9,1999,No,1st Grade
Jeremy Davis,Glenn Sadler,0,6,1999,No,5th Grade
Kim Anderson,Jeremy Davis,0,5,1999,No,5th Grade
Russell Gerreyn,Kim Anderson,0,4,1999,No,5th Grade
Jeremy Davis,Nahan Phelpes,0,8,1999,No,5th Grade
Gary Burton,Ian Blake,0,3,1999,No,5th Grade
Gary Burton,Sean Keating,0,2,2000,No,5th Grade
Christopher Barnes,Anthony Burke,0,10,2000,No,1st Grade
Jason Boekleman,Anthony Burke,0,10,2000,No,1st Grade
Stephen Clarke,Charles Marlam,0,4,2000,No,1st Grade
Nathan Whitney,Jason Boekleman,0,6,2000,No,1st Grade
Stephen Clarke,Darren Young,0,1,2000,No,1st Grade
Jay Holland,Anthony Burke,0,9,2000,No,1st Grade
Nathan Whitney,Jason Boekleman,0,3,2000,No,1st Grade
Gregory Martin,Ryan Kershaw,0,5,2000,No,1st Grade
Ryan Kershaw,Jason Boekleman,0,2,2000,No,1st Grade
Anthony Burke,Christopher Barnes,0,10,2000,No,1st Grade
Charles Marlam,Jay Holland,0,5,2000,No,1st Grade
Jay Holland,Christopher Barnes,0,7,2000,No,1st Grade
Ben OMera,Robbie Taylor,0,7,2001,No,1st Grade
Anthony Burke,Dennis Freind,0,10,2001,No,1st Grade
Ross Baker,Gregory Martin,0,6,2001,No,1st Grade
Geoff Colgan,Kyle Adams,0,3,2001,No,1st Grade
Kyle Adams,Ben OMera,0,4,2001,No,1st Grade
Kevin Rowland,Geoff Colgan,0,1,2001,No,1st Grade
Nathan Whitney,Anthony Burke,0,9,2001,No,1st Grade
Ross Baker,Bryce Alexander,0,5,2001,No,1st Grade
Geoff Colgan,Darren Holt,0,2,2001,No,1st Grade
Ben OMera,Gregory Martin,0,7,2001,No,1st Grade
Gregory Martin,Charles Marlam,0,8,2001,No,1st Grade
Charles Marlam,Nathan Whitney,0,9,2001,No,1st Grade
Kyle Adams,Darren Holt,0,3,2001,No,1st Grade
Chris Whyte,Anthony Burke,0,9,2001,No,1st Grade
Darren Holt,Robbie Taylor,0,3,2001,No,1st Grade
David Lenane,Nathan Whitney,0,7,2001,No,1st Grade
Stephen Clarke,Geoff Colgan,0,3,2001,No,1st Grade
Stephen Clarke,Kyle Adams,0,2,2002,No,1st Grade
Darren Young,Stephen Clarke,0,1,2002,No,1st Grade
Kevin Rowland,Graeme Angwin,0,8,2002,No,1st Grade
Robbie Taylor,Nathan Whitney,0,6,2002,No,1st Grade
Stephen Clarke,Kyle Adams,0,2,2002,No,1st Grade
Geoff Colgan,David Lenane,0,6,2002,No,1st Grade
David Lenane,Kevin Rowland,0,5,2002,No,1st Grade
Darren Holt,Nathan Whitney,0,4,2002,No,1st Grade
Anthony Burke,Robbie Taylor,0,5,2002,No,1st Grade
Anthony Burke,Darren Young,0,8,2002,No,1st Grade
Geoff Colgan,Darren Holt,0,1,2002,No,1st Grade
Darren Holt,Warren Pearson,0,2,2002,No,1st Grade
Gregory Martin,Craig Phillip,0,9,2002,No,1st Grade
Anthony Burke,Graeme Angwin,0,3,2002,No,1st Grade
David Lenane,Graeme Angwin,0,10,2002,No,1st Grade
Bryce Alexander,Geoff Colgan,0,2,2003,Yes,1st Grade
David Lenane,Warren Pearson,0,9,2003,No,1st Grade
Kyle Adams,Paul Dickson,0,3,2003,No,1st Grade
Kyle Adams,David Lenane,0,4,2003,No,1st Grade
Anthony Burke,Paul Dickson,0,1,2003,No,1st Grade
Darren Young,Craig Phillip,0,7,2003,No,1st Grade
Gregory Martin,Darren Young,0,8,2003,No,1st Grade
Kyle Adams,Bryce Alexander,0,2,2003,No,1st Grade
Kyle Adams,Glenn Andersson,0,6,2003,No,1st Grade
Mark Dickson,David Lenane,0,6,2003,No,1st Grade
David Lenane,Darren Young,0,7,2003,No,1st Grade
Darren Young,Dennis Freind,0,9,2003,No,1st Grade
Kyle Adams,Darren Young,0,7,2003,No,1st Grade
Kyle Adams,Charles Marlam,0,5,2003,No,1st Grade
Kyle Adams,Darren Young,0,7,2003,No,1st Grade
Glenn Andersson,Dennis Freind,0,10,2003,No,1st Grade
Kyle Adams,Glenn Andersson,0,6,2003,No,1st Grade
Ron Gillespie,David Lenane,0,6,2003,No,1st Grade
Bryce Alexander,Darren Holt,0,3,2003,No,1st Grade
Darren Young,Bruce Stark,0,9,2003,No,1st Grade
Glenn Andersson,Shaun Woods,0,8,2004,Yes,1st Grade
Bryce Alexander,Geoff Colgan,0,1,2004,No,1st Grade
Kyle Adams,Clayton Walsh,0,4,2004,No,1st Grade
David Hutchinson,Anthony Burke,0,9,2004,No,1st Grade
Gregory Martin,Jason Hewson,0,9,2004,No,1st Grade
Darren Young,Bruce Stark,0,4,2004,No,1st Grade
Geoff Colgan,Shaun Woods,0,2,2004,No,1st Grade
Luke Capper,Bruce Stark,0,7,2004,No,1st Grade
Darren Young,Luke Capper,0,6,2004,No,1st Grade
Geoff Colgan,Kyle Adams,0,3,2004,No,1st Grade
Glenn Andersson,Gregory Martin,0,7,2004,No,1st Grade
Gregory Martin,Anthony Burke,0,8,2004,No,1st Grade
Gregory Martin,Darren Young,0,8,2004,No,1st Grade
Gregory Martin,Jeremy Davis,0,10,2004,No,1st Grade
Bruce Stark,David Lenane,0,5,2004,No,1st Grade
Bruce Stark,Glenn Andersson,0,7,2004,No,1st Grade
David Lenane,Darren Holt,0,2,2004,No,1st Grade
Gregory Martin,Curtis Stark,0,8,2005,No,1st Grade
Mark Stevens,Russell Gerreyn,0,1,2005,No,8th Grade
Mark Stevens,John Lewis,0,2,2005,No,8th Grade
Mark Stevens,Vikram Kalaimani,0,7,2005,No,8th Grade
Sarfaraz Samnakay,Charles Marlam,0,3,2005,No,1st Grade
Bryce Alexander,Sarfaraz Samnakay,0,2,2005,No,1st Grade
Darren Young,Jeremy Davis,0,8,2005,No,1st Grade
Bryce Alexander,Ross Baker,0,4,2005,No,1st Grade
Dennis Freind,Neil Steadman,0,10,2005,No,4th Grade
Dave Wilcox,Brett Harrison,0,3,2005,No,Metropolitan One Day
Dave Wilcox,Michael Gartell,0,4,2005,No,Metropolitan One Day
Michael Gartell,Scott Powell,0,5,2005,No,Metropolitan One Day
Mark Dickson,Ashley Edwards,0,10,2005,No,4th Grade
Jason Alexander,Russell Normoyle,0,2,2005,No,4th Grade
Robbie Edwards,Grant Cross,0,10,2005,No,1st Grade
Jeremy Davis,Dennis Freind,0,8,2005,No,1st Grade
Scott Powell,David Van Wees,0,5,2005,No,Metropolitan One Day
Ryan Barndon,Kevin Rowland,0,4,2005,No,4th Grade
Ryan Barndon,Daniel Atkinson,0,5,2005,No,4th Grade
Scott Barnard,Ashley Edwards,0,10,2005,No,4th Grade
Jeff West,Ryan Barndon,0,1,2005,No,4th Grade
Daniel Atkinson,Ward Bond,0,3,2005,No,4th Grade
Anthony Burke,Bruce Stark,0,4,2005,No,1st Grade
John Lewis,Russell Gerreyn,0,1,2005,No,8th Grade
Chris Robson,Peter Bibby,0,8,2005,No,Metropolitan One Day
Brad Kimber,Dave Dewhurst,0,9,2005,No,Metropolitan One Day
Mark Dickson,Joshua Wells,0,6,2005,No,4th Grade
Andrew Symons,Ajigh RajaGopal,0,7,2005,No,8th Grade
Andrew Symons,Raebern DSylva,0,3,2005,No,8th Grade
Jeff West,Bruce West,0,2,2005,No,Metropolitan One Day
Glenn Andersson,Vikram Kalaimani,0,4,2005,No,8th Grade
Kevin Rowland,Darren Young,0,2,2005,No,1st Grade
Darren Young,Curtis Stark,0,5,2005,No,1st Grade
Courtney Swift,Satish Krishnan,0,9,2005,No,8th Grade
Matthew Sorensen,Vikram Kalaimani,0,9,2005,No,8th Grade
Neil Steadman,Felix Machado,0,5,2005,No,8th Grade
Tariq Haroon,Curtis Stark,0,4,2005,No,1st Grade
Anthony Burke,Andre Gabriel,0,9,2005,No,1st Grade
Robbie Edwards,Peter Westgate,0,10,2005,No,4th Grade
Joshua Wells,Robbie Edwards,0,7,2005,No,4th Grade
Russell Normoyle,Joshua Wells,0,4,2005,No,4th Grade
David Van Wees,Aaron Robson,0,7,2005,No,Metropolitan One Day
Bruce Stark,Curtis Stark,0,4,2005,No,4th Grade
Robbie Edwards,Jay Hindmarsh,0,10,2005,No,4th Grade
Gregory Martin,Jeremy Davis,0,8,2005,No,1st Grade
Aaron Robson,James Vellios,0,9,2005,No,Metropolitan One Day
Justin Davis,Joshua Wells,0,7,2005,No,4th Grade
Scott Powell,Brad Kimber,0,9,2005,No,Metropolitan One Day
Brett Harrison,Chris Robson,0,2,2005,No,Metropolitan One Day
Jason Carlyon,Raebern DSylva,0,3,2005,No,8th Grade
Anthony Burke,Kevin Rowland,0,2,2005,No,1st Grade
Felix Machado,Neil Steadman,0,8,2005,No,8th Grade
Jeff West,Russell Gerreyn,0,2,2005,No,8th Grade
David Van Wees,Satish Krishnan,0,8,2005,No,8th Grade
Bryce Alexander,Geoff Colgan,0,5,2005,No,1st Grade
Bruce West,Jason Alexander,0,4,2005,No,4th Grade
Curtis Stark,Russell Normoyle,0,7,2005,No,4th Grade
Russell Normoyle,Jay Hindmarsh,0,10,2005,No,4th Grade
Scott Barnard,Gino Giamboi,0,9,2005,No,4th Grade
Russell Gerreyn,Felix Machado,0,5,2005,No,8th Grade
Russell Gerreyn,Darren Hutchins,0,6,2005,No,8th Grade
Darren Young,Andre Gabriel,0,9,2005,No,1st Grade
Dennis Freind,Gino Giamboi,0,9,2005,No,4th Grade
Anthony Libia,Kevin Rowland,0,1,2005,No,1st Grade
Anthony Libia,Sharjeel Ashraf,0,2,2005,No,1st Grade
Anthony Libia,Tariq Haroon,0,3,2005,No,1st Grade
Russell Normoyle,Jeremy Davis,0,10,2005,No,1st Grade
Alan McGuinness,Anthony Morgan,0,3,2005,No,Metropolitan One Day
Scott Powell,Aaron Robson,0,5,2005,No,Metropolitan One Day
Neil Steadman,Ajigh RajaGopal,0,7,2005,No,8th Grade
Charles Marlam,Andrew Symons,0,2,2005,No,4th Grade
David Van Wees,Anthony Morgan,0,9,2005,No,Metropolitan One Day
Chris Robson,Alan McGuinness,0,4,2005,No,Metropolitan One Day
Scott Barnard,Robbie Edwards,0,7,2005,No,4th Grade
Jason Carlyon,Ajigh RajaGopal,0,9,2005,No,8th Grade
Jason Alexander,Robbie Edwards,0,5,2005,No,4th Grade
Russell Gerreyn,Felix Machado,0,5,2005,No,8th Grade
Curtis Stark,Russell Normoyle,0,9,2005,No,1st Grade
David Van Wees,Brad Kimber,0,10,2005,No,Metropolitan One Day
Brett Harrison,Michael Gartell,0,1,2005,No,Metropolitan One Day
Anthony Morgan,Alan McGuinness,0,6,2005,No,Metropolitan One Day
Jason Carlyon,Russell Gerreyn,0,8,2005,No,8th Grade
Raebern DSylva,Glenn Andersson,0,2,2005,No,8th Grade
Vikram Kalaimani,Courtney Swift,0,2,2005,No,8th Grade
Bruce Stark,Kevin Rowland,0,1,2005,No,1st Grade
Geoff Colgan,Kevin Rowland,0,5,2005,No,1st Grade
Gregory Martin,Mark Dickson,0,3,2005,No,1st Grade
Anthony Libia,Ryan Barndon,0,2,2005,No,4th Grade
Anthony Libia,Jason Alexander,0,4,2005,No,4th Grade
Anthony Libia,Gino Giamboi,0,5,2005,No,4th Grade
Michael Gartell,Brett Harrison,0,1,2005,No,Metropolitan One Day
Jeff Stephenson,Christopher Jebb,0,4,2006,No,8th Grade
Len Peterson,Courtney Swift,0,10,2006,No,8th Grade
Daryl Pegrum,Ashley Edwards,0,9,2006,No,5th Grade
Daryl Pegrum,Simon Borrett,0,10,2006,No,5th Grade
Ben Santoro,Danny Wildman,0,4,2006,No,8th Grade
Danny Wildman,Michael Gartell,0,5,2006,No,8th Grade
Dennis Freind,Gino Giamboi,0,7,2006,No,2nd Grade
Jason Carlyon,Neil Steadman,0,7,2006,No,8th Grade
Len Peterson,Jarrod Worth,0,2,2006,No,8th Grade
Scott Barnard,Ryan Barndon,0,4,2006,No,5th Grade
Darren Hutchins,Robbie Edwards,0,8,2006,No,5th Grade
Ryan Barndon,Ajigh RajaGopal,0,6,2006,No,5th Grade
David Van Wees,Kevin Rowland,0,1,2006,No,2nd Grade
David Van Wees,Bryce Alexander,0,2,2006,No,2nd Grade
Dennis Freind,Gino Giamboi,0,10,2006,No,2nd Grade
Mark Stevens,Jason Dewar,0,7,2006,No,8th Grade
Robbie Edwards,Simon Borrett,0,9,2006,No,5th Grade
Christopher Jebb,Darren Hutchins,0,6,2006,No,5th Grade
Anthony Libia,Gino Giamboi,0,10,2006,No,2nd Grade
Scott Powell,Anthony Libia,0,7,2006,No,2nd Grade
Dennis Freind,David Van Wees,0,3,2006,No,2nd Grade
David Van Wees,Cassis Van Wees,0,9,2006,No,5th Grade
Neil Steadman,Satish Krishnan,0,10,2006,No,8th Grade
Ben Santoro,Ajigh RajaGopal,0,6,2006,No,8th Grade
Danny Bidgood,Ben Santoro,0,4,2006,No,8th Grade
Anthony Libia,Gino Giamboi,0,10,2006,No,2nd Grade
Scott Barnard,Curtis Stark,0,2,2006,No,5th Grade
Jeff Stephenson,Satish Krishnan,0,9,2006,No,8th Grade
Satish Krishnan,Jarrod Worth,0,10,2006,No,8th Grade
Jeff Stephenson,Alex Hall,0,7,2006,No,8th Grade
Joshua Wells,Christopher Jebb,0,5,2006,No,5th Grade
Aaron Robson,Dave Dewhurst,0,8,2006,No,2nd Grade
Aaron Robson,Charles Marlam,0,10,2006,No,2nd Grade
Jeff Stephenson,Len Peterson,0,5,2006,No,8th Grade
Graeme Dennis,Darren Hutchins,0,8,2006,No,5th Grade
Graeme Dennis,Cassis Van Wees,0,9,2006,No,5th Grade
David Van Wees,Charles Marlam,0,2,2006,No,2nd Grade
Brett Harrison,Christopher Jebb,0,8,2006,No,2nd Grade
Russell Gerreyn,Jason Carlyon,0,5,2006,No,5th Grade
Russell Gerreyn,Robbie Edwards,0,1,2006,No,5th Grade
Michael Gartell,Mark Stevens,0,7,2006,No,8th Grade
Jeff Stephenson,Neil Steadman,0,4,2006,No,8th Grade
Jeff Stephenson,James Vellios,0,5,2006,No,8th Grade
David Van Wees,Christopher Jebb,0,4,2006,No,5th Grade
Sam Finnigan,Jeff Stephenson,0,6,2006,No,8th Grade
Sam Finnigan,Mark Stevens,0,7,2006,No,8th Grade
Brett Harrison,David Van Wees,0,3,2006,No,5th Grade
Danny Wildman,Simon Borrett,0,7,2006,No,5th Grade
Anthony Libia,Aaron Robson,0,7,2006,No,2nd Grade
Paul Dickson,Bryce Alexander,0,5,2006,No,2nd Grade
Bryce Alexander,Anthony Libia,0,6,2006,No,2nd Grade
Charles Marlam,Curtis Stark,0,3,2006,No,2nd Grade
Robbie Edwards,Darren Hutchins,0,8,2006,No,5th Grade
Robbie Edwards,Cassis Van Wees,0,9,2006,No,5th Grade
Robbie Edwards,Ashley Edwards,0,10,2006,No,5th Grade
Timothy Bailey,Simon Wilson,0,3,2006,No,8th Grade
Simon Wilson,Dean Carter,0,9,2006,No,8th Grade
Darren Hutchins,Cassis Van Wees,0,9,2006,No,5th Grade
Christopher Jebb,Adam Spencer,0,5,2006,No,5th Grade
Russell Gerreyn,Gino Giamboi,0,1,2006,No,5th Grade
Gino Giamboi,Ashley Edwards,0,9,2006,No,5th Grade
Ashley Edwards,Robbie Edwards,0,10,2006,No,5th Grade
Scott Barnard,Bryce Alexander,0,5,2006,No,2nd Grade
Charles Marlam,Scott Barnard,0,1,2006,No,2nd Grade
Scott Barnard,Curtis Stark,0,2,2006,No,2nd Grade
Leon Burrows,Brett Harrison,0,3,2006,No,5th Grade
Scott Barnard,Jeremy Davis,0,7,2006,No,2nd Grade
Russell Gerreyn,Cameron Gerreyn,0,1,2006,No,5th Grade
Aaron Robson,Dennis Freind,0,9,2006,No,2nd Grade
Paul Dickson,Jeremy Davis,0,7,2006,No,2nd Grade
Jeremy Davis,Aaron Robson,0,9,2006,No,2nd Grade
Curtis Stark,Anthony Libia,0,5,2006,No,2nd Grade
Scott Barnard,Leon Burrows,0,1,2006,No,2nd Grade
Robbie Edwards,Ashley Edwards,0,10,2006,No,5th Grade
Matt Bailey,Timothy Bailey,0,6,2007,No,9th Grade
Scott Barnard,Leon Burrows,0,1,2007,No,3rd Grade
Timothy Bailey,Chris Mok,0,9,2007,No,9th Grade
Scott Powell,Timothy Gailbraith,0,6,2007,No,6th Grade
Paul Dickson,Ryan Barndon,0,6,2007,No,3rd Grade
Kenneth Kelly,Neil Steadman,0,10,2007,No,6th Grade
Russell Normoyle,Timothy Bailey,0,7,2007,No,Metropolitan One Day
Brett Harrison,Kevin Rowland,0,3,2007,No,6th Grade
Kevin Rowland,Charles Marlam,0,4,2007,No,6th Grade
John Lewis,Russell Gerreyn,0,7,2007,No,9th Grade
Russell Normoyle,Neil Steadman,0,4,2007,No,9th Grade
Courtney Swift,Timothy Gailbraith,0,7,2007,No,Metropolitan One Day
Ajigh RajaGopal,Satish Krishnan,0,6,2007,No,9th Grade
Satish Krishnan,Raghu Gopalan,0,8,2007,No,9th Grade
Satish Krishnan,Matthew Sorensen,0,9,2007,No,9th Grade
Curtis Stark,Scott Barnard,0,1,2007,No,3rd Grade
Darren Hutchins,Robbie Edwards,0,10,2007,No,6th Grade
Darren Hutchins,Russell Normoyle,0,8,2007,No,6th Grade
John Taylor,Ryan Barndon,0,4,2007,No,3rd Grade
Bryce Alexander,Scott Barnard,0,2,2007,No,3rd Grade
Gino Giamboi,Steve Moore,0,9,2007,No,6th Grade
Steve Moore,Robbie Edwards,0,10,2007,No,6th Grade
Chris Mok,Christopher Jebb,0,4,2007,No,9th Grade
Timothy Gailbraith,Dave Dewhurst,0,8,2007,No,3rd Grade
Timothy Gailbraith,Dennis Freind,0,9,2007,No,3rd Grade
John Taylor,Scott Barnard,0,6,2007,No,3rd Grade
David Van Wees,Brett Harrison,0,1,2007,No,6th Grade
Curtis Stark,Bryce Alexander,0,2,2007,No,3rd Grade
Brett Harley,Matt Bailey,0,5,2007,No,Metropolitan One Day
Brett Harley,Neil Steadman,0,6,2007,No,Metropolitan One Day
Aaron Robson,Timothy Gailbraith,0,6,2007,No,6th Grade
Paul Dickson,David Van Wees,0,2,2007,No,6th Grade
Ben Loader,Ashley Edwards,0,7,2007,No,Metropolitan One Day
Scott Powell,Craig Bennett,0,7,2007,No,3rd Grade
Scott Powell,Dennis Freind,0,8,2007,No,3rd Grade
John Taylor,Scott Powell,0,5,2007,No,3rd Grade
Steve Moore,Ashley Edwards,0,10,2007,No,6th Grade
Scott Barnard,Gino Giamboi,0,7,2007,No,6th Grade
Chris Mok,Matt Bailey,0,3,2007,No,Metropolitan One Day
Curtis Stark,Leon Burrows,0,1,2007,No,3rd Grade
Ben Loader,Steven Freind,0,3,2007,No,Metropolitan One Day
Scott Powell,Craig Bennett,0,6,2007,No,3rd Grade
Ben Loader,Raghu Gopalan,0,3,2007,No,Metropolitan One Day
Darren Hutchins,Russell Normoyle,0,7,2007,No,6th Grade
Ben Loader,Timothy Gailbraith,0,6,2007,No,Metropolitan One Day
Anthony Libia,Tony Bassett,0,8,2007,No,3rd Grade
Tony Bassett,Craig Bennett,0,9,2007,No,3rd Grade
Steven Freind,Raghu Gopalan,0,5,2007,No,Metropolitan One Day
Timothy Bailey,Mark Stevens,0,10,2007,No,Metropolitan One Day
Chris Mok,Kenneth Kelly,0,5,2007,No,Metropolitan One Day
Ryan Shelton,David Van Wees,0,1,2007,No,Metropolitan One Day
Ryan Shelton,Timothy Gailbraith,0,2,2007,No,Metropolitan One Day
Brett Harrison,Christopher Jebb,0,3,2007,No,9th Grade
Russell Gerreyn,Jeff Stephenson,0,1,2007,No,9th Grade
Darren Hutchins,Steve Moore,0,8,2007,No,6th Grade
Steve Moore,Gino Giamboi,0,9,2007,No,6th Grade
Timothy Gailbraith,Steven Freind,0,6,2007,No,Metropolitan One Day
Timothy Gailbraith,Nathan Freind,0,7,2007,No,Metropolitan One Day
Nathan Freind,Matt Bailey,0,8,2007,No,Metropolitan One Day
Ben Stephenson,Christopher Jebb,0,3,2007,No,9th Grade
Ben Stephenson,Matt Bailey,0,6,2007,No,9th Grade
Charles Marlam,Kevin Rowland,0,3,2007,No,6th Grade
Charles Marlam,Brett Harrison,0,4,2007,No,6th Grade
Leon Burrows,Curtis Stark,0,7,2007,No,3rd Grade
Russell Normoyle,Steve Moore,0,8,2007,No,6th Grade
Aaron Robson,Darren Hutchins,0,6,2007,No,6th Grade
Ryan Barndon,Leon Burrows,0,1,2007,No,3rd Grade
Leon Burrows,Anthony Libia,0,2,2007,No,3rd Grade
Charles Marlam,Chris Mok,0,2,2008,Yes,5th Grade
D Batanares,MD Rowe,0,6,2008,Yes,Metropolitan One Day
Scott Powell,Aaron Robson,0,4,2008,No,2nd Grade
Curtis Stark,Timothy Gailbraith,0,7,2008,No,2nd Grade
Bryce Alexander,Scott Powell,0,3,2008,No,2nd Grade
SK Krishnan,Ajigh RajaGopal,0,10,2008,No,Metropolitan One Day
D Batanares,Paul Bunn,0,7,2008,No,Metropolitan One Day
David Van Wees,Justin Dimond,0,10,2008,No,5th Grade
Scott Powell,Ryan Barndon,0,7,2008,No,2nd Grade
Ben Loader,Charles Marlam,0,2,2008,No,5th Grade
David Van Wees,Adam Wreford,0,7,2008,No,5th Grade
David Van Wees,Steve Moore,0,8,2008,No,5th Grade
ND Jones,Len Peterson,0,10,2008,No,Metropolitan One Day
Matthew Hilleard,Gino Giamboi,0,7,2008,No,8th Grade
Matthew Hilleard,Michael Rowe,0,10,2008,No,8th Grade
Jeff Stephenson,Steven Freind,0,4,2008,No,8th Grade
Adam Wreford,Anthony Libia,0,6,2008,No,5th Grade
Russell Normoyle,Craig Bennett,0,8,2008,No,2nd Grade
Tony Bassett,Dennis Freind,0,9,2008,No,2nd Grade
Jeff Stephenson,Nathan Freind,0,6,2008,No,8th Grade
Matthew Hilleard,Conor Breheny,0,4,2008,No,8th Grade
Ben Loader,Curtis Stark,0,6,2008,No,2nd Grade
Darren Hutchins,A Spencer,0,4,2008,No,8th Grade
Timothy Gailbraith,Matthew Hilleard,0,2,2008,No,8th Grade
Sam Finnigan,JD Paternostro,0,8,2008,No,8th Grade
Paul Peos,Brett Noble,0,3,2008,No,Metropolitan One Day
Keith Zissis,Jeff Stephenson,0,3,2008,No,Metropolitan One Day
B White,Zack Van Wees,0,10,2008,No,Metropolitan One Day
Arthur Vlahos,Nicko Zissis,0,7,2008,No,Metropolitan One Day
Leon Burrows,Craig Bennett,0,4,2008,No,2nd Grade
Paul Dickson,Ben Stephenson,0,4,2008,No,5th Grade
Adam Wreford,Justin Dimond,0,10,2008,No,5th Grade
Jeff Stephenson,Steven Freind,0,1,2008,No,8th Grade
Scott Powell,Aaron Robson,0,6,2008,No,2nd Grade
Tony Bassett,Dennis Freind,0,9,2008,No,2nd Grade
JD Paternostro,B Jones,0,7,2008,No,Metropolitan One Day
M Webster,John Lewis,0,5,2008,No,Metropolitan One Day
Ben Stephenson,Anthony Libia,0,1,2008,No,5th Grade
Gino Giamboi,Timothy Gailbraith,0,10,2008,No,8th Grade
Keith Zissis,Paul Peos,0,1,2008,No,Metropolitan One Day
Steven Freind,S Toutikian,0,4,2008,No,8th Grade
Scott Barnard,Curtis Stark,0,4,2008,No,2nd Grade
Scott Barnard,Curtis Stark,0,3,2008,No,2nd Grade
Scott Barnard,Bryce Alexander,0,4,2008,No,2nd Grade
Keith Zissis,Nicko Zissis,0,8,2008,No,Metropolitan One Day
Arthur Vlahos,JD Paternostro,0,3,2008,No,Metropolitan One Day
Steve Moore,Gino Giamboi,0,9,2008,No,5th Grade
Leon Burrows,Dave Dewhurst,0,10,2008,No,2nd Grade
Leon Burrows,Tony Bassett,0,8,2008,No,2nd Grade
Steven Freind,Mark Stevens,0,4,2008,No,Metropolitan One Day
Russell Normoyle,B White,0,9,2008,No,Metropolitan One Day
Michael Peter,Dave Dewhurst,0,10,2008,No,2nd Grade
L Hawkins,Mark Stevens,0,9,2008,No,Metropolitan One Day
Neil Steadman,Paul McNamara,0,4,2008,No,Metropolitan One Day
Paul McNamara,James Bourne,0,5,2008,No,Metropolitan One Day
Mark Stevens,P Notaras,0,9,2008,No,Metropolitan One Day
Aaron Robson,Russell Normoyle,0,6,2008,No,5th Grade
Steven Freind,Paul Dickson,0,3,2008,No,5th Grade
Ben Stephenson,Shane Shaw,0,2,2008,No,8th Grade
Anthony Libia,Matthew Hilleard,0,4,2008,No,8th Grade
Adam Wreford,Dave Dewhurst,0,9,2008,No,2nd Grade
Curtis Stark,Scott Barnard,0,4,2008,No,2nd Grade
Scott Barnard,Scott Powell,0,5,2008,No,2nd Grade
Scott Barnard,Adam Wreford,0,6,2008,No,2nd Grade
Leon Burrows,Curtis Stark,0,4,2008,No,2nd Grade
Nicko Zissis,Mark Stevens,0,3,2008,No,Metropolitan One Day
Adam Spencer,Michael Peter,0,7,2008,No,8th Grade
Dennis Freind,Justin Dimond,0,10,2008,No,5th Grade
Sam Finnigan,Dave Dewhurst,0,10,2008,No,2nd Grade
Ben Loader,Paul Dickson,0,3,2008,No,5th Grade
Scott Powell,Adam Wreford,0,6,2008,No,2nd Grade
Bryce Alexander,Robbie Edwards,0,8,2009,Yes,7th Grade
JA Skowron,Robbie Edwards,0,10,2009,No,7th Grade
T Dias,Kevin Rowland,0,3,2009,No,7th Grade
Leon Burrows,Brett Harrison,0,4,2009,No,2nd Grade
Ryan James,Darren Hutchins,0,7,2009,No,7th Grade
Gino Giamboi,JA Skowron,0,9,2009,No,7th Grade
Adam Spencer,Paul McNamara,0,5,2009,No,7th Grade
Jack Vlahos,Alex Hall,0,6,2009,No,Metropolitan One Day
Peter Vlahos,Jack Vlahos,0,4,2009,No,Metropolitan One Day
Russell Normoyle,Jack Vlahos,0,5,2009,No,Metropolitan One Day
BA Parkes,AE Earle,0,4,2009,No,7th Grade
Ross Baker,Anthony Libia,0,3,2009,No,5th Grade
David Van Wees,Andrew Webley,0,5,2009,No,5th Grade
AE Earle,Leon Okely,0,6,2009,No,7th Grade
T Dias,Bryce Alexander,0,3,2009,No,7th Grade
Russell Gerreyn,Peter Vlahos,0,3,2009,No,Metropolitan One Day
David Van Wees,Craig Bennett,0,4,2009,No,5th Grade
Paul Dickson,Charles Marlam,0,1,2009,No,7th Grade
Ryan Barndon,Michael Mani,0,10,2009,No,2nd Grade
Ryan James,Charles Marlam,0,5,2009,No,7th Grade
Shane Shaw,David Van Wees,0,4,2009,No,5th Grade
Robbie Edwards,Gino Giamboi,0,8,2009,No,7th Grade
Russell Normoyle,Darren Hutchins,0,2,2009,No,7th Grade
R Gipson,Brett Harrison,0,5,2009,No,2nd Grade
R Gipson,Adam Wreford,0,7,2009,No,2nd Grade
Brett Harrison,Tony Bassett,0,7,2009,No,2nd Grade
David Van Wees,Matthew Hilleard,0,3,2009,No,5th Grade
Andrew Webley,Michael Peter,0,10,2009,No,5th Grade
Dov Morris,Shane Shaw,0,3,2009,No,5th Grade
Damien Senge,Kenneth Kelly,0,8,2009,No,Metropolitan One Day
Damien Senge,Jack Vlahos,0,9,2009,No,Metropolitan One Day
Ash Eyre,Damien Senge,0,4,2009,No,Metropolitan One Day
R Gipson,Adam Wreford,0,6,2009,No,2nd Grade
Adam Wreford,Ryan Barndon,0,7,2009,No,2nd Grade
Leon Okely,Ryan James,0,1,2009,No,7th Grade
Courtney Swift,Daniel Allsop,0,9,2009,No,Metropolitan One Day
Ash Eyre,Kenneth Kelly,0,5,2009,No,Metropolitan One Day
Curtis Stark,Dov Morris,0,1,2009,No,7th Grade
Darren Hutchins,T Dias,0,7,2009,No,7th Grade
Darren Hutchins,Gino Giamboi,0,8,2009,No,7th Grade
Scott Powell,Scott Barnard,0,1,2009,No,5th Grade
Scott Powell,Ross Baker,0,2,2009,No,5th Grade
Scott Barnard,Aaron Robson,0,7,2009,No,5th Grade
Sam Finnigan,Ben Stephenson,0,7,2009,No,2nd Grade
Ryan Barndon,R Gipson,0,2,2009,No,2nd Grade
Scott Barnard,Michael Peter,0,10,2009,No,5th Grade
Kenneth Kelly,Daniel Allsop,0,10,2009,No,Metropolitan One Day
Mark Dickson,Kenneth Kelly,0,6,2009,No,Metropolitan One Day
Matthew Hilleard,Scott Powell,0,3,2009,No,Metropolitan One Day
Scott Powell,J Smith,0,4,2009,No,Metropolitan One Day
Gino Giamboi,Robbie Edwards,0,10,2009,No,7th Grade
Charles Marlam,David Van Wees,0,1,2009,No,5th Grade
Paul Peos,Matthew Hilleard,0,4,2009,No,Metropolitan One Day
Steve Moore,B Franklyn,0,10,2009,No,Metropolitan One Day
Aaron Robson,Andrew Webley,0,8,2009,No,5th Grade
John Taylor,Brett Harrison,0,4,2009,No,2nd Grade
Brett Harrison,Adam Wreford,0,5,2009,No,2nd Grade
Michael Mani,Dave Dewhurst,0,10,2009,No,2nd Grade
Michael Mani,Adam Wreford,0,4,2009,No,2nd Grade
Dov Morris,Damien Senge,0,3,2009,No,5th Grade
John Taylor,Sam Finnigan,0,8,2009,No,2nd Grade
John Taylor,Michael Mani,0,9,2009,No,2nd Grade
Ryan Shelton,Ryan Barndon,0,2,2009,No,2nd Grade
Sam Finnigan,Adam Wreford,0,6,2009,No,2nd Grade
Scott Barnard,David Van Wees,0,8,2009,No,5th Grade
Scott Barnard,Andrew Webley,0,9,2009,No,5th Grade
Scott Powell,Aaron Robson,0,7,2009,No,5th Grade
Matthew Hilleard,Timothy Gailbraith,0,7,2010,No,5th Grade
Ash Eyre,Kenneth Kelly,0,6,2010,No,7th Grade
Ash Eyre,Darcy Boyle,0,4,2010,No,Metropolitan One Day
L English,Daniel Allsop,0,8,2010,No,7th Grade
L English,M Van Dooren,0,9,2010,No,7th Grade
M Van Dooren,R McCormick,0,10,2010,No,7th Grade
Jeff Stephenson,Dennis Freind,0,3,2010,No,7th Grade
Dennis Freind,Timothy Gailbraith,0,5,2010,No,7th Grade
Leon Okely,Michael Peter,0,10,2010,No,5th Grade
JL Dimond,Lee Maas,0,7,2010,No,Metropolitan One Day
Ross Baker,Brett Harrison,0,6,2010,No,2nd Grade
Adam Wreford,Sam Finnigan,0,5,2010,No,5th Grade
Russell Gerreyn,Justin Joyce,0,2,2010,No,Metropolitan One Day
Damien Senge,Tony Bassett,0,7,2010,No,2nd Grade
Matthew Hilleard,David Van Wees,0,5,2010,No,7th Grade
Paul Dickson,David Van Wees,0,1,2010,No,7th Grade
Dennis Freind,Robbie Edwards,0,9,2010,No,7th Grade
Paul Dickson,Charles Marlam,0,2,2010,No,7th Grade
Lee Maas,Daniel Allsop,0,9,2010,No,7th Grade
Aaron Robson,Anthony Libia,0,8,2010,No,5th Grade
J Hill,Bryce Alexander,0,5,2010,No,7th Grade
Leon Burrows,Ryan Barndon,0,4,2010,No,2nd Grade
Ryan Barndon,Scott Barnard,0,5,2010,No,2nd Grade
Ryan Barndon,Leon Okely,0,7,2010,No,2nd Grade
Gino Giamboi,Daniel Allsop,0,9,2010,No,7th Grade
Daniel Allsop,Robbie Edwards,0,10,2010,No,7th Grade
Bryce Alexander,David Van Wees,0,7,2010,No,7th Grade
Damien Senge,Michael Mani,0,9,2010,No,2nd Grade
Matt Behn,Leon Burrows,0,2,2010,No,2nd Grade
Keith Zissis,Ash Eyre,0,3,2010,No,Metropolitan One Day
Leon Burrows,Damien Senge,0,2,2010,No,2nd Grade
Andrew Webley,Gino Giamboi,0,7,2010,No,7th Grade
Darcy Boyle,Russell Gerreyn,0,6,2010,No,Metropolitan One Day
J MacRae,Lee Maas,0,9,2010,No,Metropolitan One Day
J MacRae,Jack Vlahos,0,10,2010,No,Metropolitan One Day
Darcy Boyle,Lee Maas,0,9,2010,No,Metropolitan One Day
Keith Zissis,J Eyre,0,2,2010,No,Metropolitan One Day
J Eyre,Ash Eyre,0,3,2010,No,Metropolitan One Day
Matt Behn,Damien Senge,0,2,2010,No,2nd Grade
Damien Senge,Ross Baker,0,3,2010,No,2nd Grade
J MacRae,Gino Giamboi,0,8,2010,No,7th Grade
J MacRae,JL Dimond,0,9,2010,No,7th Grade
JL Dimond,Dennis Freind,0,9,2010,No,7th Grade
Bryce Alexander,Timothy Gailbraith,0,5,2010,No,7th Grade
Timothy Gailbraith,Gino Giamboi,0,6,2010,No,7th Grade
Paul Peos,J Eyre,0,2,2010,No,Metropolitan One Day
Paul Peos,Darren Hutchins,0,3,2010,No,Metropolitan One Day
Dov Morris,Damien Senge,0,2,2010,No,2nd Grade
Keith Zissis,Paul Peos,0,1,2010,No,Metropolitan One Day
Scott Barnard,Paul Massara,0,4,2010,No,5th Grade
Scott Barnard,Brett Harrison,0,5,2010,No,5th Grade
J Eyre,JA Timos,0,10,2010,No,Metropolitan One Day
Shane Shaw,Tony Bassett,0,8,2010,No,2nd Grade
Damien Senge,Shane Shaw,0,5,2010,No,2nd Grade
Leon Okely,Dave Dewhurst,0,9,2010,No,5th Grade
David Van Wees,Charles Marlam,0,2,2011,No,6th Grade
Chris Mok,Daniel Allsop,0,8,2011,No,6th Grade
Zack Van Wees,Russell Gerreyn,0,10,2011,No,Metropolitan One Day
Darren Hutchins,Ash Eyre,0,3,2011,No,Metropolitan One Day
Timothy Gailbraith,Zack Van Wees,0,8,2011,No,6th Grade
Leon Okely,Nathan Marrocco,0,5,2011,No,4th Grade
Lee Maas,JA Timos,0,8,2011,No,Metropolitan One Day
Timothy Gailbraith,Ben Gatter,0,9,2011,No,6th Grade
Dennis Freind,Leon Okely,0,1,2011,No,4th Grade
Paul Massara,Nathan Marrocco,0,5,2011,No,4th Grade
Aaron Robson,Andrew Webley,0,8,2011,No,4th Grade
Andrew Webley,Michael Peter,0,9,2011,No,4th Grade
Ryan Barndon,Ben Stephenson,0,9,2011,No,2nd Grade
Matt Wilson,Ben Gatter,0,9,2011,No,6th Grade
Conor Breheny,Timothy Gailbraith,0,5,2011,No,6th Grade
Mark Dickson,JA Timos,0,7,2011,No,Metropolitan One Day
Ash Eyre,Mark Dickson,0,4,2011,No,Metropolitan One Day
Matt Wilson,Mitch Sidon,0,8,2011,No,6th Grade
Mitch Sidon,Robbie Edwards,0,9,2011,No,6th Grade
Ben Stephenson,Tony Bassett,0,10,2011,No,2nd Grade
Ryan Barndon,Paul Massara,0,6,2011,No,2nd Grade
Keith Zissis,Mark Dickson,0,4,2011,No,Metropolitan One Day
Leon Okely,Bryce Alexander,0,4,2011,No,4th Grade
Scott Barnard,Adam Wreford,0,8,2011,No,2nd Grade
Andrew Webley,Russell Normoyle,0,8,2011,No,4th Grade
Timothy Gailbraith,Ben Gatter,0,8,2011,No,6th Grade
Ben Gatter,Sean Okley,0,9,2011,No,6th Grade
Jeff Stephenson,Lee Maas,0,7,2011,No,Metropolitan One Day
Scott Barnard,Curtis Stark,0,5,2011,No,2nd Grade
Scott Barnard,Ash Eyre,0,6,2011,No,2nd Grade
Brett Harrison,Timothy Gailbraith,0,7,2011,No,4th Grade
Conor Breheny,Charles Marlam,0,4,2011,No,6th Grade
Sam Finnigan,Adam Wreford,0,7,2011,No,2nd Grade
Jeff Stephenson,Gino Giamboi,0,5,2011,No,Metropolitan One Day
James Day,David Van Wees,0,1,2011,No,6th Grade
Curtis Stark,Conor Breheny,0,3,2011,No,6th Grade
Chris Mok,Timothy Gailbraith,0,6,2011,No,6th Grade
Matt Wilson,Ben Gatter,0,8,2011,No,6th Grade
Russell Normoyle,Michael Mani,0,9,2011,No,2nd Grade
Ryan James,JA Timos,0,3,2011,No,6th Grade
Ryan James,David Van Wees,0,5,2011,No,6th Grade
David Van Wees,Chris Mok,0,7,2011,No,6th Grade
Dov Morris,Ryan Barndon,0,1,2011,No,2nd Grade
Leon Burrows,Ross Baker,0,4,2011,No,2nd Grade
Courtney Swift,Zack Van Wees,0,9,2011,No,Metropolitan One Day
Gino Giamboi,Steve Moore,0,7,2011,No,Metropolitan One Day
Keith Zissis,Gino Giamboi,0,6,2011,No,Metropolitan One Day
Ryan Barndon,Ross Baker,0,5,2011,No,2nd Grade
Damien Senge,Alex Vlahos,0,2,2011,No,Metropolitan One Day
Damien Senge,Keith Zissis,0,3,2011,No,Metropolitan One Day
Gino Giamboi,JL Dimond,0,6,2011,No,Metropolitan One Day
JL Dimond,Jack Vlahos,0,7,2011,No,Metropolitan One Day
Jack Vlahos,Sean Okley,0,8,2011,No,Metropolitan One Day
David Van Wees,Bruce Stark,0,6,2011,No,6th Grade
Matt Wilson,Zack Van Wees,0,8,2011,No,6th Grade
Paul Massara,Leon Okely,0,5,2011,No,4th Grade
Jack Vlahos,JL Dimond,0,9,2011,No,Metropolitan One Day
JL Dimond,Lee Maas,0,10,2011,No,Metropolitan One Day
Ash Eyre,Jack Vlahos,0,8,2011,No,Metropolitan One Day
Ash Eyre,Lee Maas,0,9,2011,No,Metropolitan One Day
Adam Wreford,Michael Mani,0,8,2011,No,2nd Grade
Shane Shaw,Brett Harrison,0,4,2011,No,4th Grade
Dave Dewhurst,Michael Peter,0,9,2011,No,4th Grade
Bryce Alexander,Russell Normoyle,0,6,2011,No,2nd Grade
Ryan Barndon,Scott Barnard,0,2,2011,No,2nd Grade
Adam Wreford,Michael Mani,0,8,2011,No,2nd Grade
Adam Wreford,Tony Bassett,0,10,2011,No,2nd Grade
Ryan Barndon,Leon Burrows,0,3,2011,No,2nd Grade
Leon Burrows,Bryce Alexander,0,5,2011,No,2nd Grade
Leon Burrows,Russell Normoyle,0,6,2011,No,2nd Grade
JD Krasenstein,Ben Gatter,0,9,2012,No,6th Grade
Daniel Atkinson,James Day,0,4,2012,No,2nd Grade
Daniel Atkinson,Ryan Barndon,0,5,2012,No,2nd Grade
Dov Morris,Leon Burrows,0,1,2012,No,2nd Grade
Michael Mani,Tony Bassett,0,10,2012,No,2nd Grade
Ben Stephenson,Russell Normoyle,0,8,2012,No,2nd Grade
Daniel Atkinson,Matt Wilson,0,5,2012,No,2nd Grade
Daniel Atkinson,Ryan Barndon,0,3,2012,No,2nd Grade
Bruce Stark,Robbie Edwards,0,8,2012,No,6th Grade
Sam Finnigan,Timothy Gailbraith,0,5,2012,No,3rd Grade
JA Winter,Andrew Webley,0,8,2012,No,3rd Grade
JA Winter,Dave Dewhurst,0,9,2012,No,3rd Grade
Curtis Stark,Mandeep Singh,0,4,2012,No,6th Grade
Mandeep Singh,Daniel Allsop,0,10,2012,No,6th Grade
Curtis Stark,JL Dimond,0,2,2012,No,6th Grade
JD Krasenstein,N Gordon,0,7,2012,No,6th Grade
Keith Zissis,Charles Marlam,0,1,2012,No,Metropolitan One Day
Ben Price,Matt Wilson,0,6,2012,No,2nd Grade
Graeme Pryce,David Van Wees,0,3,2012,No,3rd Grade
Clinton Reid,DV Kalphas,0,5,2012,No,3rd Grade
Dave Dewhurst,Michael Peter,0,10,2012,No,3rd Grade
Michael Peter,Andrew Webley,0,5,2012,No,3rd Grade
Curtis Stark,Lee Maas,0,3,2012,No,6th Grade
Darren Hutchins,Lee Maas,0,5,2012,No,6th Grade
JD Krasenstein,Chris Mok,0,1,2012,No,6th Grade
Paul Dickson,John Taylor,0,4,2012,No,Metropolitan One Day
John Taylor,A Coleman,0,5,2012,No,Metropolitan One Day
A Coleman,Dennis Freind,0,8,2012,No,Metropolitan One Day
Russell Normoyle,James Day,0,2,2012,No,2nd Grade
Graeme Pryce,T Cox,0,2,2012,No,3rd Grade
Graeme Pryce,Brett Harrison,0,3,2012,No,3rd Grade
L Pollard,Charles Marlam,0,3,2012,No,Metropolitan One Day
Leon Burrows,Scott Barnard,0,4,2012,No,2nd Grade
L Pollard,Kai Homer,0,7,2012,No,Metropolitan One Day
Kai Homer,Russell Gerreyn,0,8,2012,No,Metropolitan One Day
Dennis Freind,Zack Van Wees,0,10,2012,No,Metropolitan One Day
Chris Mok,Daniel Allsop,0,9,2012,No,6th Grade
Dov Morris,Daniel Atkinson,0,2,2012,No,2nd Grade
Dov Morris,Clinton Reid,0,4,2012,No,2nd Grade
JL Dimond,John Taylor,0,3,2012,No,6th Grade
Graeme Pryce,James Day,0,3,2012,No,3rd Grade
Alex Dowson,JL Dimond,0,7,2012,No,6th Grade
Kirk Howes,Ash Eyre,0,5,2012,No,Metropolitan One Day
Ash Eyre,Charles Marlam,0,7,2012,No,Metropolitan One Day
Ian Wilson,David Van Wees,0,8,2012,No,Metropolitan One Day
Clinton Reid,Ryan Barndon,0,2,2012,No,2nd Grade
Ryan Barndon,Scott Barnard,0,3,2012,No,2nd Grade
Ben Price,Brett Harrison,0,6,2012,No,3rd Grade
Robbie Edwards,Mandeep Singh,0,9,2012,No,6th Grade
James Day,Andrew Webley,0,4,2012,No,6th Grade
Nathan Marrocco,Brett Harrison,0,4,2012,No,3rd Grade
Jake Finney,Chris Mok,0,6,2012,No,6th Grade
Bryce Alexander,Andrew Webley,0,7,2012,No,3rd Grade
Sam Finnigan,Ash Eyre,0,4,2012,No,Metropolitan One Day
Timothy Gailbraith,Conor Breheny,0,3,2012,No,6th Grade
Chris Mok,Dennis Freind,0,5,2012,No,6th Grade
Dov Morris,Ryan Barndon,0,2,2012,No,2nd Grade
Dov Morris,Ross Baker,0,3,2012,No,2nd Grade
Robbie Edwards,Michael Peter,0,10,2012,No,3rd Grade
Curtis Stark,JL Dimond,0,6,2012,No,6th Grade
Ash Eyre,Kim Anderson,0,6,2012,No,Metropolitan One Day
Kim Anderson,Gino Giamboi,0,8,2012,No,Metropolitan One Day
Kim Anderson,Lee Maas,0,9,2012,No,Metropolitan One Day
Robbie Edwards,Anthony Sinclair,0,8,2013,Yes,Metropolitan One Day
Dennis Freind,Dave Dewhurst,0,10,2013,No,2nd Grade
Harbhinder Sandhu,Jagdeep Brar,0,8,2013,No,Metropolitan One Day
Alex Roberts,Michael Peter,0,10,2013,No,3rd Grade
Keith Zissis,Ian Wilson,0,4,2013,No,Metropolitan One Day
Ian Wilson,Kirk Howes,0,5,2013,No,Metropolitan One Day
Michael Mani,Mick Andrews,0,8,2013,No,3rd Grade
Josh Taylor,Ben Gatter,0,9,2013,No,5th Grade
Ash Eyre,Brett Noble,0,6,2013,No,Metropolitan One Day
Mandeep Singh,Harbhinder Sandhu,0,7,2013,No,Mercantile One Day
Ross Baker,Daniel Atkinson,0,6,2013,No,2nd Grade
Keith Zissis,Alex Vlahos,0,6,2013,No,Metropolitan One Day
Keith Zissis,Darcy Boyle,0,7,2013,No,Metropolitan One Day
James Day,Chris Mok,0,9,2013,No,5th Grade
G McMillan,M Ireland,0,8,2013,No,Metropolitan One Day
Jun Singh,Chris Mok,0,10,2013,No,5th Grade
G McMillan,R Morgan,0,7,2013,No,Metropolitan One Day
Timothy Gailbraith,Dennis Freind,0,10,2013,No,2nd Grade
Alex Roberts,Mick Andrews,0,8,2013,No,5th Grade
Sam Finnigan,Colin Dickson,0,6,2013,No,5th Grade
Clinton Reid,Scott Barnard,0,2,2013,No,2nd Grade
Brett Harrison,Jake Finney,0,3,2013,No,3rd Grade
Josh Taylor,Timothy Gailbraith,0,10,2013,No,2nd Grade
Dov Morris,Scott Barnard,0,2,2013,No,2nd Grade
Mark Sinclair,Anthony Sinclair,0,7,2013,No,Metropolitan One Day
Scott Powell,Cory DeJager,0,4,2013,No,3rd Grade
Kai Homer,Kirk Howes,0,5,2013,No,5th Grade
Happee Boparai,Randeep Brar,0,3,2013,No,Mercantile One Day
Happee Boparai,Mandeep Singh,0,4,2013,No,Mercantile One Day
Mandeep Singh,Mandeep Sidhu,0,10,2013,No,Mercantile One Day
Happee Boparai,Randeep Brar,0,3,2013,No,Mercantile One Day
Curtis Stark,Leon Burrows,0,3,2013,No,3rd Grade
Kai Homer,Mick Andrews,0,7,2013,No,5th Grade
Mick Andrews,Ben Gatter,0,9,2013,No,5th Grade
Gino Giamboi,Dennis Freind,0,10,2013,No,2nd Grade
Keith Zissis,Daniel Atkinson,0,2,2013,No,2nd Grade
Martin Burrow,Russell Gerreyn,0,6,2013,No,5th Grade
JD Krasenstein,Chris Mok,0,5,2013,No,5th Grade
David Van Wees,Ben Gatter,0,1,2013,No,5th Grade
Devender Kumar,S Gill,0,2,2013,No,Mercantile One Day
S Gill,Randeep Brar,0,3,2013,No,Mercantile One Day
David Van Wees,D Diletti,0,10,2013,No,5th Grade
Onka Singh,Jagdeep Brar,0,3,2013,No,Mercantile One Day
David Van Wees,Conor Breheny,0,5,2013,No,5th Grade
Curtis Stark,Sam Finnigan,0,1,2013,No,3rd Grade
Ben Stephenson,Chris Mok,0,7,2013,No,5th Grade
David Van Wees,Conor Breheny,0,5,2013,No,5th Grade
Scott Powell,Daniel Atkinson,0,4,2013,No,3rd Grade
Scott Powell,Josh Copping,0,5,2013,No,3rd Grade
Keith Zissis,Chris Homer,0,3,2013,No,Metropolitan One Day
Keith Zissis,Gino Giamboi,0,7,2013,No,Metropolitan One Day
Keith Zissis,Lee Maas,0,8,2013,No,Metropolitan One Day
Ross Baker,Josh Copping,0,5,2013,No,2nd Grade
Leon Burrows,Scott Barnard,0,2,2013,No,2nd Grade
Aaron Robson,Andrew Webley,0,8,2013,No,3rd Grade
Keith Zissis,Jun Singh,0,6,2013,No,Metropolitan One Day
Keith Zissis,Kirk Howes,0,4,2013,No,Metropolitan One Day
Keith Zissis,Anthony Sinclair,0,8,2013,No,Metropolitan One Day
Happee Boparai,Yaadwinder Toor,0,2,2013,No,Mercantile One Day
Kirk Howes,Robbie Edwards,0,7,2013,No,Metropolitan One Day
Matt Wilson,Mick Andrews,0,7,2013,No,5th Grade
Andrew Webley,Dave Dewhurst,0,10,2013,No,3rd Grade
Keith Zissis,Jun Singh,0,5,2013,No,Metropolitan One Day
Russell Gerreyn,Gino Giamboi,0,7,2013,No,Metropolitan One Day
Leon Burrows,Russell Normoyle,0,7,2013,No,2nd Grade
Josh Copping,Michael Peter,0,4,2013,No,3rd Grade
Kirk Howes,Timothy Gailbraith,0,10,2013,No,2nd Grade
Jake Finney,Josh Taylor,0,3,2013,No,2nd Grade
Onka Singh,S Gill,0,7,2013,No,Mercantile One Day
Harbhinder Sandhu,Mandeep Sidhu,0,9,2013,No,Mercantile One Day
Jake Finney,Dov Morris,0,2,2013,No,2nd Grade
Leon Burrows,Adam Wreford,0,7,2013,No,2nd Grade
Adam Wreford,Tony Bassett,0,8,2013,No,2nd Grade
Russell Normoyle,Ian Wilson,0,8,2014,Yes,2nd Grade
Scott Powell,Aaron Robson,0,6,2014,No,3rd Grade
Aaron Robson,Michael Peter,0,7,2014,No,3rd Grade
Scott Barnard,Leon Burrows,0,3,2014,No,2nd Grade
Ben Stephenson,Timothy Gailbraith,0,10,2014,No,2nd Grade
Kirk Howes,M Kerr,0,8,2014,No,2nd Grade
Sandeep Brar,Jagdeep Brar,0,4,2014,No,Metropolitan One Day
S Gill,Karamdeep Brar,0,9,2014,No,Metropolitan One Day
Garath Van Der Elst,Martin Burrow,0,4,2014,No,5th Grade
Garath Van Der Elst,Chris Mok,0,2,2014,No,5th Grade
Ash Eyre,Ben Stephenson,0,10,2014,No,3rd Grade
Brendan Miller,Kevin Rowland,0,1,2014,No,3rd Grade
Kevin Rowland,Brett Harrison,0,2,2014,No,3rd Grade
Curtis Stark,Adam Wreford,0,8,2014,No,2nd Grade
Karamjeet Singh,Daniel Atkinson,0,6,2014,No,2nd Grade
Conor Breheny,Ben Gatter,0,8,2014,No,5th Grade
Adam Lankester,C Puff,0,4,2014,No,5th Grade
Scott Powell,Aaron Robson,0,1,2014,No,3rd Grade
Randeep Brar,Mandeep Sidhu,0,8,2014,No,Metropolitan One Day
Kai Homer,Brendan Miller,0,2,2014,No,3rd Grade
Brendan Miller,Conor Breheny,0,4,2014,No,3rd Grade
Leon Burrows,Karamjeet Singh,0,6,2014,No,2nd Grade
Bryce Alexander,Tom Condello,0,7,2014,No,8th Grade
Karamjeet Singh,Kirk Howes,0,9,2014,No,2nd Grade
Kevin Rowland,Ian Wilson,0,6,2014,No,2nd Grade
Kevin Rowland,Karamjeet Singh,0,7,2014,No,2nd Grade
Scott Barnard,Kevin Rowland,0,4,2014,No,2nd Grade
S Gill,R Gill,0,3,2014,No,Metropolitan One Day
S Gill,Happee Boparai,0,4,2014,No,Metropolitan One Day
Conor Breheny,Lee Maas,0,9,2014,No,5th Grade
Conor Breheny,Chris Mok,0,7,2014,No,5th Grade
D Diletti,Conor Breheny,0,5,2014,No,5th Grade
S Gill,I Singh,0,7,2014,No,Metropolitan One Day
Happee Boparai,Yaadwinder Toor,0,3,2014,No,Metropolitan One Day
Scott Barnard,Kevin Rowland,0,2,2014,No,2nd Grade
Garath Van Der Elst,Matt Wilson,0,2,2014,No,5th Grade
Lee Maas,Chris Mok,0,10,2014,No,5th Grade
Ben Price,Ian Wilson,0,3,2014,No,3rd Grade
Matt Wilson,Timothy Gailbraith,0,10,2014,No,2nd Grade
Ian Wilson,Mandeep Singh,0,5,2014,No,2nd Grade
Dov Morris,Ian Wilson,0,4,2014,No,2nd Grade
Happee Boparai,David Singh,0,4,2014,No,Metropolitan One Day
Chris Mok,Lee Maas,0,10,2014,No,5th Grade
Happee Boparai,Randeep Brar,0,2,2014,No,Metropolitan One Day
Chris Mok,Ben Gatter,0,8,2014,No,5th Grade
Chris Homer,Martin Burrow,0,3,2014,No,5th Grade
Curtis Stark,Brendan Miller,0,2,2014,No,3rd Grade
Happee Boparai,Gurpreet Sidhu,0,2,2014,No,Metropolitan One Day
Martin Burrow,C Puff,0,4,2014,No,5th Grade
Josh Copping,Brett Harrison,0,7,2014,No,3rd Grade
Chris Homer,Conor Breheny,0,3,2014,No,5th Grade
Chris Mok,Grant Carslake,0,7,2014,No,5th Grade
Scott Barnard,Jake Finney,0,1,2014,No,2nd Grade
Randeep Brar,S Gill,0,5,2014,No,Metropolitan One Day
Brendan Miller,Scott Powell,0,3,2014,No,3rd Grade
James Ditchburn,Timothy Gailbraith,0,10,2014,No,3rd Grade
Damien Senge,Ryan Barndon,0,7,2014,No,2nd Grade
Ryan Barndon,Matt Wilson,0,8,2014,No,2nd Grade
Paul Dickson,Gary Freind,0,8,2014,No,8th Grade
Mandeep Sidhu,Karamdeep Brar,0,8,2014,No,Metropolitan One Day
Happee Boparai,Gurpreet Sidhu,0,5,2014,No,Metropolitan One Day
Gurpreet Sidhu,H Batth,0,8,2014,No,Metropolitan One Day
Garath Van Der Elst,Chris Homer,0,1,2014,No,5th Grade
Ben Stephenson,Grant Carslake,0,8,2014,No,8th Grade
Josh Copping,Aaron Robson,0,8,2014,No,3rd Grade
Scott Powell,Aaron Robson,0,1,2014,No,3rd Grade
K Symons,Paul Dickson,0,1,2014,No,8th Grade
Karamjeet Singh,Matt Wilson,0,8,2014,No,2nd Grade
Karamdeep Brar,MG Armstrong,0,5,2015,No,7th Grade
Chris Homer,GC Siddalingappa,0,4,2015,No,6th Grade
Keith Zissis,Dennis Freind,0,1,2015,No,7th Grade
Ranjit Singh,Z Taylor,0,1,2015,No,9th Grade
P Rados,Darren Stride,0,6,2015,No,9th Grade
Grant Carslake,D Tingey,0,9,2015,No,9th Grade
Goppi Singh,Karamdeep Brar,0,2,2015,No,9th Grade
P Singh,P Rados,0,4,2015,No,9th Grade
Mark Sinclair,Gino Giamboi,0,9,2015,No,7th Grade
P Rados,Gino Giamboi,0,7,2015,No,7th Grade
P Rados,Kenneth Kelly,0,8,2015,No,7th Grade
P Singh,B Le Cras,0,5,2015,No,9th Grade
P Singh,Darren Stride,0,6,2015,No,9th Grade
Clinton Reid,Ranjit Singh,0,1,2015,No,9th Grade
Karamjeet Singh,James Ditchburn,0,8,2015,No,2nd Grade
Martin Burrow,C Puff,0,9,2015,No,4th Grade
Chris Homer,R Singhal,0,4,2015,No,4th Grade
Brett Harrison,Brendan Miller,0,4,2015,No,4th Grade
Ian Wilson,Ryan Barndon,0,7,2015,No,2nd Grade
Michael Mani,Tony Bassett,0,9,2015,No,2nd Grade
Michael Mani,Mandeep Sidhu,0,10,2015,No,2nd Grade
Scott Barnard,Jake Finney,0,1,2015,No,2nd Grade
Jake Finney,Dov Morris,0,2,2015,No,2nd Grade
Chris Mok,M Munish,0,3,2015,No,6th Grade
MG Armstrong,Dennis Freind,0,8,2015,No,6th Grade
Leon Burrows,Damien Senge,0,7,2015,No,2nd Grade
C Puff,Devender Kumar,0,9,2015,No,4th Grade
R Singhal,M Munish,0,3,2015,No,6th Grade
Brett Harrison,James Ditchburn,0,7,2015,No,4th Grade
Jake Finney,Dov Morris,0,2,2015,No,2nd Grade
Goppi Singh,R Sandhu,0,2,2015,No,9th Grade
Mark Sinclair,v hardingham,0,5,2015,No,7th Grade
Bryce Alexander,Keith Zissis,0,3,2015,No,7th Grade
Brad Walker,Kai Homer,0,7,2015,No,4th Grade
Scott Barnard,Chris Homer,0,4,2015,No,4th Grade
K Bond,AB Goodchild,0,7,2015,No,7th Grade
Grant Carslake,Conor Breheny,0,6,2015,No,9th Grade
Ross Baker,Sandeep Brar,0,6,2015,No,2nd Grade
Conor Breheny,M Owen,0,10,2015,No,9th Grade
K Symons,Bryce Alexander,0,2,2015,No,7th Grade
Jun Singh,Conor Breheny,0,4,2015,No,9th Grade
David Van Wees,R Sandhu,0,7,2015,No,7th Grade
Ryan Barndon,N Singh,0,2,2015,No,4th Grade
Scott Barnard,Brad Walker,0,5,2015,No,4th Grade
Karamjeet Singh,James Ditchburn,0,9,2015,No,2nd Grade
Karamjeet Singh,Dave Dewhurst,0,10,2015,No,2nd Grade
Jake Finney,Karamjeet Singh,0,6,2015,No,2nd Grade
Keith Zissis,Bryce Alexander,0,2,2015,No,7th Grade
Garath Van Der Elst,R Singhal,0,2,2015,No,6th Grade
Brad Walker,Brendan Miller,0,5,2015,No,4th Grade
Jake Finney,Dov Morris,0,1,2015,No,2nd Grade
Clinton Reid,Karamdeep Brar,0,8,2015,No,6th Grade
Brendan Miller,Ian Wilson,0,4,2015,No,4th Grade
Curtis Stark,Scott Barnard,0,2,2015,No,4th Grade
K Natraj,B Le Cras,0,4,2015,No,9th Grade
K Bond,Tom Condello,0,8,2015,No,7th Grade
GC Siddalingappa,M Munish,0,6,2015,No,9th Grade
Adam Lankester,John Taylor,0,2,2015,No,4th Grade
Brendan Miller,Craig Bennett,0,8,2015,No,4th Grade
Brendan Miller,James Ditchburn,0,9,2015,No,4th Grade
James Ditchburn,Kirk Howes,0,10,2015,No,4th Grade
Sandeep Brar,Ross Baker,0,4,2015,No,2nd Grade
Gurpreet Sidhu,Brad Walker,0,4,2015,No,6th Grade
Adam Lankester,Brett Harrison,0,5,2015,No,4th Grade
Brendan Miller,C Puff,0,7,2015,No,4th Grade
Adam Wreford,Dave Dewhurst,0,10,2015,No,2nd Grade
Karamjeet Singh,Ryan Barndon,0,7,2015,No,2nd Grade
Keith Zissis,David Van Wees,0,4,2015,No,7th Grade
Keith Zissis,K Symons,0,1,2015,No,7th Grade
Dennis Freind,Tom Condello,0,8,2015,No,7th Grade
Jun Singh,Ranjit Singh,0,4,2015,No,9th Grade
Ranjit Singh,Grant Carslake,0,5,2015,No,9th Grade
Y Rai,Tom Condello,0,9,2016,Yes,5th Grade
Ross Baker,Kirk Howes,0,6,2016,Yes,1st Grade
R Edmonds,Chris Mok,0,9,2016,No,3rd Grade
Chris Mok,Ashley Edwards,0,10,2016,No,3rd Grade
Kai Homer,Karamdeep Brar,0,7,2016,No,5th Grade
Y Rai,R Sandhu,0,7,2016,No,9th Grade
Garath Van Der Elst,R Murali,0,3,2016,No,5th Grade
Garath Van Der Elst,Brett Harrison,0,9,2016,No,5th Grade
Ian Wilson,Paul Ridley,0,4,2016,No,1st Grade
Scott Barnard,A Malik,0,6,2016,No,3rd Grade
Chris Mok,M Kerr,0,9,2016,No,5th Grade
Garath Van Der Elst,Clinton Reid,0,1,2016,No,5th Grade
Clinton Reid,A Kovac,0,5,2016,No,5th Grade
Balram Chahal,David Van Wees,0,1,2016,No,6th Grade
Keith Zissis,Mark Sinclair,0,4,2016,No,6th Grade
R Rajana,J Rudrapuriaa,0,8,2016,No,Metropolitan One Day
Darren Stride,Courtney Swift,0,7,2016,No,9th Grade
Brad Walker,Tom Condello,0,10,2016,No,5th Grade
Brendan Millar,Chris Mok,0,7,2016,No,3rd Grade
Brendan Millar,Darren Johnson,0,4,2016,No,3rd Grade
Adam Borrett,James Ditchburn,0,6,2016,No,3rd Grade
D Truslove,B Le Cras,0,7,2016,No,9th Grade
S Wagh,S Young,0,5,2016,No,Metropolitan One Day
P Virk,Goppi Singh,0,8,2016,No,9th Grade
I Morawiec,D Bowman,0,7,2016,No,Metropolitan One Day
Paul Ridley,Karamjeet Singh,0,6,2016,No,1st Grade
Jake Finney,Ian Wilson,0,2,2016,No,1st Grade
D Bowman,I Morawiec,0,8,2016,No,Metropolitan One Day
S Young,D Bowman,0,6,2016,No,Metropolitan One Day
James Ditchburn,Sam Finnigan,0,8,2016,No,3rd Grade
Garath Van Der Elst,Mandeep Singh,0,2,2016,No,5th Grade
Darren Johnson,Brett Harrison,0,3,2016,No,3rd Grade
Darren Johnson,Chris Mok,0,4,2016,No,3rd Grade
Dov Morris,Ian Wilson,0,2,2016,No,1st Grade
C Vaidya,Goppi Singh,0,1,2016,No,Metropolitan One Day
Grant Carslake,R Sandhu,0,6,2016,No,6th Grade
S Young,Y Rai,0,7,2016,No,5th Grade
Brett Harrison,R Edmonds,0,8,2016,No,3rd Grade
Clinton Reid,Brett Harrison,0,3,2016,No,3rd Grade
A Kovac,James Ditchburn,0,4,2016,No,9th Grade
Cameron Lee,D Bowman,0,8,2016,No,9th Grade
K Natraj,Anthony Sinclair,0,8,2016,No,6th Grade
Darren Stride,Robbie Edwards,0,10,2016,No,6th Grade
Jun Singh,Garath Van Der Elst,0,1,2016,No,6th Grade
Happee Boparai,K Murthy Dhansing,0,5,2016,No,5th Grade
A Kovac,Courtney Swift,0,3,2016,No,9th Grade
Phillip Ross,Grant Carslake,0,5,2016,No,9th Grade
Phillip Ross,Cameron Lee,0,6,2016,No,9th Grade
Balram Chahal,Brett Harrison,0,1,2016,No,5th Grade
JD Krasenstein,A Thapa,0,6,2016,No,5th Grade
A Thapa,R Singhal,0,7,2016,No,5th Grade
Phillip Ross,Cameron Lee,0,6,2016,No,9th Grade
David Van Wees,Mark Sinclair,0,4,2016,No,6th Grade
AB Goodchild,Gino Giamboi,0,7,2016,No,6th Grade
Gino Giamboi,Darren Stride,0,8,2016,No,6th Grade
A Malik,Y Rai,0,8,2016,No,5th Grade
Darren Johnson,Brendan Millar,0,5,2016,No,1st Grade
Jake Finney,Scott Barnard,0,2,2016,No,1st Grade
Cameron Lee,D Bowman,0,8,2016,No,9th Grade
Phillip Ross,Courtney Swift,0,9,2016,No,9th Grade
Ian Wilson,David Van Wees,0,2,2016,No,6th Grade
David Van Wees,Dennis Freind,0,3,2016,No,6th Grade
R Singhal,S Young,0,9,2016,No,5th Grade
R Singhal,Y Rai,0,10,2016,No,5th Grade
R Singhal,Happee Boparai,0,6,2016,No,5th Grade
Clinton Reid,Tyrone Allen,0,5,2016,No,3rd Grade
Adam Wreford,Adam Borrett,0,10,2016,No,1st Grade
Ross Baker,Leon Burrows,0,5,2016,No,1st Grade
Dennis Freind,Ian Wilson,0,5,2016,No,6th Grade
Ash Eyre,Jun Singh,0,1,2016,No,6th Grade
Scott Barnard,Tyrone Allen,0,7,2016,No,3rd Grade
Jake Finney,Ryan Barndon,0,2,2016,No,1st Grade
Karamjeet Singh,Michael Mani,0,7,2016,No,1st Grade
Chris Homer,A Malik,0,6,2016,No,5th Grade
Scott Barnard,Brendan Millar,0,4,2016,No,3rd Grade
Dov Morris,Darren Johnson,0,2,2016,No,3rd Grade
Tony Bassett,Karamdeep Brar,0,9,2016,No,3rd Grade
R Edmonds,Sam Finnigan,0,7,2016,No,3rd Grade
R Sandhu,D Bowman,0,9,2016,No,9th Grade
D Bowman,L Ashforth,0,10,2016,No,9th Grade
JD Krasenstein,James Day,0,3,2016,No,9th Grade
Phillip Ross,Courtney Swift,0,6,2016,No,9th Grade
Kirk Howes,Adam Borrett,0,10,2016,No,1st Grade
Dennis Freind,D Truslove,0,8,2016,No,6th Grade
D Truslove,David Van Wees,0,9,2016,No,6th Grade
Brad Walker,R Singhal,0,6,2016,No,5th Grade
Chris Homer,Brad Walker,0,3,2016,No,5th Grade
Adam Lankester,Curtis Stark,0,5,2016,No,3rd Grade
Darren Johnson,Chris Mok,0,5,2016,No,3rd Grade
Clinton Reid,Adam Lankester,0,2,2016,No,3rd Grade
Happee Boparai,R Singhal,0,5,2016,No,5th Grade
Mandeep Singh,R Sandhu,0,9,2016,No,5th Grade
Jun Singh,David Van Wees,0,3,2016,No,6th Grade
Robbie Edwards,L Ashforth,0,9,2016,No,6th Grade
Jun Singh,Mark Sinclair,0,1,2016,No,6th Grade
Courtney Swift,J Lennox,0,3,2016,No,9th Grade
Paul Ridley,Karamjeet Singh,0,8,2016,No,1st Grade
D Bowman,D Truslove,0,9,2016,No,9th Grade
Dov Morris,Josh Demarte,0,2,2016,No,1st Grade
Curtis Stark,Adam Lankester,0,1,2016,No,3rd Grade
C Vaidya,Chris Homer,0,4,2016,No,5th Grade
David Van Wees,Keith Zissis,0,3,2016,No,6th Grade
Scott Barnard,Jake Finney,0,3,2016,No,1st Grade
R Singhal,S Young,0,8,2016,No,5th Grade
R Singhal,Karamdeep Brar,0,9,2016,No,5th Grade
A Malik,Balram Chahal,0,5,2016,No,5th Grade
A Malik,Tony Bassett,0,6,2016,No,5th Grade
A Malik,Balram Chahal,0,3,2016,No,5th Grade
Garath Van Der Elst,James Day,0,2,2016,No,9th Grade
A Malik,C Vaidya,0,3,2016,No,5th Grade
Courtney Swift,B Le Cras,0,6,2016,No,9th Grade
Cameron Lee,K Natraj,0,8,2016,No,9th Grade
R Singhal,Tony Bassett,0,7,2016,No,5th Grade
Tony Bassett,S Young,0,8,2016,No,5th Grade
Tom Condello,Darren Stride,0,8,2017,Yes,3rd Grade
A Corrie,Balram Chahal,0,7,2017,No,3rd Grade
Phillip Ross,A Corrie,0,5,2017,No,3rd Grade
S Young,S Gill,0,6,2017,No,5th Grade
Chris Homer,A Corrie,0,6,2017,No,3rd Grade
R Singhal,Randeep Brar,0,2,2017,No,5th Grade
Clinton Reid,Tim Galbraith,0,2,2017,No,3rd Grade
Minish Diniadan,Balram Chahal,0,9,2017,No,1st Grade
Minish Diniadan,Adam Borrett,0,10,2017,No,1st Grade
Phillip Ross,Karamjeet Singh,0,6,2017,No,1st Grade
Cameron Lee,AB Kalimeris,0,9,2017,No,7th Grade
Jun Singh,David Van Wees,0,1,2017,No,7th Grade
K Natraj,Cameron Lee,0,5,2017,No,7th Grade
S Gill,Ben Gatter,0,8,2017,No,5th Grade
K Murthy Dhansing,S Gill,0,5,2017,No,5th Grade
Sam Finnigan,K Natraj,0,6,2017,No,7th Grade
Jun Singh,Dennis Freind,0,2,2017,No,7th Grade
R Singhal,Randeep Brar,0,1,2017,No,5th Grade
R Singhal,C Singh,0,7,2017,No,5th Grade
Grant Carslake,Karamdeep Brar,0,7,2017,No,3rd Grade
Darren Stride,Robbie Edwards,0,10,2017,No,3rd Grade
Jun Singh,Phillip Ross,0,1,2017,No,3rd Grade
Phillip Ross,Tom Condello,0,4,2017,No,3rd Grade
Keith Zissis,Dov Morris,0,4,2017,No,7th Grade
David Van Wees,Paul Maindok,0,2,2017,No,7th Grade
C Vaidya,R Mohamed,0,3,2017,No,5th Grade
Karamjeet Singh,A Malik,0,5,2017,No,1st Grade
M Power,AB Kalimeris,0,7,2017,No,7th Grade
R Singhal,Bikram Singh,0,3,2017,No,5th Grade
Mandeep Singh,Jun Singh,0,8,2017,No,5th Grade
Karamdeep Brar,S Young,0,10,2017,No,5th Grade
A Malik,Bikram Singh,0,2,2017,No,5th Grade
S Gill,C Vaidya,0,5,2017,No,5th Grade
Karamjeet Singh,Ryan Barndon,0,7,2017,No,1st Grade
Brett Harrison,Brad Walker,0,2,2017,No,3rd Grade
Darren Johnson,Ross Baker,0,4,2017,No,1st Grade
Mark Sinclair,PJ Francis,0,5,2017,No,7th Grade
N Panjepa,Garath Van Der Elst,0,8,2017,No,7th Grade
David Van Wees,JD Krasenstein,0,3,2017,No,7th Grade
Garath Van Der Elst,Darren Stride,0,8,2017,No,7th Grade
Cameron Lee,Tim Galbraith,0,3,2017,No,3rd Grade
Tom Condello,Chris Mok,0,7,2017,No,3rd Grade
Chris Mok,Matt Wilson,0,8,2017,No,3rd Grade
Karamjeet Singh,Phillip Ross,0,8,2017,No,1st Grade
A Malik,Karamjeet Singh,0,6,2017,No,1st Grade
David Van Wees,Brendan Millar,0,1,2017,No,7th Grade
Garath Van Der Elst,G Fawell,0,6,2017,No,7th Grade
Karamdeep Brar,G Minhas,0,9,2017,No,5th Grade
Brendan Millar,Karamjeet Singh,0,8,2017,No,1st Grade
Dov Morris,Adam Lankester,0,1,2017,No,1st Grade
S Young,S Gill,0,6,2017,No,5th Grade
Karamdeep Brar,Goppi Singh,0,9,2017,No,5th Grade
Goppi Singh,Jun Singh,0,10,2017,No,5th Grade
Darren Stride,Chris Mok,0,9,2017,No,7th Grade
B LeCras,Garath Van Der Elst,0,9,2017,No,7th Grade
Garath Van Der Elst,Darren Stride,0,10,2017,No,7th Grade
Brendan Millar,Phillip Ross,0,5,2017,No,3rd Grade
Brendan Millar,W Roberts Wiseman,0,6,2017,No,3rd Grade
Brendan Millar,Robbie Edwards,0,9,2017,No,3rd Grade
Brendan Millar,Tom Condello,0,10,2017,No,3rd Grade
Brendan Millar,Curtis Stark,0,1,2017,No,3rd Grade
AB Kalimeris,Mandeep Singh,0,8,2017,No,5th Grade
Mark Sinclair,Sam Finnigan,0,4,2017,No,7th Grade
Darren Johnson,Dov Morris,0,5,2017,No,1st Grade
A Malik,Ryan Barndon,0,8,2017,No,1st Grade
A Malik,Y Rai,0,9,2017,No,1st Grade
Y Rai,Adam Borrett,0,10,2017,No,1st Grade
Ryan Barndon,Adam Borrett,0,8,2017,No,1st Grade
Ryan Barndon,A Malik,0,5,2017,No,1st Grade
AB Kalimeris,G Minhas,0,1,2017,No,5th Grade
Ross Baker,D Bowman,0,6,2017,No,3rd Grade
S Gill,Jun Singh,0,5,2017,No,5th Grade
Ross Baker,Robbie Edwards,0,10,2017,No,3rd Grade
Curtis Stark,Cameron Lee,0,1,2017,No,3rd Grade
Alex Cox,Ross Baker,0,3,2017,No,3rd Grade
Brad Walker,Ross Baker,0,3,2017,No,3rd Grade
Curtis Stark,Cameron Lee,0,1,2017,No,3rd Grade
Adam Lankester,W Roberts Wiseman,0,2,2017,No,1st Grade
Bikram Singh,R Singhal,0,8,2017,No,5th Grade
Karamdeep Brar,Goppi Singh,0,10,2017,No,5th Grade
Chris Homer,Mandeep Singh,0,6,2017,No,5th Grade
C Tilley,M Power,0,9,2017,No,3rd Grade
C Tilley,Robbie Edwards,0,10,2017,No,3rd Grade
R Singhal,Brett Harrison,0,1,2017,No,5th Grade
A Malik,Dov Morris,0,4,2017,No,1st Grade
James Ditchburn,Tim Galbraith,0,5,2017,No,3rd Grade
Ross Baker,Phillip Ross,0,8,2017,No,1st Grade
Ross Baker,Cameron Lee,0,9,2017,No,1st Grade
Dov Morris,A Malik,0,3,2017,No,1st Grade
Karamjeet Singh,Ross Baker,0,6,2017,No,1st Grade
Phillip Ross,Adam Borrett,0,9,2018,Yes,2nd Grade
Dov Morris,Phillip Ross,0,4,2018,No,2nd Grade
Goppi Singh,David Van Wees,0,7,2018,No,Mercantile One Day
Bikram Singh,Raghu Sharma,0,7,2018,No,4th Grade
A Malik,Tony Bassett,0,7,2018,No,2nd Grade
Tony Bassett,Alan Edwards,0,9,2018,No,2nd Grade
Phillip Ross,Sam Finnigan,0,7,2018,No,2nd Grade
Sam Finnigan,Alan Edwards,0,9,2018,No,2nd Grade
Raghu Sharma,Mandeep Singh,0,7,2018,No,4th Grade
Hayden Candy,Brett Harrison,0,3,2018,No,Mercantile One Day
Paul Maindok,Hayden Candy,0,2,2018,No,Mercantile One Day
Ryan Barndon,Jun Singh,0,6,2018,No,2nd Grade
Darren Johnson,Ryan Barndon,0,4,2018,No,2nd Grade
Ryan Barndon,Adam Borrett,0,9,2018,No,2nd Grade
Ryan Barndon,Phillip Ross,0,7,2018,No,2nd Grade
Cameron Lee,Brett Harrison,0,6,2018,No,Mercantile One Day
Bikram Singh,S Gill,0,8,2018,No,4th Grade
Raghu Sharma,Mandeep Singh,0,5,2018,No,4th Grade
Curtis Stark,Darren Johnson,0,3,2018,No,2nd Grade
Cameron Lee,Raghu Sharma,0,3,2018,No,4th Grade
Cameron Lee,C Vaidya,0,4,2018,No,4th Grade
Chris Mok,Alan Edwards,0,10,2018,No,2nd Grade
Garath Van Der Elst,Cameron Lee,0,1,2018,No,4th Grade
Hayden Candy,D Bowman,0,2,2018,No,Mercantile One Day
Curtis Stark,Adam Lankester,0,1,2018,No,2nd Grade
Curtis Stark,Adam Lankester,0,1,2018,No,2nd Grade
Happee Boparai,S Gill,0,3,2018,No,4th Grade
S Gill,Bikram Singh,0,4,2018,No,4th Grade
Daniel Atkinson,Phillip Ross,0,6,2018,No,2nd Grade
Adam Lankester,Ryan Barndon,0,3,2018,No,2nd Grade
Adam Lankester,Daniel Atkinson,0,4,2018,No,2nd Grade
Karamdeep Brar,Darren Stride,0,10,2018,No,4th Grade
Cameron Lee,S Gill,0,5,2018,No,4th Grade
Brett Harrison,Mark Sinclair,0,2,2018,No,Mercantile One Day
Daniel Atkinson,Russell Normoyle,0,6,2018,No,2nd Grade
Paul Maindok,Keith Zissis,0,2,2018,No,Mercantile One Day
Paul Maindok,Tony Bassett,0,7,2018,No,2nd Grade
S Gill,Cameron Lee,0,6,2018,No,4th Grade
Goppi Singh,Darren Stride,0,8,2018,No,Mercantile One Day
Ryan Barndon,Darren Johnson,0,6,2018,No,2nd Grade
Cameron Lee,S Gill,0,4,2018,No,4th Grade
Brett Harrison,Jun Singh,0,8,2018,No,Mercantile One Day
Phillip Ross,Ash Eyre,0,7,2018,No,2nd Grade
Phillip Ross,K Symons,0,8,2018,No,2nd Grade
Paul McNamara,Dennis Freind,0,8,2018,No,Mercantile One Day
Paul Maindok,David Van Wees,0,1,2018,No,Mercantile One Day
David Van Wees,Brett Harrison,0,6,2018,No,Mercantile One Day
Tom Condello,TW DeRozario,0,10,2019,Yes,C Division One Day Grade
Randeep Brar,Karamdeep Brar,0,10,2019,Yes,5th Grade
Hayden Candy,Robbie Edwards,0,8,2019,Yes,C Division One Day Grade
Curtis Stark,Cameron Lee,0,3,2019,No,B Division One Day Grade
Randeep Brar,Jagdeep Brar,0,4,2019,No,5th Grade
Jun Singh,Karamdeep Brar,0,9,2019,No,5th Grade
Jagdeep Brar,Jun Singh,0,7,2019,No,5th Grade
Darren Stride,Tom Condello,0,8,2019,No,C Division One Day Grade
Tom Condello,Gino Giamboi,0,9,2019,No,C Division One Day Grade
Russell Normoyle,Ryan Barndon,0,5,2019,No,3rd Grade
W Abbas,Adam Wreford,0,7,2019,No,B Division One Day Grade
W Abbas,Darren Young,0,8,2019,No,B Division One Day Grade
Happee Boparai,Randeep Brar,0,5,2019,No,5th Grade
Brett Harrison,Darren Young,0,6,2019,No,B Division One Day Grade
W Abbas,Chris Mok,0,10,2019,No,B Division One Day Grade
Gino Giamboi,Tom Condello,0,10,2019,No,E Division One Day Grade
Dov Morris,Ryan Barndon,0,6,2019,No,3rd Grade
Dov Morris,Russell Normoyle,0,7,2019,No,3rd Grade
Russell Normoyle,A Singh,0,8,2019,No,3rd Grade
Darren Young,Geoff Colgan,0,3,2019,No,B Division One Day Grade
Jagdeep Brar,Happee Boparai,0,5,2019,No,5th Grade
Jagdeep Brar,S Gill,0,6,2019,No,5th Grade
Darren Young,Geoff Colgan,0,3,2019,No,B Division One Day Grade
Raghu Sharma,LH Berendsen,0,4,2019,No,3rd Grade
Brett Harrison,Randeep Brar,0,6,2019,No,5th Grade
Ls Buttar,Jun Singh,0,3,2019,No,5th Grade
Ls Buttar,Brett Harrison,0,4,2019,No,5th Grade
Darren Young,Ash Yadav,0,2,2019,No,B Division One Day Grade
Ash Yadav,Graeme Angwin,0,5,2019,No,B Division One Day Grade
Paul Maindok,Clinton Reid,0,1,2019,No,C Division One Day Grade
TW DeRozario,Robbie Edwards,0,10,2019,No,C Division One Day Grade
Cameron Lee,Jun Singh,0,6,2019,No,B Division One Day Grade
Raghu Sharma,Darren Johnson,0,2,2019,No,3rd Grade
Nilan Chandratilake,O Cranny,0,4,2019,No,E Division One Day Grade
Raghu Sharma,Ash Yadav,0,1,2019,No,3rd Grade
Darren Johnson,Brendan Millar,0,3,2019,No,3rd Grade
Jagdeep Brar,Gurdeep Singh,0,8,2019,No,5th Grade
Jagdeep Brar,S Gill,0,9,2019,No,5th Grade
S Gill,Garath Van Der Elst,0,10,2019,No,5th Grade
Dennis Freind,Craig Bennett,0,5,2019,No,B Division One Day Grade
Darren Young,Dan Leatham,0,3,2019,No,B Division One Day Grade
Ryan Barndon,LH Berendsen,0,6,2019,No,3rd Grade
Duane Crombie,J Kendall,0,3,2019,No,C Division One Day Grade
A Singh,Phillip Ross,0,9,2019,No,3rd Grade
Darren Johnson,Dov Morris,0,4,2019,No,3rd Grade
Darren Young,Cameron Lee,0,4,2019,No,B Division One Day Grade
John Taylor,David Van Wees,0,10,2019,No,B Division One Day Grade
Raghu Sharma,A Singh,0,6,2019,No,3rd Grade
Dov Morris,Brendan Millar,0,3,2019,No,3rd Grade
Ash Yadav,Dennis Freind,0,1,2019,No,5th Grade
Mandeep Singh,Gurdeep Singh,0,8,2019,No,5th Grade
O Cranny,B Adams,0,7,2019,No,E Division One Day Grade
Ryan Barndon,Russell Normoyle,0,7,2019,No,3rd Grade
Dov Morris,Brendan Millar,0,3,2019,No,3rd Grade
Jagdeep Brar,Garath Van Der Elst,0,7,2019,No,5th Grade
Clinton Reid,Tom Condello,0,7,2019,No,C Division One Day Grade
Bruce Stark,David Van Wees,0,6,2019,No,E Division One Day Grade
Duane Crombie,J Trichilo,0,3,2019,No,E Division One Day Grade
Paul Maindok,Clinton Reid,0,1,2019,No,C Division One Day Grade
Keith Zissis,D Bowman,0,7,2019,No,C Division One Day Grade
Curtis Stark,Brendan Millar,0,4,2019,No,3rd Grade
Nirbhai Sohi,Randeep Brar,0,3,2019,No,5th Grade
Duane Crombie,Bruce Stark,0,2,2019,No,E Division One Day Grade
Cameron Lee,D Bowman,0,5,2019,No,C Division One Day Grade
Mandeep Singh,W Abbas,0,9,2019,No,B Division One Day Grade
Jun Singh,Mandeep Singh,0,7,2019,No,B Division One Day Grade
Dennis Freind,Brett Harrison,0,4,2019,No,B Division One Day Grade
Nilan Chandratilake,David Van Wees,0,1,2019,No,E Division One Day Grade
John Taylor,Ross Baker,0,5,2019,No,B Division One Day Grade
Cameron Lee,Tom Condello,0,7,2019,No,C Division One Day Grade
Mandeep Singh,Ash Eyre,0,8,2019,No,B Division One Day Grade
Mandeep Singh,Adam Wreford,0,9,2019,No,B Division One Day Grade
Mandeep Singh,Tony Bassett,0,10,2019,No,B Division One Day Grade
Curtis Stark,Jun Singh,0,10,2020,Yes,A Division One Day Grade
David Hallows,Ziiyad Salle,0,9,2020,Yes,F Division One Day Grade
Curtis Stark,Jagdeep Brar,0,9,2020,No,A Division One Day Grade
Chris Mok,Adam Wreford,0,7,2020,No,E Division One Day Grade
Davis Bode,Chris Mok,0,1,2020,No,E Division One Day Grade
Chris Mok,J Naidoo,0,2,2020,No,E Division One Day Grade
Tony Bassett,Adam Wreford,0,7,2020,No,E Division One Day Grade
Ash Yadav,Curtis Stark,0,1,2020,No,A Division One Day Grade
J Galhena,Gurdeep Singh,0,4,2020,No,B Division One Day Grade
Jagdeep Brar,Mandeep Singh,0,8,2020,No,A Division One Day Grade
Jagdeep Brar,Jun Singh,0,10,2020,No,A Division One Day Grade
Happee Boparai,Mandeep Singh,0,6,2020,No,A Division One Day Grade
Curtis Stark,Ross Baker,0,4,2020,No,A Division One Day Grade
David Van Wees,Chris Popoff,0,3,2020,No,F Division One Day Grade
Adam Duffy,Tom Condello,0,6,2020,No,F Division One Day Grade
David Van Wees,Adam Duffy,0,4,2020,No,F Division One Day Grade
N Gordon,C Breheny,0,4,2020,No,E Division One Day Grade
Tim Galbraith,Ben Gatter,0,6,2020,No,E Division One Day Grade
Mandeep Singh,Tony Bassett,0,8,2020,No,B Division One Day Grade
Mandeep Singh,Phillip Ross,0,9,2020,No,B Division One Day Grade
Jun Singh,Nilan Chandratilake,0,1,2020,No,F Division One Day Grade
Parminder Sandhu,Tom Condello,0,7,2020,No,F Division One Day Grade
Tim Galbraith,H Beasy,0,2,2020,No,E Division One Day Grade
Cameron Lee,Hayden Candy,0,3,2020,No,B Division One Day Grade
BE Cranny,Justin Kickett,0,4,2020,No,F Division One Day Grade
Daniel Sims,Phillip Ross,0,9,2020,No,B Division One Day Grade
Ross Baker,Nirbhai Sohi,0,4,2020,No,A Division One Day Grade
Sam Finnigan,Jagdeep Brar,0,10,2020,No,A Division One Day Grade
A Singh,Bikram Singh,0,5,2020,No,A Division One Day Grade
Chris Popoff,Justin Kickett,0,4,2020,No,F Division One Day Grade
Mandeep Singh,Simon Ward,0,10,2020,No,B Division One Day Grade
Mandeep Singh,Gurpreet Brar,0,7,2020,No,B Division One Day Grade
Chris Popoff,Adam Duffy,0,6,2020,No,F Division One Day Grade
Raghu Sharma,Parminder Sandhu,0,5,2021,No,B Division One Day Grade
Ash Yadav,Happee Boparai,0,3,2021,No,A Division One Day Grade
Mandeep Singh,Tony Bassett,0,9,2021,No,B Division One Day Grade
Dov Morris,Scott Barnard,0,1,2021,No,B Division One Day Grade
G Singh,Mandeep Singh,0,5,2021,No,B Division One Day Grade
Mandeep Singh,Sam Finnigan,0,7,2021,No,B Division One Day Grade
Scott Bretland,Danny Toohey,0,10,2021,No,G Division One Day Grade
Brayden Barnes,Grant Carslake,0,8,2021,No,G Division One Day Grade
Clinton Reid,Tony Bassett,0,7,2021,No,B Division One Day Grade
Nirbhai Sohi,G Singh,0,5,2021,No,A Division One Day Grade
Davis Bode,Ash Yadav,0,1,2021,No,A Division One Day Grade
Darren Franklin,Tom Condello,0,7,2021,No,G Division One Day Grade
Darren Franklin,J Cuthbert,0,8,2021,No,G Division One Day Grade
Nirbhai Sohi,John Taylor,0,3,2021,No,A Division One Day Grade
Gavin Doull,Bruce Stark,0,4,2021,No,G Division One Day Grade
Nirbhai Sohi,Dov Morris,0,3,2021,No,A Division One Day Grade
Darren Johnson,Raghu Sharma,0,3,2021,No,B Division One Day Grade
Daniel Sims,Hayden Candy,0,5,2021,No,E Division One Day Grade
Thanuja Jayakodi Arachchige,Darren Franklin,0,7,2021,No,G Division One Day Grade
Gurpreet Brar,Garath Van Der Elst,0,3,2021,No,G Division One Day Grade
Garath Van Der Elst,Aaron Robson,0,4,2021,No,G Division One Day Grade
Happee Boparai,Ash Yadav,0,4,2021,No,A Division One Day Grade
Curtis Stark,Nirbhai Sohi,0,2,2021,No,A Division One Day Grade
G Singh,Phillip Ross,0,8,2021,No,B Division One Day Grade
Gavin Doull,Duane Crombie,0,4,2021,No,G Division One Day Grade
Gavin Doull,Chris Popoff,0,2,2021,No,G Division One Day Grade
Scott Barnard,Brett Harrison,0,2,2021,No,B Division One Day Grade
Dov Morris,Brett Harrison,0,1,2021,No,B Division One Day Grade
Davis Bode,Adam Wreford,0,6,2021,No,A Division One Day Grade
Nilan Chandratilake,Adam Duffy,0,3,2021,No,G Division One Day Grade
Duane Crombie,Gurpreet Brar,0,5,2021,No,G Division One Day Grade
Duane Crombie,Gavin Doull,0,6,2021,No,G Division One Day Grade
Scott Bretland,Tom Condello,0,10,2022,Yes,G Division One Day Grade
Darren Johnson,David Hallows,0,10,2022,Yes,B Division One Day Grade
Darren Johnson,Ross Baker,0,3,2022,No,B Division One Day Grade
Jun Singh,Phillip Ross,0,9,2022,No,B Division One Day Grade
Raghu Sharma,Ash Yadav,0,3,2022,No,A Division One Day Grade
Raghu Sharma,Bikram Singh,0,6,2022,No,A Division One Day Grade
Vishnu Rajendran,Joe Morgan,0,7,2022,No,D Division One Day Grade
Nilan Chandratilake,Chris Popoff,0,2,2022,No,G Division One Day Grade
Phillip Ross,Ryan James,0,10,2022,No,B Division One Day Grade
Gurdeep Singh,Ash Yadav,0,2,2022,No,A Division One Day Grade
Gurdeep Singh,Mandeep Singh,0,3,2022,No,A Division One Day Grade
Nirbhai Sohi,Happee Boparai,0,4,2022,No,A Division One Day Grade
Bikram Singh,Samuel Freind,0,10,2022,No,A Division One Day Grade
Chris Popoff,Bruce Stark,0,4,2022,No,G Division One Day Grade
Bruce Stark,Nilan Chandratilake,0,3,2022,No,G Division One Day Grade
Daniel Lambrinidis,Grant Carslake,0,7,2022,No,D Division One Day Grade
Davis Bode,Adam Wreford,0,8,2022,No,A Division One Day Grade
Curtis Stark,Trent George Kennedy,0,4,2022,No,B Division One Day Grade
Curtis Stark,Ryan James,0,8,2022,No,B Division One Day Grade
Curtis Stark,Trent George Kennedy,0,4,2022,No,B Division One Day Grade
Scott Bretland,Tom Condello,0,6,2022,No,G Division One Day Grade
Nilan Chandratilake,Brayden Barnes,0,2,2022,No,G Division One Day Grade
Brayden Barnes,Chris Popoff,0,3,2022,No,G Division One Day Grade
Vishnu Rajendran,Daniel Lambrinidis,0,6,2022,No,D Division One Day Grade
Nirbhai Sohi,John Taylor,0,3,2022,No,A Division One Day Grade
Happee Boparai,Bikram Singh,0,7,2022,No,A Division One Day Grade
Happee Boparai,Jagdeep Brar,0,8,2022,No,A Division One Day Grade
Nirbhai Sohi,Gurdeep Singh,0,1,2022,No,A Division One Day Grade
Ash Yadav,Raghu Sharma,0,4,2022,No,A Division One Day Grade
Grant Carslake,Garath Van Der Elst,0,9,2022,No,D Division One Day Grade
Paul Holmes,Ash Eyre,0,7,2022,No,D Division One Day Grade
Nirbhai Sohi,Raghu Sharma,0,2,2022,No,A Division One Day Grade
Ash Yadav,John Taylor,0,2,2022,No,A Division One Day Grade
Raghu Sharma,John Taylor,0,3,2022,No,A Division One Day Grade
John Taylor,Dov Morris,0,5,2022,No,A Division One Day Grade
Hayden Candy,Vishnu Rajendran,0,3,2022,No,D Division One Day Grade
Vishnu Rajendran,Courtney Swift,0,6,2022,No,D Division One Day Grade
Phillip Ross,Ben McInnes,0,9,2022,No,B Division One Day Grade
Nilan Chandratilake,Duane Crombie,0,1,2022,No,G Division One Day Grade
Gurpreet Brar,Alex Hall,0,4,2022,No,G Division One Day Grade
Thanuja Jayakodi Arachchige,Dennis Freind,0,10,2022,No,A Division One Day Grade
Curtis Stark,Jun Singh,0,4,2022,No,B Division One Day Grade
Darren Franklin,W Harrington,0,6,2022,No,G Division One Day Grade
Glenn Welton,Curtis Stark,0,1,2022,No,B Division One Day Grade
Gurpreet Brar,Bruce Stark,0,4,2022,No,G Division One Day Grade
Davis Bode,Nirbhai Sohi,0,1,2022,No,A Division One Day Grade
Cameron Lee,Clinton Reid,0,6,2022,No,D Division One Day Grade
Curtis Stark,Ross Baker,0,3,2022,No,B Division One Day Grade
Cameron Lee,Hayden Candy,0,1,2022,No,D Division One Day Grade
Darren Johnson,Mandeep Singh,0,5,2022,No,B Division One Day Grade
Cameron Lee,Daniel Sims,0,1,2022,No,D Division One Day Grade
Daniel Sims,Daniel Lambrinidis,0,2,2022,No,D Division One Day Grade
Vishnu Rajendran,Courtney Swift,0,9,2022,No,D Division One Day Grade
Paul Holmes,Clinton Reid,0,8,2022,No,D Division One Day Grade
Gurdeep Singh,Nirbhai Sohi,0,3,2022,No,A Division One Day Grade
Happee Boparai,Bikram Singh,0,6,2022,No,A Division One Day Grade
Duane Crombie,Chris Popoff,0,4,2022,No,G Division One Day Grade
Gurpreet Brar,Grant Carslake,0,9,2022,No,G Division One Day Grade
Glenn Welton,Curtis Stark,0,2,2022,No,B Division One Day Grade
Phillip Ross,Trent George Kennedy,0,8,2022,No,B Division One Day Grade
Glenn Welton,Ryan Barndon,0,1,2023,No,B Division One Day Grade
Sagar Lather,Ash Yadav,0,2,2023,No,A Division One Day Grade
Dov Morris,Ash Yadav,0,2,2023,No,A Division One Day Grade
Mandeep khokhar,Gurdeep Singh,0,7,2023,No,A Division One Day Grade
Jagdeep Brar,Rehman Virk,0,10,2023,No,A Division One Day Grade
Jagdeep Brar,Kirk Howes,0,8,2023,No,A Division One Day Grade
Jagdeep Brar,Nirbhai Sohi,0,4,2023,No,A Division One Day Grade
Sagar Lather,Jagdeep Brar,0,1,2023,No,A Division One Day Grade
Judd Diletti,Aroan Ajayakumar,0,10,2023,No,B Division One Day Grade
Ross Baker,Leon Burrows,0,4,2023,No,B Division One Day Grade
Leon Burrows,Brett Harrison,0,7,2023,No,B Division One Day Grade
Swarom Kanvinde,Daniel Lambrinidis,0,2,2023,No,C Division One Day Grade
Chris Popoff,Mike Whehella,0,4,2023,No,I Division One Day Grade
Glenn Welton,Nathan Hearnes,0,3,2023,No,B Division One Day Grade
Grant Carslake,Tom Condello,0,6,2023,No,I Division One Day Grade
Angus Gow,Bailey Hampson,0,3,2023,No,H Division One Day Grade
Paul Holmes,Daniel Sims,0,7,2023,No,C Division One Day Grade
Dov Morris,Russell Normoyle,0,7,2023,No,B Division One Day Grade
Russell Normoyle,Amos Robinson,0,2,2023,No,B Division One Day Grade
Sagar Lather,Ryan Barndon,0,3,2023,No,A Division One Day Grade
Alex Hall,Luca Crombie,0,6,2023,No,I Division One Day Grade
Chris Popoff,Bruce Stark,0,2,2023,No,I Division One Day Grade
Daniel Atkinson,Adam Wreford,0,8,2023,No,B Division One Day Grade
Vishnu Rajendran,Jun Singh,0,5,2023,No,C Division One Day Grade
Vinit Kumar,Ryan Barndon,0,8,2023,No,A Division One Day Grade
Sagar Lather,Happee Boparai,0,4,2023,No,A Division One Day Grade
Ross Baker,Clinton Reid,0,7,2023,No,B Division One Day Grade
Ross Baker,Dov Morris,0,4,2023,No,B Division One Day Grade
Nirbhai Sohi,Bikram Singh,0,5,2023,No,A Division One Day Grade
Happee Boparai,Raghu Sharma,0,2,2023,No,A Division One Day Grade
Happee Boparai,Ash Yadav,0,10,2023,No,A Division One Day Grade
Jun Singh,David Hallows,0,10,2023,No,C Division One Day Grade
Jun Singh,Ajay Malik,0,3,2023,No,C Division One Day Grade
Sagar Lather,Bikram Singh,0,3,2023,No,A Division One Day Grade
Mandeep Singh,Pankaj Dhall,0,9,2023,No,A Division One Day Grade
Brett Harrison,Daniel Lambrinidis,0,8,2023,No,C Division One Day Grade
Nirbhai Sohi,Ryan Barndon,0,7,2023,No,A Division One Day Grade
Chris Popoff,Duane Crombie,0,3,2023,No,I Division One Day Grade
Nirbhai Sohi,Bikram Singh,0,7,2023,No,A Division One Day Grade
Cameron Lee,Brett Harrison,0,4,2023,No,C Division One Day Grade
Phillip Ross,Tony Bassett,0,10,2023,No,B Division One Day Grade
Ross Baker,Darren Johnson,0,5,2023,No,B Division One Day Grade
Grant Carslake,Ian Glover,0,10,2024,No,I Division One Day Grade
Brett Harrison,Phillip Ross,0,7,2024,No,C Division One Day Grade
Glenn Welton,Darren Johnson,0,4,2024,No,A Division One Day Grade
Darren Johnson,Davis Bode,0,6,2024,No,A Division One Day Grade
Darren Johnson,Ben McInnes,0,9,2024,No,A Division One Day Grade
Dov Morris,Oscar Benger,0,6,2024,No,H Division One Day Grade
Scott Bretland,Tom Condello,0,8,2024,No,I Division One Day Grade
Scott Bretland,Shishpal Rana,0,6,2024,No,I Division One Day Grade
Adam Duffy,Scott Bretland,0,3,2024,No,I Division One Day Grade
Aaron Robson,Campbell Robson,0,2,2024,No,I Division One Day Grade
David Van Wees,Bailey Hampson,0,3,2024,No,H Division One Day Grade
Mike Whehella,Trent George Kennedy,0,7,2024,No,C Division One Day Grade
Ashan Udeshitha,Carl Singh,0,9,2024,No,C Division One Day Grade
Bradley Younger,Dan Leatham,0,4,2024,No,C Division One Day Grade
Dan Leatham,Vishnu Rajendran,0,5,2024,No,C Division One Day Grade
Vishnu Rajendran,Shishpal Rana,0,7,2024,No,C Division One Day Grade
David Van Wees,Koopa Walsh,0,4,2024,No,H Division One Day Grade
Mike Whehella,Ian Glover,0,9,2024,No,I Division One Day Grade
Keith Zissis,Alex Hall,0,4,2024,No,I Division One Day Grade
Brett Harrison,Scott Barnard,0,4,2024,No,C Division One Day Grade
Brett Harrison,Jun Singh,0,4,2024,No,C Division One Day Grade
Daniel Leatham,Hayden Candy,0,3,2024,No,H Division One Day Grade
Curtis Stark,Dev Baswan,0,8,2024,No,C Division One Day Grade
Kirk Howes,Bradley Younger,0,8,2024,No,A Division One Day Grade
Ross Baker,Bradley Younger,0,4,2024,No,A Division One Day Grade
Josh Taylor,Daniel Sims,0,8,2024,No,A Division One Day Grade
Darren Johnson,Russell Normoyle,0,2,2024,No,A Division One Day Grade
Vishnu Rajendran,Hayden Candy,0,5,2024,No,C Division One Day Grade
Paul Holmes,Bailey Hampson,0,6,2024,No,H Division One Day Grade
Paul Holmes,Oliver Diaz,0,8,2024,No,H Division One Day Grade
Alexio Yiannakis,Spiro Kalafatas,0,4,2024,No,H Division One Day Grade
Vishnu Rajendran,Curtis Stark,0,6,2024,No,C Division One Day Grade
Curtis Stark,Ashan Udeshitha,0,7,2024,No,C Division One Day Grade
Moran Robert Dedman Nielsen,Curtis Stark,0,8,2024,No,C Division One Day Grade
Moran Robert Dedman Nielsen,Carl Singh,0,10,2024,No,C Division One Day Grade
Chris Popoff,Mike Whehella,0,9,2024,No,I Division One Day Grade
Chris Popoff,Darren Franklin,0,10,2024,No,I Division One Day Grade
Chris Popoff,Maxim Crombie,0,5,2024,No,I Division One Day Grade
Chris Popoff,Duane Crombie,0,6,2024,No,I Division One Day Grade
Chris Popoff,Luca Crombie,0,7,2024,No,I Division One Day Grade
Jungsher Kaler,Curtis Stark,0,1,2024,No,C Division One Day Grade
R Howell,Daniel Sims,0,8,2024,No,A Division One Day Grade
Scott Barnard,Kirk Howes,0,7,2024,No,A Division One Day Grade
Dev Baswan,Vishnu Rajendran,0,5,2024,No,C Division One Day Grade
Darren Johnson,Kirk Howes,0,6,2025,Yes,A Division One Day Grade
Manoj jayawardena,Nimesh Shamalka,0,9,2025,No,D Division One Day Grade
Nimesh Shamalka,Dennis Freind,0,10,2025,No,D Division One Day Grade
Missaka Wickramasinghe,Nuwan Jayathma Liyanaarachchi Liyana Arachchige,0,7,2025,No,H Division One Day Grade
Mohamed Zainudeen,Prabud Peduru Hewa,0,4,2025,No,H Division One Day Grade
Prashan Herath,Kusal Walliwala Gamage,0,9,2025,No,H Division One Day Grade
Manoj jayawardena,Sandeepa Hevavasam Patuvatha Vedage,0,5,2025,No,H Division One Day Grade
SUNNY PRADHAN,Ryker Newman,0,10,2025,No,A Division One Day Grade
Darren Franklin,Gino Giamboi,0,10,2025,No,I Division One Day Grade
Scott Bretland,Aaron Robson,0,4,2025,No,I Division One Day Grade
Darren Franklin,Campbell Robson,0,9,2025,No,I Division One Day Grade
Aaron Robson,Shishpal Rana,0,7,2025,No,I Division One Day Grade
Dov Morris,Shaan Patel,0,5,2025,No,A Division One Day Grade
Vihanga Silva,Kusal Walliwala Gamage,0,10,2025,No,H Division One Day Grade
Lakmal Madushanka Madawala Maddumage Don,Prabud Peduru Hewa,0,6,2025,No,H Division One Day Grade
Curtis Stark,Manav Patel,0,1,2025,No,D Division One Day Grade
Vishnu Rajendran,Ashan Udeshitha,0,5,2025,No,D Division One Day Grade
Alex Hall,Nimesh Shamalka,0,7,2025,No,D Division One Day Grade
Alex Hall,Grant Carslake,0,8,2025,No,D Division One Day Grade
Kevin Bishop,Shishpal Rana,0,5,2025,No,I Division One Day Grade
Vihanga Silva,Lakmal Madushanka Madawala Maddumage Don,0,6,2025,No,H Division One Day Grade
Nuwan Jayathma Liyanaarachchi Liyana Arachchige,Prashan Herath,0,9,2025,No,H Division One Day Grade
Trent George Kennedy,Keith Zissis,0,8,2025,No,D Division One Day Grade
Brett Harrison,Ashan Udeshitha,0,4,2025,No,D Division One Day Grade
Ryan Barndon,Vishnu Rajendran,0,4,2025,No,D Division One Day Grade
Trent George Kennedy,Nimesh Shamalka,0,10,2025,No,D Division One Day Grade
Prashan Herath,Kusal Walliwala Gamage,0,8,2025,No,H Division One Day Grade
Curtis Stark,Brett Harrison,0,3,2025,No,D Division One Day Grade
Adam Duffy,Chris Popoff,0,1,2025,No,I Division One Day Grade
Nilan Chandratilake,Raguvaran Sukumar,0,3,2025,No,I Division One Day Grade
Mohamed Zainudeen,Chamod Dilshan Happawana Vithanage,0,4,2025,No,H Division One Day Grade
Tom Condello,Campbell Bishop,0,8,2025,No,D Division One Day Grade
Ryker Newman,Brett Harrison,0,3,2025,No,D Division One Day Grade
Ross Baker,Kirk Howes,0,6,2025,No,A Division One Day Grade
Ben McInnes,Glenn Welton,0,1,2025,No,A Division One Day Grade
Missaka Wickramasinghe,Sandeepa Hevavasam Patuvatha Vedage,0,4,2025,No,H Division One Day Grade
Missaka Wickramasinghe,Vihanga Silva,0,5,2025,No,H Division One Day Grade
Vihanga Silva,Lakmal Madushanka Madawala Maddumage Don,0,8,2025,No,H Division One Day Grade
Sandeepa Hevavasam Patuvatha Vedage,Lakmal Madushanka Madawala Maddumage Don,0,5,2025,No,H Division One Day Grade
Kirk Howes,SUNNY PRADHAN,0,10,2025,No,A Division One Day Grade
Vishnu Rajendran,Shishpal Rana,0,7,2025,No,D Division One Day Grade
Clinton Reid,Thanuja Jayakodi Arachchige,0,7,2025,No,D Division One Day Grade
Thanuja Jayakodi Arachchige,Grant Carslake,0,9,2025,No,D Division One Day Grade
Mohamed Zainudeen,Kusal Walliwala Gamage,0,7,2025,No,H Division One Day Grade
Bradley Younger,Vishnu Rajendran,0,3,2025,No,D Division One Day Grade
Kirk Howes,Ryker Newman,0,5,2025,No,A Division One Day Grade
Kirk Howes,Daniel Sims,0,7,2025,No,A Division One Day Grade
Nilan Chandratilake,Scott Bretland,0,2,2025,No,I Division One Day Grade
Prashan Herath,Kusal Walliwala Gamage,0,9,2025,No,H Division One Day Grade
Chris Popoff,Nilan Chandratilake,0,2,2025,No,I Division One Day Grade
Tom Condello,Darren Franklin,0,8,2025,No,I Division One Day Grade
